hog	mode	gaps_threshold	original_length	sites_kept	sites_trimmed	pct_trimmed
N5.HOG0000608	smart-gap	0.1835	624	546	78	12.5
N5.HOG0002053	smart-gap	0.993	1998	1446	552	27.628
N5.HOG0002053	gappy90	0.9	1998	675	1323	66.216
N5.HOG0002055	smart-gap	0.9884	1203	876	327	27.182
N5.HOG0002055	gappy90	0.9	1203	738	465	38.653
N5.HOG0002108	smart-gap	0.9903	2118	1191	927	43.768
N5.HOG0002108	gappy90	0.9	2118	798	1320	62.323
N5.HOG0002164	smart-gap	1.0	654	618	36	5.505
N5.HOG0002164	gappy90	0.9	654	441	213	32.569
N5.HOG0002345	smart-gap	1.0	1080	1053	27	2.5
N5.HOG0002345	gappy90	0.9	1080	768	312	28.889
N5.HOG0003890	smart-gap	1.0	2166	1929	237	10.942
N5.HOG0003890	gappy90	0.9	2166	1656	510	23.546
N5.HOG0003982	smart-gap	0.9938	2520	2163	357	14.167
N5.HOG0003982	gappy90	0.9	2520	1623	897	35.595
N5.HOG0004036	smart-gap	0.9922	1167	1083	84	7.198
N5.HOG0004036	gappy90	0.9	1167	933	234	20.051
N5.HOG0004304	smart-gap	0.993	1833	1800	33	1.8
N5.HOG0004304	gappy90	0.9	1833	1647	186	10.147
N5.HOG0004331	smart-gap	0.9953	2133	1899	234	10.97
N5.HOG0004331	gappy90	0.9	2133	1566	567	26.582
N5.HOG0004336	smart-gap	0.9965	1521	1344	177	11.637
N5.HOG0004336	gappy90	0.9	1521	1209	312	20.513
N5.HOG0004539	smart-gap	0.9886	549	534	15	2.732
N5.HOG0004539	gappy90	0.9	549	471	78	14.208
N5.HOG0005114	smart-gap	0.9825	1200	1086	114	9.5
N5.HOG0005114	gappy90	0.9	1200	972	228	19.0
N5.HOG0005131	smart-gap	0.9848	1431	1218	213	14.885
N5.HOG0005131	gappy90	0.9	1431	999	432	30.189
N5.HOG0005133	smart-gap	1.0	1104	1095	9	0.815
N5.HOG0005133	gappy90	0.9	1104	960	144	13.043
N5.HOG0005151	smart-gap	0.9941	1143	1092	51	4.462
N5.HOG0005151	gappy90	0.9	1143	987	156	13.648
N5.HOG0005390	smart-gap	0.2336	1953	1860	93	4.762
N5.HOG0005532	smart-gap	0.9326	723	555	168	23.237
N5.HOG0005532	gappy90	0.9	723	507	216	29.876
N5.HOG0005596	smart-gap	0.9915	1770	1734	36	2.034
N5.HOG0005596	gappy90	0.9	1770	1677	93	5.254
N5.HOG0005597	smart-gap	0.9976	3918	2937	981	25.038
N5.HOG0005597	gappy90	0.9	3918	1602	2316	59.112
N5.HOG0005631	smart-gap	1.0	13206	12279	927	7.02
N5.HOG0005631	gappy90	0.9	13206	4263	8943	67.719
N5.HOG0006044	smart-gap	0.3617	1842	1593	249	13.518
N5.HOG0006886	smart-gap	0.9957	3153	2922	231	7.326
N5.HOG0006886	gappy90	0.9	3153	2283	870	27.593
N5.HOG0006935	smart-gap	1.0	4890	4461	429	8.773
N5.HOG0006935	gappy90	0.9	4890	1506	3384	69.202
N5.HOG0007085	smart-gap	1.0	1041	1026	15	1.441
N5.HOG0007085	gappy90	0.9	1041	1005	36	3.458
N5.HOG0007627	smart-gap	0.991	1131	1125	6	0.531
N5.HOG0007627	gappy90	0.9	1131	1092	39	3.448
N5.HOG0007649	smart-gap	0.9375	2292	2061	231	10.079
N5.HOG0007649	gappy90	0.9	2292	1824	468	20.419
N5.HOG0007656	smart-gap	0.4082	1749	1620	129	7.376
N5.HOG0007849	smart-gap	0.9915	2715	2556	159	5.856
N5.HOG0007849	gappy90	0.9	2715	2337	378	13.923
N5.HOG0008362	smart-gap	0.9915	2586	2229	357	13.805
N5.HOG0008362	gappy90	0.9	2586	1887	699	27.03
N5.HOG0008598	smart-gap	1.0	903	894	9	0.997
N5.HOG0008598	gappy90	0.9	903	660	243	26.91
N5.HOG0008600	smart-gap	0.9933	1086	909	177	16.298
N5.HOG0008600	gappy90	0.9	1086	675	411	37.845
N5.HOG0009118	smart-gap	0.0882	1377	1323	54	3.922
N5.HOG0009320	smart-gap	1.0	2436	2316	120	4.926
N5.HOG0009320	gappy90	0.9	2436	861	1575	64.655
N5.HOG0009785	smart-gap	1.0	1935	1794	141	7.287
N5.HOG0009785	gappy90	0.9	1935	1674	261	13.488
N5.HOG0009842	smart-gap	0.166	954	720	234	24.528
N5.HOG0009906	smart-gap	0.9735	2361	2235	126	5.337
N5.HOG0009906	gappy90	0.9	2361	2052	309	13.088
N5.HOG0009960	smart-gap	0.9801	2049	1719	330	16.105
N5.HOG0009960	gappy90	0.9	2049	1584	465	22.694
N5.HOG0009966	smart-gap	1.0	3813	3237	576	15.106
N5.HOG0009966	gappy90	0.9	3813	1971	1842	48.308
N5.HOG0010312	smart-gap	0.9915	2403	2334	69	2.871
N5.HOG0010312	gappy90	0.9	2403	2163	240	9.988
N5.HOG0010637	smart-gap	0.9292	4158	2832	1326	31.89
N5.HOG0010637	gappy90	0.9	4158	2526	1632	39.25
N5.HOG0010646	smart-gap	0.9926	4542	3843	699	15.39
N5.HOG0010646	gappy90	0.9	4542	3450	1092	24.042
N5.HOG0010647	smart-gap	0.9938	4506	3891	615	13.648
N5.HOG0010647	gappy90	0.9	4506	3315	1191	26.431
N5.HOG0010662	smart-gap	0.1494	1344	1332	12	0.893
N5.HOG0010750	smart-gap	0.1168	1560	1416	144	9.231
N5.HOG0010814	smart-gap	1.0	2562	2262	300	11.71
N5.HOG0010814	gappy90	0.9	2562	1065	1497	58.431
N5.HOG0010817	smart-gap	0.9921	4383	1923	2460	56.126
N5.HOG0010817	gappy90	0.9	4383	1104	3279	74.812
N5.HOG0011367	smart-gap	1.0	1035	903	132	12.754
N5.HOG0011367	gappy90	0.9	1035	798	237	22.899
N5.HOG0011535	smart-gap	1.0	1215	1206	9	0.741
N5.HOG0011535	gappy90	0.9	1215	1095	120	9.877
N5.HOG0011537	smart-gap	0.9714	1896	1509	387	20.411
N5.HOG0011537	gappy90	0.9	1896	1275	621	32.753
N5.HOG0011538	smart-gap	0.8898	1104	1083	21	1.902
N5.HOG0011852	smart-gap	0.9908	2262	2064	198	8.753
N5.HOG0011852	gappy90	0.9	2262	1437	825	36.472
N5.HOG0011856	smart-gap	0.9892	1080	1056	24	2.222
N5.HOG0011856	gappy90	0.9	1080	984	96	8.889
N5.HOG0011993	smart-gap	0.0684	2136	1965	171	8.006
N5.HOG0012046	smart-gap	0.3986	5385	5241	144	2.674
N5.HOG0012047	smart-gap	0.4403	5394	4860	534	9.9
N5.HOG0012052	smart-gap	0.3958	5430	4956	474	8.729
N5.HOG0012154	smart-gap	0.9955	6183	5547	636	10.286
N5.HOG0012154	gappy90	0.9	6183	4677	1506	24.357
N5.HOG0012377	smart-gap	0.5	4182	3927	255	6.098
N5.HOG0012725	smart-gap	1.0	1191	1173	18	1.511
N5.HOG0012725	gappy90	0.9	1191	891	300	25.189
N5.HOG0012875	smart-gap	0.3644	1668	1593	75	4.496
N5.HOG0013396	smart-gap	0.0926	1497	1374	123	8.216
N5.HOG0013419	smart-gap	0.9727	1569	1557	12	0.765
N5.HOG0013419	gappy90	0.9	1569	1554	15	0.956
N5.HOG0013420	smart-gap	0.3929	2196	1707	489	22.268
N5.HOG0013455	smart-gap	0.9604	1143	735	408	35.696
N5.HOG0013455	gappy90	0.9	1143	627	516	45.144
N5.HOG0013720	smart-gap	0.9936	2553	2124	429	16.804
N5.HOG0013720	gappy90	0.9	2553	1614	939	36.78
N5.HOG0013776	smart-gap	0.9922	5391	4080	1311	24.318
N5.HOG0013776	gappy90	0.9	5391	2079	3312	61.436
N5.HOG0013778	smart-gap	0.9953	1404	1314	90	6.41
N5.HOG0013778	gappy90	0.9	1404	1203	201	14.316
N5.HOG0013827	smart-gap	0.9917	3426	2355	1071	31.261
N5.HOG0013827	gappy90	0.9	3426	867	2559	74.694
N5.HOG0013880	smart-gap	0.53	4773	3423	1350	28.284
N5.HOG0014148	smart-gap	0.1635	1152	1050	102	8.854
N5.HOG0014159	smart-gap	0.2195	1104	1044	60	5.435
N5.HOG0014260	smart-gap	1.0	1713	1707	6	0.35
N5.HOG0014260	gappy90	0.9	1713	1545	168	9.807
N5.HOG0014426	smart-gap	0.9845	2316	1860	456	19.689
N5.HOG0014426	gappy90	0.9	2316	1482	834	36.01
N5.HOG0014639	smart-gap	0.9904	1500	1332	168	11.2
N5.HOG0014639	gappy90	0.9	1500	1254	246	16.4
N5.HOG0014645	smart-gap	0.989	1464	1305	159	10.861
N5.HOG0014645	gappy90	0.9	1464	1242	222	15.164
N5.HOG0014651	smart-gap	1.0	3735	3567	168	4.498
N5.HOG0014651	gappy90	0.9	3735	3423	312	8.353
N5.HOG0014654	smart-gap	0.9778	11259	6480	4779	42.446
N5.HOG0014654	gappy90	0.9	11259	4608	6651	59.073
N5.HOG0014830	smart-gap	0.9863	4440	2751	1689	38.041
N5.HOG0014830	gappy90	0.9	4440	1971	2469	55.608
N5.HOG0014831	smart-gap	0.9877	1023	984	39	3.812
N5.HOG0014831	gappy90	0.9	1023	873	150	14.663
N5.HOG0014833	smart-gap	1.0	19287	17280	2007	10.406
N5.HOG0014833	gappy90	0.9	19287	3081	16206	84.026
N5.HOG0014835	smart-gap	0.99	1650	1425	225	13.636
N5.HOG0014835	gappy90	0.9	1650	1098	552	33.455
N5.HOG0014839	smart-gap	1.0	1668	1524	144	8.633
N5.HOG0014839	gappy90	0.9	1668	1338	330	19.784
N5.HOG0014841	smart-gap	0.9954	2403	2082	321	13.358
N5.HOG0014841	gappy90	0.9	2403	684	1719	71.536
N5.HOG0015039	smart-gap	0.9886	1473	1347	126	8.554
N5.HOG0015039	gappy90	0.9	1473	1161	312	21.181
N5.HOG0015330	smart-gap	0.9926	1716	1680	36	2.098
N5.HOG0015330	gappy90	0.9	1716	1653	63	3.671
N5.HOG0015661	smart-gap	0.9886	1365	1308	57	4.176
N5.HOG0015661	gappy90	0.9	1365	1233	132	9.67
N5.HOG0015818	smart-gap	0.2241	2334	1986	348	14.91
N5.HOG0015821	smart-gap	0.9777	2682	2430	252	9.396
N5.HOG0015821	gappy90	0.9	2682	2280	402	14.989
N5.HOG0015944	smart-gap	0.8395	1275	1194	81	6.353
N5.HOG0015949	smart-gap	0.963	1371	1251	120	8.753
N5.HOG0015949	gappy90	0.9	1371	1215	156	11.379
N5.HOG0016142	smart-gap	0.9827	2613	2472	141	5.396
N5.HOG0016142	gappy90	0.9	2613	2361	252	9.644
N5.HOG0016308	smart-gap	0.9836	2109	1224	885	41.963
N5.HOG0016308	gappy90	0.9	2109	945	1164	55.192
N5.HOG0016317	smart-gap	0.9823	1698	1665	33	1.943
N5.HOG0016317	gappy90	0.9	1698	1599	99	5.83
N5.HOG0016401	smart-gap	0.2542	1032	645	387	37.5
N5.HOG0016447	smart-gap	0.9541	1008	951	57	5.655
N5.HOG0016447	gappy90	0.9	1008	894	114	11.31
N5.HOG0016643	smart-gap	0.9899	3813	3333	480	12.589
N5.HOG0016643	gappy90	0.9	3813	2811	1002	26.279
N5.HOG0016680	smart-gap	0.949	528	522	6	1.136
N5.HOG0016680	gappy90	0.9	528	462	66	12.5
N5.HOG0016686	smart-gap	0.9432	612	531	81	13.235
N5.HOG0016686	gappy90	0.9	612	492	120	19.608
N5.HOG0016855	smart-gap	0.2909	2433	2187	246	10.111
N5.HOG0016882	smart-gap	1.0	2154	2007	147	6.825
N5.HOG0016882	gappy90	0.9	2154	1890	264	12.256
N5.HOG0016908	smart-gap	1.0	1485	1311	174	11.717
N5.HOG0016908	gappy90	0.9	1485	963	522	35.152
N5.HOG0016909	smart-gap	0.9103	2232	1362	870	38.978
N5.HOG0016909	gappy90	0.9	2232	1272	960	43.011
N5.HOG0016910	smart-gap	0.9604	1605	1539	66	4.112
N5.HOG0016910	gappy90	0.9	1605	1515	90	5.607
N5.HOG0016911	smart-gap	0.1765	1227	1056	171	13.936
N5.HOG0017086	smart-gap	0.2018	3153	2997	156	4.948
N5.HOG0017104	smart-gap	0.3874	2307	2175	132	5.722
N5.HOG0017289	smart-gap	0.9293	3288	2691	597	18.157
N5.HOG0017289	gappy90	0.9	3288	2415	873	26.551
N5.HOG0017299	smart-gap	0.9954	4128	2454	1674	40.552
N5.HOG0017299	gappy90	0.9	4128	1611	2517	60.974
N5.HOG0017305	smart-gap	0.9409	2796	1509	1287	46.03
N5.HOG0017305	gappy90	0.9	2796	1041	1755	62.768
N5.HOG0017344	smart-gap	1.0	2751	2703	48	1.745
N5.HOG0017344	gappy90	0.9	2751	2397	354	12.868
N5.HOG0017369	smart-gap	1.0	5172	4389	783	15.139
N5.HOG0017369	gappy90	0.9	5172	1578	3594	69.49
N5.HOG0017389	smart-gap	0.9927	10302	7584	2718	26.383
N5.HOG0017389	gappy90	0.9	10302	3750	6552	63.599
N5.HOG0017655	smart-gap	0.9823	1767	1683	84	4.754
N5.HOG0017655	gappy90	0.9	1767	1611	156	8.829
N5.HOG0017816	smart-gap	0.2756	1092	903	189	17.308
N5.HOG0017829	smart-gap	0.466	3966	3513	453	11.422
N5.HOG0017867	smart-gap	0.9893	951	795	156	16.404
N5.HOG0017867	gappy90	0.9	951	627	324	34.069
N5.HOG0017875	smart-gap	0.8643	1386	1029	357	25.758
N5.HOG0017974	smart-gap	0.9926	1581	1236	345	21.822
N5.HOG0017974	gappy90	0.9	1581	1017	564	35.674
N5.HOG0018044	smart-gap	0.9908	1680	1590	90	5.357
N5.HOG0018044	gappy90	0.9	1680	1209	471	28.036
N5.HOG0018049	smart-gap	0.4559	3708	3315	393	10.599
N5.HOG0018470	smart-gap	0.9895	1755	1716	39	2.222
N5.HOG0018470	gappy90	0.9	1755	1656	99	5.641
N5.HOG0018473	smart-gap	0.991	1440	1428	12	0.833
N5.HOG0018473	gappy90	0.9	1440	1404	36	2.5
N5.HOG0018485	smart-gap	0.9934	2787	2355	432	15.501
N5.HOG0018485	gappy90	0.9	2787	1908	879	31.539
N5.HOG0018513	smart-gap	0.9921	3153	3075	78	2.474
N5.HOG0018513	gappy90	0.9	3153	2850	303	9.61
N5.HOG0018516	smart-gap	0.9913	1803	1611	192	10.649
N5.HOG0018516	gappy90	0.9	1803	1392	411	22.795
N5.HOG0018539	smart-gap	1.0	1632	1617	15	0.919
N5.HOG0018539	gappy90	0.9	1632	1482	150	9.191
N5.HOG0018543	smart-gap	1.0	1476	1467	9	0.61
N5.HOG0018543	gappy90	0.9	1476	1425	51	3.455
N5.HOG0018561	smart-gap	1.0	2736	2673	63	2.303
N5.HOG0018561	gappy90	0.9	2736	2283	453	16.557
N5.HOG0018585	smart-gap	0.9901	885	873	12	1.356
N5.HOG0018585	gappy90	0.9	885	798	87	9.831
N5.HOG0018588	smart-gap	0.9792	786	771	15	1.908
N5.HOG0018588	gappy90	0.9	786	750	36	4.58
N5.HOG0018591	smart-gap	0.9909	1449	1422	27	1.863
N5.HOG0018591	gappy90	0.9	1449	1401	48	3.313
N5.HOG0018631	smart-gap	0.9739	4548	4479	69	1.517
N5.HOG0018631	gappy90	0.9	4548	4443	105	2.309
N5.HOG0018666	smart-gap	0.9885	3993	3936	57	1.427
N5.HOG0018666	gappy90	0.9	3993	3639	354	8.866
N5.HOG0018954	smart-gap	0.4587	1587	1428	159	10.019
N5.HOG0019007	smart-gap	1.0	1344	1299	45	3.348
N5.HOG0019007	gappy90	0.9	1344	945	399	29.688
N5.HOG0019081	smart-gap	0.985	978	885	93	9.509
N5.HOG0019081	gappy90	0.9	978	852	126	12.883
N5.HOG0019085	smart-gap	1.0	1050	1035	15	1.429
N5.HOG0019085	gappy90	0.9	1050	891	159	15.143
N5.HOG0019222	smart-gap	0.9926	5040	3804	1236	24.524
N5.HOG0019222	gappy90	0.9	5040	2601	2439	48.393
N5.HOG0019317	smart-gap	0.9921	3171	2886	285	8.988
N5.HOG0019317	gappy90	0.9	3171	2466	705	22.233
N5.HOG0019438	smart-gap	0.9783	2292	2145	147	6.414
N5.HOG0019438	gappy90	0.9	2292	2055	237	10.34
N5.HOG0019619	smart-gap	0.3492	2034	1773	261	12.832
N5.HOG0019623	smart-gap	1.0	999	666	333	33.333
N5.HOG0019623	gappy90	0.9	999	564	435	43.544
N5.HOG0019712	smart-gap	0.9937	10764	9441	1323	12.291
N5.HOG0019712	gappy90	0.9	10764	6138	4626	42.977
N5.HOG0019720	smart-gap	0.9933	3312	2664	648	19.565
N5.HOG0019720	gappy90	0.9	3312	1782	1530	46.196
N5.HOG0019725	smart-gap	1.0	5574	4743	831	14.909
N5.HOG0019725	gappy90	0.9	5574	3636	1938	34.769
N5.HOG0019730	smart-gap	0.9907	1563	1440	123	7.869
N5.HOG0019730	gappy90	0.9	1563	1251	312	19.962
N5.HOG0019835	smart-gap	0.3299	1827	1605	222	12.151
N5.HOG0019848	smart-gap	1.0	1521	1455	66	4.339
N5.HOG0019848	gappy90	0.9	1521	1359	162	10.651
N5.HOG0019864	smart-gap	0.5682	2481	1755	726	29.262
N5.HOG0019865	smart-gap	1.0	2001	1830	171	8.546
N5.HOG0019865	gappy90	0.9	2001	1539	462	23.088
N5.HOG0019883	smart-gap	0.8602	3795	3510	285	7.51
N5.HOG0019893	smart-gap	1.0	2523	2292	231	9.156
N5.HOG0019893	gappy90	0.9	2523	1641	882	34.958
N5.HOG0019894	smart-gap	1.0	2433	1857	576	23.674
N5.HOG0019894	gappy90	0.9	2433	1248	1185	48.705
N5.HOG0019898	smart-gap	0.9878	4056	3447	609	15.015
N5.HOG0019898	gappy90	0.9	4056	2682	1374	33.876
N5.HOG0019899	smart-gap	1.0	4089	3705	384	9.391
N5.HOG0019899	gappy90	0.9	4089	2844	1245	30.448
N5.HOG0019911	smart-gap	1.0	4734	4695	39	0.824
N5.HOG0019911	gappy90	0.9	4734	3906	828	17.49
N5.HOG0019920	smart-gap	0.646	5181	4734	447	8.628
N5.HOG0019942	smart-gap	0.99	1428	1374	54	3.782
N5.HOG0019942	gappy90	0.9	1428	1287	141	9.874
N5.HOG0019943	smart-gap	0.9944	1770	1536	234	13.22
N5.HOG0019943	gappy90	0.9	1770	1314	456	25.763
N5.HOG0020250	smart-gap	0.9884	4230	3813	417	9.858
N5.HOG0020250	gappy90	0.9	4230	3399	831	19.645
N5.HOG0020382	smart-gap	1.0	3855	3756	99	2.568
N5.HOG0020382	gappy90	0.9	3855	3570	285	7.393
N5.HOG0020439	smart-gap	1.0	3372	3216	156	4.626
N5.HOG0020439	gappy90	0.9	3372	2607	765	22.687
N5.HOG0020441	smart-gap	0.9862	5532	3531	2001	36.171
N5.HOG0020441	gappy90	0.9	5532	2604	2928	52.928
N5.HOG0020443	smart-gap	0.9375	5832	4959	873	14.969
N5.HOG0020443	gappy90	0.9	5832	3963	1869	32.047
N5.HOG0020485	smart-gap	0.9939	1317	1281	36	2.733
N5.HOG0020485	gappy90	0.9	1317	1197	120	9.112
N5.HOG0020577	smart-gap	0.9927	4167	3102	1065	25.558
N5.HOG0020577	gappy90	0.9	4167	2595	1572	37.725
N5.HOG0020583	smart-gap	0.967	1665	1446	219	13.153
N5.HOG0020583	gappy90	0.9	1665	1263	402	24.144
N5.HOG0020599	smart-gap	1.0	1140	1122	18	1.579
N5.HOG0020599	gappy90	0.9	1140	957	183	16.053
N5.HOG0020603	smart-gap	0.9907	1014	963	51	5.03
N5.HOG0020603	gappy90	0.9	1014	849	165	16.272
N5.HOG0020670	smart-gap	0.2396	1509	1347	162	10.736
N5.HOG0020695	smart-gap	0.5929	2655	2541	114	4.294
N5.HOG0020711	smart-gap	0.3358	1278	1143	135	10.563
N5.HOG0020712	smart-gap	0.99	1452	1404	48	3.306
N5.HOG0020712	gappy90	0.9	1452	1320	132	9.091
N5.HOG0020751	smart-gap	0.3413	1788	1695	93	5.201
N5.HOG0020758	smart-gap	0.9917	2175	2043	132	6.069
N5.HOG0020758	gappy90	0.9	2175	1671	504	23.172
N5.HOG0020790	smart-gap	0.6613	5343	3735	1608	30.095
N5.HOG0021013	smart-gap	1.0	2394	2367	27	1.128
N5.HOG0021013	gappy90	0.9	2394	2160	234	9.774
N5.HOG0021073	smart-gap	0.8447	1221	1218	3	0.246
N5.HOG0021075	smart-gap	0.1616	1260	1254	6	0.476
N5.HOG0021088	smart-gap	0.9959	2571	1935	636	24.737
N5.HOG0021088	gappy90	0.9	2571	1380	1191	46.324
N5.HOG0021103	smart-gap	0.9934	1371	942	429	31.291
N5.HOG0021103	gappy90	0.9	1371	642	729	53.173
N5.HOG0021104	smart-gap	0.9043	1992	1860	132	6.627
N5.HOG0021104	gappy90	0.9	1992	1860	132	6.627
N5.HOG0021146	smart-gap	0.9845	6996	6480	516	7.376
N5.HOG0021146	gappy90	0.9	6996	6234	762	10.892
N5.HOG0021150	smart-gap	1.0	2760	2313	447	16.196
N5.HOG0021150	gappy90	0.9	2760	1827	933	33.804
N5.HOG0021165	smart-gap	0.9752	2301	1989	312	13.559
N5.HOG0021165	gappy90	0.9	2301	1872	429	18.644
N5.HOG0021167	smart-gap	1.0	1965	1887	78	3.969
N5.HOG0021167	gappy90	0.9	1965	1848	117	5.954
N5.HOG0021202	smart-gap	0.9076	1068	960	108	10.112
N5.HOG0021202	gappy90	0.9	1068	960	108	10.112
N5.HOG0021385	smart-gap	0.991	5265	4401	864	16.41
N5.HOG0021385	gappy90	0.9	5265	3669	1596	30.313
N5.HOG0021496	smart-gap	0.976	1404	1215	189	13.462
N5.HOG0021496	gappy90	0.9	1404	1059	345	24.573
N5.HOG0021497	smart-gap	0.992	1224	1221	3	0.245
N5.HOG0021497	gappy90	0.9	1224	861	363	29.657
N5.HOG0021741	smart-gap	1.0	789	783	6	0.76
N5.HOG0021741	gappy90	0.9	789	783	6	0.76
N5.HOG0021744	smart-gap	0.0769	789	768	21	2.662
N5.HOG0021745	smart-gap	1.0	846	828	18	2.128
N5.HOG0021745	gappy90	0.9	846	789	57	6.738
N5.HOG0021928	smart-gap	0.9752	2871	2607	264	9.195
N5.HOG0021928	gappy90	0.9	2871	2448	423	14.734
N5.HOG0021941	smart-gap	0.9939	4068	3699	369	9.071
N5.HOG0021941	gappy90	0.9	4068	3324	744	18.289
N5.HOG0021999	smart-gap	0.9952	2379	2322	57	2.396
N5.HOG0021999	gappy90	0.9	2379	1971	408	17.15
N5.HOG0022085	smart-gap	0.9635	7719	5850	1869	24.213
N5.HOG0022085	gappy90	0.9	7719	3396	4323	56.005
N5.HOG0022095	smart-gap	1.0	9684	7341	2343	24.195
N5.HOG0022095	gappy90	0.9	9684	2682	7002	72.305
N5.HOG0022097	smart-gap	0.4405	1695	1461	234	13.805
N5.HOG0022135	smart-gap	0.9704	2505	2433	72	2.874
N5.HOG0022135	gappy90	0.9	2505	2358	147	5.868
N5.HOG0022136	smart-gap	0.9839	2526	2334	192	7.601
N5.HOG0022136	gappy90	0.9	2526	2250	276	10.926
N5.HOG0022170	smart-gap	1.0	4701	4497	204	4.34
N5.HOG0022170	gappy90	0.9	4701	3843	858	18.251
N5.HOG0022195	smart-gap	0.1504	747	684	63	8.434
N5.HOG0022205	smart-gap	0.9872	4935	4527	408	8.267
N5.HOG0022205	gappy90	0.9	4935	4266	669	13.556
N5.HOG0022345	smart-gap	0.4362	2544	2130	414	16.274
N5.HOG0022376	smart-gap	0.9935	1644	1500	144	8.759
N5.HOG0022376	gappy90	0.9	1644	1152	492	29.927
N5.HOG0022435	smart-gap	0.9939	2295	1920	375	16.34
N5.HOG0022435	gappy90	0.9	2295	1026	1269	55.294
N5.HOG0022671	smart-gap	0.9919	1545	1503	42	2.718
N5.HOG0022671	gappy90	0.9	1545	1164	381	24.66
N5.HOG0022698	smart-gap	0.9954	6177	4200	1977	32.006
N5.HOG0022698	gappy90	0.9	6177	2772	3405	55.124
N5.HOG0022701	smart-gap	0.9919	1695	1617	78	4.602
N5.HOG0022701	gappy90	0.9	1695	1458	237	13.982
N5.HOG0022712	smart-gap	1.0	3879	3816	63	1.624
N5.HOG0022712	gappy90	0.9	3879	3492	387	9.977
N5.HOG0022784	smart-gap	1.0	1587	1458	129	8.129
N5.HOG0022784	gappy90	0.9	1587	1239	348	21.928
N5.HOG0022787	smart-gap	0.9703	1713	1572	141	8.231
N5.HOG0022787	gappy90	0.9	1713	1332	381	22.242
N5.HOG0022972	smart-gap	0.9936	3027	2886	141	4.658
N5.HOG0022972	gappy90	0.9	3027	2607	420	13.875
N5.HOG0022998	smart-gap	0.9914	1680	1497	183	10.893
N5.HOG0022998	gappy90	0.9	1680	1254	426	25.357
N5.HOG0023097	smart-gap	1.0	864	813	51	5.903
N5.HOG0023097	gappy90	0.9	864	600	264	30.556
N5.HOG0023110	smart-gap	0.9877	981	885	96	9.786
N5.HOG0023110	gappy90	0.9	981	654	327	33.333
N5.HOG0023120	smart-gap	0.9823	1320	1308	12	0.909
N5.HOG0023120	gappy90	0.9	1320	1257	63	4.773
N5.HOG0023158	smart-gap	1.0	3675	3129	546	14.857
N5.HOG0023158	gappy90	0.9	3675	1599	2076	56.49
N5.HOG0023276	smart-gap	0.9533	1452	1308	144	9.917
N5.HOG0023276	gappy90	0.9	1452	1176	276	19.008
N5.HOG0023338	smart-gap	0.9627	3645	2775	870	23.868
N5.HOG0023338	gappy90	0.9	3645	2358	1287	35.309
N5.HOG0023359	smart-gap	0.9915	1764	1572	192	10.884
N5.HOG0023359	gappy90	0.9	1764	1377	387	21.939
N5.HOG0023468	smart-gap	0.9911	1146	1059	87	7.592
N5.HOG0023468	gappy90	0.9	1146	792	354	30.89
N5.HOG0023469	smart-gap	1.0	879	858	21	2.389
N5.HOG0023469	gappy90	0.9	879	813	66	7.509
N5.HOG0023554	smart-gap	0.9864	3963	3639	324	8.176
N5.HOG0023554	gappy90	0.9	3963	3138	825	20.818
N5.HOG0023613	smart-gap	0.9963	2682	1707	975	36.353
N5.HOG0023613	gappy90	0.9	2682	858	1824	68.009
N5.HOG0023615	smart-gap	0.9921	6756	5307	1449	21.448
N5.HOG0023615	gappy90	0.9	6756	3627	3129	46.314
N5.HOG0023636	smart-gap	0.512	3180	2640	540	16.981
N5.HOG0023684	smart-gap	0.9925	2898	2643	255	8.799
N5.HOG0023684	gappy90	0.9	2898	2475	423	14.596
N5.HOG0023685	smart-gap	0.9932	4005	3306	699	17.453
N5.HOG0023685	gappy90	0.9	4005	2688	1317	32.884
N5.HOG0023705	smart-gap	0.2883	1752	1383	369	21.062
N5.HOG0023811	smart-gap	0.9615	1803	1629	174	9.651
N5.HOG0023811	gappy90	0.9	1803	1551	252	13.977
N5.HOG0023812	smart-gap	1.0	2010	1893	117	5.821
N5.HOG0023812	gappy90	0.9	2010	1575	435	21.642
N5.HOG0023830	smart-gap	0.9278	2331	2175	156	6.692
N5.HOG0023830	gappy90	0.9	2331	2142	189	8.108
N5.HOG0023862	smart-gap	0.9945	3723	2883	840	22.562
N5.HOG0023862	gappy90	0.9	3723	1821	1902	51.088
N5.HOG0023866	smart-gap	0.9787	2364	1653	711	30.076
N5.HOG0023866	gappy90	0.9	2364	1428	936	39.594
N5.HOG0023867	smart-gap	0.9912	1554	1413	141	9.073
N5.HOG0023867	gappy90	0.9	1554	1308	246	15.83
N5.HOG0023969	smart-gap	0.9944	11895	11490	405	3.405
N5.HOG0023969	gappy90	0.9	11895	9351	2544	21.387
N5.HOG0024023	smart-gap	0.627	3774	3243	531	14.07
N5.HOG0024070	smart-gap	0.9903	6072	5829	243	4.002
N5.HOG0024070	gappy90	0.9	6072	5469	603	9.931
N5.HOG0024085	smart-gap	0.9922	4371	3570	801	18.325
N5.HOG0024085	gappy90	0.9	4371	2577	1794	41.043
N5.HOG0024098	smart-gap	0.9913	3489	2517	972	27.859
N5.HOG0024098	gappy90	0.9	3489	1026	2463	70.593
N5.HOG0024167	smart-gap	0.9818	501	492	9	1.796
N5.HOG0024167	gappy90	0.9	501	486	15	2.994
N5.HOG0024170	smart-gap	0.9823	684	558	126	18.421
N5.HOG0024170	gappy90	0.9	684	495	189	27.632
N5.HOG0024191	smart-gap	0.9339	7110	5664	1446	20.338
N5.HOG0024191	gappy90	0.9	7110	5016	2094	29.451
N5.HOG0024261	smart-gap	0.4804	3690	3591	99	2.683
N5.HOG0024375	smart-gap	1.0	3048	2562	486	15.945
N5.HOG0024375	gappy90	0.9	3048	1776	1272	41.732
N5.HOG0024380	smart-gap	1.0	2196	2139	57	2.596
N5.HOG0024380	gappy90	0.9	2196	2022	174	7.923
N5.HOG0024407	smart-gap	0.2212	3090	2907	183	5.922
N5.HOG0024458	smart-gap	0.4364	2076	1854	222	10.694
N5.HOG0024469	smart-gap	0.9694	2469	2295	174	7.047
N5.HOG0024469	gappy90	0.9	2469	2106	363	14.702
N5.HOG0024586	smart-gap	0.9685	1221	1068	153	12.531
N5.HOG0024586	gappy90	0.9	1221	897	324	26.536
N5.HOG0024596	smart-gap	0.9604	645	624	21	3.256
N5.HOG0024596	gappy90	0.9	645	492	153	23.721
N5.HOG0024597	smart-gap	0.3232	3333	2706	627	18.812
N5.HOG0024643	smart-gap	0.9913	3705	3363	342	9.231
N5.HOG0024643	gappy90	0.9	3705	2739	966	26.073
N5.HOG0024698	smart-gap	0.9813	8049	5913	2136	26.537
N5.HOG0024698	gappy90	0.9	8049	3465	4584	56.951
N5.HOG0024787	smart-gap	0.989	1242	1221	21	1.691
N5.HOG0024787	gappy90	0.9	1242	1167	75	6.039
N5.HOG0024811	smart-gap	0.9573	1551	1476	75	4.836
N5.HOG0024811	gappy90	0.9	1551	1392	159	10.251
N5.HOG0024878	smart-gap	0.4636	3585	2982	603	16.82
N5.HOG0024915	smart-gap	0.2041	2649	2520	129	4.87
N5.HOG0024919	smart-gap	0.9528	2616	2538	78	2.982
N5.HOG0024919	gappy90	0.9	2616	2517	99	3.784
N5.HOG0024930	smart-gap	0.9828	2484	2367	117	4.71
N5.HOG0024930	gappy90	0.9	2484	2289	195	7.85
N5.HOG0024932	smart-gap	0.7319	3375	2640	735	21.778
N5.HOG0024933	smart-gap	0.9967	23028	16779	6249	27.137
N5.HOG0024933	gappy90	0.9	23028	2157	20871	90.633
N5.HOG0024943	smart-gap	1.0	3939	3435	504	12.795
N5.HOG0024943	gappy90	0.9	3939	1797	2142	54.379
N5.HOG0024952	smart-gap	0.9924	2064	1875	189	9.157
N5.HOG0024952	gappy90	0.9	2064	1689	375	18.169
N5.HOG0025014	smart-gap	1.0	1335	1221	114	8.539
N5.HOG0025014	gappy90	0.9	1335	1077	258	19.326
N5.HOG0025015	smart-gap	0.9942	1275	1209	66	5.176
N5.HOG0025015	gappy90	0.9	1275	1044	231	18.118
N5.HOG0025053	smart-gap	0.9712	2277	2172	105	4.611
N5.HOG0025053	gappy90	0.9	2277	2133	144	6.324
N5.HOG0025064	smart-gap	0.2706	1521	1251	270	17.751
N5.HOG0025127	smart-gap	0.9846	1245	1137	108	8.675
N5.HOG0025127	gappy90	0.9	1245	1020	225	18.072
N5.HOG0025146	smart-gap	1.0	591	588	3	0.508
N5.HOG0025146	gappy90	0.9	591	453	138	23.35
N5.HOG0025279	smart-gap	0.9906	4839	4578	261	5.394
N5.HOG0025279	gappy90	0.9	4839	3558	1281	26.472
N5.HOG0025333	smart-gap	0.9964	1029	759	270	26.239
N5.HOG0025333	gappy90	0.9	1029	450	579	56.268
N5.HOG0025376	smart-gap	1.0	7437	6840	597	8.027
N5.HOG0025376	gappy90	0.9	7437	4074	3363	45.22
N5.HOG0025411	smart-gap	0.9957	1551	1461	90	5.803
N5.HOG0025411	gappy90	0.9	1551	1188	363	23.404
N5.HOG0025447	smart-gap	0.8242	1314	1197	117	8.904
N5.HOG0025461	smart-gap	0.9652	648	501	147	22.685
N5.HOG0025461	gappy90	0.9	648	393	255	39.352
N5.HOG0025527	smart-gap	0.3059	2118	1995	123	5.807
N5.HOG0025550	smart-gap	1.0	4809	4467	342	7.112
N5.HOG0025550	gappy90	0.9	4809	2718	2091	43.481
N5.HOG0025564	smart-gap	0.1231	366	327	39	10.656
N5.HOG0025571	smart-gap	0.9933	1110	1020	90	8.108
N5.HOG0025571	gappy90	0.9	1110	945	165	14.865
N5.HOG0025572	smart-gap	0.9917	2550	1905	645	25.294
N5.HOG0025572	gappy90	0.9	2550	1401	1149	45.059
N5.HOG0025605	smart-gap	1.0	1242	1065	177	14.251
N5.HOG0025605	gappy90	0.9	1242	600	642	51.691
N5.HOG0025732	smart-gap	0.9906	2130	1899	231	10.845
N5.HOG0025732	gappy90	0.9	2130	1704	426	20.0
N5.HOG0025757	smart-gap	0.3663	1644	1551	93	5.657
N5.HOG0025760	smart-gap	0.9886	921	657	264	28.664
N5.HOG0025760	gappy90	0.9	921	528	393	42.671
N5.HOG0025980	smart-gap	1.0	2391	2346	45	1.882
N5.HOG0025980	gappy90	0.9	2391	2052	339	14.178
N5.HOG0025983	smart-gap	0.9915	2217	2082	135	6.089
N5.HOG0025983	gappy90	0.9	2217	2046	171	7.713
N5.HOG0025990	smart-gap	1.0	7242	6510	732	10.108
N5.HOG0025990	gappy90	0.9	7242	2538	4704	64.954
N5.HOG0026015	smart-gap	0.5057	2025	1803	222	10.963
N5.HOG0026031	smart-gap	0.9541	3996	3051	945	23.649
N5.HOG0026031	gappy90	0.9	3996	2913	1083	27.102
N5.HOG0026249	smart-gap	0.9967	960	900	60	6.25
N5.HOG0026249	gappy90	0.9	960	756	204	21.25
N5.HOG0026308	smart-gap	0.9659	3924	3405	519	13.226
N5.HOG0026308	gappy90	0.9	3924	3240	684	17.431
N5.HOG0026327	smart-gap	0.9945	21960	15501	6459	29.413
N5.HOG0026327	gappy90	0.9	21960	5976	15984	72.787
N5.HOG0026335	smart-gap	0.9927	1545	1284	261	16.893
N5.HOG0026335	gappy90	0.9	1545	765	780	50.485
N5.HOG0026372	smart-gap	0.987	2181	1866	315	14.443
N5.HOG0026372	gappy90	0.9	2181	1692	489	22.421
N5.HOG0026408	smart-gap	0.9596	1770	1650	120	6.78
N5.HOG0026408	gappy90	0.9	1770	1338	432	24.407
N5.HOG0026409	smart-gap	0.9932	1713	1536	177	10.333
N5.HOG0026409	gappy90	0.9	1713	1353	360	21.016
N5.HOG0026437	smart-gap	0.9921	6069	5406	663	10.924
N5.HOG0026437	gappy90	0.9	6069	4080	1989	32.773
N5.HOG0026523	smart-gap	1.0	3669	3477	192	5.233
N5.HOG0026523	gappy90	0.9	3669	2658	1011	27.555
N5.HOG0026541	smart-gap	0.2644	1278	1149	129	10.094
N5.HOG0026543	smart-gap	0.2941	1263	1197	66	5.226
N5.HOG0026565	smart-gap	0.9943	1167	1047	120	10.283
N5.HOG0026565	gappy90	0.9	1167	927	240	20.566
N5.HOG0026569	smart-gap	1.0	1740	1656	84	4.828
N5.HOG0026569	gappy90	0.9	1740	1446	294	16.897
N5.HOG0026576	smart-gap	0.8563	1632	1578	54	3.309
N5.HOG0026601	smart-gap	0.9915	2709	2388	321	11.849
N5.HOG0026601	gappy90	0.9	2709	2172	537	19.823
N5.HOG0026606	smart-gap	1.0	2502	2424	78	3.118
N5.HOG0026606	gappy90	0.9	2502	2337	165	6.595
N5.HOG0026631	smart-gap	1.0	1926	1644	282	14.642
N5.HOG0026631	gappy90	0.9	1926	1269	657	34.112
N5.HOG0026636	smart-gap	0.9928	6411	4791	1620	25.269
N5.HOG0026636	gappy90	0.9	6411	3546	2865	44.689
N5.HOG0026722	smart-gap	0.9954	2274	2058	216	9.499
N5.HOG0026722	gappy90	0.9	2274	1830	444	19.525
N5.HOG0026799	smart-gap	0.5632	3246	2484	762	23.475
N5.HOG0026811	smart-gap	1.0	2049	1932	117	5.71
N5.HOG0026811	gappy90	0.9	2049	1482	567	27.672
N5.HOG0026819	smart-gap	0.0614	543	507	36	6.63
N5.HOG0026827	smart-gap	1	543	543	0	0.0
N5.HOG0026827	gappy90	0.9	543	543	0	0.0
N5.HOG0026858	smart-gap	0.3	2118	2094	24	1.133
N5.HOG0026884	smart-gap	0.2168	1701	1413	288	16.931
N5.HOG0026891	smart-gap	0.9925	2913	2664	249	8.548
N5.HOG0026891	gappy90	0.9	2913	2217	696	23.893
N5.HOG0027017	smart-gap	0.9919	3411	3141	270	7.916
N5.HOG0027017	gappy90	0.9	3411	2814	597	17.502
N5.HOG0027025	smart-gap	0.6045	2805	2124	681	24.278
N5.HOG0027132	smart-gap	1.0	4188	4074	114	2.722
N5.HOG0027132	gappy90	0.9	4188	3399	789	18.84
N5.HOG0027137	smart-gap	0.9789	7173	3618	3555	49.561
N5.HOG0027137	gappy90	0.9	7173	2157	5016	69.929
N5.HOG0027142	smart-gap	0.9924	2568	2289	279	10.864
N5.HOG0027142	gappy90	0.9	2568	1275	1293	50.35
N5.HOG0027161	smart-gap	0.9825	2451	2199	252	10.282
N5.HOG0027161	gappy90	0.9	2451	1896	555	22.644
N5.HOG0027170	smart-gap	0.3784	1128	816	312	27.66
N5.HOG0027205	smart-gap	1.0	2670	2625	45	1.685
N5.HOG0027205	gappy90	0.9	2670	2391	279	10.449
N5.HOG0027243	smart-gap	0.359	1977	1443	534	27.011
N5.HOG0027244	smart-gap	0.7364	2010	1749	261	12.985
N5.HOG0027246	smart-gap	0.9781	3912	3630	282	7.209
N5.HOG0027246	gappy90	0.9	3912	2985	927	23.696
N5.HOG0027314	smart-gap	1.0	3975	3702	273	6.868
N5.HOG0027314	gappy90	0.9	3975	2643	1332	33.509
N5.HOG0027395	smart-gap	1.0	2028	1668	360	17.751
N5.HOG0027395	gappy90	0.9	2028	924	1104	54.438
N5.HOG0027399	smart-gap	0.9771	1830	1263	567	30.984
N5.HOG0027399	gappy90	0.9	1830	1014	816	44.59
N5.HOG0027442	smart-gap	0.9928	2436	2202	234	9.606
N5.HOG0027442	gappy90	0.9	2436	1947	489	20.074
N5.HOG0027563	smart-gap	0.9932	1335	1209	126	9.438
N5.HOG0027563	gappy90	0.9	1335	795	540	40.449
N5.HOG0027573	smart-gap	0.9801	1413	1284	129	9.13
N5.HOG0027573	gappy90	0.9	1413	1248	165	11.677
N5.HOG0027653	smart-gap	0.9752	3246	3039	207	6.377
N5.HOG0027653	gappy90	0.9	3246	3003	243	7.486
N5.HOG0027671	smart-gap	0.9893	3198	2961	237	7.411
N5.HOG0027671	gappy90	0.9	3198	2607	591	18.48
N5.HOG0027726	smart-gap	0.9423	726	666	60	8.264
N5.HOG0027726	gappy90	0.9	726	615	111	15.289
N5.HOG0027832	smart-gap	0.9921	2988	2913	75	2.51
N5.HOG0027832	gappy90	0.9	2988	2745	243	8.133
N5.HOG0027833	smart-gap	0.9934	4884	3171	1713	35.074
N5.HOG0027833	gappy90	0.9	4884	1659	3225	66.032
N5.HOG0027834	smart-gap	0.9919	3084	2505	579	18.774
N5.HOG0027834	gappy90	0.9	3084	1713	1371	44.455
N5.HOG0027855	smart-gap	1.0	3216	2964	252	7.836
N5.HOG0027855	gappy90	0.9	3216	2478	738	22.948
N5.HOG0027860	smart-gap	0.9794	1899	1857	42	2.212
N5.HOG0027860	gappy90	0.9	1899	1842	57	3.002
N5.HOG0027887	smart-gap	0.5565	3030	2841	189	6.238
N5.HOG0027889	smart-gap	1.0	3309	3132	177	5.349
N5.HOG0027889	gappy90	0.9	3309	2781	528	15.956
N5.HOG0027893	smart-gap	0.9918	2151	2046	105	4.881
N5.HOG0027893	gappy90	0.9	2151	1680	471	21.897
N5.HOG0027923	smart-gap	0.9933	2505	2418	87	3.473
N5.HOG0027923	gappy90	0.9	2505	2289	216	8.623
N5.HOG0027934	smart-gap	1.0	2202	2133	69	3.134
N5.HOG0027934	gappy90	0.9	2202	1860	342	15.531
N5.HOG0027965	smart-gap	1.0	3231	2967	264	8.171
N5.HOG0027965	gappy90	0.9	3231	2790	441	13.649
N5.HOG0027973	smart-gap	1.0	2052	1956	96	4.678
N5.HOG0027973	gappy90	0.9	2052	1821	231	11.257
N5.HOG0028049	smart-gap	0.9942	2142	2013	129	6.022
N5.HOG0028049	gappy90	0.9	2142	1590	552	25.77
N5.HOG0028050	smart-gap	1.0	1719	1491	228	13.264
N5.HOG0028050	gappy90	0.9	1719	1017	702	40.838
N5.HOG0028062	smart-gap	0.1447	840	648	192	22.857
N5.HOG0028064	smart-gap	0.0198	450	393	57	12.667
N5.HOG0028106	smart-gap	0.8821	6789	3942	2847	41.935
N5.HOG0028216	smart-gap	0.9908	1680	1605	75	4.464
N5.HOG0028216	gappy90	0.9	1680	1479	201	11.964
N5.HOG0028221	smart-gap	0.4922	2346	1575	771	32.864
N5.HOG0028306	smart-gap	0.956	1416	1218	198	13.983
N5.HOG0028306	gappy90	0.9	1416	1179	237	16.737
N5.HOG0028311	smart-gap	0.9888	2595	1977	618	23.815
N5.HOG0028311	gappy90	0.9	2595	1287	1308	50.405
N5.HOG0028321	smart-gap	0.4837	2382	2265	117	4.912
N5.HOG0028454	smart-gap	0.1346	570	420	150	26.316
N5.HOG0028455	smart-gap	0.9889	1557	1524	33	2.119
N5.HOG0028455	gappy90	0.9	1557	1416	141	9.056
N5.HOG0028467	smart-gap	0.9714	1620	1488	132	8.148
N5.HOG0028467	gappy90	0.9	1620	1362	258	15.926
N5.HOG0028535	smart-gap	0.617	3378	2889	489	14.476
N5.HOG0028555	smart-gap	0.2547	2649	2547	102	3.851
N5.HOG0028568	smart-gap	0.2389	2016	1902	114	5.655
N5.HOG0028569	smart-gap	1.0	528	513	15	2.841
N5.HOG0028569	gappy90	0.9	528	486	42	7.955
N5.HOG0028570	smart-gap	0.9554	744	585	159	21.371
N5.HOG0028570	gappy90	0.9	744	471	273	36.694
N5.HOG0028613	smart-gap	0.9623	783	621	162	20.69
N5.HOG0028613	gappy90	0.9	783	552	231	29.502
N5.HOG0028616	smart-gap	0.9914	897	639	258	28.763
N5.HOG0028616	gappy90	0.9	897	555	342	38.127
N5.HOG0028619	smart-gap	1.0	1917	1851	66	3.443
N5.HOG0028619	gappy90	0.9	1917	1551	366	19.092
N5.HOG0028630	smart-gap	0.9911	1278	1161	117	9.155
N5.HOG0028630	gappy90	0.9	1278	585	693	54.225
N5.HOG0028632	smart-gap	0.9787	744	657	87	11.694
N5.HOG0028632	gappy90	0.9	744	534	210	28.226
N5.HOG0028637	smart-gap	0.9923	4857	4137	720	14.824
N5.HOG0028637	gappy90	0.9	4857	2916	1941	39.963
N5.HOG0028728	smart-gap	1.0	19323	16473	2850	14.749
N5.HOG0028728	gappy90	0.9	19323	4743	14580	75.454
N5.HOG0028752	smart-gap	0.9901	1713	1665	48	2.802
N5.HOG0028752	gappy90	0.9	1713	1572	141	8.231
N5.HOG0028763	smart-gap	1.0	1281	1272	9	0.703
N5.HOG0028763	gappy90	0.9	1281	966	315	24.59
N5.HOG0028764	smart-gap	0.9907	1047	1008	39	3.725
N5.HOG0028764	gappy90	0.9	1047	972	75	7.163
N5.HOG0028816	smart-gap	1.0	3009	2973	36	1.196
N5.HOG0028816	gappy90	0.9	3009	2640	369	12.263
N5.HOG0028853	smart-gap	1.0	2154	1899	255	11.838
N5.HOG0028853	gappy90	0.9	2154	1440	714	33.148
N5.HOG0028952	smart-gap	0.6598	2214	1605	609	27.507
N5.HOG0028983	smart-gap	0.9664	1353	1323	30	2.217
N5.HOG0028983	gappy90	0.9	1353	1257	96	7.095
N5.HOG0029008	smart-gap	0.2927	2199	1920	279	12.688
N5.HOG0029015	smart-gap	1.0	3087	2955	132	4.276
N5.HOG0029015	gappy90	0.9	3087	2127	960	31.098
N5.HOG0029016	smart-gap	0.4758	2190	2049	141	6.438
N5.HOG0029022	smart-gap	0.935	1884	1665	219	11.624
N5.HOG0029022	gappy90	0.9	1884	1608	276	14.65
N5.HOG0029024	smart-gap	0.9773	1782	1695	87	4.882
N5.HOG0029024	gappy90	0.9	1782	1647	135	7.576
N5.HOG0029043	smart-gap	1.0	3390	3243	147	4.336
N5.HOG0029043	gappy90	0.9	3390	3162	228	6.726
N5.HOG0029083	smart-gap	0.9847	2418	2163	255	10.546
N5.HOG0029083	gappy90	0.9	2418	1884	534	22.084
N5.HOG0029085	smart-gap	0.9919	3171	2184	987	31.126
N5.HOG0029085	gappy90	0.9	3171	1893	1278	40.303
N5.HOG0029151	smart-gap	0.9841	1536	1149	387	25.195
N5.HOG0029151	gappy90	0.9	1536	978	558	36.328
N5.HOG0029159	smart-gap	0.9906	2928	2535	393	13.422
N5.HOG0029159	gappy90	0.9	2928	2247	681	23.258
N5.HOG0029160	smart-gap	1.0	1914	1701	213	11.129
N5.HOG0029160	gappy90	0.9	1914	1542	372	19.436
N5.HOG0029161	smart-gap	0.9915	1665	1530	135	8.108
N5.HOG0029161	gappy90	0.9	1665	1437	228	13.694
N5.HOG0029228	smart-gap	0.6667	756	525	231	30.556
N5.HOG0029229	smart-gap	0.2389	405	378	27	6.667
N5.HOG0029231	smart-gap	1.0	2067	2025	42	2.032
N5.HOG0029231	gappy90	0.9	2067	1803	264	12.772
N5.HOG0029234	smart-gap	0.9907	2040	1947	93	4.559
N5.HOG0029234	gappy90	0.9	2040	1845	195	9.559
N5.HOG0029237	smart-gap	0.9912	1824	1728	96	5.263
N5.HOG0029237	gappy90	0.9	1824	1482	342	18.75
N5.HOG0029302	smart-gap	0.9174	4335	3087	1248	28.789
N5.HOG0029302	gappy90	0.9	4335	2697	1638	37.785
N5.HOG0029401	smart-gap	1.0	906	861	45	4.967
N5.HOG0029401	gappy90	0.9	906	771	135	14.901
N5.HOG0029425	smart-gap	0.9667	4254	3480	774	18.195
N5.HOG0029425	gappy90	0.9	4254	3312	942	22.144
N5.HOG0029521	smart-gap	1.0	957	918	39	4.075
N5.HOG0029521	gappy90	0.9	957	768	189	19.749
N5.HOG0029531	smart-gap	0.2273	1443	1395	48	3.326
N5.HOG0029533	smart-gap	1.0	1422	1419	3	0.211
N5.HOG0029533	gappy90	0.9	1422	1404	18	1.266
N5.HOG0029535	smart-gap	1.0	984	981	3	0.305
N5.HOG0029535	gappy90	0.9	984	972	12	1.22
N5.HOG0029557	smart-gap	0.9901	4434	3774	660	14.885
N5.HOG0029557	gappy90	0.9	4434	3492	942	21.245
N5.HOG0029604	smart-gap	0.9722	1569	1560	9	0.574
N5.HOG0029604	gappy90	0.9	1569	1551	18	1.147
N5.HOG0029608	smart-gap	0.9739	1632	1584	48	2.941
N5.HOG0029608	gappy90	0.9	1632	1575	57	3.493
N5.HOG0029660	smart-gap	0.2595	1461	1026	435	29.774
N5.HOG0029661	smart-gap	0.9911	1524	1428	96	6.299
N5.HOG0029661	gappy90	0.9	1524	1215	309	20.276
N5.HOG0029662	smart-gap	0.984	1056	1050	6	0.568
N5.HOG0029662	gappy90	0.9	1056	909	147	13.92
N5.HOG0029687	smart-gap	1.0	504	480	24	4.762
N5.HOG0029687	gappy90	0.9	504	459	45	8.929
N5.HOG0029695	smart-gap	1.0	1530	1503	27	1.765
N5.HOG0029695	gappy90	0.9	1530	1125	405	26.471
N5.HOG0029741	smart-gap	0.9963	3168	2502	666	21.023
N5.HOG0029741	gappy90	0.9	3168	1854	1314	41.477
N5.HOG0029791	smart-gap	1.0	2328	2295	33	1.418
N5.HOG0029791	gappy90	0.9	2328	2223	105	4.51
N5.HOG0029793	smart-gap	0.2712	2769	1995	774	27.952
N5.HOG0029896	smart-gap	1.0	3198	2895	303	9.475
N5.HOG0029896	gappy90	0.9	3198	1824	1374	42.964
N5.HOG0029900	smart-gap	1.0	1128	1110	18	1.596
N5.HOG0029900	gappy90	0.9	1128	1035	93	8.245
N5.HOG0029962	smart-gap	0.9505	387	384	3	0.775
N5.HOG0029962	gappy90	0.9	387	381	6	1.55
N5.HOG0029990	smart-gap	0.9899	2193	1893	300	13.68
N5.HOG0029990	gappy90	0.9	2193	1617	576	26.265
N5.HOG0029997	smart-gap	0.989	2340	1971	369	15.769
N5.HOG0029997	gappy90	0.9	2340	1557	783	33.462
N5.HOG0030001	smart-gap	0.9923	1746	1587	159	9.107
N5.HOG0030001	gappy90	0.9	1746	1185	561	32.131
N5.HOG0030014	smart-gap	0.9901	549	543	6	1.093
N5.HOG0030014	gappy90	0.9	549	504	45	8.197
N5.HOG0030161	smart-gap	0.9937	6777	3882	2895	42.718
N5.HOG0030161	gappy90	0.9	6777	1998	4779	70.518
N5.HOG0030172	smart-gap	1.0	1863	1830	33	1.771
N5.HOG0030172	gappy90	0.9	1863	1791	72	3.865
N5.HOG0030173	smart-gap	0.0962	1794	1740	54	3.01
N5.HOG0030194	smart-gap	0.9898	1074	780	294	27.374
N5.HOG0030194	gappy90	0.9	1074	696	378	35.196
N5.HOG0030279	smart-gap	0.9694	5865	3987	1878	32.02
N5.HOG0030279	gappy90	0.9	5865	2811	3054	52.072
N5.HOG0030294	smart-gap	1.0	5082	4131	951	18.713
N5.HOG0030294	gappy90	0.9	5082	1926	3156	62.102
N5.HOG0030296	smart-gap	0.989	906	783	123	13.576
N5.HOG0030296	gappy90	0.9	906	753	153	16.887
N5.HOG0030300	smart-gap	0.1802	1665	1533	132	7.928
N5.HOG0030306	smart-gap	0.9962	6723	5019	1704	25.346
N5.HOG0030306	gappy90	0.9	6723	1989	4734	70.415
N5.HOG0030307	smart-gap	0.992	582	579	3	0.515
N5.HOG0030307	gappy90	0.9	582	576	6	1.031
N5.HOG0030390	smart-gap	0.8333	861	786	75	8.711
N5.HOG0030400	smart-gap	0.9922	1962	1875	87	4.434
N5.HOG0030400	gappy90	0.9	1962	1653	309	15.749
N5.HOG0030419	smart-gap	0.9963	5856	3645	2211	37.756
N5.HOG0030419	gappy90	0.9	5856	1395	4461	76.178
N5.HOG0030447	smart-gap	0.9565	660	642	18	2.727
N5.HOG0030447	gappy90	0.9	660	603	57	8.636
N5.HOG0030448	smart-gap	0.898	858	675	183	21.329
N5.HOG0030452	smart-gap	0.9722	1131	1011	120	10.61
N5.HOG0030452	gappy90	0.9	1131	972	159	14.058
N5.HOG0030453	smart-gap	1.0	1134	1122	12	1.058
N5.HOG0030453	gappy90	0.9	1134	942	192	16.931
N5.HOG0030475	smart-gap	0.6647	1704	1425	279	16.373
N5.HOG0030482	smart-gap	0.9826	570	549	21	3.684
N5.HOG0030482	gappy90	0.9	570	528	42	7.368
N5.HOG0030486	smart-gap	0.3375	1536	1374	162	10.547
N5.HOG0030488	smart-gap	0.9237	1743	1593	150	8.606
N5.HOG0030488	gappy90	0.9	1743	1521	222	12.737
N5.HOG0030490	smart-gap	0.9545	1092	1038	54	4.945
N5.HOG0030490	gappy90	0.9	1092	1011	81	7.418
N5.HOG0030534	smart-gap	1.0	483	474	9	1.863
N5.HOG0030534	gappy90	0.9	483	429	54	11.18
N5.HOG0030535	smart-gap	1.0	462	453	9	1.948
N5.HOG0030535	gappy90	0.9	462	435	27	5.844
N5.HOG0030566	smart-gap	0.9882	1893	1872	21	1.109
N5.HOG0030566	gappy90	0.9	1893	1770	123	6.498
N5.HOG0030664	smart-gap	0.9412	831	810	21	2.527
N5.HOG0030664	gappy90	0.9	831	810	21	2.527
N5.HOG0030671	smart-gap	0.9878	2505	2352	153	6.108
N5.HOG0030671	gappy90	0.9	2505	2229	276	11.018
N5.HOG0030685	smart-gap	0.3175	2043	1440	603	29.515
N5.HOG0030687	smart-gap	0.2442	2088	1677	411	19.684
N5.HOG0030727	smart-gap	0.6099	909	819	90	9.901
N5.HOG0030728	smart-gap	0.9904	978	873	105	10.736
N5.HOG0030728	gappy90	0.9	978	837	141	14.417
N5.HOG0030744	smart-gap	0.9962	5265	2997	2268	43.077
N5.HOG0030744	gappy90	0.9	5265	1815	3450	65.527
N5.HOG0030746	smart-gap	0.7459	1368	1254	114	8.333
N5.HOG0030748	smart-gap	0.9147	2418	1671	747	30.893
N5.HOG0030748	gappy90	0.9	2418	1380	1038	42.928
N5.HOG0030773	smart-gap	0.751	2481	1254	1227	49.456
N5.HOG0030781	smart-gap	0.9929	7878	5232	2646	33.587
N5.HOG0030781	gappy90	0.9	7878	1590	6288	79.817
N5.HOG0030782	smart-gap	0.9843	2469	1596	873	35.358
N5.HOG0030782	gappy90	0.9	2469	1026	1443	58.445
N5.HOG0030783	smart-gap	0.9914	1323	1284	39	2.948
N5.HOG0030783	gappy90	0.9	1323	1260	63	4.762
N5.HOG0030784	smart-gap	0.9861	1860	1572	288	15.484
N5.HOG0030784	gappy90	0.9	1860	1263	597	32.097
N5.HOG0030799	smart-gap	0.975	2745	2448	297	10.82
N5.HOG0030799	gappy90	0.9	2745	2355	390	14.208
N5.HOG0030891	smart-gap	0.9905	2274	2067	207	9.103
N5.HOG0030891	gappy90	0.9	2274	1878	396	17.414
N5.HOG0030973	smart-gap	0.9897	10092	6669	3423	33.918
N5.HOG0030973	gappy90	0.9	10092	4401	5691	56.391
N5.HOG0030985	smart-gap	1.0	1506	1104	402	26.693
N5.HOG0030985	gappy90	0.9	1506	960	546	36.255
N5.HOG0031010	smart-gap	1.0	1416	1170	246	17.373
N5.HOG0031010	gappy90	0.9	1416	915	501	35.381
N5.HOG0031055	smart-gap	0.877	2664	1761	903	33.896
N5.HOG0031064	smart-gap	0.45	2013	1776	237	11.773
N5.HOG0031088	smart-gap	1.0	1161	1146	15	1.292
N5.HOG0031088	gappy90	0.9	1161	996	165	14.212
N5.HOG0031090	smart-gap	0.9587	1323	1167	156	11.791
N5.HOG0031090	gappy90	0.9	1323	1035	288	21.769
N5.HOG0031113	smart-gap	0.9831	708	690	18	2.542
N5.HOG0031113	gappy90	0.9	708	579	129	18.22
N5.HOG0031114	smart-gap	1.0	690	672	18	2.609
N5.HOG0031114	gappy90	0.9	690	555	135	19.565
N5.HOG0031117	smart-gap	0.2444	1650	1563	87	5.273
N5.HOG0031119	smart-gap	0.9826	1704	1632	72	4.225
N5.HOG0031119	gappy90	0.9	1704	1611	93	5.458
N5.HOG0031120	smart-gap	0.9923	2697	1485	1212	44.939
N5.HOG0031120	gappy90	0.9	2697	903	1794	66.518
N5.HOG0031208	smart-gap	0.9905	1287	1278	9	0.699
N5.HOG0031208	gappy90	0.9	1287	1260	27	2.098
N5.HOG0031209	smart-gap	0.1014	1281	888	393	30.679
N5.HOG0031255	smart-gap	1.0	5277	5010	267	5.06
N5.HOG0031255	gappy90	0.9	5277	3180	2097	39.738
N5.HOG0031271	smart-gap	0.9922	1824	1800	24	1.316
N5.HOG0031271	gappy90	0.9	1824	1758	66	3.618
N5.HOG0031294	smart-gap	0.9937	5022	4431	591	11.768
N5.HOG0031294	gappy90	0.9	5022	3585	1437	28.614
N5.HOG0031312	smart-gap	0.9624	861	783	78	9.059
N5.HOG0031312	gappy90	0.9	861	702	159	18.467
N5.HOG0031377	smart-gap	0.9927	2904	2502	402	13.843
N5.HOG0031377	gappy90	0.9	2904	2016	888	30.579
N5.HOG0031378	smart-gap	1.0	2778	2565	213	7.667
N5.HOG0031378	gappy90	0.9	2778	2082	696	25.054
N5.HOG0031396	smart-gap	0.9651	3744	3492	252	6.731
N5.HOG0031396	gappy90	0.9	3744	3423	321	8.574
N5.HOG0031437	smart-gap	1.0	1473	1461	12	0.815
N5.HOG0031437	gappy90	0.9	1473	1278	195	13.238
N5.HOG0031445	smart-gap	0.9951	3351	3069	282	8.415
N5.HOG0031445	gappy90	0.9	3351	2796	555	16.562
N5.HOG0031505	smart-gap	0.9655	1704	1521	183	10.739
N5.HOG0031505	gappy90	0.9	1704	1296	408	23.944
N5.HOG0031506	smart-gap	0.9921	1350	1296	54	4.0
N5.HOG0031506	gappy90	0.9	1350	1254	96	7.111
N5.HOG0031528	smart-gap	0.9554	744	603	141	18.952
N5.HOG0031528	gappy90	0.9	744	528	216	29.032
N5.HOG0031529	smart-gap	0.9926	639	588	51	7.981
N5.HOG0031529	gappy90	0.9	639	477	162	25.352
N5.HOG0031530	smart-gap	0.9897	7092	5886	1206	17.005
N5.HOG0031530	gappy90	0.9	7092	4347	2745	38.706
N5.HOG0031533	smart-gap	0.9914	3480	2319	1161	33.362
N5.HOG0031533	gappy90	0.9	3480	1815	1665	47.845
N5.HOG0031616	smart-gap	1.0	480	456	24	5.0
N5.HOG0031616	gappy90	0.9	480	339	141	29.375
N5.HOG0031630	smart-gap	0.9725	1329	1134	195	14.673
N5.HOG0031630	gappy90	0.9	1329	978	351	26.411
N5.HOG0031681	smart-gap	0.7553	1869	1245	624	33.387
N5.HOG0031747	smart-gap	0.9932	1158	864	294	25.389
N5.HOG0031747	gappy90	0.9	1158	489	669	57.772
N5.HOG0031776	smart-gap	0.9923	8637	7053	1584	18.34
N5.HOG0031776	gappy90	0.9	8637	5616	3021	34.977
N5.HOG0031782	smart-gap	0.3367	2190	1527	663	30.274
N5.HOG0031796	smart-gap	0.3978	1707	1209	498	29.174
N5.HOG0031800	smart-gap	1.0	1770	1755	15	0.847
N5.HOG0031800	gappy90	0.9	1770	1482	288	16.271
N5.HOG0031827	smart-gap	0.9551	1782	1659	123	6.902
N5.HOG0031827	gappy90	0.9	1782	1623	159	8.923
N5.HOG0031865	smart-gap	1.0	1077	1044	33	3.064
N5.HOG0031865	gappy90	0.9	1077	900	177	16.435
N5.HOG0031892	smart-gap	0.9717	1629	1380	249	15.285
N5.HOG0031892	gappy90	0.9	1629	1299	330	20.258
N5.HOG0031894	smart-gap	0.9841	960	885	75	7.812
N5.HOG0031894	gappy90	0.9	960	840	120	12.5
N5.HOG0031897	smart-gap	0.9913	1809	1503	306	16.915
N5.HOG0031897	gappy90	0.9	1809	1284	525	29.022
N5.HOG0031951	smart-gap	0.9948	7311	6513	798	10.915
N5.HOG0031951	gappy90	0.9	7311	5760	1551	21.215
N5.HOG0031953	smart-gap	1	441	441	0	0.0
N5.HOG0031953	gappy90	0.9	441	441	0	0.0
N5.HOG0031956	smart-gap	0.0192	441	375	66	14.966
N5.HOG0031999	smart-gap	0.2667	2289	1899	390	17.038
N5.HOG0032001	smart-gap	0.9954	4263	3975	288	6.756
N5.HOG0032001	gappy90	0.9	4263	3324	939	22.027
N5.HOG0032002	smart-gap	0.9942	2220	1815	405	18.243
N5.HOG0032002	gappy90	0.9	2220	1251	969	43.649
N5.HOG0032113	smart-gap	0.9677	1062	999	63	5.932
N5.HOG0032113	gappy90	0.9	1062	927	135	12.712
N5.HOG0032150	smart-gap	1.0	1263	1233	30	2.375
N5.HOG0032150	gappy90	0.9	1263	1206	57	4.513
N5.HOG0032153	smart-gap	1.0	1458	1389	69	4.733
N5.HOG0032153	gappy90	0.9	1458	1317	141	9.671
N5.HOG0032157	smart-gap	1.0	1251	966	285	22.782
N5.HOG0032157	gappy90	0.9	1251	495	756	60.432
N5.HOG0032158	smart-gap	1.0	2121	1695	426	20.085
N5.HOG0032158	gappy90	0.9	2121	807	1314	61.952
N5.HOG0032199	smart-gap	0.7833	1221	1146	75	6.143
N5.HOG0032201	smart-gap	0.9902	1233	1164	69	5.596
N5.HOG0032201	gappy90	0.9	1233	1104	129	10.462
N5.HOG0032203	smart-gap	0.4419	1623	1053	570	35.12
N5.HOG0032217	smart-gap	0.9304	3201	2067	1134	35.426
N5.HOG0032217	gappy90	0.9	3201	1533	1668	52.109
N5.HOG0032219	smart-gap	0.9583	2334	1917	417	17.866
N5.HOG0032219	gappy90	0.9	2334	1854	480	20.566
N5.HOG0032276	smart-gap	1.0	1206	1158	48	3.98
N5.HOG0032276	gappy90	0.9	1206	1104	102	8.458
N5.HOG0032277	smart-gap	0.9912	1368	1146	222	16.228
N5.HOG0032277	gappy90	0.9	1368	966	402	29.386
N5.HOG0032410	smart-gap	0.227	1011	993	18	1.78
N5.HOG0032433	smart-gap	0.2812	1359	1311	48	3.532
N5.HOG0032434	smart-gap	0.9917	2181	1644	537	24.622
N5.HOG0032434	gappy90	0.9	2181	1260	921	42.228
N5.HOG0032437	smart-gap	1.0	4908	4164	744	15.159
N5.HOG0032437	gappy90	0.9	4908	1551	3357	68.399
N5.HOG0032489	smart-gap	0.9958	11850	9549	2301	19.418
N5.HOG0032489	gappy90	0.9	11850	2967	8883	74.962
N5.HOG0032494	smart-gap	0.9943	4317	3123	1194	27.658
N5.HOG0032494	gappy90	0.9	4317	1914	2403	55.664
N5.HOG0032499	smart-gap	0.9293	3081	2682	399	12.95
N5.HOG0032499	gappy90	0.9	3081	2283	798	25.901
N5.HOG0032507	smart-gap	0.9882	1047	945	102	9.742
N5.HOG0032507	gappy90	0.9	1047	783	264	25.215
N5.HOG0032555	smart-gap	0.982	1278	1245	33	2.582
N5.HOG0032555	gappy90	0.9	1278	1119	159	12.441
N5.HOG0032556	smart-gap	0.9811	1146	1089	57	4.974
N5.HOG0032556	gappy90	0.9	1146	1014	132	11.518
N5.HOG0032583	smart-gap	0.9916	771	717	54	7.004
N5.HOG0032583	gappy90	0.9	771	612	159	20.623
N5.HOG0032584	smart-gap	0.9839	693	666	27	3.896
N5.HOG0032584	gappy90	0.9	693	615	78	11.255
N5.HOG0032600	smart-gap	1.0	2193	1881	312	14.227
N5.HOG0032600	gappy90	0.9	2193	1584	609	27.77
N5.HOG0032603	smart-gap	0.1792	1086	990	96	8.84
N5.HOG0032644	smart-gap	0.0306	975	960	15	1.538
N5.HOG0032648	smart-gap	0.8911	990	987	3	0.303
N5.HOG0032673	smart-gap	0.9959	2094	1452	642	30.659
N5.HOG0032673	gappy90	0.9	2094	738	1356	64.756
N5.HOG0032685	smart-gap	1.0	2721	2691	30	1.103
N5.HOG0032685	gappy90	0.9	2721	2406	315	11.577
N5.HOG0032702	smart-gap	0.9914	1491	1335	156	10.463
N5.HOG0032702	gappy90	0.9	1491	1209	282	18.913
N5.HOG0032703	smart-gap	0.9744	1410	1230	180	12.766
N5.HOG0032703	gappy90	0.9	1410	1143	267	18.936
N5.HOG0032705	smart-gap	0.9845	1800	1632	168	9.333
N5.HOG0032705	gappy90	0.9	1800	1503	297	16.5
N5.HOG0032710	smart-gap	0.9457	3480	2964	516	14.828
N5.HOG0032710	gappy90	0.9	3480	2808	672	19.31
N5.HOG0032735	smart-gap	0.968	1080	966	114	10.556
N5.HOG0032735	gappy90	0.9	1080	879	201	18.611
N5.HOG0032740	smart-gap	0.9583	2010	1836	174	8.657
N5.HOG0032740	gappy90	0.9	2010	1782	228	11.343
N5.HOG0032766	smart-gap	0.9874	2655	1710	945	35.593
N5.HOG0032766	gappy90	0.9	2655	1128	1527	57.514
N5.HOG0032784	smart-gap	0.9931	6993	5499	1494	21.364
N5.HOG0032784	gappy90	0.9	6993	4308	2685	38.396
N5.HOG0032805	smart-gap	0.9917	1131	939	192	16.976
N5.HOG0032805	gappy90	0.9	1131	780	351	31.034
N5.HOG0032806	smart-gap	0.9835	978	933	45	4.601
N5.HOG0032806	gappy90	0.9	978	816	162	16.564
N5.HOG0032829	smart-gap	0.9369	1719	1656	63	3.665
N5.HOG0032829	gappy90	0.9	1719	1599	120	6.981
N5.HOG0032830	smart-gap	0.9554	1773	1719	54	3.046
N5.HOG0032830	gappy90	0.9	1773	1614	159	8.968
N5.HOG0032842	smart-gap	0.0189	486	483	3	0.617
N5.HOG0032851	smart-gap	0.9921	1506	1395	111	7.371
N5.HOG0032851	gappy90	0.9	1506	1284	222	14.741
N5.HOG0032852	smart-gap	0.9818	1608	1485	123	7.649
N5.HOG0032852	gappy90	0.9	1608	1320	288	17.91
N5.HOG0032955	smart-gap	0.9813	3375	2421	954	28.267
N5.HOG0032955	gappy90	0.9	3375	2055	1320	39.111
N5.HOG0032957	smart-gap	0.9735	4107	2568	1539	37.473
N5.HOG0032957	gappy90	0.9	4107	1683	2424	59.021
N5.HOG0032975	smart-gap	0.049	894	861	33	3.691
N5.HOG0033035	smart-gap	0.9922	2223	1962	261	11.741
N5.HOG0033035	gappy90	0.9	2223	1692	531	23.887
N5.HOG0033050	smart-gap	0.9892	1893	1851	42	2.219
N5.HOG0033050	gappy90	0.9	1893	1797	96	5.071
N5.HOG0033055	smart-gap	0.3333	1647	1452	195	11.84
N5.HOG0033059	smart-gap	1	633	633	0	0.0
N5.HOG0033059	gappy90	0.9	633	633	0	0.0
N5.HOG0033062	smart-gap	0.9143	639	630	9	1.408
N5.HOG0033062	gappy90	0.9	639	630	9	1.408
N5.HOG0033065	smart-gap	1.0	1161	1137	24	2.067
N5.HOG0033065	gappy90	0.9	1161	966	195	16.796
N5.HOG0033066	smart-gap	1.0	1110	1095	15	1.351
N5.HOG0033066	gappy90	0.9	1110	1053	57	5.135
N5.HOG0033085	smart-gap	0.3364	813	654	159	19.557
N5.HOG0033088	smart-gap	0.9935	6795	5643	1152	16.954
N5.HOG0033088	gappy90	0.9	6795	3651	3144	46.269
N5.HOG0033114	smart-gap	0.9907	822	807	15	1.825
N5.HOG0033114	gappy90	0.9	822	669	153	18.613
N5.HOG0033115	smart-gap	1.0	657	651	6	0.913
N5.HOG0033115	gappy90	0.9	657	630	27	4.11
N5.HOG0033117	smart-gap	1.0	4557	4014	543	11.916
N5.HOG0033117	gappy90	0.9	4557	1551	3006	65.964
N5.HOG0033126	smart-gap	0.9913	1365	1335	30	2.198
N5.HOG0033126	gappy90	0.9	1365	1269	96	7.033
N5.HOG0033128	smart-gap	0.9957	9513	7005	2508	26.364
N5.HOG0033128	gappy90	0.9	9513	4215	5298	55.692
N5.HOG0033134	smart-gap	0.9902	12339	6708	5631	45.636
N5.HOG0033134	gappy90	0.9	12339	3204	9135	74.034
N5.HOG0033142	smart-gap	1.0	2163	2097	66	3.051
N5.HOG0033142	gappy90	0.9	2163	1770	393	18.169
N5.HOG0033150	smart-gap	0.984	8490	7734	756	8.905
N5.HOG0033150	gappy90	0.9	8490	6039	2451	28.869
N5.HOG0033193	smart-gap	0.9915	1449	1251	198	13.665
N5.HOG0033193	gappy90	0.9	1449	1134	315	21.739
N5.HOG0033195	smart-gap	0.9889	459	447	12	2.614
N5.HOG0033195	gappy90	0.9	459	390	69	15.033
N5.HOG0033203	smart-gap	0.9907	1353	1302	51	3.769
N5.HOG0033203	gappy90	0.9	1353	1236	117	8.647
N5.HOG0033222	smart-gap	0.9744	1626	1488	138	8.487
N5.HOG0033222	gappy90	0.9	1626	1395	231	14.207
N5.HOG0033225	smart-gap	0.972	2073	1692	381	18.379
N5.HOG0033225	gappy90	0.9	2073	1524	549	26.483
N5.HOG0033226	smart-gap	0.9381	600	543	57	9.5
N5.HOG0033226	gappy90	0.9	600	459	141	23.5
N5.HOG0033230	smart-gap	0.9953	5439	5019	420	7.722
N5.HOG0033230	gappy90	0.9	5439	3897	1542	28.351
N5.HOG0033247	smart-gap	0.9817	1032	843	189	18.314
N5.HOG0033247	gappy90	0.9	1032	750	282	27.326
N5.HOG0033249	smart-gap	0.9339	1077	921	156	14.485
N5.HOG0033249	gappy90	0.9	1077	789	288	26.741
N5.HOG0033250	smart-gap	1.0	1935	1860	75	3.876
N5.HOG0033250	gappy90	0.9	1935	1524	411	21.24
N5.HOG0033266	smart-gap	0.9669	432	381	51	11.806
N5.HOG0033266	gappy90	0.9	432	348	84	19.444
N5.HOG0033267	smart-gap	0.9911	987	969	18	1.824
N5.HOG0033267	gappy90	0.9	987	885	102	10.334
N5.HOG0033268	smart-gap	1.0	1107	1104	3	0.271
N5.HOG0033268	gappy90	0.9	1107	885	222	20.054
N5.HOG0033284	smart-gap	1.0	2340	2217	123	5.256
N5.HOG0033284	gappy90	0.9	2340	1767	573	24.487
N5.HOG0033287	smart-gap	0.102	1599	1521	78	4.878
N5.HOG0033288	smart-gap	0.9821	1674	1548	126	7.527
N5.HOG0033288	gappy90	0.9	1674	1542	132	7.885
N5.HOG0033291	smart-gap	1.0	1068	1014	54	5.056
N5.HOG0033385	smart-gap	0.4804	1266	1254	12	0.948
N5.HOG0033406	smart-gap	0.9841	474	366	108	22.785
N5.HOG0033434	smart-gap	1.0	7491	5019	2472	33.0
N5.HOG0033434	gappy90	0.9	7491	2502	4989	66.6
N5.HOG0033491	smart-gap	1.0	579	576	3	0.518
N5.HOG0033491	gappy90	0.9	579	576	3	0.518
N5.HOG0033532	smart-gap	0.993	6702	6027	675	10.072
N5.HOG0033532	gappy90	0.9	6702	4527	2175	32.453
N5.HOG0033555	smart-gap	0.9107	7116	5424	1692	23.777
N5.HOG0033555	gappy90	0.9	7116	5334	1782	25.042
N5.HOG0033584	smart-gap	0.1111	1176	1116	60	5.102
N5.HOG0033591	smart-gap	0.9895	2004	1959	45	2.246
N5.HOG0033591	gappy90	0.9	2004	1857	147	7.335
N5.HOG0033641	smart-gap	0.973	1713	1683	30	1.751
N5.HOG0033641	gappy90	0.9	1713	1653	60	3.503
N5.HOG0033646	smart-gap	0.2336	1482	1422	60	4.049
N5.HOG0033651	smart-gap	0.6273	2622	1761	861	32.838
N5.HOG0033675	smart-gap	0.0278	1065	1032	33	3.099
N5.HOG0033743	smart-gap	1.0	1125	1005	120	10.667
N5.HOG0033743	gappy90	0.9	1125	852	273	24.267
N5.HOG0033745	smart-gap	0.9951	4791	4278	513	10.708
N5.HOG0033745	gappy90	0.9	4791	2274	2517	52.536
N5.HOG0033769	smart-gap	0.9906	1245	1128	117	9.398
N5.HOG0033769	gappy90	0.9	1245	1011	234	18.795
N5.HOG0033810	smart-gap	0.2727	1431	930	501	35.01
N5.HOG0033829	smart-gap	1.0	6408	6312	96	1.498
N5.HOG0033829	gappy90	0.9	6408	5709	699	10.908
N5.HOG0033913	smart-gap	0.9794	1368	1320	48	3.509
N5.HOG0033913	gappy90	0.9	1368	1278	90	6.579
N5.HOG0033992	smart-gap	0.9368	3351	3267	84	2.507
N5.HOG0033992	gappy90	0.9	3351	2733	618	18.442
N5.HOG0034013	smart-gap	0.6364	663	630	33	4.977
N5.HOG0034014	smart-gap	0.9925	984	843	141	14.329
N5.HOG0034014	gappy90	0.9	984	723	261	26.524
N5.HOG0034024	smart-gap	0.4861	2793	1587	1206	43.179
N5.HOG0034061	smart-gap	0.9714	1026	1020	6	0.585
N5.HOG0034061	gappy90	0.9	1026	996	30	2.924
N5.HOG0034078	smart-gap	0.9618	486	459	27	5.556
N5.HOG0034078	gappy90	0.9	486	459	27	5.556
N5.HOG0034079	smart-gap	0.0952	420	405	15	3.571
N5.HOG0034097	smart-gap	0.9727	2634	2445	189	7.175
N5.HOG0034097	gappy90	0.9	2634	2406	228	8.656
N5.HOG0034119	smart-gap	1.0	396	393	3	0.758
N5.HOG0034119	gappy90	0.9	396	393	3	0.758
N5.HOG0034226	smart-gap	0.9714	1896	1758	138	7.278
N5.HOG0034226	gappy90	0.9	1896	1665	231	12.184
N5.HOG0034239	smart-gap	1.0	1227	1179	48	3.912
N5.HOG0034239	gappy90	0.9	1227	675	552	44.988
N5.HOG0034286	smart-gap	0.9844	4074	3324	750	18.409
N5.HOG0034286	gappy90	0.9	4074	2436	1638	40.206
N5.HOG0034317	smart-gap	0.9954	8850	6120	2730	30.847
N5.HOG0034317	gappy90	0.9	8850	3009	5841	66.0
N5.HOG0034389	smart-gap	1.0	1623	1584	39	2.403
N5.HOG0034389	gappy90	0.9	1623	1377	246	15.157
N5.HOG0034390	smart-gap	0.9944	2202	2136	66	2.997
N5.HOG0034390	gappy90	0.9	2202	1998	204	9.264
N5.HOG0034424	smart-gap	0.2667	999	996	3	0.3
N5.HOG0034625	smart-gap	0.9	363	360	3	0.826
N5.HOG0034641	smart-gap	1.0	783	780	3	0.383
N5.HOG0034641	gappy90	0.9	783	777	6	0.766
N5.HOG0034650	smart-gap	0.7551	1488	1452	36	2.419
N5.HOG0034666	smart-gap	0.9688	1593	1479	114	7.156
N5.HOG0034666	gappy90	0.9	1593	1365	228	14.313
N5.HOG0034682	smart-gap	0.9945	1101	1086	15	1.362
N5.HOG0034682	gappy90	0.9	1101	993	108	9.809
N5.HOG0034685	smart-gap	0.0926	678	588	90	13.274
N5.HOG0034686	smart-gap	1.0	615	612	3	0.488
N5.HOG0034686	gappy90	0.9	615	609	6	0.976
N5.HOG0034687	smart-gap	0.9957	3135	2346	789	25.167
N5.HOG0034687	gappy90	0.9	3135	1560	1575	50.239
N5.HOG0034724	smart-gap	0.9928	4971	4287	684	13.76
N5.HOG0034724	gappy90	0.9	4971	2694	2277	45.806
N5.HOG0034725	smart-gap	0.9946	8886	6855	2031	22.856
N5.HOG0034725	gappy90	0.9	8886	4311	4575	51.485
N5.HOG0034728	smart-gap	0.9915	2472	2106	366	14.806
N5.HOG0034728	gappy90	0.9	2472	1470	1002	40.534
N5.HOG0034729	smart-gap	0.9903	1908	1596	312	16.352
N5.HOG0034729	gappy90	0.9	1908	1203	705	36.95
N5.HOG0034842	smart-gap	1.0	1548	1428	120	7.752
N5.HOG0034842	gappy90	0.9	1548	1290	258	16.667
N5.HOG0034844	smart-gap	1.0	1329	1305	24	1.806
N5.HOG0034844	gappy90	0.9	1329	1254	75	5.643
N5.HOG0034845	smart-gap	0.991	2256	2106	150	6.649
N5.HOG0034845	gappy90	0.9	2256	1848	408	18.085
N5.HOG0034853	smart-gap	0.9947	7098	6624	474	6.678
N5.HOG0034853	gappy90	0.9	7098	4629	2469	34.784
N5.HOG0034859	smart-gap	0.9204	1380	1329	51	3.696
N5.HOG0034859	gappy90	0.9	1380	1317	63	4.565
N5.HOG0034867	smart-gap	1.0	3456	3291	165	4.774
N5.HOG0034867	gappy90	0.9	3456	2535	921	26.649
N5.HOG0034912	smart-gap	0.991	1008	966	42	4.167
N5.HOG0034912	gappy90	0.9	1008	915	93	9.226
N5.HOG0034913	smart-gap	0.9915	1278	1107	171	13.38
N5.HOG0034913	gappy90	0.9	1278	999	279	21.831
N5.HOG0034948	smart-gap	0.4588	1218	1125	93	7.635
N5.HOG0034950	smart-gap	1.0	894	876	18	2.013
N5.HOG0034950	gappy90	0.9	894	825	69	7.718
N5.HOG0034974	smart-gap	0.9651	906	675	231	25.497
N5.HOG0034974	gappy90	0.9	906	498	408	45.033
N5.HOG0034984	smart-gap	1.0	384	351	33	8.594
N5.HOG0034984	gappy90	0.9	384	351	33	8.594
N5.HOG0035008	smart-gap	0.9375	1689	1353	336	19.893
N5.HOG0035008	gappy90	0.9	1689	1218	471	27.886
N5.HOG0035012	smart-gap	0.963	1467	1221	246	16.769
N5.HOG0035012	gappy90	0.9	1467	1164	303	20.654
N5.HOG0035013	smart-gap	1.0	1440	1395	45	3.125
N5.HOG0035013	gappy90	0.9	1440	1383	57	3.958
N5.HOG0035014	smart-gap	0.989	1614	1503	111	6.877
N5.HOG0035014	gappy90	0.9	1614	1377	237	14.684
N5.HOG0035029	smart-gap	0.2913	768	744	24	3.125
N5.HOG0035030	smart-gap	0.9839	960	807	153	15.937
N5.HOG0035030	gappy90	0.9	960	777	183	19.062
N5.HOG0035032	smart-gap	1.0	1512	1425	87	5.754
N5.HOG0035032	gappy90	0.9	1512	1323	189	12.5
N5.HOG0035033	smart-gap	1.0	1545	1365	180	11.65
N5.HOG0035033	gappy90	0.9	1545	1233	312	20.194
N5.HOG0035035	smart-gap	0.935	969	873	96	9.907
N5.HOG0035035	gappy90	0.9	969	822	147	15.17
N5.HOG0035036	smart-gap	0.9694	978	933	45	4.601
N5.HOG0035036	gappy90	0.9	978	825	153	15.644
N5.HOG0035048	smart-gap	0.9928	1749	1464	285	16.295
N5.HOG0035048	gappy90	0.9	1749	1155	594	33.962
N5.HOG0035082	smart-gap	0.9912	1161	924	237	20.413
N5.HOG0035082	gappy90	0.9	1161	804	357	30.749
N5.HOG0035083	smart-gap	0.9455	963	849	114	11.838
N5.HOG0035083	gappy90	0.9	963	786	177	18.38
N5.HOG0035085	smart-gap	1.0	1332	1110	222	16.667
N5.HOG0035085	gappy90	0.9	1332	1002	330	24.775
N5.HOG0035149	smart-gap	1.0	6384	6000	384	6.015
N5.HOG0035149	gappy90	0.9	6384	5193	1191	18.656
N5.HOG0035166	smart-gap	0.9957	6909	5388	1521	22.015
N5.HOG0035166	gappy90	0.9	6909	2529	4380	63.396
N5.HOG0035167	smart-gap	0.3711	1947	1629	318	16.333
N5.HOG0035174	smart-gap	1.0	7590	7434	156	2.055
N5.HOG0035174	gappy90	0.9	7590	5172	2418	31.858
N5.HOG0035178	smart-gap	1.0	3450	3231	219	6.348
N5.HOG0035178	gappy90	0.9	3450	2646	804	23.304
N5.HOG0035204	smart-gap	0.9633	1662	1470	192	11.552
N5.HOG0035204	gappy90	0.9	1662	1422	240	14.44
N5.HOG0035251	smart-gap	1.0	2043	1767	276	13.51
N5.HOG0035251	gappy90	0.9	2043	1614	429	20.999
N5.HOG0035275	smart-gap	1.0	4044	3960	84	2.077
N5.HOG0035275	gappy90	0.9	4044	2976	1068	26.409
N5.HOG0035280	smart-gap	0.9915	3165	2211	954	30.142
N5.HOG0035280	gappy90	0.9	3165	1386	1779	56.209
N5.HOG0035281	smart-gap	0.9804	1566	1278	288	18.391
N5.HOG0035281	gappy90	0.9	1566	1191	375	23.946
N5.HOG0035298	smart-gap	1.0	798	750	48	6.015
N5.HOG0035298	gappy90	0.9	798	696	102	12.782
N5.HOG0035302	smart-gap	1.0	3381	2925	456	13.487
N5.HOG0035302	gappy90	0.9	3381	1362	2019	59.716
N5.HOG0035413	smart-gap	1.0	1821	1809	12	0.659
N5.HOG0035413	gappy90	0.9	1821	1704	117	6.425
N5.HOG0035415	smart-gap	0.9817	1605	1320	285	17.757
N5.HOG0035415	gappy90	0.9	1605	1041	564	35.14
N5.HOG0035451	smart-gap	0.6056	1617	1374	243	15.028
N5.HOG0035481	smart-gap	1.0	1008	993	15	1.488
N5.HOG0035481	gappy90	0.9	1008	594	414	41.071
N5.HOG0035483	smart-gap	0.7158	459	456	3	0.654
N5.HOG0035510	smart-gap	0.9157	1593	1578	15	0.942
N5.HOG0035510	gappy90	0.9	1593	1554	39	2.448
N5.HOG0035532	smart-gap	0.9848	6099	5769	330	5.411
N5.HOG0035532	gappy90	0.9	6099	5520	579	9.493
N5.HOG0035533	smart-gap	0.9278	864	792	72	8.333
N5.HOG0035533	gappy90	0.9	864	765	99	11.458
N5.HOG0035799	smart-gap	1.0	864	861	3	0.347
N5.HOG0035799	gappy90	0.9	864	861	3	0.347
N5.HOG0035805	smart-gap	0.8989	1461	1290	171	11.704
N5.HOG0035885	smart-gap	0.9794	1092	1089	3	0.275
N5.HOG0035885	gappy90	0.9	1092	1089	3	0.275
N5.HOG0035891	smart-gap	1.0	1224	1167	57	4.657
N5.HOG0035891	gappy90	0.9	1224	1095	129	10.539
N5.HOG0035900	smart-gap	0.2474	1662	1512	150	9.025
N5.HOG0035901	smart-gap	0.0367	1524	1503	21	1.378
N5.HOG0035902	smart-gap	1.0	1512	1509	3	0.198
N5.HOG0035902	gappy90	0.9	1512	1419	93	6.151
N5.HOG0035905	smart-gap	1.0	1569	1548	21	1.338
N5.HOG0035905	gappy90	0.9	1569	1356	213	13.576
N5.HOG0035913	smart-gap	0.8889	981	966	15	1.529
N5.HOG0035915	smart-gap	0.9167	1206	981	225	18.657
N5.HOG0035915	gappy90	0.9	1206	957	249	20.647
N5.HOG0035922	smart-gap	0.9955	1905	1665	240	12.598
N5.HOG0035922	gappy90	0.9	1905	1269	636	33.386
N5.HOG0035924	smart-gap	0.9847	5511	4719	792	14.371
N5.HOG0035924	gappy90	0.9	5511	4131	1380	25.041
N5.HOG0035952	smart-gap	0.9912	2028	1884	144	7.101
N5.HOG0035952	gappy90	0.9	2028	1680	348	17.16
N5.HOG0035987	smart-gap	0.5567	2469	1611	858	34.751
N5.HOG0035988	smart-gap	0.9902	2688	2457	231	8.594
N5.HOG0035988	gappy90	0.9	2688	1527	1161	43.192
N5.HOG0035993	smart-gap	0.9901	9033	8688	345	3.819
N5.HOG0035993	gappy90	0.9	9033	4347	4686	51.876
N5.HOG0036003	smart-gap	1.0	996	993	3	0.301
N5.HOG0036003	gappy90	0.9	996	969	27	2.711
N5.HOG0036053	smart-gap	0.9831	1977	1797	180	9.105
N5.HOG0036053	gappy90	0.9	1977	1635	342	17.299
N5.HOG0036054	smart-gap	0.9062	852	714	138	16.197
N5.HOG0036054	gappy90	0.9	852	639	213	25.0
N5.HOG0036058	smart-gap	0.1591	1074	828	246	22.905
N5.HOG0036119	smart-gap	0.9955	3579	3111	468	13.076
N5.HOG0036119	gappy90	0.9	3579	2040	1539	43.001
N5.HOG0036120	smart-gap	0.966	2109	2034	75	3.556
N5.HOG0036120	gappy90	0.9	2109	1950	159	7.539
N5.HOG0036146	smart-gap	0.9949	6150	5928	222	3.61
N5.HOG0036146	gappy90	0.9	6150	4689	1461	23.756
N5.HOG0036148	smart-gap	0.993	2202	1938	264	11.989
N5.HOG0036148	gappy90	0.9	2202	1698	504	22.888
N5.HOG0036161	smart-gap	0.5067	2610	1230	1380	52.874
N5.HOG0036183	smart-gap	1.0	1425	1305	120	8.421
N5.HOG0036183	gappy90	0.9	1425	1140	285	20.0
N5.HOG0036234	smart-gap	0.9922	2142	1881	261	12.185
N5.HOG0036234	gappy90	0.9	2142	1221	921	42.997
N5.HOG0036235	smart-gap	0.6095	2151	1428	723	33.612
N5.HOG0036236	smart-gap	0.9889	2868	2649	219	7.636
N5.HOG0036236	gappy90	0.9	2868	2460	408	14.226
N5.HOG0036243	smart-gap	0.9712	672	666	6	0.893
N5.HOG0036243	gappy90	0.9	672	657	15	2.232
N5.HOG0036245	smart-gap	0.9947	5445	3576	1869	34.325
N5.HOG0036245	gappy90	0.9	5445	1461	3984	73.168
N5.HOG0036247	smart-gap	0.9817	900	867	33	3.667
N5.HOG0036247	gappy90	0.9	900	843	57	6.333
N5.HOG0036249	smart-gap	0.89	789	768	21	2.662
N5.HOG0036254	smart-gap	0.0598	498	384	114	22.892
N5.HOG0036281	smart-gap	0.9907	2190	2019	171	7.808
N5.HOG0036281	gappy90	0.9	2190	1866	324	14.795
N5.HOG0036282	smart-gap	0.9912	2118	2022	96	4.533
N5.HOG0036282	gappy90	0.9	2118	1818	300	14.164
N5.HOG0036331	smart-gap	1.0	600	591	9	1.5
N5.HOG0036331	gappy90	0.9	600	579	21	3.5
N5.HOG0036332	smart-gap	1.0	690	630	60	8.696
N5.HOG0036332	gappy90	0.9	690	618	72	10.435
N5.HOG0036359	smart-gap	0.8818	927	882	45	4.854
N5.HOG0036365	smart-gap	0.7183	2502	1773	729	29.137
N5.HOG0036366	smart-gap	0.2727	2139	1740	399	18.654
N5.HOG0036390	smart-gap	0.8989	3327	2589	738	22.182
N5.HOG0036452	smart-gap	0.2857	1125	1092	33	2.933
N5.HOG0036453	smart-gap	0.2336	1152	1089	63	5.469
N5.HOG0036455	smart-gap	0.9922	1218	1194	24	1.97
N5.HOG0036455	gappy90	0.9	1218	1029	189	15.517
N5.HOG0036458	smart-gap	1	765	765	0	0.0
N5.HOG0036458	gappy90	0.9	765	765	0	0.0
N5.HOG0036466	smart-gap	0.9946	2982	2877	105	3.521
N5.HOG0036466	gappy90	0.9	2982	2529	453	15.191
N5.HOG0036485	smart-gap	1.0	2169	2109	60	2.766
N5.HOG0036485	gappy90	0.9	2169	1452	717	33.057
N5.HOG0036569	smart-gap	0.2205	2133	2034	99	4.641
N5.HOG0036576	smart-gap	0.1529	747	645	102	13.655
N5.HOG0036577	smart-gap	0.9821	822	735	87	10.584
N5.HOG0036577	gappy90	0.9	822	666	156	18.978
N5.HOG0036634	smart-gap	0.9571	11217	7134	4083	36.4
N5.HOG0036634	gappy90	0.9	11217	4524	6693	59.668
N5.HOG0036636	smart-gap	1.0	1581	1419	162	10.247
N5.HOG0036636	gappy90	0.9	1581	1113	468	29.602
N5.HOG0036697	smart-gap	1.0	1113	1107	6	0.539
N5.HOG0036697	gappy90	0.9	1113	939	174	15.633
N5.HOG0036698	smart-gap	0.9952	5802	5280	522	8.997
N5.HOG0036698	gappy90	0.9	5802	4032	1770	30.507
N5.HOG0036747	smart-gap	0.2414	1407	1224	183	13.006
N5.HOG0036749	smart-gap	0.75	1344	1293	51	3.795
N5.HOG0036765	smart-gap	1.0	1500	1473	27	1.8
N5.HOG0036765	gappy90	0.9	1500	1173	327	21.8
N5.HOG0036769	smart-gap	1.0	711	708	3	0.422
N5.HOG0036769	gappy90	0.9	711	687	24	3.376
N5.HOG0036803	smart-gap	0.9829	1065	960	105	9.859
N5.HOG0036803	gappy90	0.9	1065	834	231	21.69
N5.HOG0036877	smart-gap	0.9853	1275	1017	258	20.235
N5.HOG0036877	gappy90	0.9	1275	864	411	32.235
N5.HOG0036879	smart-gap	0.9905	819	783	36	4.396
N5.HOG0036879	gappy90	0.9	819	702	117	14.286
N5.HOG0036883	smart-gap	1.0	1056	1005	51	4.83
N5.HOG0036883	gappy90	0.9	1056	951	105	9.943
N5.HOG0036918	smart-gap	0.9626	951	849	102	10.726
N5.HOG0036918	gappy90	0.9	951	762	189	19.874
N5.HOG0036940	smart-gap	0.9485	2313	1596	717	30.999
N5.HOG0036940	gappy90	0.9	2313	1431	882	38.132
N5.HOG0036996	smart-gap	0.8529	1143	1125	18	1.575
N5.HOG0037023	smart-gap	0.9905	1377	1350	27	1.961
N5.HOG0037023	gappy90	0.9	1377	1152	225	16.34
N5.HOG0037028	smart-gap	0.2981	2148	1755	393	18.296
N5.HOG0037109	smart-gap	1.0	3261	3198	63	1.932
N5.HOG0037109	gappy90	0.9	3261	2895	366	11.224
N5.HOG0037135	smart-gap	0.9951	5871	4014	1857	31.63
N5.HOG0037135	gappy90	0.9	5871	1800	4071	69.341
N5.HOG0037178	smart-gap	0.9953	4719	3906	813	17.228
N5.HOG0037178	gappy90	0.9	4719	2463	2256	47.807
N5.HOG0037186	smart-gap	0.4321	2199	1998	201	9.141
N5.HOG0037219	smart-gap	0.2647	1560	1497	63	4.038
N5.HOG0037220	smart-gap	0.9813	1644	1599	45	2.737
N5.HOG0037220	gappy90	0.9	1644	1509	135	8.212
N5.HOG0037251	smart-gap	1.0	1761	1752	9	0.511
N5.HOG0037251	gappy90	0.9	1761	1503	258	14.651
N5.HOG0037252	smart-gap	0.9949	2373	2169	204	8.597
N5.HOG0037252	gappy90	0.9	2373	1881	492	20.733
N5.HOG0037286	smart-gap	0.9911	981	960	21	2.141
N5.HOG0037286	gappy90	0.9	981	921	60	6.116
N5.HOG0037303	smart-gap	0.9889	1200	1125	75	6.25
N5.HOG0037303	gappy90	0.9	1200	918	282	23.5
N5.HOG0037304	smart-gap	0.9903	1920	1740	180	9.375
N5.HOG0037304	gappy90	0.9	1920	1587	333	17.344
N5.HOG0037316	smart-gap	0.2473	1398	1212	186	13.305
N5.HOG0037317	smart-gap	0.9915	1812	1809	3	0.166
N5.HOG0037317	gappy90	0.9	1812	1656	156	8.609
N5.HOG0037322	smart-gap	1.0	11460	9861	1599	13.953
N5.HOG0037322	gappy90	0.9	11460	5916	5544	48.377
N5.HOG0037341	smart-gap	0.993	13833	11220	2613	18.89
N5.HOG0037341	gappy90	0.9	13833	9027	4806	34.743
N5.HOG0037347	smart-gap	0.9649	1437	1344	93	6.472
N5.HOG0037347	gappy90	0.9	1437	1308	129	8.977
N5.HOG0037359	smart-gap	1.0	1242	1215	27	2.174
N5.HOG0037359	gappy90	0.9	1242	1014	228	18.357
N5.HOG0037360	smart-gap	0.9062	1587	1443	144	9.074
N5.HOG0037360	gappy90	0.9	1587	1443	144	9.074
N5.HOG0037388	smart-gap	0.9877	5658	5100	558	9.862
N5.HOG0037388	gappy90	0.9	5658	4830	828	14.634
N5.HOG0037427	smart-gap	1.0	9684	8925	759	7.838
N5.HOG0037427	gappy90	0.9	9684	3594	6090	62.887
N5.HOG0037429	smart-gap	1.0	4296	3249	1047	24.372
N5.HOG0037429	gappy90	0.9	4296	1659	2637	61.383
N5.HOG0037430	smart-gap	0.5779	4839	4539	300	6.2
N5.HOG0037546	smart-gap	0.9917	738	663	75	10.163
N5.HOG0037546	gappy90	0.9	738	597	141	19.106
N5.HOG0037547	smart-gap	0.914	1494	1314	180	12.048
N5.HOG0037547	gappy90	0.9	1494	1263	231	15.462
N5.HOG0037551	smart-gap	0.9652	2277	2097	180	7.905
N5.HOG0037551	gappy90	0.9	2277	1860	417	18.314
N5.HOG0037563	smart-gap	0.8133	6663	5586	1077	16.164
N5.HOG0037565	smart-gap	1.0	6018	5991	27	0.449
N5.HOG0037565	gappy90	0.9	6018	4563	1455	24.177
N5.HOG0037632	smart-gap	0.9886	657	654	3	0.457
N5.HOG0037632	gappy90	0.9	657	654	3	0.457
N5.HOG0037665	smart-gap	0.1429	708	678	30	4.237
N5.HOG0037690	smart-gap	0.9912	1716	1686	30	1.748
N5.HOG0037690	gappy90	0.9	1716	1473	243	14.161
N5.HOG0037691	smart-gap	1.0	1644	1620	24	1.46
N5.HOG0037691	gappy90	0.9	1644	1491	153	9.307
N5.HOG0037693	smart-gap	1.0	3132	2832	300	9.579
N5.HOG0037693	gappy90	0.9	3132	2055	1077	34.387
N5.HOG0037735	smart-gap	1.0	1617	1605	12	0.742
N5.HOG0037735	gappy90	0.9	1617	1593	24	1.484
N5.HOG0037741	smart-gap	0.9793	4410	3498	912	20.68
N5.HOG0037741	gappy90	0.9	4410	2982	1428	32.381
N5.HOG0037745	smart-gap	0.9927	2238	2076	162	7.239
N5.HOG0037745	gappy90	0.9	2238	2040	198	8.847
N5.HOG0037747	smart-gap	0.9811	963	909	54	5.607
N5.HOG0037747	gappy90	0.9	963	828	135	14.019
N5.HOG0037748	smart-gap	1.0	837	798	39	4.659
N5.HOG0037748	gappy90	0.9	837	795	42	5.018
N5.HOG0037759	smart-gap	0.9898	1113	1065	48	4.313
N5.HOG0037759	gappy90	0.9	1113	1014	99	8.895
N5.HOG0037760	smart-gap	0.9815	1176	1059	117	9.949
N5.HOG0037760	gappy90	0.9	1176	966	210	17.857
N5.HOG0037767	smart-gap	0.1273	567	417	150	26.455
N5.HOG0037768	smart-gap	0.165	534	462	72	13.483
N5.HOG0037770	smart-gap	0.213	1614	1080	534	33.086
N5.HOG0037817	smart-gap	0.9592	1263	1230	33	2.613
N5.HOG0037817	gappy90	0.9	1263	1221	42	3.325
N5.HOG0037823	smart-gap	0.7039	2133	2010	123	5.767
N5.HOG0037858	smart-gap	0.9896	1095	1044	51	4.658
N5.HOG0037858	gappy90	0.9	1095	1005	90	8.219
N5.HOG0037859	smart-gap	0.973	1104	1032	72	6.522
N5.HOG0037859	gappy90	0.9	1104	933	171	15.489
N5.HOG0037868	smart-gap	0.9932	8820	7314	1506	17.075
N5.HOG0037868	gappy90	0.9	8820	5253	3567	40.442
N5.HOG0037873	smart-gap	0.8673	6708	5991	717	10.689
N5.HOG0037875	smart-gap	0.9375	1185	1149	36	3.038
N5.HOG0037875	gappy90	0.9	1185	1134	51	4.304
N5.HOG0037878	smart-gap	0.3232	1134	1011	123	10.847
N5.HOG0037955	smart-gap	0.981	588	555	33	5.612
N5.HOG0037955	gappy90	0.9	588	387	201	34.184
N5.HOG0037962	smart-gap	0.8652	3822	2442	1380	36.107
N5.HOG0038014	smart-gap	1.0	5976	5784	192	3.213
N5.HOG0038014	gappy90	0.9	5976	3282	2694	45.08
N5.HOG0038050	smart-gap	0.0167	573	561	12	2.094
N5.HOG0038056	smart-gap	0.9383	5328	2511	2817	52.872
N5.HOG0038056	gappy90	0.9	5328	1563	3765	70.664
N5.HOG0038057	smart-gap	0.4309	2097	1641	456	21.745
N5.HOG0038061	smart-gap	0.9681	948	903	45	4.747
N5.HOG0038061	gappy90	0.9	948	864	84	8.861
N5.HOG0038121	smart-gap	0.4892	2499	2163	336	13.445
N5.HOG0038243	smart-gap	0.0288	1128	1119	9	0.798
N5.HOG0038280	smart-gap	0.3733	1674	1440	234	13.978
N5.HOG0038324	smart-gap	0.0294	1272	1263	9	0.708
N5.HOG0038418	smart-gap	1.0	5037	4947	90	1.787
N5.HOG0038418	gappy90	0.9	5037	3867	1170	23.228
N5.HOG0038423	smart-gap	0.8582	2592	1992	600	23.148
N5.HOG0038436	smart-gap	0.0918	933	795	138	14.791
N5.HOG0038471	smart-gap	0.1111	624	585	39	6.25
N5.HOG0038490	smart-gap	0.9375	1080	774	306	28.333
N5.HOG0038490	gappy90	0.9	1080	747	333	30.833
N5.HOG0038491	smart-gap	0.991	999	945	54	5.405
N5.HOG0038491	gappy90	0.9	999	789	210	21.021
N5.HOG0038506	smart-gap	0.1807	435	432	3	0.69
N5.HOG0038592	smart-gap	0.982	861	768	93	10.801
N5.HOG0038592	gappy90	0.9	861	672	189	21.951
N5.HOG0038631	smart-gap	0.2391	1116	1038	78	6.989
N5.HOG0038634	smart-gap	1.0	702	696	6	0.855
N5.HOG0038634	gappy90	0.9	702	393	309	44.017
N5.HOG0038686	smart-gap	1.0	9675	6660	3015	31.163
N5.HOG0038686	gappy90	0.9	9675	2991	6684	69.085
N5.HOG0038692	smart-gap	0.469	1539	1110	429	27.875
N5.HOG0038717	smart-gap	0.9333	1035	972	63	6.087
N5.HOG0038717	gappy90	0.9	1035	906	129	12.464
N5.HOG0038910	smart-gap	0.9948	6303	5871	432	6.854
N5.HOG0038910	gappy90	0.9	6303	4758	1545	24.512
N5.HOG0038916	smart-gap	0.976	1926	1734	192	9.969
N5.HOG0038916	gappy90	0.9	1926	1641	285	14.798
N5.HOG0038918	smart-gap	1.0	3372	3048	324	9.609
N5.HOG0038918	gappy90	0.9	3372	2388	984	29.181
N5.HOG0038921	smart-gap	0.9867	4917	4536	381	7.749
N5.HOG0038921	gappy90	0.9	4917	3912	1005	20.439
N5.HOG0039027	smart-gap	1.0	1407	1353	54	3.838
N5.HOG0039027	gappy90	0.9	1407	1230	177	12.58
N5.HOG0039080	smart-gap	0.9468	420	381	39	9.286
N5.HOG0039080	gappy90	0.9	420	321	99	23.571
N5.HOG0039158	smart-gap	1.0	1878	1782	96	5.112
N5.HOG0039158	gappy90	0.9	1878	1161	717	38.179
N5.HOG0039285	smart-gap	0.988	1794	1647	147	8.194
N5.HOG0039285	gappy90	0.9	1794	1326	468	26.087
N5.HOG0039287	smart-gap	0.9697	2691	1701	990	36.789
N5.HOG0039287	gappy90	0.9	2691	1344	1347	50.056
N5.HOG0039357	smart-gap	1.0	894	864	30	3.356
N5.HOG0039357	gappy90	0.9	894	816	78	8.725
N5.HOG0039358	smart-gap	0.988	861	837	24	2.787
N5.HOG0039358	gappy90	0.9	861	666	195	22.648
N5.HOG0039360	smart-gap	0.9912	873	831	42	4.811
N5.HOG0039360	gappy90	0.9	873	726	147	16.838
N5.HOG0039393	smart-gap	1.0	1800	1746	54	3.0
N5.HOG0039393	gappy90	0.9	1800	1539	261	14.5
N5.HOG0039409	smart-gap	0.9951	5151	3720	1431	27.781
N5.HOG0039409	gappy90	0.9	5151	2256	2895	56.203
N5.HOG0039412	smart-gap	0.7	2001	1752	249	12.444
N5.HOG0039422	smart-gap	0.6108	2655	2268	387	14.576
N5.HOG0039445	smart-gap	0.47	1848	1143	705	38.149
N5.HOG0039457	smart-gap	0.9915	1599	1344	255	15.947
N5.HOG0039457	gappy90	0.9	1599	1101	498	31.144
N5.HOG0039544	smart-gap	0.9912	894	852	42	4.698
N5.HOG0039544	gappy90	0.9	894	774	120	13.423
N5.HOG0039545	smart-gap	0.963	1410	1089	321	22.766
N5.HOG0039545	gappy90	0.9	1410	975	435	30.851
N5.HOG0039595	smart-gap	0.0189	525	378	147	28.0
N5.HOG0039727	smart-gap	0.5043	1548	1389	159	10.271
N5.HOG0039799	smart-gap	0.8222	588	510	78	13.265
N5.HOG0039803	smart-gap	0.9924	1749	1071	678	38.765
N5.HOG0039803	gappy90	0.9	1749	426	1323	75.643
N5.HOG0039805	smart-gap	1.0	2544	2103	441	17.335
N5.HOG0039805	gappy90	0.9	2544	675	1869	73.467
N5.HOG0039806	smart-gap	1.0	627	573	54	8.612
N5.HOG0039806	gappy90	0.9	627	414	213	33.971
N5.HOG0039807	smart-gap	1.0	579	558	21	3.627
N5.HOG0039807	gappy90	0.9	579	462	117	20.207
N5.HOG0039848	smart-gap	0.9806	711	621	90	12.658
N5.HOG0039848	gappy90	0.9	711	504	207	29.114
N5.HOG0039879	smart-gap	0.9796	1488	1293	195	13.105
N5.HOG0039879	gappy90	0.9	1488	1230	258	17.339
N5.HOG0039882	smart-gap	0.7702	1212	1113	99	8.168
N5.HOG0039885	smart-gap	0.9948	3207	3099	108	3.368
N5.HOG0039885	gappy90	0.9	3207	3039	168	5.239
N5.HOG0039934	smart-gap	0.5755	954	726	228	23.899
N5.HOG0039959	smart-gap	0.972	2136	1710	426	19.944
N5.HOG0039959	gappy90	0.9	2136	1542	594	27.809
N5.HOG0039961	smart-gap	0.9941	11625	9231	2394	20.594
N5.HOG0039961	gappy90	0.9	11625	5340	6285	54.065
N5.HOG0039973	smart-gap	0.9919	4953	2934	2019	40.763
N5.HOG0039973	gappy90	0.9	4953	2100	2853	57.601
N5.HOG0039977	smart-gap	0.9949	6450	4044	2406	37.302
N5.HOG0039977	gappy90	0.9	6450	1818	4632	71.814
N5.HOG0040013	smart-gap	0.9533	5253	4581	672	12.793
N5.HOG0040013	gappy90	0.9	5253	4419	834	15.877
N5.HOG0040014	smart-gap	0.4041	1059	936	123	11.615
N5.HOG0040030	smart-gap	0.9949	3318	2547	771	23.237
N5.HOG0040030	gappy90	0.9	3318	1575	1743	52.532
N5.HOG0040133	smart-gap	0.6209	2622	1185	1437	54.805
N5.HOG0040150	smart-gap	0.9948	2280	2178	102	4.474
N5.HOG0040150	gappy90	0.9	2280	1689	591	25.921
N5.HOG0040152	smart-gap	0.9949	3993	3384	609	15.252
N5.HOG0040152	gappy90	0.9	3993	2085	1908	47.784
N5.HOG0040178	smart-gap	0.995	3273	2205	1068	32.631
N5.HOG0040178	gappy90	0.9	3273	1530	1743	53.254
N5.HOG0040185	smart-gap	1.0	1395	1362	33	2.366
N5.HOG0040185	gappy90	0.9	1395	984	411	29.462
N5.HOG0040211	smart-gap	1.0	1779	1746	33	1.855
N5.HOG0040211	gappy90	0.9	1779	1566	213	11.973
N5.HOG0040213	smart-gap	0.9941	5322	4710	612	11.499
N5.HOG0040213	gappy90	0.9	5322	4050	1272	23.901
N5.HOG0040215	smart-gap	0.9907	1098	1077	21	1.913
N5.HOG0040215	gappy90	0.9	1098	891	207	18.852
N5.HOG0040216	smart-gap	0.9765	1575	1176	399	25.333
N5.HOG0040216	gappy90	0.9	1575	1005	570	36.19
N5.HOG0040254	smart-gap	0.9759	7104	3786	3318	46.706
N5.HOG0040254	gappy90	0.9	7104	2397	4707	66.258
N5.HOG0040381	smart-gap	0.9948	4881	4200	681	13.952
N5.HOG0040381	gappy90	0.9	4881	3618	1263	25.876
N5.HOG0040387	smart-gap	1.0	1716	1698	18	1.049
N5.HOG0040387	gappy90	0.9	1716	1575	141	8.217
N5.HOG0040942	smart-gap	0.9899	1386	975	411	29.654
N5.HOG0040942	gappy90	0.9	1386	639	747	53.896
N5.HOG0040944	smart-gap	0.3916	1566	1221	345	22.031
N5.HOG0040947	smart-gap	1.0	1245	1242	3	0.241
N5.HOG0040947	gappy90	0.9	1245	1113	132	10.602
N5.HOG0040969	smart-gap	1.0	4050	4017	33	0.815
N5.HOG0040969	gappy90	0.9	4050	3774	276	6.815
N5.HOG0041015	smart-gap	0.9216	654	525	129	19.725
N5.HOG0041015	gappy90	0.9	654	480	174	26.606
N5.HOG0041032	smart-gap	0.9943	2496	2064	432	17.308
N5.HOG0041032	gappy90	0.9	2496	1122	1374	55.048
N5.HOG0041065	smart-gap	1.0	897	879	18	2.007
N5.HOG0041065	gappy90	0.9	897	729	168	18.729
N5.HOG0041068	smart-gap	0.9949	1503	1413	90	5.988
N5.HOG0041068	gappy90	0.9	1503	1242	261	17.365
N5.HOG0041097	smart-gap	0.9936	4992	4359	633	12.68
N5.HOG0041097	gappy90	0.9	4992	3564	1428	28.606
N5.HOG0041122	smart-gap	0.9924	2580	1866	714	27.674
N5.HOG0041122	gappy90	0.9	2580	1434	1146	44.419
N5.HOG0041159	smart-gap	0.9901	1245	1224	21	1.687
N5.HOG0041159	gappy90	0.9	1245	1218	27	2.169
N5.HOG0041195	smart-gap	0.9896	2037	1410	627	30.781
N5.HOG0041195	gappy90	0.9	2037	1044	993	48.748
N5.HOG0041229	smart-gap	1.0	8907	8766	141	1.583
N5.HOG0041229	gappy90	0.9	8907	5160	3747	42.068
N5.HOG0041237	smart-gap	0.9921	11466	8814	2652	23.129
N5.HOG0041237	gappy90	0.9	11466	5838	5628	49.084
N5.HOG0041239	smart-gap	0.9529	936	870	66	7.051
N5.HOG0041239	gappy90	0.9	936	774	162	17.308
N5.HOG0041240	smart-gap	0.9159	984	810	174	17.683
N5.HOG0041240	gappy90	0.9	984	771	213	21.646
N5.HOG0041303	smart-gap	0.9825	1149	1095	54	4.7
N5.HOG0041303	gappy90	0.9	1149	1035	114	9.922
N5.HOG0041350	smart-gap	1	645	645	0	0.0
N5.HOG0041350	gappy90	0.9	645	645	0	0.0
N5.HOG0041352	smart-gap	0.1348	675	633	42	6.222
N5.HOG0041381	smart-gap	0.9949	1245	765	480	38.554
N5.HOG0041381	gappy90	0.9	1245	693	552	44.337
N5.HOG0041383	smart-gap	0.9938	1320	1296	24	1.818
N5.HOG0041383	gappy90	0.9	1320	1056	264	20.0
N5.HOG0041410	smart-gap	0.9343	6840	6054	786	11.491
N5.HOG0041410	gappy90	0.9	6840	5757	1083	15.833
N5.HOG0041445	smart-gap	0.9896	1104	1086	18	1.63
N5.HOG0041445	gappy90	0.9	1104	1026	78	7.065
N5.HOG0041449	smart-gap	0.0885	1767	1725	42	2.377
N5.HOG0041454	smart-gap	1.0	4389	3870	519	11.825
N5.HOG0041454	gappy90	0.9	4389	2091	2298	52.358
N5.HOG0041507	smart-gap	0.9891	618	600	18	2.913
N5.HOG0041507	gappy90	0.9	618	582	36	5.825
N5.HOG0041508	smart-gap	0.9897	849	795	54	6.36
N5.HOG0041508	gappy90	0.9	849	741	108	12.721
N5.HOG0041511	smart-gap	1.0	1188	1089	99	8.333
N5.HOG0041511	gappy90	0.9	1188	1053	135	11.364
N5.HOG0041512	smart-gap	0.1818	975	939	36	3.692
N5.HOG0041541	smart-gap	0.9864	5556	4167	1389	25.0
N5.HOG0041541	gappy90	0.9	5556	3093	2463	44.33
N5.HOG0041569	smart-gap	0.9896	3855	2520	1335	34.63
N5.HOG0041569	gappy90	0.9	3855	1431	2424	62.879
N5.HOG0041634	smart-gap	0.9922	3456	3030	426	12.326
N5.HOG0041634	gappy90	0.9	3456	2880	576	16.667
N5.HOG0041640	smart-gap	0.8729	810	519	291	35.926
N5.HOG0041643	smart-gap	1.0	2640	2352	288	10.909
N5.HOG0041643	gappy90	0.9	2640	1671	969	36.705
N5.HOG0041645	smart-gap	0.5663	792	651	141	17.803
N5.HOG0041646	smart-gap	0.8776	2613	2139	474	18.14
N5.HOG0041647	smart-gap	0.6224	2628	1641	987	37.557
N5.HOG0041752	smart-gap	0.9899	1620	1143	477	29.444
N5.HOG0041752	gappy90	0.9	1620	906	714	44.074
N5.HOG0041782	smart-gap	1.0	1806	1713	93	5.15
N5.HOG0041782	gappy90	0.9	1806	1275	531	29.402
N5.HOG0041792	smart-gap	0.9911	1359	1224	135	9.934
N5.HOG0041792	gappy90	0.9	1359	1188	171	12.583
N5.HOG0041797	smart-gap	0.6	4389	2604	1785	40.67
N5.HOG0041902	smart-gap	0.9615	762	741	21	2.756
N5.HOG0041902	gappy90	0.9	762	741	21	2.756
N5.HOG0041908	smart-gap	1.0	489	480	9	1.84
N5.HOG0041908	gappy90	0.9	489	423	66	13.497
N5.HOG0041909	smart-gap	1.0	597	594	3	0.503
N5.HOG0041909	gappy90	0.9	597	435	162	27.136
N5.HOG0041911	smart-gap	0.1698	954	858	96	10.063
N5.HOG0041971	smart-gap	1.0	2898	2628	270	9.317
N5.HOG0041971	gappy90	0.9	2898	1863	1035	35.714
N5.HOG0041972	smart-gap	1.0	741	735	6	0.81
N5.HOG0041972	gappy90	0.9	741	657	84	11.336
N5.HOG0041973	smart-gap	0.93	798	663	135	16.917
N5.HOG0041973	gappy90	0.9	798	603	195	24.436
N5.HOG0041998	smart-gap	0.9947	1605	1497	108	6.729
N5.HOG0041998	gappy90	0.9	1605	1248	357	22.243
N5.HOG0042034	smart-gap	1.0	2457	2214	243	9.89
N5.HOG0042034	gappy90	0.9	2457	2154	303	12.332
N5.HOG0042081	smart-gap	0.9537	528	492	36	6.818
N5.HOG0042081	gappy90	0.9	528	489	39	7.386
N5.HOG0042107	smart-gap	1.0	1860	1650	210	11.29
N5.HOG0042107	gappy90	0.9	1860	993	867	46.613
N5.HOG0042108	smart-gap	0.9735	1068	1014	54	5.056
N5.HOG0042108	gappy90	0.9	1068	912	156	14.607
N5.HOG0042170	smart-gap	1.0	9732	7563	2169	22.287
N5.HOG0042170	gappy90	0.9	9732	3420	6312	64.858
N5.HOG0042193	smart-gap	0.9895	1293	1179	114	8.817
N5.HOG0042193	gappy90	0.9	1293	936	357	27.61
N5.HOG0042198	smart-gap	0.9836	573	417	156	27.225
N5.HOG0042198	gappy90	0.9	573	396	177	30.89
N5.HOG0042217	smart-gap	0.2697	2268	1938	330	14.55
N5.HOG0042219	smart-gap	0.04	597	591	6	1.005
N5.HOG0042271	smart-gap	0.9918	3456	3096	360	10.417
N5.HOG0042271	gappy90	0.9	3456	2502	954	27.604
N5.HOG0042328	smart-gap	0.9946	2457	2346	111	4.518
N5.HOG0042328	gappy90	0.9	2457	2232	225	9.158
N5.HOG0042348	smart-gap	1.0	1224	1218	6	0.49
N5.HOG0042348	gappy90	0.9	1224	1059	165	13.48
N5.HOG0042379	smart-gap	0.9943	2538	2472	66	2.6
N5.HOG0042379	gappy90	0.9	2538	2187	351	13.83
N5.HOG0042392	smart-gap	0.9944	5124	4608	516	10.07
N5.HOG0042392	gappy90	0.9	5124	3996	1128	22.014
N5.HOG0042415	smart-gap	1.0	723	663	60	8.299
N5.HOG0042415	gappy90	0.9	723	495	228	31.535
N5.HOG0042485	smart-gap	0.9617	5244	4917	327	6.236
N5.HOG0042485	gappy90	0.9	5244	3435	1809	34.497
N5.HOG0042489	smart-gap	0.9914	5409	4746	663	12.257
N5.HOG0042489	gappy90	0.9	5409	3726	1683	31.115
N5.HOG0042491	smart-gap	0.9943	843	840	3	0.356
N5.HOG0042491	gappy90	0.9	843	660	183	21.708
N5.HOG0042527	smart-gap	1.0	2340	2181	159	6.795
N5.HOG0042527	gappy90	0.9	2340	1887	453	19.359
N5.HOG0042539	smart-gap	0.975	3273	2676	597	18.24
N5.HOG0042539	gappy90	0.9	3273	2493	780	23.831
N5.HOG0042584	smart-gap	0.3125	2661	2061	600	22.548
N5.HOG0042586	smart-gap	0.9945	1263	1149	114	9.026
N5.HOG0042586	gappy90	0.9	1263	864	399	31.591
N5.HOG0042587	smart-gap	0.9837	2004	1782	222	11.078
N5.HOG0042587	gappy90	0.9	2004	1554	450	22.455
N5.HOG0042660	smart-gap	0.9912	6921	5799	1122	16.212
N5.HOG0042660	gappy90	0.9	6921	5121	1800	26.008
N5.HOG0042689	smart-gap	0.9352	1284	1062	222	17.29
N5.HOG0042689	gappy90	0.9	1284	984	300	23.364
N5.HOG0042691	smart-gap	0.9371	2127	726	1401	65.867
N5.HOG0042691	gappy90	0.9	2127	555	1572	73.907
N5.HOG0042718	smart-gap	0.9783	1014	870	144	14.201
N5.HOG0042718	gappy90	0.9	1014	807	207	20.414
N5.HOG0042791	smart-gap	1.0	3330	3285	45	1.351
N5.HOG0042791	gappy90	0.9	3330	2832	498	14.955
N5.HOG0042792	smart-gap	0.9934	2277	2106	171	7.51
N5.HOG0042792	gappy90	0.9	2277	1839	438	19.236
N5.HOG0042801	smart-gap	0.9889	4038	3072	966	23.923
N5.HOG0042801	gappy90	0.9	4038	2283	1755	43.462
N5.HOG0042822	smart-gap	1.0	1419	1260	159	11.205
N5.HOG0042822	gappy90	0.9	1419	1041	378	26.638
N5.HOG0042863	smart-gap	0.8785	13062	6516	6546	50.115
N5.HOG0042892	smart-gap	0.828	3546	3261	285	8.037
N5.HOG0042919	smart-gap	0.9817	1380	1251	129	9.348
N5.HOG0042919	gappy90	0.9	1380	1209	171	12.391
N5.HOG0042922	smart-gap	0.9918	1791	1689	102	5.695
N5.HOG0042922	gappy90	0.9	1791	1602	189	10.553
N5.HOG0042940	smart-gap	0.9691	921	753	168	18.241
N5.HOG0042940	gappy90	0.9	921	729	192	20.847
N5.HOG0042953	smart-gap	0.9694	4584	3597	987	21.531
N5.HOG0042953	gappy90	0.9	4584	3336	1248	27.225
N5.HOG0043007	smart-gap	0.9861	1602	1536	66	4.12
N5.HOG0043007	gappy90	0.9	1602	1428	174	10.861
N5.HOG0043020	smart-gap	0.843	723	648	75	10.373
N5.HOG0043022	smart-gap	0.3169	1737	1491	246	14.162
N5.HOG0043101	smart-gap	0.9945	1992	1623	369	18.524
N5.HOG0043101	gappy90	0.9	1992	1287	705	35.392
N5.HOG0043118	smart-gap	0.5417	3327	2733	594	17.854
N5.HOG0043153	smart-gap	1.0	2082	2058	24	1.153
N5.HOG0043153	gappy90	0.9	2082	1920	162	7.781
N5.HOG0043156	smart-gap	0.9804	1842	1791	51	2.769
N5.HOG0043156	gappy90	0.9	1842	1719	123	6.678
N5.HOG0043163	smart-gap	1.0	2253	2166	87	3.862
N5.HOG0043163	gappy90	0.9	2253	1821	432	19.174
N5.HOG0043172	smart-gap	1.0	4056	3792	264	6.509
N5.HOG0043172	gappy90	0.9	4056	2424	1632	40.237
N5.HOG0043175	smart-gap	0.9727	1536	1491	45	2.93
N5.HOG0043175	gappy90	0.9	1536	1404	132	8.594
N5.HOG0043273	smart-gap	1.0	408	405	3	0.735
N5.HOG0043273	gappy90	0.9	408	387	21	5.147
N5.HOG0043274	smart-gap	0.3056	1449	1209	240	16.563
N5.HOG0043353	smart-gap	0.1032	966	936	30	3.106
N5.HOG0043377	smart-gap	0.45	999	870	129	12.913
N5.HOG0043408	smart-gap	1.0	678	639	39	5.752
N5.HOG0043408	gappy90	0.9	678	615	63	9.292
N5.HOG0043513	smart-gap	0.9941	2265	2211	54	2.384
N5.HOG0043513	gappy90	0.9	2265	2133	132	5.828
N5.HOG0043542	smart-gap	0.9938	2268	2091	177	7.804
N5.HOG0043542	gappy90	0.9	2268	1674	594	26.19
N5.HOG0043645	smart-gap	0.991	6534	6231	303	4.637
N5.HOG0043645	gappy90	0.9	6534	6090	444	6.795
N5.HOG0043648	smart-gap	1	453	453	0	0.0
N5.HOG0043648	gappy90	0.9	453	453	0	0.0
N5.HOG0043649	smart-gap	0.79	453	444	9	1.987
N5.HOG0043730	smart-gap	0.5364	2985	2658	327	10.955
N5.HOG0043744	smart-gap	0.9944	1044	990	54	5.172
N5.HOG0043744	gappy90	0.9	1044	768	276	26.437
N5.HOG0043746	smart-gap	1	363	363	0	0.0
N5.HOG0043746	gappy90	0.9	363	363	0	0.0
N5.HOG0043747	smart-gap	0.9929	4335	3339	996	22.976
N5.HOG0043747	gappy90	0.9	4335	2862	1473	33.979
N5.HOG0043756	smart-gap	1.0	3051	2559	492	16.126
N5.HOG0043756	gappy90	0.9	3051	1275	1776	58.21
N5.HOG0043801	smart-gap	1.0	1935	1794	141	7.287
N5.HOG0043801	gappy90	0.9	1935	1575	360	18.605
N5.HOG0043841	smart-gap	0.9755	4809	3006	1803	37.492
N5.HOG0043841	gappy90	0.9	4809	2469	2340	48.659
N5.HOG0043875	smart-gap	0.9943	1497	1452	45	3.006
N5.HOG0043875	gappy90	0.9	1497	1287	210	14.028
N5.HOG0043955	smart-gap	0.3295	2118	1995	123	5.807
N5.HOG0043966	smart-gap	0.9945	801	636	165	20.599
N5.HOG0043966	gappy90	0.9	801	498	303	37.828
N5.HOG0043967	smart-gap	0.9828	1833	1674	159	8.674
N5.HOG0043967	gappy90	0.9	1833	1527	306	16.694
N5.HOG0043968	smart-gap	0.9886	2610	1833	777	29.77
N5.HOG0043968	gappy90	0.9	2610	1602	1008	38.621
N5.HOG0044023	smart-gap	0.9722	498	384	114	22.892
N5.HOG0044023	gappy90	0.9	498	384	114	22.892
N5.HOG0044030	smart-gap	0.9339	2745	2469	276	10.055
N5.HOG0044030	gappy90	0.9	2745	2448	297	10.82
N5.HOG0044104	smart-gap	0.9943	4086	3786	300	7.342
N5.HOG0044104	gappy90	0.9	4086	2832	1254	30.69
N5.HOG0044105	smart-gap	0.9886	1458	1350	108	7.407
N5.HOG0044105	gappy90	0.9	1458	1263	195	13.374
N5.HOG0044112	smart-gap	1.0	7161	6708	453	6.326
N5.HOG0044112	gappy90	0.9	7161	2688	4473	62.463
N5.HOG0044150	smart-gap	0.971	2679	2259	420	15.677
N5.HOG0044150	gappy90	0.9	2679	2178	501	18.701
N5.HOG0044216	smart-gap	0.9894	594	582	12	2.02
N5.HOG0044216	gappy90	0.9	594	441	153	25.758
N5.HOG0044226	smart-gap	0.9919	1377	897	480	34.858
N5.HOG0044226	gappy90	0.9	1377	645	732	53.159
N5.HOG0044266	smart-gap	1.0	3012	2934	78	2.59
N5.HOG0044266	gappy90	0.9	3012	2661	351	11.653
N5.HOG0044303	smart-gap	1.0	5607	4464	1143	20.385
N5.HOG0044303	gappy90	0.9	5607	3540	2067	36.865
N5.HOG0044310	smart-gap	0.9911	2211	1800	411	18.589
N5.HOG0044310	gappy90	0.9	2211	1536	675	30.529
N5.HOG0044323	smart-gap	0.9907	1194	1116	78	6.533
N5.HOG0044323	gappy90	0.9	1194	804	390	32.663
N5.HOG0044325	smart-gap	0.9944	2490	2274	216	8.675
N5.HOG0044325	gappy90	0.9	2490	1473	1017	40.843
N5.HOG0044336	smart-gap	0.9945	1914	1053	861	44.984
N5.HOG0044336	gappy90	0.9	1914	810	1104	57.68
N5.HOG0044339	smart-gap	0.9935	11331	7650	3681	32.486
N5.HOG0044339	gappy90	0.9	11331	4713	6618	58.406
N5.HOG0044350	smart-gap	0.9835	2625	1917	708	26.971
N5.HOG0044350	gappy90	0.9	2625	1389	1236	47.086
N5.HOG0044354	smart-gap	0.9048	1335	1110	225	16.854
N5.HOG0044354	gappy90	0.9	1335	1110	225	16.854
N5.HOG0044361	smart-gap	1.0	1851	1716	135	7.293
N5.HOG0044361	gappy90	0.9	1851	1401	450	24.311
N5.HOG0044395	smart-gap	0.1953	1644	1491	153	9.307
N5.HOG0044423	smart-gap	0.8544	744	714	30	4.032
N5.HOG0044434	smart-gap	0.9636	1728	1593	135	7.812
N5.HOG0044434	gappy90	0.9	1728	1422	306	17.708
N5.HOG0044445	smart-gap	1.0	2034	1428	606	29.794
N5.HOG0044445	gappy90	0.9	2034	837	1197	58.85
N5.HOG0044522	smart-gap	0.9931	7689	6663	1026	13.344
N5.HOG0044522	gappy90	0.9	7689	3213	4476	58.213
N5.HOG0044523	smart-gap	0.9876	1872	1476	396	21.154
N5.HOG0044523	gappy90	0.9	1872	1302	570	30.449
N5.HOG0044549	smart-gap	1.0	1824	1743	81	4.441
N5.HOG0044549	gappy90	0.9	1824	1503	321	17.599
N5.HOG0044576	smart-gap	0.9387	684	648	36	5.263
N5.HOG0044576	gappy90	0.9	684	627	57	8.333
N5.HOG0044594	smart-gap	0.9945	660	615	45	6.818
N5.HOG0044594	gappy90	0.9	660	381	279	42.273
N5.HOG0044603	smart-gap	0.9934	1881	1593	288	15.311
N5.HOG0044603	gappy90	0.9	1881	1248	633	33.652
N5.HOG0044620	smart-gap	1.0	9417	7758	1659	17.617
N5.HOG0044620	gappy90	0.9	9417	4134	5283	56.101
N5.HOG0044635	smart-gap	0.3187	2070	1890	180	8.696
N5.HOG0044638	smart-gap	1.0	678	675	3	0.442
N5.HOG0044638	gappy90	0.9	678	642	36	5.31
N5.HOG0044639	smart-gap	0.9884	1089	975	114	10.468
N5.HOG0044639	gappy90	0.9	1089	930	159	14.601
N5.HOG0044640	smart-gap	0.9943	1275	1245	30	2.353
N5.HOG0044640	gappy90	0.9	1275	1131	144	11.294
N5.HOG0044645	smart-gap	0.9917	5646	5373	273	4.835
N5.HOG0044645	gappy90	0.9	5646	4872	774	13.709
N5.HOG0044684	smart-gap	0.9804	4539	3705	834	18.374
N5.HOG0044684	gappy90	0.9	4539	3327	1212	26.702
N5.HOG0044706	smart-gap	0.9888	1494	1173	321	21.486
N5.HOG0044706	gappy90	0.9	1494	867	627	41.968
N5.HOG0044717	smart-gap	1.0	3873	3603	270	6.971
N5.HOG0044717	gappy90	0.9	3873	2616	1257	32.455
N5.HOG0044755	smart-gap	1.0	7920	7422	498	6.288
N5.HOG0044755	gappy90	0.9	7920	7146	774	9.773
N5.HOG0044921	smart-gap	0.9864	1074	1026	48	4.469
N5.HOG0044921	gappy90	0.9	1074	966	108	10.056
N5.HOG0044924	smart-gap	0.9933	2529	2376	153	6.05
N5.HOG0044924	gappy90	0.9	2529	2172	357	14.116
N5.HOG0044946	smart-gap	0.9932	3723	2985	738	19.823
N5.HOG0044946	gappy90	0.9	3723	2082	1641	44.077
N5.HOG0044950	smart-gap	1.0	9516	8472	1044	10.971
N5.HOG0044950	gappy90	0.9	9516	6588	2928	30.769
N5.HOG0044954	smart-gap	1.0	2637	2571	66	2.503
N5.HOG0044954	gappy90	0.9	2637	2163	474	17.975
N5.HOG0044957	smart-gap	0.3791	1536	1131	405	26.367
N5.HOG0044961	smart-gap	1.0	6555	6033	522	7.963
N5.HOG0044961	gappy90	0.9	6555	2742	3813	58.169
N5.HOG0044966	smart-gap	0.918	828	813	15	1.812
N5.HOG0044966	gappy90	0.9	828	774	54	6.522
N5.HOG0045002	smart-gap	0.9884	1479	1398	81	5.477
N5.HOG0045002	gappy90	0.9	1479	1323	156	10.548
N5.HOG0045142	smart-gap	0.3818	2025	1782	243	12.0
N5.HOG0045170	smart-gap	0.2174	2370	2322	48	2.025
N5.HOG0045177	smart-gap	0.9912	1155	1110	45	3.896
N5.HOG0045177	gappy90	0.9	1155	1026	129	11.169
N5.HOG0045197	smart-gap	0.9828	1935	1623	312	16.124
N5.HOG0045197	gappy90	0.9	1935	1179	756	39.07
N5.HOG0045202	smart-gap	0.9924	2019	1884	135	6.686
N5.HOG0045202	gappy90	0.9	2019	1779	240	11.887
N5.HOG0045216	smart-gap	1.0	987	981	6	0.608
N5.HOG0045216	gappy90	0.9	987	927	60	6.079
N5.HOG0045251	smart-gap	0.991	3117	2991	126	4.042
N5.HOG0045251	gappy90	0.9	3117	2868	249	7.988
N5.HOG0045291	smart-gap	1.0	1740	1683	57	3.276
N5.HOG0045291	gappy90	0.9	1740	1584	156	8.966
N5.HOG0045308	smart-gap	1.0	1410	1404	6	0.426
N5.HOG0045308	gappy90	0.9	1410	993	417	29.574
N5.HOG0045323	smart-gap	0.5234	6453	5931	522	8.089
N5.HOG0045324	smart-gap	0.9796	1923	1404	519	26.989
N5.HOG0045324	gappy90	0.9	1923	1323	600	31.201
N5.HOG0045350	smart-gap	0.9888	1740	1641	99	5.69
N5.HOG0045350	gappy90	0.9	1740	1530	210	12.069
N5.HOG0045378	smart-gap	0.9828	1836	1347	489	26.634
N5.HOG0045378	gappy90	0.9	1836	1251	585	31.863
N5.HOG0045379	smart-gap	0.9943	2481	2259	222	8.948
N5.HOG0045379	gappy90	0.9	2481	1833	648	26.119
N5.HOG0045385	smart-gap	0.1691	930	774	156	16.774
N5.HOG0045407	smart-gap	1.0	996	963	33	3.313
N5.HOG0045407	gappy90	0.9	996	870	126	12.651
N5.HOG0045452	smart-gap	1.0	576	573	3	0.521
N5.HOG0045452	gappy90	0.9	576	462	114	19.792
N5.HOG0045460	smart-gap	0.9942	1797	1656	141	7.846
N5.HOG0045460	gappy90	0.9	1797	1188	609	33.89
N5.HOG0045479	smart-gap	1.0	2796	2703	93	3.326
N5.HOG0045479	gappy90	0.9	2796	2433	363	12.983
N5.HOG0045483	smart-gap	0.993	1602	1584	18	1.124
N5.HOG0045483	gappy90	0.9	1602	1533	69	4.307
N5.HOG0045485	smart-gap	0.9922	879	669	210	23.891
N5.HOG0045485	gappy90	0.9	879	552	327	37.201
N5.HOG0045486	smart-gap	0.9905	930	837	93	10.0
N5.HOG0045486	gappy90	0.9	930	711	219	23.548
N5.HOG0045491	smart-gap	0.9902	1692	1644	48	2.837
N5.HOG0045491	gappy90	0.9	1692	1584	108	6.383
N5.HOG0045582	smart-gap	1.0	1665	1542	123	7.387
N5.HOG0045582	gappy90	0.9	1665	1500	165	9.91
N5.HOG0045598	smart-gap	0.9884	969	882	87	8.978
N5.HOG0045598	gappy90	0.9	969	768	201	20.743
N5.HOG0045622	smart-gap	1.0	1893	1791	102	5.388
N5.HOG0045622	gappy90	0.9	1893	1626	267	14.105
N5.HOG0045623	smart-gap	0.994	6636	5544	1092	16.456
N5.HOG0045623	gappy90	0.9	6636	4482	2154	32.459
N5.HOG0045696	smart-gap	0.9817	3864	3303	561	14.519
N5.HOG0045696	gappy90	0.9	3864	2679	1185	30.668
N5.HOG0045699	smart-gap	0.9883	1800	1767	33	1.833
N5.HOG0045699	gappy90	0.9	1800	1710	90	5.0
N5.HOG0045716	smart-gap	0.9924	1239	1224	15	1.211
N5.HOG0045716	gappy90	0.9	1239	1191	48	3.874
N5.HOG0045802	smart-gap	1.0	2565	1614	951	37.076
N5.HOG0045802	gappy90	0.9	2565	1314	1251	48.772
N5.HOG0045812	smart-gap	0.6162	3222	2745	477	14.804
N5.HOG0045838	smart-gap	0.9907	1518	1248	270	17.787
N5.HOG0045838	gappy90	0.9	1518	1059	459	30.237
N5.HOG0045856	smart-gap	1.0	681	654	27	3.965
N5.HOG0045856	gappy90	0.9	681	510	171	25.11
N5.HOG0045876	smart-gap	1.0	882	864	18	2.041
N5.HOG0045876	gappy90	0.9	882	609	273	30.952
N5.HOG0045895	smart-gap	0.8641	2757	2508	249	9.032
N5.HOG0045918	smart-gap	0.9943	1293	1161	132	10.209
N5.HOG0045918	gappy90	0.9	1293	942	351	27.146
N5.HOG0045921	smart-gap	0.9821	4149	2358	1791	43.167
N5.HOG0045921	gappy90	0.9	4149	1356	2793	67.317
N5.HOG0045924	smart-gap	0.9878	1569	1383	186	11.855
N5.HOG0045924	gappy90	0.9	1569	1245	324	20.65
N5.HOG0045945	smart-gap	1.0	1758	1719	39	2.218
N5.HOG0045945	gappy90	0.9	1758	1425	333	18.942
N5.HOG0045960	smart-gap	0.994	3252	3132	120	3.69
N5.HOG0045960	gappy90	0.9	3252	2808	444	13.653
N5.HOG0045962	smart-gap	0.9933	4254	3372	882	20.733
N5.HOG0045962	gappy90	0.9	4254	2775	1479	34.767
N5.HOG0045990	smart-gap	0.6863	5532	5343	189	3.416
N5.HOG0045995	smart-gap	0.9925	4833	4578	255	5.276
N5.HOG0045995	gappy90	0.9	4833	4176	657	13.594
N5.HOG0046050	smart-gap	1.0	2967	2547	420	14.156
N5.HOG0046050	gappy90	0.9	2967	2346	621	20.93
N5.HOG0046082	smart-gap	1.0	882	879	3	0.34
N5.HOG0046082	gappy90	0.9	882	846	36	4.082
N5.HOG0046103	smart-gap	0.9938	1656	1557	99	5.978
N5.HOG0046103	gappy90	0.9	1656	1359	297	17.935
N5.HOG0046136	smart-gap	1.0	3873	3846	27	0.697
N5.HOG0046136	gappy90	0.9	3873	3486	387	9.992
N5.HOG0046137	smart-gap	0.9822	4431	3132	1299	29.316
N5.HOG0046137	gappy90	0.9	4431	2613	1818	41.029
N5.HOG0046144	smart-gap	0.9357	1347	978	369	27.394
N5.HOG0046144	gappy90	0.9	1347	939	408	30.29
N5.HOG0046173	smart-gap	0.9942	534	519	15	2.809
N5.HOG0046173	gappy90	0.9	534	495	39	7.303
N5.HOG0046175	smart-gap	1.0	2220	2196	24	1.081
N5.HOG0046175	gappy90	0.9	2220	2103	117	5.27
N5.HOG0046224	smart-gap	0.9381	2445	2079	366	14.969
N5.HOG0046224	gappy90	0.9	2445	1920	525	21.472
N5.HOG0046245	smart-gap	0.9391	744	702	42	5.645
N5.HOG0046245	gappy90	0.9	744	633	111	14.919
N5.HOG0046247	smart-gap	0.9942	750	579	171	22.8
N5.HOG0046247	gappy90	0.9	750	468	282	37.6
N5.HOG0046250	smart-gap	0.9847	6771	6048	723	10.678
N5.HOG0046250	gappy90	0.9	6771	5607	1164	17.191
N5.HOG0046252	smart-gap	0.9935	2481	2289	192	7.739
N5.HOG0046252	gappy90	0.9	2481	1770	711	28.658
N5.HOG0046265	smart-gap	0.9938	4281	3909	372	8.69
N5.HOG0046265	gappy90	0.9	4281	3510	771	18.01
N5.HOG0046293	smart-gap	1.0	2634	2547	87	3.303
N5.HOG0046293	gappy90	0.9	2634	2208	426	16.173
N5.HOG0046305	smart-gap	1.0	1110	1095	15	1.351
N5.HOG0046305	gappy90	0.9	1110	825	285	25.676
N5.HOG0046377	smart-gap	1.0	4623	4305	318	6.879
N5.HOG0046377	gappy90	0.9	4623	3768	855	18.494
N5.HOG0046378	smart-gap	0.9921	1272	1023	249	19.575
N5.HOG0046378	gappy90	0.9	1272	720	552	43.396
N5.HOG0046381	smart-gap	0.994	2220	1977	243	10.946
N5.HOG0046381	gappy90	0.9	2220	1728	492	22.162
N5.HOG0046390	smart-gap	0.413	1683	1413	270	16.043
N5.HOG0046401	smart-gap	0.9928	18186	14028	4158	22.864
N5.HOG0046401	gappy90	0.9	18186	8271	9915	54.52
N5.HOG0046429	smart-gap	0.9941	4782	3456	1326	27.729
N5.HOG0046429	gappy90	0.9	4782	1890	2892	60.477
N5.HOG0046465	smart-gap	1.0	2361	1791	570	24.142
N5.HOG0046465	gappy90	0.9	2361	1347	1014	42.948
N5.HOG0046539	smart-gap	0.9931	1359	1185	174	12.804
N5.HOG0046539	gappy90	0.9	1359	942	417	30.684
N5.HOG0046563	smart-gap	1.0	2226	2118	108	4.852
N5.HOG0046563	gappy90	0.9	2226	1920	306	13.747
N5.HOG0046568	smart-gap	0.9938	4404	4257	147	3.338
N5.HOG0046568	gappy90	0.9	4404	3981	423	9.605
N5.HOG0046571	smart-gap	1.0	1587	1461	126	7.94
N5.HOG0046571	gappy90	0.9	1587	1371	216	13.611
N5.HOG0046610	smart-gap	0.9909	2031	2004	27	1.329
N5.HOG0046610	gappy90	0.9	2031	1878	153	7.533
N5.HOG0046621	smart-gap	0.8372	819	813	6	0.733
N5.HOG0046623	smart-gap	0.9314	561	453	108	19.251
N5.HOG0046623	gappy90	0.9	561	420	141	25.134
N5.HOG0046641	smart-gap	0.9917	4935	4308	627	12.705
N5.HOG0046641	gappy90	0.9	4935	3507	1428	28.936
N5.HOG0046680	smart-gap	0.993	1515	1449	66	4.356
N5.HOG0046680	gappy90	0.9	1515	1314	201	13.267
N5.HOG0046771	smart-gap	0.4088	588	543	45	7.653
N5.HOG0046775	smart-gap	0.988	1965	1593	372	18.931
N5.HOG0046775	gappy90	0.9	1965	798	1167	59.389
N5.HOG0046788	smart-gap	1.0	1794	1599	195	10.87
N5.HOG0046788	gappy90	0.9	1794	1116	678	37.793
N5.HOG0046830	smart-gap	0.35	3678	3195	483	13.132
N5.HOG0046839	smart-gap	0.9882	10338	7146	3192	30.876
N5.HOG0046839	gappy90	0.9	10338	4485	5853	56.616
N5.HOG0046868	smart-gap	0.989	1155	960	195	16.883
N5.HOG0046868	gappy90	0.9	1155	846	309	26.753
N5.HOG0046871	smart-gap	0.9941	1038	1020	18	1.734
N5.HOG0046871	gappy90	0.9	1038	1008	30	2.89
N5.HOG0046872	smart-gap	0.7186	537	480	57	10.615
N5.HOG0046894	smart-gap	0.9535	468	441	27	5.769
N5.HOG0046894	gappy90	0.9	468	354	114	24.359
N5.HOG0046897	smart-gap	0.3429	2424	1680	744	30.693
N5.HOG0046925	smart-gap	0.9935	13692	10515	3177	23.203
N5.HOG0046925	gappy90	0.9	13692	5889	7803	56.989
N5.HOG0046935	smart-gap	0.9844	1497	1176	321	21.443
N5.HOG0046935	gappy90	0.9	1497	921	576	38.477
N5.HOG0046964	smart-gap	1.0	855	849	6	0.702
N5.HOG0046964	gappy90	0.9	855	648	207	24.211
N5.HOG0046985	smart-gap	0.2143	690	585	105	15.217
N5.HOG0047033	smart-gap	0.9825	1833	1023	810	44.19
N5.HOG0047033	gappy90	0.9	1833	882	951	51.882
N5.HOG0047052	smart-gap	0.5549	1944	1674	270	13.889
N5.HOG0047107	smart-gap	0.9941	2244	1713	531	23.663
N5.HOG0047107	gappy90	0.9	2244	1089	1155	51.471
N5.HOG0047142	smart-gap	0.9936	6648	5235	1413	21.255
N5.HOG0047142	gappy90	0.9	6648	3126	3522	52.978
N5.HOG0047145	smart-gap	0.9867	1404	1374	30	2.137
N5.HOG0047145	gappy90	0.9	1404	1341	63	4.487
N5.HOG0047146	smart-gap	0.9208	1734	1563	171	9.862
N5.HOG0047146	gappy90	0.9	1734	1530	204	11.765
N5.HOG0047150	smart-gap	0.9935	7011	5988	1023	14.591
N5.HOG0047150	gappy90	0.9	7011	5343	1668	23.791
N5.HOG0047152	smart-gap	0.9878	792	762	30	3.788
N5.HOG0047152	gappy90	0.9	792	702	90	11.364
N5.HOG0047157	smart-gap	0.9923	4062	3471	591	14.549
N5.HOG0047157	gappy90	0.9	4062	3051	1011	24.889
N5.HOG0047183	smart-gap	0.9826	10683	8928	1755	16.428
N5.HOG0047183	gappy90	0.9	10683	7452	3231	30.244
N5.HOG0047199	smart-gap	0.9867	918	666	252	27.451
N5.HOG0047199	gappy90	0.9	918	558	360	39.216
N5.HOG0047200	smart-gap	0.9937	2037	1848	189	9.278
N5.HOG0047200	gappy90	0.9	2037	1371	666	32.695
N5.HOG0047206	smart-gap	0.8654	588	432	156	26.531
N5.HOG0047291	smart-gap	0.9939	1335	1047	288	21.573
N5.HOG0047291	gappy90	0.9	1335	402	933	69.888
N5.HOG0047292	smart-gap	0.9277	8250	4251	3999	48.473
N5.HOG0047292	gappy90	0.9	8250	3678	4572	55.418
N5.HOG0047326	smart-gap	1.0	2487	2364	123	4.946
N5.HOG0047326	gappy90	0.9	2487	2097	390	15.682
N5.HOG0047329	smart-gap	0.4914	1584	1332	252	15.909
N5.HOG0047340	smart-gap	0.976	858	672	186	21.678
N5.HOG0047340	gappy90	0.9	858	498	360	41.958
N5.HOG0047352	smart-gap	1.0	2157	1956	201	9.318
N5.HOG0047352	gappy90	0.9	2157	1374	783	36.3
N5.HOG0047356	smart-gap	0.9329	807	564	243	30.112
N5.HOG0047356	gappy90	0.9	807	486	321	39.777
N5.HOG0047402	smart-gap	0.5618	2625	2121	504	19.2
N5.HOG0047407	smart-gap	1.0	1428	1416	12	0.84
N5.HOG0047407	gappy90	0.9	1428	1341	87	6.092
N5.HOG0047415	smart-gap	0.9932	1968	1584	384	19.512
N5.HOG0047415	gappy90	0.9	1968	1437	531	26.982
N5.HOG0047418	smart-gap	1.0	1125	1047	78	6.933
N5.HOG0047418	gappy90	0.9	1125	855	270	24.0
N5.HOG0047447	smart-gap	1.0	1311	1098	213	16.247
N5.HOG0047447	gappy90	0.9	1311	1026	285	21.739
N5.HOG0047487	smart-gap	0.9878	561	477	84	14.973
N5.HOG0047487	gappy90	0.9	561	438	123	21.925
N5.HOG0047500	smart-gap	0.4539	1029	795	234	22.741
N5.HOG0047525	smart-gap	1.0	1545	1317	228	14.757
N5.HOG0047525	gappy90	0.9	1545	1212	333	21.553
N5.HOG0047568	smart-gap	0.9907	1044	933	111	10.632
N5.HOG0047568	gappy90	0.9	1044	819	225	21.552
N5.HOG0047576	smart-gap	0.9816	1113	1038	75	6.739
N5.HOG0047576	gappy90	0.9	1113	960	153	13.747
N5.HOG0047579	smart-gap	0.9793	3549	3411	138	3.888
N5.HOG0047579	gappy90	0.9	3549	3243	306	8.622
N5.HOG0047590	smart-gap	1.0	15468	13989	1479	9.562
N5.HOG0047590	gappy90	0.9	15468	8466	7002	45.268
N5.HOG0047617	smart-gap	0.9938	1938	1626	312	16.099
N5.HOG0047617	gappy90	0.9	1938	1131	807	41.641
N5.HOG0047628	smart-gap	1.0	2754	2436	318	11.547
N5.HOG0047628	gappy90	0.9	2754	999	1755	63.725
N5.HOG0047632	smart-gap	1.0	7206	6216	990	13.739
N5.HOG0047632	gappy90	0.9	7206	3576	3630	50.375
N5.HOG0047662	smart-gap	0.5469	2643	2334	309	11.691
N5.HOG0047663	smart-gap	0.9817	3024	2172	852	28.175
N5.HOG0047663	gappy90	0.9	3024	1404	1620	53.571
N5.HOG0047664	smart-gap	1.0	4137	3648	489	11.82
N5.HOG0047664	gappy90	0.9	4137	1707	2430	58.738
N5.HOG0047681	smart-gap	0.9937	2559	2406	153	5.979
N5.HOG0047681	gappy90	0.9	2559	2217	342	13.365
N5.HOG0047683	smart-gap	0.9872	1854	1719	135	7.282
N5.HOG0047683	gappy90	0.9	1854	1587	267	14.401
N5.HOG0047758	smart-gap	0.3788	1245	1077	168	13.494
N5.HOG0047797	smart-gap	1.0	960	789	171	17.812
N5.HOG0047797	gappy90	0.9	960	666	294	30.625
N5.HOG0047829	smart-gap	0.9778	897	687	210	23.411
N5.HOG0047829	gappy90	0.9	897	627	270	30.1
N5.HOG0047837	smart-gap	0.3407	2124	2019	105	4.944
N5.HOG0047839	smart-gap	0.2699	1461	1362	99	6.776
N5.HOG0047848	smart-gap	0.9606	744	708	36	4.839
N5.HOG0047848	gappy90	0.9	744	660	84	11.29
N5.HOG0047855	smart-gap	0.9048	2952	2793	159	5.386
N5.HOG0047855	gappy90	0.9	2952	2793	159	5.386
N5.HOG0047895	smart-gap	0.9925	3120	2622	498	15.962
N5.HOG0047895	gappy90	0.9	3120	1992	1128	36.154
N5.HOG0047928	smart-gap	1.0	981	972	9	0.917
N5.HOG0047928	gappy90	0.9	981	972	9	0.917
N5.HOG0047935	smart-gap	0.9759	570	435	135	23.684
N5.HOG0047935	gappy90	0.9	570	435	135	23.684
N5.HOG0047946	smart-gap	1.0	726	711	15	2.066
N5.HOG0047946	gappy90	0.9	726	648	78	10.744
N5.HOG0047947	smart-gap	0.9937	1767	1674	93	5.263
N5.HOG0047947	gappy90	0.9	1767	1566	201	11.375
N5.HOG0048044	smart-gap	0.2158	2742	2595	147	5.361
N5.HOG0048063	smart-gap	0.115	651	603	48	7.373
N5.HOG0048096	smart-gap	0.9832	10644	6939	3705	34.808
N5.HOG0048096	gappy90	0.9	10644	4167	6477	60.851
N5.HOG0048112	smart-gap	0.9921	2769	2541	228	8.234
N5.HOG0048112	gappy90	0.9	2769	2229	540	19.502
N5.HOG0048186	smart-gap	1.0	1428	1425	3	0.21
N5.HOG0048186	gappy90	0.9	1428	1410	18	1.261
N5.HOG0048189	smart-gap	1.0	4398	3777	621	14.12
N5.HOG0048189	gappy90	0.9	4398	2187	2211	50.273
N5.HOG0048201	smart-gap	1.0	2436	2397	39	1.601
N5.HOG0048201	gappy90	0.9	2436	2178	258	10.591
N5.HOG0048225	smart-gap	1.0	2553	2376	177	6.933
N5.HOG0048225	gappy90	0.9	2553	1872	681	26.675
N5.HOG0048271	smart-gap	1.0	1398	1377	21	1.502
N5.HOG0048271	gappy90	0.9	1398	1239	159	11.373
N5.HOG0048274	smart-gap	0.9907	1071	1023	48	4.482
N5.HOG0048274	gappy90	0.9	1071	960	111	10.364
N5.HOG0048306	smart-gap	1.0	1296	1245	51	3.935
N5.HOG0048306	gappy90	0.9	1296	1095	201	15.509
N5.HOG0048321	smart-gap	0.9937	3771	3111	660	17.502
N5.HOG0048321	gappy90	0.9	3771	2406	1365	36.197
N5.HOG0048336	smart-gap	1.0	1611	1569	42	2.607
N5.HOG0048336	gappy90	0.9	1611	1533	78	4.842
N5.HOG0048337	smart-gap	0.9938	3579	2658	921	25.733
N5.HOG0048337	gappy90	0.9	3579	1815	1764	49.288
N5.HOG0048349	smart-gap	0.2517	1440	1317	123	8.542
N5.HOG0048399	smart-gap	0.9939	687	684	3	0.437
N5.HOG0048399	gappy90	0.9	687	621	66	9.607
N5.HOG0048400	smart-gap	0.9938	3000	2355	645	21.5
N5.HOG0048400	gappy90	0.9	3000	1536	1464	48.8
N5.HOG0048435	smart-gap	0.9815	1866	1680	186	9.968
N5.HOG0048435	gappy90	0.9	1866	1605	261	13.987
N5.HOG0048453	smart-gap	1.0	2475	2469	6	0.242
N5.HOG0048453	gappy90	0.9	2475	2127	348	14.061
N5.HOG0048454	smart-gap	0.4351	1407	1314	93	6.61
N5.HOG0048462	smart-gap	0.5818	5280	3429	1851	35.057
N5.HOG0048466	smart-gap	0.9932	2229	2094	135	6.057
N5.HOG0048466	gappy90	0.9	2229	1647	582	26.11
N5.HOG0048489	smart-gap	1.0	1965	1941	24	1.221
N5.HOG0048489	gappy90	0.9	1965	1827	138	7.023
N5.HOG0048496	smart-gap	0.2727	1053	1002	51	4.843
N5.HOG0048497	smart-gap	0.9317	2502	1986	516	20.624
N5.HOG0048497	gappy90	0.9	2502	1782	720	28.777
N5.HOG0048515	smart-gap	0.9608	732	603	129	17.623
N5.HOG0048515	gappy90	0.9	732	603	129	17.623
N5.HOG0048529	smart-gap	1.0	2325	2208	117	5.032
N5.HOG0048529	gappy90	0.9	2325	1920	405	17.419
N5.HOG0048531	smart-gap	0.9937	1521	1356	165	10.848
N5.HOG0048531	gappy90	0.9	1521	1188	333	21.893
N5.HOG0048540	smart-gap	0.5575	3336	3243	93	2.788
N5.HOG0048551	smart-gap	0.9859	1683	1473	210	12.478
N5.HOG0048551	gappy90	0.9	1683	1332	351	20.856
N5.HOG0048571	smart-gap	0.9342	5844	4260	1584	27.105
N5.HOG0048571	gappy90	0.9	5844	4032	1812	31.006
N5.HOG0048590	smart-gap	0.9935	2784	1554	1230	44.181
N5.HOG0048590	gappy90	0.9	2784	834	1950	70.043
N5.HOG0048599	smart-gap	0.4286	1710	1623	87	5.088
N5.HOG0048619	smart-gap	0.9876	1158	1125	33	2.85
N5.HOG0048619	gappy90	0.9	1158	1065	93	8.031
N5.HOG0048621	smart-gap	0.9924	1926	1761	165	8.567
N5.HOG0048621	gappy90	0.9	1926	1632	294	15.265
N5.HOG0048622	smart-gap	1.0	2535	2502	33	1.302
N5.HOG0048622	gappy90	0.9	2535	2319	216	8.521
N5.HOG0048626	smart-gap	0.614	1965	1869	96	4.885
N5.HOG0048666	smart-gap	0.9929	2373	1620	753	31.732
N5.HOG0048666	gappy90	0.9	2373	918	1455	61.315
N5.HOG0048721	smart-gap	1.0	7428	6612	816	10.985
N5.HOG0048721	gappy90	0.9	7428	4749	2679	36.066
N5.HOG0048724	smart-gap	0.9929	4518	4176	342	7.57
N5.HOG0048724	gappy90	0.9	4518	3909	609	13.479
N5.HOG0048737	smart-gap	1.0	1785	1770	15	0.84
N5.HOG0048737	gappy90	0.9	1785	1617	168	9.412
N5.HOG0048760	smart-gap	1.0	3648	3624	24	0.658
N5.HOG0048760	gappy90	0.9	3648	3477	171	4.688
N5.HOG0048764	smart-gap	0.9904	2499	2436	63	2.521
N5.HOG0048764	gappy90	0.9	2499	2031	468	18.727
N5.HOG0048833	smart-gap	0.9933	1326	1323	3	0.226
N5.HOG0048833	gappy90	0.9	1326	1248	78	5.882
N5.HOG0048857	smart-gap	0.9833	1209	1113	96	7.94
N5.HOG0048857	gappy90	0.9	1209	915	294	24.318
N5.HOG0048867	smart-gap	0.9685	2922	2547	375	12.834
N5.HOG0048867	gappy90	0.9	2922	2367	555	18.994
N5.HOG0048870	smart-gap	0.6015	834	771	63	7.554
N5.HOG0048881	smart-gap	0.3375	3990	3828	162	4.06
N5.HOG0048900	smart-gap	0.9905	966	894	72	7.453
N5.HOG0048900	gappy90	0.9	966	822	144	14.907
N5.HOG0048918	smart-gap	0.9926	1896	1824	72	3.797
N5.HOG0048918	gappy90	0.9	1896	1701	195	10.285
N5.HOG0048919	smart-gap	1.0	2328	1908	420	18.041
N5.HOG0048919	gappy90	0.9	2328	807	1521	65.335
N5.HOG0048939	smart-gap	0.9937	1572	1272	300	19.084
N5.HOG0048939	gappy90	0.9	1572	903	669	42.557
N5.HOG0048982	smart-gap	0.9795	1821	1599	222	12.191
N5.HOG0048982	gappy90	0.9	1821	1380	441	24.217
N5.HOG0048984	smart-gap	1.0	2376	2076	300	12.626
N5.HOG0048984	gappy90	0.9	2376	879	1497	63.005
N5.HOG0049006	smart-gap	0.9936	5028	3372	1656	32.936
N5.HOG0049006	gappy90	0.9	5028	1830	3198	63.604
N5.HOG0049044	smart-gap	0.7664	3291	2328	963	29.262
N5.HOG0049061	smart-gap	0.1143	1158	1146	12	1.036
N5.HOG0049066	smart-gap	1.0	1251	1218	33	2.638
N5.HOG0049066	gappy90	0.9	1251	1122	129	10.312
N5.HOG0049072	smart-gap	0.9877	1428	1221	207	14.496
N5.HOG0049072	gappy90	0.9	1428	990	438	30.672
N5.HOG0049119	smart-gap	1.0	2922	2421	501	17.146
N5.HOG0049119	gappy90	0.9	2922	1761	1161	39.733
N5.HOG0049127	smart-gap	0.2411	1845	1635	210	11.382
N5.HOG0049132	smart-gap	0.9474	2289	1983	306	13.368
N5.HOG0049132	gappy90	0.9	2289	1827	462	20.183
N5.HOG0049191	smart-gap	1.0	1689	1641	48	2.842
N5.HOG0049191	gappy90	0.9	1689	1512	177	10.48
N5.HOG0049214	smart-gap	0.9931	4323	3576	747	17.28
N5.HOG0049214	gappy90	0.9	4323	2136	2187	50.59
N5.HOG0049216	smart-gap	1.0	8541	7236	1305	15.279
N5.HOG0049216	gappy90	0.9	8541	3654	4887	57.218
N5.HOG0049220	smart-gap	1.0	1587	1380	207	13.043
N5.HOG0049220	gappy90	0.9	1587	1251	336	21.172
N5.HOG0049247	smart-gap	0.9848	6549	5109	1440	21.988
N5.HOG0049247	gappy90	0.9	6549	3915	2634	40.22
N5.HOG0049256	smart-gap	1.0	2508	2367	141	5.622
N5.HOG0049256	gappy90	0.9	2508	1548	960	38.278
N5.HOG0049261	smart-gap	0.9936	1218	1161	57	4.68
N5.HOG0049261	gappy90	0.9	1218	1053	165	13.547
N5.HOG0049268	smart-gap	0.9904	1290	1218	72	5.581
N5.HOG0049268	gappy90	0.9	1290	1179	111	8.605
N5.HOG0049269	smart-gap	0.9937	1758	1380	378	21.502
N5.HOG0049269	gappy90	0.9	1758	894	864	49.147
N5.HOG0049287	smart-gap	0.9936	1827	1278	549	30.049
N5.HOG0049287	gappy90	0.9	1827	987	840	45.977
N5.HOG0049325	smart-gap	0.3043	1662	1416	246	14.801
N5.HOG0049336	smart-gap	0.9873	1428	1317	111	7.773
N5.HOG0049336	gappy90	0.9	1428	1179	249	17.437
N5.HOG0049348	smart-gap	0.1439	1410	1296	114	8.085
N5.HOG0049391	smart-gap	0.9921	1980	1974	6	0.303
N5.HOG0049391	gappy90	0.9	1980	1893	87	4.394
N5.HOG0049395	smart-gap	0.9912	2910	2901	9	0.309
N5.HOG0049395	gappy90	0.9	2910	2865	45	1.546
N5.HOG0049403	smart-gap	0.9929	1119	1110	9	0.804
N5.HOG0049403	gappy90	0.9	1119	1020	99	8.847
N5.HOG0049457	smart-gap	0.9921	4272	3516	756	17.697
N5.HOG0049457	gappy90	0.9	4272	2574	1698	39.747
N5.HOG0049459	smart-gap	0.253	864	708	156	18.056
N5.HOG0049461	smart-gap	0.9732	5853	3570	2283	39.006
N5.HOG0049461	gappy90	0.9	5853	2277	3576	61.097
N5.HOG0049463	smart-gap	0.9816	4077	3426	651	15.968
N5.HOG0049463	gappy90	0.9	4077	2646	1431	35.099
N5.HOG0049464	smart-gap	1.0	4380	3456	924	21.096
N5.HOG0049464	gappy90	0.9	4380	1965	2415	55.137
N5.HOG0049528	smart-gap	0.9806	2193	2145	48	2.189
N5.HOG0049528	gappy90	0.9	2193	2115	78	3.557
N5.HOG0049530	smart-gap	0.9936	1689	1236	453	26.821
N5.HOG0049530	gappy90	0.9	1689	573	1116	66.075
N5.HOG0049531	smart-gap	1.0	8100	7107	993	12.259
N5.HOG0049531	gappy90	0.9	8100	4446	3654	45.111
N5.HOG0049543	smart-gap	0.5	3549	3282	267	7.523
N5.HOG0049549	smart-gap	0.9933	4566	3195	1371	30.026
N5.HOG0049549	gappy90	0.9	4566	1818	2748	60.184
N5.HOG0049551	smart-gap	0.9612	429	363	66	15.385
N5.HOG0049551	gappy90	0.9	429	318	111	25.874
N5.HOG0049555	smart-gap	0.1573	1725	1698	27	1.565
N5.HOG0049627	smart-gap	0.549	2814	2508	306	10.874
N5.HOG0049680	smart-gap	0.0985	3105	2817	288	9.275
N5.HOG0049689	smart-gap	0.9916	2481	2091	390	15.719
N5.HOG0049689	gappy90	0.9	2481	1518	963	38.815
N5.HOG0049735	smart-gap	0.94	9261	5175	4086	44.121
N5.HOG0049735	gappy90	0.9	9261	4107	5154	55.653
N5.HOG0049736	smart-gap	0.9937	1656	1479	177	10.688
N5.HOG0049736	gappy90	0.9	1656	1110	546	32.971
N5.HOG0049745	smart-gap	0.9871	570	525	45	7.895
N5.HOG0049745	gappy90	0.9	570	438	132	23.158
N5.HOG0049747	smart-gap	0.9795	1857	1611	246	13.247
N5.HOG0049747	gappy90	0.9	1857	1464	393	21.163
N5.HOG0049749	smart-gap	0.2645	1080	1005	75	6.944
N5.HOG0049750	smart-gap	1.0	1566	1539	27	1.724
N5.HOG0049750	gappy90	0.9	1566	1395	171	10.92
N5.HOG0049780	smart-gap	1.0	1182	1050	132	11.168
N5.HOG0049780	gappy90	0.9	1182	921	261	22.081
N5.HOG0049782	smart-gap	0.1982	1314	1146	168	12.785
N5.HOG0049819	smart-gap	1.0	5634	4641	993	17.625
N5.HOG0049819	gappy90	0.9	5634	1752	3882	68.903
N5.HOG0049830	smart-gap	1.0	3255	2652	603	18.525
N5.HOG0049830	gappy90	0.9	3255	1263	1992	61.198
N5.HOG0049835	smart-gap	0.9805	1377	1227	150	10.893
N5.HOG0049835	gappy90	0.9	1377	1116	261	18.954
N5.HOG0049836	smart-gap	0.8481	903	714	189	20.93
N5.HOG0049837	smart-gap	0.9859	2199	2085	114	5.184
N5.HOG0049837	gappy90	0.9	2199	1944	255	11.596
N5.HOG0049877	smart-gap	1.0	1047	1029	18	1.719
N5.HOG0049877	gappy90	0.9	1047	876	171	16.332
N5.HOG0049883	smart-gap	0.9917	2904	2733	171	5.888
N5.HOG0049883	gappy90	0.9	2904	2601	303	10.434
N5.HOG0049887	smart-gap	0.9932	2550	1863	687	26.941
N5.HOG0049887	gappy90	0.9	2550	1329	1221	47.882
N5.HOG0049889	smart-gap	1.0	1845	1830	15	0.813
N5.HOG0049889	gappy90	0.9	1845	1521	324	17.561
N5.HOG0049897	smart-gap	0.9938	1725	1431	294	17.043
N5.HOG0049897	gappy90	0.9	1725	984	741	42.957
N5.HOG0049906	smart-gap	0.99	582	543	39	6.701
N5.HOG0049906	gappy90	0.9	582	501	81	13.918
N5.HOG0049932	smart-gap	0.2065	777	726	51	6.564
N5.HOG0049936	smart-gap	1.0	1800	1383	417	23.167
N5.HOG0049936	gappy90	0.9	1800	834	966	53.667
N5.HOG0049938	smart-gap	1.0	6867	5931	936	13.63
N5.HOG0049938	gappy90	0.9	6867	2445	4422	64.395
N5.HOG0049961	smart-gap	0.8608	1086	1035	51	4.696
N5.HOG0049977	smart-gap	0.9839	669	606	63	9.417
N5.HOG0049977	gappy90	0.9	669	471	198	29.596
N5.HOG0050017	smart-gap	1.0	1701	1440	261	15.344
N5.HOG0050017	gappy90	0.9	1701	1194	507	29.806
N5.HOG0050021	smart-gap	1.0	2136	1944	192	8.989
N5.HOG0050021	gappy90	0.9	2136	1848	288	13.483
N5.HOG0050049	smart-gap	1.0	1284	1188	96	7.477
N5.HOG0050049	gappy90	0.9	1284	1092	192	14.953
N5.HOG0050057	smart-gap	0.9937	7377	5634	1743	23.627
N5.HOG0050057	gappy90	0.9	7377	2160	5217	70.72
N5.HOG0050077	smart-gap	0.9801	1974	1881	93	4.711
N5.HOG0050077	gappy90	0.9	1974	1671	303	15.35
N5.HOG0050079	smart-gap	1.0	1746	1626	120	6.873
N5.HOG0050079	gappy90	0.9	1746	1371	375	21.478
N5.HOG0050080	smart-gap	1.0	969	945	24	2.477
N5.HOG0050080	gappy90	0.9	969	753	216	22.291
N5.HOG0050081	smart-gap	0.9805	1758	1206	552	31.399
N5.HOG0050081	gappy90	0.9	1758	1002	756	43.003
N5.HOG0050090	smart-gap	0.1494	924	816	108	11.688
N5.HOG0050115	smart-gap	0.9932	981	909	72	7.339
N5.HOG0050115	gappy90	0.9	981	699	282	28.746
N5.HOG0050122	smart-gap	0.9817	2850	2739	111	3.895
N5.HOG0050122	gappy90	0.9	2850	2592	258	9.053
N5.HOG0050136	smart-gap	0.9771	3243	2475	768	23.682
N5.HOG0050136	gappy90	0.9	3243	2355	888	27.382
N5.HOG0050138	smart-gap	1.0	5694	4701	993	17.439
N5.HOG0050138	gappy90	0.9	5694	2670	3024	53.109
N5.HOG0050149	smart-gap	0.28	1746	1563	183	10.481
N5.HOG0050158	smart-gap	0.9866	705	702	3	0.426
N5.HOG0050158	gappy90	0.9	705	672	33	4.681
N5.HOG0050206	smart-gap	0.5644	4965	2895	2070	41.692
N5.HOG0050208	smart-gap	0.9934	1632	1332	300	18.382
N5.HOG0050208	gappy90	0.9	1632	933	699	42.831
N5.HOG0050233	smart-gap	1.0	1062	1044	18	1.695
N5.HOG0050233	gappy90	0.9	1062	912	150	14.124
N5.HOG0050249	smart-gap	1.0	2385	2370	15	0.629
N5.HOG0050249	gappy90	0.9	2385	2112	273	11.447
N5.HOG0050252	smart-gap	1.0	6303	5802	501	7.949
N5.HOG0050252	gappy90	0.9	6303	4422	1881	29.843
N5.HOG0050266	smart-gap	0.2874	2148	1329	819	38.128
N5.HOG0050270	smart-gap	0.9744	6834	4548	2286	33.45
N5.HOG0050270	gappy90	0.9	6834	3687	3147	46.049
N5.HOG0050287	smart-gap	1.0	1563	1506	57	3.647
N5.HOG0050287	gappy90	0.9	1563	1212	351	22.457
N5.HOG0050327	smart-gap	1.0	507	432	75	14.793
N5.HOG0050327	gappy90	0.9	507	354	153	30.178
N5.HOG0050331	smart-gap	0.3168	1599	1350	249	15.572
N5.HOG0050334	smart-gap	0.4057	2550	1989	561	22.0
N5.HOG0050338	smart-gap	0.9924	1665	1503	162	9.73
N5.HOG0050338	gappy90	0.9	1665	1395	270	16.216
N5.HOG0050374	smart-gap	0.4362	2382	2277	105	4.408
N5.HOG0050388	smart-gap	0.993	3003	2421	582	19.381
N5.HOG0050388	gappy90	0.9	3003	1863	1140	37.962
N5.HOG0050397	smart-gap	0.9867	2619	2211	408	15.578
N5.HOG0050397	gappy90	0.9	2619	1746	873	33.333
N5.HOG0050425	smart-gap	0.9934	5370	4143	1227	22.849
N5.HOG0050425	gappy90	0.9	5370	1377	3993	74.358
N5.HOG0050433	smart-gap	1.0	4221	3705	516	12.225
N5.HOG0050433	gappy90	0.9	4221	2868	1353	32.054
N5.HOG0050457	smart-gap	0.9912	3123	2607	516	16.523
N5.HOG0050457	gappy90	0.9	3123	2295	828	26.513
N5.HOG0050479	smart-gap	0.4118	2958	2649	309	10.446
N5.HOG0050507	smart-gap	0.992	2712	2553	159	5.863
N5.HOG0050507	gappy90	0.9	2712	2469	243	8.96
N5.HOG0050514	smart-gap	1.0	2601	2424	177	6.805
N5.HOG0050514	gappy90	0.9	2601	2241	360	13.841
N5.HOG0050518	smart-gap	0.9932	1734	1716	18	1.038
N5.HOG0050518	gappy90	0.9	1734	1647	87	5.017
N5.HOG0050520	smart-gap	0.9659	1602	1365	237	14.794
N5.HOG0050520	gappy90	0.9	1602	1221	381	23.783
N5.HOG0050523	smart-gap	0.5484	1311	1209	102	7.78
N5.HOG0050545	smart-gap	1.0	2826	2793	33	1.168
N5.HOG0050545	gappy90	0.9	2826	1608	1218	43.1
N5.HOG0050592	smart-gap	0.9894	5223	3069	2154	41.241
N5.HOG0050592	gappy90	0.9	5223	2280	2943	56.347
N5.HOG0050600	smart-gap	0.9914	1380	1293	87	6.304
N5.HOG0050600	gappy90	0.9	1380	1215	165	11.957
N5.HOG0050625	smart-gap	0.9679	3036	2325	711	23.419
N5.HOG0050625	gappy90	0.9	3036	2130	906	29.842
N5.HOG0050681	smart-gap	0.9905	2841	2712	129	4.541
N5.HOG0050681	gappy90	0.9	2841	2583	258	9.081
N5.HOG0050687	smart-gap	0.2185	873	558	315	36.082
N5.HOG0050688	smart-gap	0.9935	4017	3066	951	23.674
N5.HOG0050688	gappy90	0.9	4017	1806	2211	55.041
N5.HOG0050702	smart-gap	0.9922	3612	3468	144	3.987
N5.HOG0050702	gappy90	0.9	3612	3330	282	7.807
N5.HOG0050755	smart-gap	0.9909	8694	7530	1164	13.389
N5.HOG0050755	gappy90	0.9	8694	3738	4956	57.005
N5.HOG0050757	smart-gap	0.8882	717	639	78	10.879
N5.HOG0050758	smart-gap	0.9936	657	552	105	15.982
N5.HOG0050758	gappy90	0.9	657	423	234	35.616
N5.HOG0050759	smart-gap	0.9608	927	828	99	10.68
N5.HOG0050759	gappy90	0.9	927	726	201	21.683
N5.HOG0050864	smart-gap	0.9924	5667	3693	1974	34.833
N5.HOG0050864	gappy90	0.9	5667	2403	3264	57.597
N5.HOG0050866	smart-gap	0.0704	591	543	48	8.122
N5.HOG0050867	smart-gap	0.2324	1140	954	186	16.316
N5.HOG0050873	smart-gap	0.3645	933	897	36	3.859
N5.HOG0050887	smart-gap	0.9907	2256	2247	9	0.399
N5.HOG0050887	gappy90	0.9	2256	2199	57	2.527
N5.HOG0050919	smart-gap	0.9467	1884	1581	303	16.083
N5.HOG0050919	gappy90	0.9	1884	1467	417	22.134
N5.HOG0050932	smart-gap	0.9726	3177	2424	753	23.702
N5.HOG0050932	gappy90	0.9	3177	2301	876	27.573
N5.HOG0050934	smart-gap	1.0	2580	2238	342	13.256
N5.HOG0050934	gappy90	0.9	2580	1788	792	30.698
N5.HOG0050954	smart-gap	1.0	1236	1224	12	0.971
N5.HOG0050954	gappy90	0.9	1236	1164	72	5.825
N5.HOG0050967	smart-gap	0.9917	2985	2961	24	0.804
N5.HOG0050967	gappy90	0.9	2985	2508	477	15.98
N5.HOG0050968	smart-gap	0.9712	6459	6147	312	4.83
N5.HOG0050968	gappy90	0.9	6459	3609	2850	44.124
N5.HOG0050970	smart-gap	0.9934	1860	1614	246	13.226
N5.HOG0050970	gappy90	0.9	1860	1233	627	33.71
N5.HOG0050971	smart-gap	0.9854	975	852	123	12.615
N5.HOG0050971	gappy90	0.9	975	690	285	29.231
N5.HOG0050975	smart-gap	0.9854	2925	1560	1365	46.667
N5.HOG0050975	gappy90	0.9	2925	1113	1812	61.949
N5.HOG0050976	smart-gap	0.9917	1929	1857	72	3.733
N5.HOG0050976	gappy90	0.9	1929	1542	387	20.062
N5.HOG0050986	smart-gap	0.7907	2508	2259	249	9.928
N5.HOG0051006	smart-gap	0.9279	1848	1791	57	3.084
N5.HOG0051006	gappy90	0.9	1848	1752	96	5.195
N5.HOG0051022	smart-gap	1.0	4230	2940	1290	30.496
N5.HOG0051022	gappy90	0.9	4230	1452	2778	65.674
N5.HOG0051023	smart-gap	0.9826	1455	1389	66	4.536
N5.HOG0051023	gappy90	0.9	1455	1308	147	10.103
N5.HOG0051038	smart-gap	0.9935	2247	1977	270	12.016
N5.HOG0051038	gappy90	0.9	2247	1533	714	31.776
N5.HOG0051039	smart-gap	0.9866	1662	624	1038	62.455
N5.HOG0051039	gappy90	0.9	1662	468	1194	71.841
N5.HOG0051040	smart-gap	1.0	3204	3132	72	2.247
N5.HOG0051040	gappy90	0.9	3204	2397	807	25.187
N5.HOG0051043	smart-gap	0.984	1353	1143	210	15.521
N5.HOG0051043	gappy90	0.9	1353	1101	252	18.625
N5.HOG0051052	smart-gap	0.9928	1719	1650	69	4.014
N5.HOG0051052	gappy90	0.9	1719	1536	183	10.646
N5.HOG0051078	smart-gap	0.99	2961	2586	375	12.665
N5.HOG0051078	gappy90	0.9	2961	2097	864	29.179
N5.HOG0051107	smart-gap	0.9176	3759	2859	900	23.943
N5.HOG0051107	gappy90	0.9	3759	2841	918	24.421
N5.HOG0051110	smart-gap	1.0	2940	2490	450	15.306
N5.HOG0051110	gappy90	0.9	2940	1785	1155	39.286
N5.HOG0051130	smart-gap	0.9739	1752	1629	123	7.021
N5.HOG0051130	gappy90	0.9	1752	1569	183	10.445
N5.HOG0051178	smart-gap	0.9835	3933	3075	858	21.815
N5.HOG0051178	gappy90	0.9	3933	2214	1719	43.707
N5.HOG0051187	smart-gap	0.9933	6285	5118	1167	18.568
N5.HOG0051187	gappy90	0.9	6285	3252	3033	48.258
N5.HOG0051200	smart-gap	0.9828	2871	2658	213	7.419
N5.HOG0051200	gappy90	0.9	2871	2550	321	11.181
N5.HOG0051202	smart-gap	0.9934	834	789	45	5.396
N5.HOG0051202	gappy90	0.9	834	654	180	21.583
N5.HOG0051228	smart-gap	0.9934	5337	4467	870	16.301
N5.HOG0051228	gappy90	0.9	5337	3738	1599	29.961
N5.HOG0051281	smart-gap	0.9806	747	441	306	40.964
N5.HOG0051281	gappy90	0.9	747	441	306	40.964
N5.HOG0051314	smart-gap	0.9867	4173	3183	990	23.724
N5.HOG0051314	gappy90	0.9	4173	2853	1320	31.632
N5.HOG0051317	smart-gap	0.9912	4911	4665	246	5.009
N5.HOG0051317	gappy90	0.9	4911	4419	492	10.018
N5.HOG0051318	smart-gap	0.9752	3873	3450	423	10.922
N5.HOG0051318	gappy90	0.9	3873	3204	669	17.273
N5.HOG0051320	smart-gap	0.9936	5286	4362	924	17.48
N5.HOG0051320	gappy90	0.9	5286	2859	2427	45.914
N5.HOG0051341	smart-gap	0.6612	2883	2358	525	18.21
N5.HOG0051360	smart-gap	1.0	2343	2331	12	0.512
N5.HOG0051360	gappy90	0.9	2343	1728	615	26.248
N5.HOG0051429	smart-gap	0.9929	2007	1719	288	14.35
N5.HOG0051429	gappy90	0.9	2007	1461	546	27.205
N5.HOG0051432	smart-gap	1.0	4896	3570	1326	27.083
N5.HOG0051432	gappy90	0.9	4896	2424	2472	50.49
N5.HOG0051442	smart-gap	0.993	603	591	12	1.99
N5.HOG0051442	gappy90	0.9	603	549	54	8.955
N5.HOG0051445	smart-gap	1.0	5112	4860	252	4.93
N5.HOG0051445	gappy90	0.9	5112	2352	2760	53.991
N5.HOG0051460	smart-gap	1.0	2208	2199	9	0.408
N5.HOG0051460	gappy90	0.9	2208	1971	237	10.734
N5.HOG0051469	smart-gap	0.987	2217	1773	444	20.027
N5.HOG0051469	gappy90	0.9	2217	1548	669	30.176
N5.HOG0051488	smart-gap	0.9931	2610	2331	279	10.69
N5.HOG0051488	gappy90	0.9	2610	2133	477	18.276
N5.HOG0051491	smart-gap	0.9843	3345	2571	774	23.139
N5.HOG0051491	gappy90	0.9	3345	1587	1758	52.556
N5.HOG0051492	smart-gap	0.725	1293	1272	21	1.624
N5.HOG0051516	smart-gap	0.9934	3492	2319	1173	33.591
N5.HOG0051516	gappy90	0.9	3492	1257	2235	64.003
N5.HOG0051546	smart-gap	1.0	1248	1149	99	7.933
N5.HOG0051546	gappy90	0.9	1248	930	318	25.481
N5.HOG0051548	smart-gap	0.3717	1587	1317	270	17.013
N5.HOG0051567	smart-gap	0.9911	3801	3033	768	20.205
N5.HOG0051567	gappy90	0.9	3801	2211	1590	41.831
N5.HOG0051569	smart-gap	0.9932	1674	1509	165	9.857
N5.HOG0051569	gappy90	0.9	1674	1317	357	21.326
N5.HOG0051614	smart-gap	0.9596	483	444	39	8.075
N5.HOG0051614	gappy90	0.9	483	402	81	16.77
N5.HOG0051615	smart-gap	1.0	987	984	3	0.304
N5.HOG0051615	gappy90	0.9	987	774	213	21.581
N5.HOG0051631	smart-gap	0.8864	10647	6855	3792	35.616
N5.HOG0051633	smart-gap	0.3176	1221	1065	156	12.776
N5.HOG0051640	smart-gap	0.75	1959	1908	51	2.603
N5.HOG0051646	smart-gap	0.2482	888	720	168	18.919
N5.HOG0051649	smart-gap	0.4636	2625	2283	342	13.029
N5.HOG0051682	smart-gap	0.9915	2970	2574	396	13.333
N5.HOG0051682	gappy90	0.9	2970	2418	552	18.586
N5.HOG0051689	smart-gap	0.9895	3129	3084	45	1.438
N5.HOG0051689	gappy90	0.9	3129	3063	66	2.109
N5.HOG0051707	smart-gap	0.9917	4101	3831	270	6.584
N5.HOG0051707	gappy90	0.9	4101	3402	699	17.045
N5.HOG0051720	smart-gap	0.3793	1431	1248	183	12.788
N5.HOG0051722	smart-gap	1.0	3039	2841	198	6.515
N5.HOG0051722	gappy90	0.9	3039	2706	333	10.958
N5.HOG0051756	smart-gap	0.9808	1272	1209	63	4.953
N5.HOG0051756	gappy90	0.9	1272	1209	63	4.953
N5.HOG0051764	smart-gap	0.9931	3834	2985	849	22.144
N5.HOG0051764	gappy90	0.9	3834	2340	1494	38.967
N5.HOG0051785	smart-gap	0.9866	3282	2529	753	22.943
N5.HOG0051785	gappy90	0.9	3282	2340	942	28.702
N5.HOG0051812	smart-gap	0.9866	17145	12264	4881	28.469
N5.HOG0051812	gappy90	0.9	17145	8232	8913	51.986
N5.HOG0051834	smart-gap	0.9934	2823	2529	294	10.414
N5.HOG0051834	gappy90	0.9	2823	2229	594	21.041
N5.HOG0051838	smart-gap	0.9924	1521	1482	39	2.564
N5.HOG0051838	gappy90	0.9	1521	1290	231	15.187
N5.HOG0051863	smart-gap	0.2153	1092	816	276	25.275
N5.HOG0051864	smart-gap	0.9933	861	774	87	10.105
N5.HOG0051864	gappy90	0.9	861	648	213	24.739
N5.HOG0051865	smart-gap	1.0	1422	1416	6	0.422
N5.HOG0051865	gappy90	0.9	1422	1356	66	4.641
N5.HOG0051879	smart-gap	0.9643	873	735	138	15.808
N5.HOG0051879	gappy90	0.9	873	564	309	35.395
N5.HOG0051895	smart-gap	0.9099	1992	1932	60	3.012
N5.HOG0051895	gappy90	0.9	1992	1932	60	3.012
N5.HOG0051917	smart-gap	0.9783	1566	1437	129	8.238
N5.HOG0051917	gappy90	0.9	1566	1341	225	14.368
N5.HOG0051940	smart-gap	0.993	2694	2358	336	12.472
N5.HOG0051940	gappy90	0.9	2694	1557	1137	42.205
N5.HOG0051989	smart-gap	1.0	1521	1470	51	3.353
N5.HOG0051989	gappy90	0.9	1521	840	681	44.773
N5.HOG0051990	smart-gap	1.0	1779	1275	504	28.331
N5.HOG0051990	gappy90	0.9	1779	864	915	51.433
N5.HOG0051992	smart-gap	0.9869	1041	936	105	10.086
N5.HOG0051992	gappy90	0.9	1041	768	273	26.225
N5.HOG0052079	smart-gap	1.0	1416	1377	39	2.754
N5.HOG0052079	gappy90	0.9	1416	1125	291	20.551
N5.HOG0052114	smart-gap	0.378	1458	1314	144	9.877
N5.HOG0052115	smart-gap	1.0	3576	2589	987	27.601
N5.HOG0052115	gappy90	0.9	3576	1203	2373	66.359
N5.HOG0052124	smart-gap	0.9922	1422	1359	63	4.43
N5.HOG0052124	gappy90	0.9	1422	1254	168	11.814
N5.HOG0052135	smart-gap	0.9928	519	492	27	5.202
N5.HOG0052135	gappy90	0.9	519	459	60	11.561
N5.HOG0052138	smart-gap	0.9688	2493	2070	423	16.968
N5.HOG0052138	gappy90	0.9	2493	1980	513	20.578
N5.HOG0052156	smart-gap	0.0182	573	546	27	4.712
N5.HOG0052157	smart-gap	0.5764	735	621	114	15.51
N5.HOG0052180	smart-gap	0.9931	1398	1335	63	4.506
N5.HOG0052180	gappy90	0.9	1398	1248	150	10.73
N5.HOG0052184	smart-gap	0.9658	1863	1710	153	8.213
N5.HOG0052184	gappy90	0.9	1863	1569	294	15.781
N5.HOG0052201	smart-gap	0.9739	549	483	66	12.022
N5.HOG0052201	gappy90	0.9	549	345	204	37.158
N5.HOG0052206	smart-gap	0.9932	1770	1671	99	5.593
N5.HOG0052206	gappy90	0.9	1770	1341	429	24.237
N5.HOG0052216	smart-gap	1.0	2166	2079	87	4.017
N5.HOG0052216	gappy90	0.9	2166	1764	402	18.56
N5.HOG0052330	smart-gap	0.9862	1665	1557	108	6.486
N5.HOG0052330	gappy90	0.9	1665	1374	291	17.477
N5.HOG0052367	smart-gap	0.9917	1416	1374	42	2.966
N5.HOG0052367	gappy90	0.9	1416	1185	231	16.314
N5.HOG0052375	smart-gap	0.7586	1353	1191	162	11.973
N5.HOG0052378	smart-gap	1.0	1719	1566	153	8.901
N5.HOG0052378	gappy90	0.9	1719	1476	243	14.136
N5.HOG0052379	smart-gap	0.9589	1194	1086	108	9.045
N5.HOG0052379	gappy90	0.9	1194	1065	129	10.804
N5.HOG0052384	smart-gap	0.9932	1587	1107	480	30.246
N5.HOG0052384	gappy90	0.9	1587	987	600	37.807
N5.HOG0052387	smart-gap	0.3868	2064	1773	291	14.099
N5.HOG0052390	smart-gap	0.9558	3495	2853	642	18.369
N5.HOG0052390	gappy90	0.9	3495	2652	843	24.12
N5.HOG0052434	smart-gap	0.9932	1845	1836	9	0.488
N5.HOG0052434	gappy90	0.9	1845	1782	63	3.415
N5.HOG0052438	smart-gap	0.993	2595	2205	390	15.029
N5.HOG0052438	gappy90	0.9	2595	1800	795	30.636
N5.HOG0052479	smart-gap	0.8824	1611	1422	189	11.732
N5.HOG0052481	smart-gap	0.9932	1377	1188	189	13.725
N5.HOG0052481	gappy90	0.9	1377	972	405	29.412
N5.HOG0052489	smart-gap	0.2062	3444	3057	387	11.237
N5.HOG0052497	smart-gap	0.4825	2049	1503	546	26.647
N5.HOG0052500	smart-gap	0.3806	2196	1704	492	22.404
N5.HOG0052515	smart-gap	0.9846	1275	1221	54	4.235
N5.HOG0052515	gappy90	0.9	1275	1119	156	12.235
N5.HOG0052519	smart-gap	0.993	2124	2106	18	0.847
N5.HOG0052519	gappy90	0.9	2124	2019	105	4.944
N5.HOG0052535	smart-gap	0.9797	876	783	93	10.616
N5.HOG0052535	gappy90	0.9	876	666	210	23.973
N5.HOG0052536	smart-gap	0.9931	3534	3138	396	11.205
N5.HOG0052536	gappy90	0.9	3534	3006	528	14.941
N5.HOG0052627	smart-gap	1.0	1695	1626	69	4.071
N5.HOG0052627	gappy90	0.9	1695	1350	345	20.354
N5.HOG0052662	smart-gap	1.0	1308	1158	150	11.468
N5.HOG0052662	gappy90	0.9	1308	954	354	27.064
N5.HOG0052673	smart-gap	0.2347	2514	2295	219	8.711
N5.HOG0052677	smart-gap	1.0	9105	6774	2331	25.601
N5.HOG0052677	gappy90	0.9	9105	3216	5889	64.679
N5.HOG0052687	smart-gap	0.9905	1638	1572	66	4.029
N5.HOG0052687	gappy90	0.9	1638	1410	228	13.919
N5.HOG0052715	smart-gap	0.7411	639	603	36	5.634
N5.HOG0052726	smart-gap	0.9928	7707	5568	2139	27.754
N5.HOG0052726	gappy90	0.9	7707	3432	4275	55.469
N5.HOG0052727	smart-gap	1.0	903	834	69	7.641
N5.HOG0052727	gappy90	0.9	903	675	228	25.249
N5.HOG0052733	smart-gap	1.0	3105	2922	183	5.894
N5.HOG0052733	gappy90	0.9	3105	2577	528	17.005
N5.HOG0052746	smart-gap	0.7629	5418	5121	297	5.482
N5.HOG0052764	smart-gap	0.9773	2574	2352	222	8.625
N5.HOG0052764	gappy90	0.9	2574	2196	378	14.685
N5.HOG0052799	smart-gap	0.9931	1152	1038	114	9.896
N5.HOG0052799	gappy90	0.9	1152	840	312	27.083
N5.HOG0052852	smart-gap	0.9932	1317	1173	144	10.934
N5.HOG0052852	gappy90	0.9	1317	1017	300	22.779
N5.HOG0052853	smart-gap	1.0	1284	1110	174	13.551
N5.HOG0052853	gappy90	0.9	1284	900	384	29.907
N5.HOG0052855	smart-gap	1.0	1470	1443	27	1.837
N5.HOG0052855	gappy90	0.9	1470	1353	117	7.959
N5.HOG0052897	smart-gap	0.9722	3162	2127	1035	32.732
N5.HOG0052897	gappy90	0.9	3162	1974	1188	37.571
N5.HOG0052901	smart-gap	1.0	2646	2532	114	4.308
N5.HOG0052901	gappy90	0.9	2646	2427	219	8.277
N5.HOG0052947	smart-gap	1.0	1407	1395	12	0.853
N5.HOG0052947	gappy90	0.9	1407	1314	93	6.61
N5.HOG0052976	smart-gap	0.9278	1446	1389	57	3.942
N5.HOG0052976	gappy90	0.9	1446	1389	57	3.942
N5.HOG0053011	smart-gap	0.9128	1254	963	291	23.206
N5.HOG0053011	gappy90	0.9	1254	963	291	23.206
N5.HOG0053081	smart-gap	0.9724	522	483	39	7.471
N5.HOG0053081	gappy90	0.9	522	429	93	17.816
N5.HOG0053089	smart-gap	1.0	1437	1431	6	0.418
N5.HOG0053089	gappy90	0.9	1437	1374	63	4.384
N5.HOG0053090	smart-gap	0.9931	2301	2148	153	6.649
N5.HOG0053090	gappy90	0.9	2301	1578	723	31.421
N5.HOG0053107	smart-gap	0.1871	651	543	108	16.59
N5.HOG0053135	smart-gap	0.9917	9798	6012	3786	38.641
N5.HOG0053135	gappy90	0.9	9798	2490	7308	74.587
N5.HOG0053152	smart-gap	0.1972	900	840	60	6.667
N5.HOG0053153	smart-gap	0.992	1404	1314	90	6.41
N5.HOG0053153	gappy90	0.9	1404	1212	192	13.675
N5.HOG0053164	smart-gap	0.3091	2181	1890	291	13.343
N5.HOG0053188	smart-gap	1.0	2427	2037	390	16.069
N5.HOG0053188	gappy90	0.9	2427	1716	711	29.295
N5.HOG0053190	smart-gap	0.9643	1596	1455	141	8.835
N5.HOG0053190	gappy90	0.9	1596	1371	225	14.098
N5.HOG0053191	smart-gap	1.0	1314	1224	90	6.849
N5.HOG0053191	gappy90	0.9	1314	1104	210	15.982
N5.HOG0053192	smart-gap	1.0	2121	2079	42	1.98
N5.HOG0053192	gappy90	0.9	2121	1842	279	13.154
N5.HOG0053197	smart-gap	0.9724	417	369	48	11.511
N5.HOG0053197	gappy90	0.9	417	342	75	17.986
N5.HOG0053198	smart-gap	1.0	3648	3345	303	8.306
N5.HOG0053198	gappy90	0.9	3648	2469	1179	32.319
N5.HOG0053203	smart-gap	0.6349	4455	3984	471	10.572
N5.HOG0053205	smart-gap	0.9932	4431	4041	390	8.802
N5.HOG0053205	gappy90	0.9	4431	2988	1443	32.566
N5.HOG0053223	smart-gap	0.9931	1209	996	213	17.618
N5.HOG0053223	gappy90	0.9	1209	783	426	35.236
N5.HOG0053276	smart-gap	1.0	5361	4776	585	10.912
N5.HOG0053276	gappy90	0.9	5361	2808	2553	47.622
N5.HOG0053277	smart-gap	0.5283	4005	3255	750	18.727
N5.HOG0053294	smart-gap	0.9922	2592	2472	120	4.63
N5.HOG0053294	gappy90	0.9	2592	2247	345	13.31
N5.HOG0053352	smart-gap	0.9927	1146	1113	33	2.88
N5.HOG0053352	gappy90	0.9	1146	798	348	30.366
N5.HOG0053389	smart-gap	0.9888	2685	2136	549	20.447
N5.HOG0053389	gappy90	0.9	2685	1842	843	31.397
N5.HOG0053398	smart-gap	0.9517	1941	1233	708	36.476
N5.HOG0053398	gappy90	0.9	1941	1143	798	41.113
N5.HOG0053439	smart-gap	1.0	792	789	3	0.379
N5.HOG0053439	gappy90	0.9	792	624	168	21.212
N5.HOG0053474	smart-gap	1.0	3384	2913	471	13.918
N5.HOG0053474	gappy90	0.9	3384	2268	1116	32.979
N5.HOG0053477	smart-gap	0.3462	3204	2844	360	11.236
N5.HOG0053505	smart-gap	1.0	1191	1173	18	1.511
N5.HOG0053505	gappy90	0.9	1191	1062	129	10.831
N5.HOG0053508	smart-gap	0.2869	3138	2907	231	7.361
N5.HOG0053523	smart-gap	1.0	906	795	111	12.252
N5.HOG0053523	gappy90	0.9	906	684	222	24.503
N5.HOG0053539	smart-gap	0.9932	1248	1128	120	9.615
N5.HOG0053539	gappy90	0.9	1248	867	381	30.529
N5.HOG0053541	smart-gap	1.0	3597	3384	213	5.922
N5.HOG0053541	gappy90	0.9	3597	2079	1518	42.202
N5.HOG0053542	smart-gap	0.9931	1212	1011	201	16.584
N5.HOG0053542	gappy90	0.9	1212	906	306	25.248
N5.HOG0053553	smart-gap	0.9853	2301	2169	132	5.737
N5.HOG0053553	gappy90	0.9	2301	2016	285	12.386
N5.HOG0053555	smart-gap	1.0	1083	1071	12	1.108
N5.HOG0053555	gappy90	0.9	1083	1071	12	1.108
N5.HOG0053556	smart-gap	1.0	2724	1902	822	30.176
N5.HOG0053556	gappy90	0.9	2724	1356	1368	50.22
N5.HOG0053557	smart-gap	1.0	1848	1701	147	7.955
N5.HOG0053557	gappy90	0.9	1848	1206	642	34.74
N5.HOG0053568	smart-gap	0.9896	1113	1080	33	2.965
N5.HOG0053568	gappy90	0.9	1113	1032	81	7.278
N5.HOG0053611	smart-gap	0.9931	804	801	3	0.373
N5.HOG0053611	gappy90	0.9	804	729	75	9.328
N5.HOG0053612	smart-gap	0.9859	2406	2262	144	5.985
N5.HOG0053612	gappy90	0.9	2406	2157	249	10.349
N5.HOG0053613	smart-gap	0.9932	4059	3210	849	20.916
N5.HOG0053613	gappy90	0.9	4059	1893	2166	53.363
N5.HOG0053629	smart-gap	0.1929	1137	864	273	24.011
N5.HOG0053643	smart-gap	1.0	3120	2940	180	5.769
N5.HOG0053643	gappy90	0.9	3120	2499	621	19.904
N5.HOG0053654	smart-gap	0.993	966	921	45	4.658
N5.HOG0053654	gappy90	0.9	966	627	339	35.093
N5.HOG0053657	smart-gap	0.6716	1629	1533	96	5.893
N5.HOG0053694	smart-gap	0.9556	780	705	75	9.615
N5.HOG0053694	gappy90	0.9	780	636	144	18.462
N5.HOG0053700	smart-gap	1.0	1662	1527	135	8.123
N5.HOG0053700	gappy90	0.9	1662	1353	309	18.592
N5.HOG0053702	smart-gap	0.9915	1842	1791	51	2.769
N5.HOG0053702	gappy90	0.9	1842	1746	96	5.212
N5.HOG0053703	smart-gap	0.9855	1890	1698	192	10.159
N5.HOG0053703	gappy90	0.9	1890	1548	342	18.095
N5.HOG0053704	smart-gap	0.9921	2658	2280	378	14.221
N5.HOG0053704	gappy90	0.9	2658	2073	585	22.009
N5.HOG0053718	smart-gap	0.3409	2277	2112	165	7.246
N5.HOG0053742	smart-gap	0.986	3276	2904	372	11.355
N5.HOG0053742	gappy90	0.9	3276	2697	579	17.674
N5.HOG0053753	smart-gap	0.98	2469	2334	135	5.468
N5.HOG0053753	gappy90	0.9	2469	2310	159	6.44
N5.HOG0053762	smart-gap	0.9514	4446	3033	1413	31.781
N5.HOG0053762	gappy90	0.9	4446	2073	2373	53.374
N5.HOG0053763	smart-gap	0.1288	1197	813	384	32.08
N5.HOG0053766	smart-gap	0.9925	3441	2403	1038	30.166
N5.HOG0053766	gappy90	0.9	3441	1401	2040	59.285
N5.HOG0053777	smart-gap	0.9928	777	684	93	11.969
N5.HOG0053777	gappy90	0.9	777	618	159	20.463
N5.HOG0053780	smart-gap	1.0	1074	1014	60	5.587
N5.HOG0053780	gappy90	0.9	1074	771	303	28.212
N5.HOG0053781	smart-gap	1.0	870	831	39	4.483
N5.HOG0053781	gappy90	0.9	870	717	153	17.586
N5.HOG0053785	smart-gap	0.1429	1131	1032	99	8.753
N5.HOG0053800	smart-gap	0.9924	3432	2196	1236	36.014
N5.HOG0053800	gappy90	0.9	3432	1707	1725	50.262
N5.HOG0053803	smart-gap	0.9907	2073	2037	36	1.737
N5.HOG0053803	gappy90	0.9	2073	1815	258	12.446
N5.HOG0053805	smart-gap	1.0	1848	1698	150	8.117
N5.HOG0053805	gappy90	0.9	1848	1284	564	30.519
N5.HOG0053809	smart-gap	0.958	2415	1743	672	27.826
N5.HOG0053809	gappy90	0.9	2415	1602	813	33.665
N5.HOG0053820	smart-gap	1.0	990	954	36	3.636
N5.HOG0053820	gappy90	0.9	990	927	63	6.364
N5.HOG0053823	smart-gap	1.0	2481	2472	9	0.363
N5.HOG0053823	gappy90	0.9	2481	2337	144	5.804
N5.HOG0053825	smart-gap	1.0	2235	2139	96	4.295
N5.HOG0053825	gappy90	0.9	2235	2013	222	9.933
N5.HOG0053831	smart-gap	0.1892	2817	1596	1221	43.344
N5.HOG0053864	smart-gap	0.442	828	738	90	10.87
N5.HOG0053865	smart-gap	0.9931	4182	2739	1443	34.505
N5.HOG0053865	gappy90	0.9	4182	1005	3177	75.968
N5.HOG0053931	smart-gap	0.9925	2274	2046	228	10.026
N5.HOG0053931	gappy90	0.9	2274	1914	360	15.831
N5.HOG0053943	smart-gap	1.0	1068	1044	24	2.247
N5.HOG0053943	gappy90	0.9	1068	1032	36	3.371
N5.HOG0053947	smart-gap	0.4328	1635	1416	219	13.394
N5.HOG0053951	smart-gap	0.9907	1098	1071	27	2.459
N5.HOG0053951	gappy90	0.9	1098	1017	81	7.377
N5.HOG0053952	smart-gap	1.0	1482	1419	63	4.251
N5.HOG0053952	gappy90	0.9	1482	1227	255	17.206
N5.HOG0053953	smart-gap	0.9926	3210	2751	459	14.299
N5.HOG0053953	gappy90	0.9	3210	2460	750	23.364
N5.HOG0054003	smart-gap	0.9836	3603	2964	639	17.735
N5.HOG0054003	gappy90	0.9	3603	2685	918	25.479
N5.HOG0054004	smart-gap	0.9091	1368	1326	42	3.07
N5.HOG0054004	gappy90	0.9	1368	1326	42	3.07
N5.HOG0054006	smart-gap	1.0	1449	1407	42	2.899
N5.HOG0054006	gappy90	0.9	1449	1053	396	27.329
N5.HOG0054007	smart-gap	0.9921	4371	3264	1107	25.326
N5.HOG0054007	gappy90	0.9	4371	2247	2124	48.593
N5.HOG0054026	smart-gap	0.9028	1224	1098	126	10.294
N5.HOG0054026	gappy90	0.9	1224	1098	126	10.294
N5.HOG0054027	smart-gap	1.0	8139	7131	1008	12.385
N5.HOG0054027	gappy90	0.9	8139	4413	3726	45.78
N5.HOG0054028	smart-gap	0.9507	1476	1266	210	14.228
N5.HOG0054028	gappy90	0.9	1476	1215	261	17.683
N5.HOG0054029	smart-gap	0.9928	1602	1431	171	10.674
N5.HOG0054029	gappy90	0.9	1602	1140	462	28.839
N5.HOG0054057	smart-gap	0.3394	1032	882	150	14.535
N5.HOG0054060	smart-gap	0.9853	1704	1581	123	7.218
N5.HOG0054060	gappy90	0.9	1704	1368	336	19.718
N5.HOG0054061	smart-gap	0.9653	609	558	51	8.374
N5.HOG0054061	gappy90	0.9	609	528	81	13.3
N5.HOG0054062	smart-gap	0.431	1680	1455	225	13.393
N5.HOG0054064	smart-gap	0.9926	1650	1557	93	5.636
N5.HOG0054064	gappy90	0.9	1650	1440	210	12.727
N5.HOG0054084	smart-gap	0.25	1218	1050	168	13.793
N5.HOG0054094	smart-gap	1.0	1995	1896	99	4.962
N5.HOG0054094	gappy90	0.9	1995	1773	222	11.128
N5.HOG0054095	smart-gap	0.993	6096	4503	1593	26.132
N5.HOG0054095	gappy90	0.9	6096	1923	4173	68.455
N5.HOG0054097	smart-gap	0.9888	708	573	135	19.068
N5.HOG0054097	gappy90	0.9	708	516	192	27.119
N5.HOG0054098	smart-gap	0.9789	975	927	48	4.923
N5.HOG0054098	gappy90	0.9	975	873	102	10.462
N5.HOG0054100	smart-gap	0.9781	936	843	93	9.936
N5.HOG0054100	gappy90	0.9	936	798	138	14.744
N5.HOG0054101	smart-gap	1.0	1626	1596	30	1.845
N5.HOG0054101	gappy90	0.9	1626	1341	285	17.528
N5.HOG0054121	smart-gap	0.9929	1578	1482	96	6.084
N5.HOG0054121	gappy90	0.9	1578	1368	210	13.308
N5.HOG0054123	smart-gap	1.0	2316	1737	579	25.0
N5.HOG0054123	gappy90	0.9	2316	1026	1290	55.699
N5.HOG0054135	smart-gap	0.976	4065	3156	909	22.362
N5.HOG0054135	gappy90	0.9	4065	2703	1362	33.506
N5.HOG0054138	smart-gap	0.9798	1167	1131	36	3.085
N5.HOG0054138	gappy90	0.9	1167	1062	105	8.997
N5.HOG0054173	smart-gap	0.9135	1275	1119	156	12.235
N5.HOG0054173	gappy90	0.9	1275	963	312	24.471
N5.HOG0054176	smart-gap	0.9922	2016	1827	189	9.375
N5.HOG0054176	gappy90	0.9	2016	1713	303	15.03
N5.HOG0054177	smart-gap	0.9562	1506	1383	123	8.167
N5.HOG0054177	gappy90	0.9	1506	1335	171	11.355
N5.HOG0054209	smart-gap	0.9225	1077	882	195	18.106
N5.HOG0054209	gappy90	0.9	1077	843	234	21.727
N5.HOG0054210	smart-gap	0.9792	498	471	27	5.422
N5.HOG0054210	gappy90	0.9	498	447	51	10.241
N5.HOG0054213	smart-gap	0.9922	1698	1578	120	7.067
N5.HOG0054213	gappy90	0.9	1698	1515	183	10.777
N5.HOG0054225	smart-gap	0.9832	3924	2667	1257	32.034
N5.HOG0054225	gappy90	0.9	3924	2268	1656	42.202
N5.HOG0054227	smart-gap	0.993	3192	3015	177	5.545
N5.HOG0054227	gappy90	0.9	3192	2934	258	8.083
N5.HOG0054232	smart-gap	0.993	1623	1314	309	19.039
N5.HOG0054232	gappy90	0.9	1623	843	780	48.059
N5.HOG0054283	smart-gap	0.993	1419	1245	174	12.262
N5.HOG0054283	gappy90	0.9	1419	1041	378	26.638
N5.HOG0054285	smart-gap	1.0	3642	3477	165	4.53
N5.HOG0054285	gappy90	0.9	3642	2862	780	21.417
N5.HOG0054294	smart-gap	0.9831	768	711	57	7.422
N5.HOG0054294	gappy90	0.9	768	690	78	10.156
N5.HOG0054296	smart-gap	1.0	1050	924	126	12.0
N5.HOG0054296	gappy90	0.9	1050	795	255	24.286
N5.HOG0054356	smart-gap	0.1161	858	798	60	6.993
N5.HOG0054359	smart-gap	1.0	1053	978	75	7.123
N5.HOG0054359	gappy90	0.9	1053	909	144	13.675
N5.HOG0054369	smart-gap	0.9928	1140	960	180	15.789
N5.HOG0054369	gappy90	0.9	1140	879	261	22.895
N5.HOG0054370	smart-gap	0.1232	939	888	51	5.431
N5.HOG0054371	smart-gap	0.9844	873	855	18	2.062
N5.HOG0054371	gappy90	0.9	873	825	48	5.498
N5.HOG0054387	smart-gap	0.2371	1791	1089	702	39.196
N5.HOG0054388	smart-gap	0.9927	2379	2199	180	7.566
N5.HOG0054388	gappy90	0.9	2379	2178	201	8.449
N5.HOG0054389	smart-gap	0.993	2304	2166	138	5.99
N5.HOG0054389	gappy90	0.9	2304	1983	321	13.932
N5.HOG0054393	smart-gap	1.0	2355	1743	612	25.987
N5.HOG0054393	gappy90	0.9	2355	1119	1236	52.484
N5.HOG0054397	smart-gap	0.9735	2187	1995	192	8.779
N5.HOG0054397	gappy90	0.9	2187	1842	345	15.775
N5.HOG0054399	smart-gap	0.9853	2319	2016	303	13.066
N5.HOG0054399	gappy90	0.9	2319	1578	741	31.953
N5.HOG0054403	smart-gap	0.2979	1425	1113	312	21.895
N5.HOG0054404	smart-gap	0.9716	867	735	132	15.225
N5.HOG0054404	gappy90	0.9	867	678	189	21.799
N5.HOG0054405	smart-gap	0.9925	1719	1332	387	22.513
N5.HOG0054405	gappy90	0.9	1719	1065	654	38.045
N5.HOG0054408	smart-gap	1.0	1410	1383	27	1.915
N5.HOG0054408	gappy90	0.9	1410	1233	177	12.553
N5.HOG0054409	smart-gap	0.9928	2598	2430	168	6.467
N5.HOG0054409	gappy90	0.9	2598	2202	396	15.242
N5.HOG0054414	smart-gap	0.2276	1902	1767	135	7.098
N5.HOG0054434	smart-gap	0.984	1671	1518	153	9.156
N5.HOG0054434	gappy90	0.9	1671	1461	210	12.567
N5.HOG0054452	smart-gap	0.9896	1980	1758	222	11.212
N5.HOG0054452	gappy90	0.9	1980	1284	696	35.152
N5.HOG0054457	smart-gap	1.0	2877	2820	57	1.981
N5.HOG0054457	gappy90	0.9	2877	2565	312	10.845
N5.HOG0054480	smart-gap	0.9855	1332	1326	6	0.45
N5.HOG0054480	gappy90	0.9	1332	1257	75	5.631
N5.HOG0054488	smart-gap	0.9929	1230	1164	66	5.366
N5.HOG0054488	gappy90	0.9	1230	1104	126	10.244
N5.HOG0054502	smart-gap	1.0	2772	2424	348	12.554
N5.HOG0054502	gappy90	0.9	2772	2223	549	19.805
N5.HOG0054505	smart-gap	0.9915	2451	1956	495	20.196
N5.HOG0054505	gappy90	0.9	2451	1518	933	38.066
N5.HOG0054507	smart-gap	0.9928	4068	3264	804	19.764
N5.HOG0054507	gappy90	0.9	4068	2283	1785	43.879
N5.HOG0054511	smart-gap	1.0	4236	4140	96	2.266
N5.HOG0054511	gappy90	0.9	4236	3903	333	7.861
N5.HOG0054524	smart-gap	0.9915	1197	1083	114	9.524
N5.HOG0054524	gappy90	0.9	1197	729	468	39.098
N5.HOG0054577	smart-gap	0.9855	1773	1653	120	6.768
N5.HOG0054577	gappy90	0.9	1773	1563	210	11.844
N5.HOG0054578	smart-gap	1.0	2625	2262	363	13.829
N5.HOG0054578	gappy90	0.9	2625	1122	1503	57.257
N5.HOG0054633	smart-gap	0.9928	1689	1686	3	0.178
N5.HOG0054633	gappy90	0.9	1689	1512	177	10.48
N5.HOG0054637	smart-gap	0.9836	2604	2382	222	8.525
N5.HOG0054637	gappy90	0.9	2604	2289	315	12.097
N5.HOG0054638	smart-gap	0.993	1614	1491	123	7.621
N5.HOG0054638	gappy90	0.9	1614	1122	492	30.483
N5.HOG0054640	smart-gap	0.9917	1668	1515	153	9.173
N5.HOG0054640	gappy90	0.9	1668	1467	201	12.05
N5.HOG0054642	smart-gap	0.9932	2043	1716	327	16.006
N5.HOG0054642	gappy90	0.9	2043	1566	477	23.348
N5.HOG0054713	smart-gap	0.9909	2145	2121	24	1.119
N5.HOG0054713	gappy90	0.9	2145	1998	147	6.853
N5.HOG0054716	smart-gap	0.9926	1971	1863	108	5.479
N5.HOG0054716	gappy90	0.9	1971	1746	225	11.416
N5.HOG0054717	smart-gap	1.0	915	906	9	0.984
N5.HOG0054717	gappy90	0.9	915	780	135	14.754
N5.HOG0054726	smart-gap	0.9433	1608	1191	417	25.933
N5.HOG0054726	gappy90	0.9	1608	1080	528	32.836
N5.HOG0054727	smart-gap	0.9621	1530	1038	492	32.157
N5.HOG0054727	gappy90	0.9	1530	945	585	38.235
N5.HOG0054746	smart-gap	0.9051	1470	1356	114	7.755
N5.HOG0054746	gappy90	0.9	1470	1356	114	7.755
N5.HOG0054752	smart-gap	0.9855	2055	1311	744	36.204
N5.HOG0054752	gappy90	0.9	2055	1050	1005	48.905
N5.HOG0054785	smart-gap	0.9898	1647	1431	216	13.115
N5.HOG0054785	gappy90	0.9	1647	1344	303	18.397
N5.HOG0054791	smart-gap	0.9919	3648	2655	993	27.22
N5.HOG0054791	gappy90	0.9	3648	1389	2259	61.924
N5.HOG0054795	smart-gap	0.937	1401	1365	36	2.57
N5.HOG0054795	gappy90	0.9	1401	1356	45	3.212
N5.HOG0054831	smart-gap	0.9925	1608	1365	243	15.112
N5.HOG0054831	gappy90	0.9	1608	1059	549	34.142
N5.HOG0054832	smart-gap	1.0	732	678	54	7.377
N5.HOG0054832	gappy90	0.9	732	486	246	33.607
N5.HOG0054842	smart-gap	0.9817	1449	1260	189	13.043
N5.HOG0054842	gappy90	0.9	1449	1224	225	15.528
N5.HOG0054845	smart-gap	1.0	4935	3519	1416	28.693
N5.HOG0054845	gappy90	0.9	4935	1983	2952	59.818
N5.HOG0054849	smart-gap	0.9915	1857	1839	18	0.969
N5.HOG0054849	gappy90	0.9	1857	1683	174	9.37
N5.HOG0054857	smart-gap	1.0	2175	2145	30	1.379
N5.HOG0054857	gappy90	0.9	2175	2079	96	4.414
N5.HOG0054866	smart-gap	0.7054	609	555	54	8.867
N5.HOG0054874	smart-gap	1.0	678	663	15	2.212
N5.HOG0054874	gappy90	0.9	678	549	129	19.027
N5.HOG0054876	smart-gap	0.25	1002	960	42	4.192
N5.HOG0054877	smart-gap	1.0	1515	1503	12	0.792
N5.HOG0054877	gappy90	0.9	1515	1308	207	13.663
N5.HOG0054884	smart-gap	0.9065	4338	3462	876	20.194
N5.HOG0054884	gappy90	0.9	4338	3462	876	20.194
N5.HOG0054889	smart-gap	0.9716	534	411	123	23.034
N5.HOG0054889	gappy90	0.9	534	396	138	25.843
N5.HOG0054901	smart-gap	0.9919	1320	1302	18	1.364
N5.HOG0054901	gappy90	0.9	1320	1275	45	3.409
N5.HOG0054903	smart-gap	1.0	1086	1062	24	2.21
N5.HOG0054903	gappy90	0.9	1086	987	99	9.116
N5.HOG0054910	smart-gap	0.9072	1416	1407	9	0.636
N5.HOG0054910	gappy90	0.9	1416	1407	9	0.636
N5.HOG0054912	smart-gap	1.0	954	891	63	6.604
N5.HOG0054912	gappy90	0.9	954	687	267	27.987
N5.HOG0054916	smart-gap	0.9928	1449	1389	60	4.141
N5.HOG0054916	gappy90	0.9	1449	1314	135	9.317
N5.HOG0054919	smart-gap	0.9057	2469	1932	537	21.75
N5.HOG0054919	gappy90	0.9	2469	1932	537	21.75
N5.HOG0054940	smart-gap	0.9839	5331	3702	1629	30.557
N5.HOG0054940	gappy90	0.9	5331	2400	2931	54.98
N5.HOG0054954	smart-gap	1.0	6801	4662	2139	31.451
N5.HOG0054954	gappy90	0.9	6801	2481	4320	63.52
N5.HOG0054956	smart-gap	0.992	3189	2616	573	17.968
N5.HOG0054956	gappy90	0.9	3189	2229	960	30.103
N5.HOG0054967	smart-gap	0.9924	4530	2844	1686	37.219
N5.HOG0054967	gappy90	0.9	4530	1875	2655	58.609
N5.HOG0054988	smart-gap	0.1963	1881	1812	69	3.668
N5.HOG0054990	smart-gap	1.0	1299	1230	69	5.312
N5.HOG0054990	gappy90	0.9	1299	969	330	25.404
N5.HOG0054991	smart-gap	1.0	429	423	6	1.399
N5.HOG0054991	gappy90	0.9	429	417	12	2.797
N5.HOG0054992	smart-gap	0.9928	1287	1152	135	10.49
N5.HOG0054992	gappy90	0.9	1287	909	378	29.371
N5.HOG0054993	smart-gap	1.0	2238	2007	231	10.322
N5.HOG0054993	gappy90	0.9	2238	825	1413	63.137
N5.HOG0054994	smart-gap	0.9924	2865	2745	120	4.188
N5.HOG0054994	gappy90	0.9	2865	2562	303	10.576
N5.HOG0055000	smart-gap	0.9922	2502	2361	141	5.635
N5.HOG0055000	gappy90	0.9	2502	2193	309	12.35
N5.HOG0055003	smart-gap	1.0	1683	1665	18	1.07
N5.HOG0055003	gappy90	0.9	1683	954	729	43.316
N5.HOG0055004	smart-gap	0.9929	2904	1917	987	33.988
N5.HOG0055004	gappy90	0.9	2904	1251	1653	56.921
N5.HOG0055014	smart-gap	1.0	5190	4662	528	10.173
N5.HOG0055014	gappy90	0.9	5190	3060	2130	41.04
N5.HOG0055044	smart-gap	1.0	1698	1662	36	2.12
N5.HOG0055044	gappy90	0.9	1698	1542	156	9.187
N5.HOG0055046	smart-gap	1.0	1344	1341	3	0.223
N5.HOG0055046	gappy90	0.9	1344	1128	216	16.071
N5.HOG0055047	smart-gap	0.178	1035	969	66	6.377
N5.HOG0055064	smart-gap	0.9931	5295	4236	1059	20.0
N5.HOG0055064	gappy90	0.9	5295	2499	2796	52.805
N5.HOG0055067	smart-gap	0.9912	1629	1500	129	7.919
N5.HOG0055067	gappy90	0.9	1629	1257	372	22.836
N5.HOG0055068	smart-gap	0.9928	624	603	21	3.365
N5.HOG0055068	gappy90	0.9	624	429	195	31.25
N5.HOG0055082	smart-gap	0.4059	1773	1482	291	16.413
N5.HOG0055126	smart-gap	0.993	9798	6600	3198	32.639
N5.HOG0055126	gappy90	0.9	9798	2415	7383	75.352
N5.HOG0055127	smart-gap	0.218	1302	1209	93	7.143
N5.HOG0055131	smart-gap	0.9381	885	843	42	4.746
N5.HOG0055131	gappy90	0.9	885	822	63	7.119
N5.HOG0055132	smart-gap	0.9927	2796	2661	135	4.828
N5.HOG0055132	gappy90	0.9	2796	2523	273	9.764
N5.HOG0055145	smart-gap	0.2475	2724	1602	1122	41.189
N5.HOG0055149	smart-gap	0.9701	4824	3678	1146	23.756
N5.HOG0055149	gappy90	0.9	4824	3348	1476	30.597
N5.HOG0055151	smart-gap	0.9915	4869	3477	1392	28.589
N5.HOG0055151	gappy90	0.9	4869	2748	2121	43.561
N5.HOG0055154	smart-gap	0.313	2121	1767	354	16.69
N5.HOG0055160	smart-gap	1.0	1077	1074	3	0.279
N5.HOG0055160	gappy90	0.9	1077	1053	24	2.228
N5.HOG0055171	smart-gap	0.9926	1995	1695	300	15.038
N5.HOG0055171	gappy90	0.9	1995	1413	582	29.173
N5.HOG0055182	smart-gap	0.9927	1254	1011	243	19.378
N5.HOG0055182	gappy90	0.9	1254	726	528	42.105
N5.HOG0055183	smart-gap	0.9853	3684	3510	174	4.723
N5.HOG0055183	gappy90	0.9	3684	3405	279	7.573
N5.HOG0055205	smart-gap	0.9918	3933	3225	708	18.002
N5.HOG0055205	gappy90	0.9	3933	2055	1878	47.75
N5.HOG0055225	smart-gap	1.0	2298	2274	24	1.044
N5.HOG0055225	gappy90	0.9	2298	1740	558	24.282
N5.HOG0055266	smart-gap	1.0	5178	4128	1050	20.278
N5.HOG0055266	gappy90	0.9	5178	1968	3210	61.993
N5.HOG0055287	smart-gap	0.9928	1221	993	228	18.673
N5.HOG0055287	gappy90	0.9	1221	702	519	42.506
N5.HOG0055288	smart-gap	0.4656	1323	1122	201	15.193
N5.HOG0055290	smart-gap	0.9928	1737	1677	60	3.454
N5.HOG0055290	gappy90	0.9	1737	1290	447	25.734
N5.HOG0055293	smart-gap	0.9917	4101	4074	27	0.658
N5.HOG0055293	gappy90	0.9	4101	3981	120	2.926
N5.HOG0055302	smart-gap	1.0	636	600	36	5.66
N5.HOG0055302	gappy90	0.9	636	492	144	22.642
N5.HOG0055311	smart-gap	0.9928	642	630	12	1.869
N5.HOG0055311	gappy90	0.9	642	600	42	6.542
N5.HOG0055312	smart-gap	0.9929	1506	1428	78	5.179
N5.HOG0055312	gappy90	0.9	1506	1299	207	13.745
N5.HOG0055313	smart-gap	0.9919	2256	2145	111	4.92
N5.HOG0055313	gappy90	0.9	2256	2022	234	10.372
N5.HOG0055326	smart-gap	0.9186	753	705	48	6.375
N5.HOG0055326	gappy90	0.9	753	678	75	9.96
N5.HOG0055387	smart-gap	1.0	1626	1584	42	2.583
N5.HOG0055387	gappy90	0.9	1626	1539	87	5.351
N5.HOG0055389	smart-gap	0.9924	2475	2160	315	12.727
N5.HOG0055389	gappy90	0.9	2475	2007	468	18.909
N5.HOG0055394	smart-gap	0.9839	1344	1194	150	11.161
N5.HOG0055394	gappy90	0.9	1344	1146	198	14.732
N5.HOG0055398	smart-gap	0.9924	1347	1080	267	19.822
N5.HOG0055398	gappy90	0.9	1347	942	405	30.067
N5.HOG0055401	smart-gap	0.9917	2484	2385	99	3.986
N5.HOG0055401	gappy90	0.9	2484	2277	207	8.333
N5.HOG0055409	smart-gap	0.9928	1152	1107	45	3.906
N5.HOG0055409	gappy90	0.9	1152	867	285	24.74
N5.HOG0055414	smart-gap	0.9928	1092	1023	69	6.319
N5.HOG0055414	gappy90	0.9	1092	852	240	21.978
N5.HOG0055417	smart-gap	0.9923	1950	1710	240	12.308
N5.HOG0055417	gappy90	0.9	1950	1461	489	25.077
N5.HOG0055420	smart-gap	0.9746	4143	3135	1008	24.33
N5.HOG0055420	gappy90	0.9	4143	2958	1185	28.602
N5.HOG0055449	smart-gap	1.0	2319	2310	9	0.388
N5.HOG0055449	gappy90	0.9	2319	2007	312	13.454
N5.HOG0055451	smart-gap	0.9917	2535	2238	297	11.716
N5.HOG0055451	gappy90	0.9	2535	1944	591	23.314
N5.HOG0055459	smart-gap	0.9922	945	885	60	6.349
N5.HOG0055459	gappy90	0.9	945	684	261	27.619
N5.HOG0055466	smart-gap	0.9928	1176	1041	135	11.48
N5.HOG0055466	gappy90	0.9	1176	669	507	43.112
N5.HOG0055468	smart-gap	1.0	3294	3240	54	1.639
N5.HOG0055468	gappy90	0.9	3294	3162	132	4.007
N5.HOG0055471	smart-gap	1.0	3573	3429	144	4.03
N5.HOG0055471	gappy90	0.9	3573	3219	354	9.908
N5.HOG0055480	smart-gap	0.3186	3486	3288	198	5.68
N5.HOG0055488	smart-gap	0.9906	5019	4074	945	18.828
N5.HOG0055488	gappy90	0.9	5019	3654	1365	27.197
N5.HOG0055502	smart-gap	0.9928	1026	1005	21	2.047
N5.HOG0055502	gappy90	0.9	1026	948	78	7.602
N5.HOG0055518	smart-gap	0.1849	1803	1593	210	11.647
N5.HOG0055552	smart-gap	0.9854	1194	1167	27	2.261
N5.HOG0055552	gappy90	0.9	1194	1071	123	10.302
N5.HOG0055553	smart-gap	1.0	1569	1527	42	2.677
N5.HOG0055553	gappy90	0.9	1569	1191	378	24.092
N5.HOG0055569	smart-gap	1.0	1755	1656	99	5.641
N5.HOG0055569	gappy90	0.9	1755	1356	399	22.735
N5.HOG0055571	smart-gap	0.9909	2526	2442	84	3.325
N5.HOG0055571	gappy90	0.9	2526	2361	165	6.532
N5.HOG0055575	smart-gap	0.2283	2769	2727	42	1.517
N5.HOG0055578	smart-gap	0.9926	2775	2058	717	25.838
N5.HOG0055578	gappy90	0.9	2775	1674	1101	39.676
N5.HOG0055614	smart-gap	1.0	1629	1554	75	4.604
N5.HOG0055614	gappy90	0.9	1629	1455	174	10.681
N5.HOG0055615	smart-gap	0.9926	600	567	33	5.5
N5.HOG0055615	gappy90	0.9	600	525	75	12.5
N5.HOG0055649	smart-gap	0.2764	1257	957	300	23.866
N5.HOG0055650	smart-gap	1.0	2028	1887	141	6.953
N5.HOG0055650	gappy90	0.9	2028	1533	495	24.408
N5.HOG0055655	smart-gap	0.9912	4413	3657	756	17.131
N5.HOG0055655	gappy90	0.9	4413	2631	1782	40.381
N5.HOG0055679	smart-gap	0.9926	3297	2541	756	22.93
N5.HOG0055679	gappy90	0.9	3297	1695	1602	48.59
N5.HOG0055690	smart-gap	0.8333	1098	945	153	13.934
N5.HOG0055703	smart-gap	0.2021	1596	903	693	43.421
N5.HOG0055721	smart-gap	0.9928	567	555	12	2.116
N5.HOG0055721	gappy90	0.9	567	453	114	20.106
N5.HOG0055735	smart-gap	1.0	1230	1140	90	7.317
N5.HOG0055735	gappy90	0.9	1230	723	507	41.22
N5.HOG0055749	smart-gap	0.973	4056	2640	1416	34.911
N5.HOG0055749	gappy90	0.9	4056	2166	1890	46.598
N5.HOG0055752	smart-gap	0.981	2583	2262	321	12.427
N5.HOG0055752	gappy90	0.9	2583	2016	567	21.951
N5.HOG0055763	smart-gap	0.4436	369	357	12	3.252
N5.HOG0055770	smart-gap	0.4048	1341	1098	243	18.121
N5.HOG0055772	smart-gap	0.9925	1677	1533	144	8.587
N5.HOG0055772	gappy90	0.9	1677	1203	474	28.265
N5.HOG0055785	smart-gap	0.985	732	702	30	4.098
N5.HOG0055785	gappy90	0.9	732	663	69	9.426
N5.HOG0055796	smart-gap	0.9925	2892	2673	219	7.573
N5.HOG0055796	gappy90	0.9	2892	2502	390	13.485
N5.HOG0055802	smart-gap	0.9921	1101	1050	51	4.632
N5.HOG0055802	gappy90	0.9	1101	996	105	9.537
N5.HOG0055808	smart-gap	1.0	1791	1713	78	4.355
N5.HOG0055808	gappy90	0.9	1791	1662	129	7.203
N5.HOG0055811	smart-gap	0.9918	2220	1953	267	12.027
N5.HOG0055811	gappy90	0.9	2220	1887	333	15.0
N5.HOG0055823	smart-gap	1.0	3039	3033	6	0.197
N5.HOG0055823	gappy90	0.9	3039	1566	1473	48.47
N5.HOG0055858	smart-gap	1.0	2922	2508	414	14.168
N5.HOG0055858	gappy90	0.9	2922	1893	1029	35.216
N5.HOG0055866	smart-gap	1.0	936	924	12	1.282
N5.HOG0055866	gappy90	0.9	936	576	360	38.462
N5.HOG0055868	smart-gap	0.705	501	390	111	22.156
N5.HOG0055903	smart-gap	1.0	1914	1743	171	8.934
N5.HOG0055903	gappy90	0.9	1914	1413	501	26.176
N5.HOG0055912	smart-gap	0.7445	1632	1431	201	12.316
N5.HOG0055915	smart-gap	0.9699	2040	1506	534	26.176
N5.HOG0055915	gappy90	0.9	2040	1371	669	32.794
N5.HOG0055917	smart-gap	0.9925	930	915	15	1.613
N5.HOG0055917	gappy90	0.9	930	831	99	10.645
N5.HOG0055918	smart-gap	0.9915	5025	3894	1131	22.507
N5.HOG0055918	gappy90	0.9	5025	3213	1812	36.06
N5.HOG0055932	smart-gap	0.9852	6351	3933	2418	38.073
N5.HOG0055932	gappy90	0.9	6351	2550	3801	59.849
N5.HOG0055934	smart-gap	0.9828	1980	1929	51	2.576
N5.HOG0055934	gappy90	0.9	1980	1806	174	8.788
N5.HOG0055963	smart-gap	0.9926	1233	1104	129	10.462
N5.HOG0055963	gappy90	0.9	1233	840	393	31.873
N5.HOG0055998	smart-gap	1.0	4440	4101	339	7.635
N5.HOG0055998	gappy90	0.9	4440	3057	1383	31.149
N5.HOG0056015	smart-gap	0.9915	1884	1833	51	2.707
N5.HOG0056015	gappy90	0.9	1884	1710	174	9.236
N5.HOG0056016	smart-gap	0.1533	612	513	99	16.176
N5.HOG0056017	smart-gap	0.9855	513	486	27	5.263
N5.HOG0056017	gappy90	0.9	513	354	159	30.994
N5.HOG0056026	smart-gap	0.163	909	780	129	14.191
N5.HOG0056033	smart-gap	1.0	1176	1077	99	8.418
N5.HOG0056033	gappy90	0.9	1176	1077	99	8.418
N5.HOG0056051	smart-gap	1.0	1650	1638	12	0.727
N5.HOG0056052	smart-gap	1.0	873	765	108	12.371
N5.HOG0056052	gappy90	0.9	873	507	366	41.924
N5.HOG0056066	smart-gap	1.0	6450	4842	1608	24.93
N5.HOG0056077	smart-gap	0.1442	1602	1551	51	3.184
N5.HOG0056082	smart-gap	0.9823	2715	2406	309	11.381
N5.HOG0056082	gappy90	0.9	2715	2166	549	20.221
N5.HOG0056121	smart-gap	0.9924	948	741	207	21.835
N5.HOG0056121	gappy90	0.9	948	690	258	27.215
N5.HOG0056124	smart-gap	0.9917	1608	1533	75	4.664
N5.HOG0056124	gappy90	0.9	1608	1416	192	11.94
N5.HOG0056125	smart-gap	0.8561	3132	1764	1368	43.678
N5.HOG0056126	smart-gap	0.1481	855	825	30	3.509
N5.HOG0056136	smart-gap	0.982	1839	1722	117	6.362
N5.HOG0056136	gappy90	0.9	1839	1647	192	10.44
N5.HOG0056207	smart-gap	0.9771	3114	2622	492	15.8
N5.HOG0056207	gappy90	0.9	3114	2478	636	20.424
N5.HOG0056217	smart-gap	0.9916	3867	3519	348	8.999
N5.HOG0056217	gappy90	0.9	3867	3219	648	16.757
N5.HOG0056241	smart-gap	1.0	3636	2922	714	19.637
N5.HOG0056241	gappy90	0.9	3636	1953	1683	46.287
N5.HOG0056258	smart-gap	0.9892	2031	1923	108	5.318
N5.HOG0056258	gappy90	0.9	2031	1833	198	9.749
N5.HOG0056308	smart-gap	1.0	2706	2637	69	2.55
N5.HOG0056308	gappy90	0.9	2706	2547	159	5.876
N5.HOG0056317	smart-gap	0.9926	1248	924	324	25.962
N5.HOG0056317	gappy90	0.9	1248	762	486	38.942
N5.HOG0056319	smart-gap	1.0	1284	1275	9	0.701
N5.HOG0056319	gappy90	0.9	1284	1221	63	4.907
N5.HOG0056322	smart-gap	0.9626	609	384	225	36.946
N5.HOG0056322	gappy90	0.9	609	384	225	36.946
N5.HOG0056345	smart-gap	0.9928	5778	3936	1842	31.88
N5.HOG0056345	gappy90	0.9	5778	2781	2997	51.869
N5.HOG0056356	smart-gap	0.9912	3141	2727	414	13.181
N5.HOG0056356	gappy90	0.9	3141	2517	624	19.866
N5.HOG0056382	smart-gap	0.9927	738	720	18	2.439
N5.HOG0056382	gappy90	0.9	738	663	75	10.163
N5.HOG0056414	smart-gap	0.9823	1455	1380	75	5.155
N5.HOG0056414	gappy90	0.9	1455	1302	153	10.515
N5.HOG0056432	smart-gap	0.9925	1860	1449	411	22.097
N5.HOG0056432	gappy90	0.9	1860	954	906	48.71
N5.HOG0056441	smart-gap	1.0	1479	1395	84	5.68
N5.HOG0056441	gappy90	0.9	1479	1233	246	16.633
N5.HOG0056464	smart-gap	0.9878	1221	1152	69	5.651
N5.HOG0056464	gappy90	0.9	1221	876	345	28.256
N5.HOG0056474	smart-gap	0.9769	2832	2412	420	14.831
N5.HOG0056474	gappy90	0.9	2832	2247	585	20.657
N5.HOG0056496	smart-gap	0.9756	2805	2598	207	7.38
N5.HOG0056496	gappy90	0.9	2805	1803	1002	35.722
N5.HOG0056501	smart-gap	1.0	606	501	105	17.327
N5.HOG0056501	gappy90	0.9	606	420	186	30.693
N5.HOG0056509	smart-gap	0.9918	2271	2178	93	4.095
N5.HOG0056509	gappy90	0.9	2271	2073	198	8.719
N5.HOG0056527	smart-gap	1.0	1041	924	117	11.239
N5.HOG0056527	gappy90	0.9	1041	714	327	31.412
N5.HOG0056628	smart-gap	0.3011	2466	2079	387	15.693
N5.HOG0056631	smart-gap	0.9457	1185	1110	75	6.329
N5.HOG0056631	gappy90	0.9	1185	1083	102	8.608
N5.HOG0056632	smart-gap	0.8077	3633	2403	1230	33.856
N5.HOG0056650	smart-gap	0.9921	2952	2109	843	28.557
N5.HOG0056650	gappy90	0.9	2952	1503	1449	49.085
N5.HOG0056665	smart-gap	1.0	2364	2109	255	10.787
N5.HOG0056665	gappy90	0.9	2364	1890	474	20.051
N5.HOG0056667	smart-gap	1.0	1314	1236	78	5.936
N5.HOG0056667	gappy90	0.9	1314	1017	297	22.603
N5.HOG0056679	smart-gap	1.0	2133	2091	42	1.969
N5.HOG0056679	gappy90	0.9	2133	1608	525	24.613
N5.HOG0056681	smart-gap	0.1765	1947	1707	240	12.327
N5.HOG0056694	smart-gap	0.9592	1524	1401	123	8.071
N5.HOG0056694	gappy90	0.9	1524	1347	177	11.614
N5.HOG0056707	smart-gap	0.1374	1044	996	48	4.598
N5.HOG0056708	smart-gap	0.9919	1824	1671	153	8.388
N5.HOG0056708	gappy90	0.9	1824	1521	303	16.612
N5.HOG0056733	smart-gap	0.9926	987	768	219	22.188
N5.HOG0056733	gappy90	0.9	987	630	357	36.17
N5.HOG0056734	smart-gap	1.0	1788	1773	15	0.839
N5.HOG0056734	gappy90	0.9	1788	1614	174	9.732
N5.HOG0056745	smart-gap	1.0	2628	2484	144	5.479
N5.HOG0056745	gappy90	0.9	2628	1563	1065	40.525
N5.HOG0056757	smart-gap	0.9692	900	804	96	10.667
N5.HOG0056757	gappy90	0.9	900	753	147	16.333
N5.HOG0056765	smart-gap	0.9908	3264	2697	567	17.371
N5.HOG0056765	gappy90	0.9	3264	2235	1029	31.526
N5.HOG0056767	smart-gap	0.9457	2004	1731	273	13.623
N5.HOG0056767	gappy90	0.9	2004	1689	315	15.719
N5.HOG0056768	smart-gap	0.9908	924	918	6	0.649
N5.HOG0056768	gappy90	0.9	924	846	78	8.442
N5.HOG0056774	smart-gap	0.9924	4209	2820	1389	33.001
N5.HOG0056774	gappy90	0.9	4209	1542	2667	63.364
N5.HOG0056796	smart-gap	1.0	1056	996	60	5.682
N5.HOG0056796	gappy90	0.9	1056	657	399	37.784
N5.HOG0056811	smart-gap	0.9792	2394	2091	303	12.657
N5.HOG0056811	gappy90	0.9	2394	2034	360	15.038
N5.HOG0056816	smart-gap	1.0	1143	1119	24	2.1
N5.HOG0056816	gappy90	0.9	1143	888	255	22.31
N5.HOG0056839	smart-gap	1.0	1419	1266	153	10.782
N5.HOG0056839	gappy90	0.9	1419	1242	177	12.474
N5.HOG0056840	smart-gap	0.9375	3087	2025	1062	34.402
N5.HOG0056840	gappy90	0.9	3087	1659	1428	46.259
N5.HOG0056841	smart-gap	1.0	804	789	15	1.866
N5.HOG0056841	gappy90	0.9	804	543	261	32.463
N5.HOG0056859	smart-gap	0.9923	2340	1998	342	14.615
N5.HOG0056859	gappy90	0.9	2340	1605	735	31.41
N5.HOG0056864	smart-gap	0.9927	2307	1842	465	20.156
N5.HOG0056864	gappy90	0.9	2307	1032	1275	55.267
N5.HOG0056872	smart-gap	0.9922	2997	2235	762	25.425
N5.HOG0056872	gappy90	0.9	2997	1233	1764	58.859
N5.HOG0056874	smart-gap	0.9925	2478	1992	486	19.613
N5.HOG0056874	gappy90	0.9	2478	1464	1014	40.92
N5.HOG0056875	smart-gap	0.9878	3378	3327	51	1.51
N5.HOG0056875	gappy90	0.9	3378	3297	81	2.398
N5.HOG0056923	smart-gap	0.9847	1014	873	141	13.905
N5.HOG0056923	gappy90	0.9	1014	855	159	15.68
N5.HOG0056928	smart-gap	0.9843	2052	1956	96	4.678
N5.HOG0056928	gappy90	0.9	2052	1899	153	7.456
N5.HOG0056975	smart-gap	0.9925	2475	2253	222	8.97
N5.HOG0056975	gappy90	0.9	2475	1863	612	24.727
N5.HOG0056976	smart-gap	0.9925	1731	1665	66	3.813
N5.HOG0056976	gappy90	0.9	1731	1317	414	23.917
N5.HOG0056991	smart-gap	0.9769	933	915	18	1.929
N5.HOG0056991	gappy90	0.9	933	906	27	2.894
N5.HOG0056995	smart-gap	0.9853	2313	2145	168	7.263
N5.HOG0056995	gappy90	0.9	2313	2058	255	11.025
N5.HOG0056996	smart-gap	1.0	774	756	18	2.326
N5.HOG0056996	gappy90	0.9	774	591	183	23.643
N5.HOG0057006	smart-gap	0.9909	3618	3498	120	3.317
N5.HOG0057006	gappy90	0.9	3618	3384	234	6.468
N5.HOG0057039	smart-gap	1.0	330	324	6	1.818
N5.HOG0057039	gappy90	0.9	330	309	21	6.364
N5.HOG0057040	smart-gap	0.9925	561	555	6	1.07
N5.HOG0057040	gappy90	0.9	561	531	30	5.348
N5.HOG0057059	smart-gap	0.087	1089	984	105	9.642
N5.HOG0057070	smart-gap	0.9926	4899	3006	1893	38.641
N5.HOG0057070	gappy90	0.9	4899	1308	3591	73.301
N5.HOG0057074	smart-gap	0.9903	954	951	3	0.314
N5.HOG0057074	gappy90	0.9	954	900	54	5.66
N5.HOG0057096	smart-gap	1.0	1392	1263	129	9.267
N5.HOG0057096	gappy90	0.9	1392	915	477	34.267
N5.HOG0057097	smart-gap	0.9848	2082	1878	204	9.798
N5.HOG0057097	gappy90	0.9	2082	1770	312	14.986
N5.HOG0057109	smart-gap	1.0	999	990	9	0.901
N5.HOG0057109	gappy90	0.9	999	804	195	19.52
N5.HOG0057122	smart-gap	0.9704	969	912	57	5.882
N5.HOG0057122	gappy90	0.9	969	807	162	16.718
N5.HOG0057127	smart-gap	0.9923	1392	1332	60	4.31
N5.HOG0057127	gappy90	0.9	1392	1236	156	11.207
N5.HOG0057128	smart-gap	1.0	1407	1362	45	3.198
N5.HOG0057128	gappy90	0.9	1407	1182	225	15.991
N5.HOG0057145	smart-gap	0.9912	3039	2952	87	2.863
N5.HOG0057145	gappy90	0.9	3039	2859	180	5.923
N5.HOG0057147	smart-gap	0.4146	1302	1167	135	10.369
N5.HOG0057154	smart-gap	0.9823	969	957	12	1.238
N5.HOG0057154	gappy90	0.9	969	939	30	3.096
N5.HOG0057161	smart-gap	0.9919	1242	1212	30	2.415
N5.HOG0057161	gappy90	0.9	1242	1170	72	5.797
N5.HOG0057164	smart-gap	0.964	1446	1407	39	2.697
N5.HOG0057164	gappy90	0.9	1446	1407	39	2.697
N5.HOG0057165	smart-gap	0.9318	855	789	66	7.719
N5.HOG0057165	gappy90	0.9	855	789	66	7.719
N5.HOG0057166	smart-gap	1.0	1554	1533	21	1.351
N5.HOG0057166	gappy90	0.9	1554	1200	354	22.78
N5.HOG0057177	smart-gap	1.0	3516	3294	222	6.314
N5.HOG0057177	gappy90	0.9	3516	3090	426	12.116
N5.HOG0057186	smart-gap	0.985	2106	1992	114	5.413
N5.HOG0057186	gappy90	0.9	2106	1941	165	7.835
N5.HOG0057187	smart-gap	0.9922	1437	1050	387	26.931
N5.HOG0057187	gappy90	0.9	1437	801	636	44.259
N5.HOG0057203	smart-gap	1.0	1326	1317	9	0.679
N5.HOG0057203	gappy90	0.9	1326	1146	180	13.575
N5.HOG0057204	smart-gap	0.9847	2667	2472	195	7.312
N5.HOG0057204	gappy90	0.9	2667	2313	354	13.273
N5.HOG0057205	smart-gap	0.9915	1167	1128	39	3.342
N5.HOG0057205	gappy90	0.9	1167	1065	102	8.74
N5.HOG0057213	smart-gap	1.0	2541	2088	453	17.828
N5.HOG0057213	gappy90	0.9	2541	1602	939	36.954
N5.HOG0057217	smart-gap	0.2581	879	765	114	12.969
N5.HOG0057220	smart-gap	0.9885	4425	4305	120	2.712
N5.HOG0057220	gappy90	0.9	4425	4242	183	4.136
N5.HOG0057234	smart-gap	0.9925	4716	3165	1551	32.888
N5.HOG0057234	gappy90	0.9	4716	1911	2805	59.478
N5.HOG0057253	smart-gap	0.9851	795	672	123	15.472
N5.HOG0057253	gappy90	0.9	795	555	240	30.189
N5.HOG0057278	smart-gap	0.9573	990	939	51	5.152
N5.HOG0057278	gappy90	0.9	990	855	135	13.636
N5.HOG0057280	smart-gap	0.9895	2289	2127	162	7.077
N5.HOG0057280	gappy90	0.9	2289	2100	189	8.257
N5.HOG0057284	smart-gap	0.2155	762	672	90	11.811
N5.HOG0057294	smart-gap	0.336	1827	1599	228	12.479
N5.HOG0057304	smart-gap	0.937	1098	807	291	26.503
N5.HOG0057304	gappy90	0.9	1098	765	333	30.328
N5.HOG0057305	smart-gap	0.9851	1389	1368	21	1.512
N5.HOG0057305	gappy90	0.9	1389	1338	51	3.672
N5.HOG0057311	smart-gap	0.8409	1251	1080	171	13.669
N5.HOG0057312	smart-gap	0.9921	1206	1152	54	4.478
N5.HOG0057312	gappy90	0.9	1206	1050	156	12.935
N5.HOG0057319	smart-gap	0.9904	954	792	162	16.981
N5.HOG0057319	gappy90	0.9	954	540	414	43.396
N5.HOG0057327	smart-gap	0.9252	1485	1308	177	11.919
N5.HOG0057327	gappy90	0.9	1485	1308	177	11.919
N5.HOG0057329	smart-gap	0.9922	1077	1056	21	1.95
N5.HOG0057329	gappy90	0.9	1077	963	114	10.585
N5.HOG0057347	smart-gap	0.875	471	444	27	5.732
N5.HOG0057377	smart-gap	1.0	1251	1221	30	2.398
N5.HOG0057377	gappy90	0.9	1251	981	270	21.583
N5.HOG0057379	smart-gap	0.9762	3423	3096	327	9.553
N5.HOG0057379	gappy90	0.9	3423	2997	426	12.445
N5.HOG0057386	smart-gap	1.0	1896	1860	36	1.899
N5.HOG0057386	gappy90	0.9	1896	1770	126	6.646
N5.HOG0057400	smart-gap	0.9925	1020	987	33	3.235
N5.HOG0057400	gappy90	0.9	1020	885	135	13.235
N5.HOG0057412	smart-gap	0.95	2184	1986	198	9.066
N5.HOG0057412	gappy90	0.9	2184	1800	384	17.582
N5.HOG0057421	smart-gap	0.0896	552	525	27	4.891
N5.HOG0057422	smart-gap	1.0	1416	1401	15	1.059
N5.HOG0057422	gappy90	0.9	1416	1326	90	6.356
N5.HOG0057436	smart-gap	0.9756	2409	1899	510	21.171
N5.HOG0057436	gappy90	0.9	2409	1749	660	27.397
N5.HOG0057439	smart-gap	0.9898	744	702	42	5.645
N5.HOG0057439	gappy90	0.9	744	642	102	13.71
N5.HOG0057441	smart-gap	0.9891	2220	1497	723	32.568
N5.HOG0057441	gappy90	0.9	2220	1347	873	39.324
N5.HOG0057448	smart-gap	0.9528	2352	2208	144	6.122
N5.HOG0057448	gappy90	0.9	2352	2076	276	11.735
N5.HOG0057451	smart-gap	0.9794	5349	3639	1710	31.969
N5.HOG0057451	gappy90	0.9	5349	2958	2391	44.7
N5.HOG0057469	smart-gap	1.0	828	822	6	0.725
N5.HOG0057469	gappy90	0.9	828	723	105	12.681
N5.HOG0057472	smart-gap	0.99	1686	1671	15	0.89
N5.HOG0057472	gappy90	0.9	1686	1653	33	1.957
N5.HOG0057477	smart-gap	1.0	477	471	6	1.258
N5.HOG0057477	gappy90	0.9	477	426	51	10.692
N5.HOG0057479	smart-gap	0.9655	1878	1779	99	5.272
N5.HOG0057479	gappy90	0.9	1878	1722	156	8.307
N5.HOG0057490	smart-gap	0.9924	1245	1197	48	3.855
N5.HOG0057490	gappy90	0.9	1245	1143	102	8.193
N5.HOG0057495	smart-gap	0.9851	2595	2463	132	5.087
N5.HOG0057495	gappy90	0.9	2595	2361	234	9.017
N5.HOG0057498	smart-gap	0.9917	1299	1239	60	4.619
N5.HOG0057498	gappy90	0.9	1299	1101	198	15.242
N5.HOG0057499	smart-gap	0.9852	1146	1095	51	4.45
N5.HOG0057499	gappy90	0.9	1146	1077	69	6.021
N5.HOG0057500	smart-gap	0.9919	879	819	60	6.826
N5.HOG0057500	gappy90	0.9	879	630	249	28.328
N5.HOG0057506	smart-gap	0.9922	1452	1395	57	3.926
N5.HOG0057506	gappy90	0.9	1452	1263	189	13.017
N5.HOG0057508	smart-gap	0.9889	2994	2784	210	7.014
N5.HOG0057508	gappy90	0.9	2994	2724	270	9.018
N5.HOG0057509	smart-gap	1.0	1587	1473	114	7.183
N5.HOG0057509	gappy90	0.9	1587	948	639	40.265
N5.HOG0057516	smart-gap	0.9922	2481	2103	378	15.236
N5.HOG0057516	gappy90	0.9	2481	1761	720	29.021
N5.HOG0057517	smart-gap	0.9804	3522	3429	93	2.641
N5.HOG0057517	gappy90	0.9	3522	3390	132	3.748
N5.HOG0057534	smart-gap	0.4302	1092	1065	27	2.473
N5.HOG0057575	smart-gap	1.0	2499	2424	75	3.001
N5.HOG0057575	gappy90	0.9	2499	2238	261	10.444
N5.HOG0057598	smart-gap	0.9552	1980	1800	180	9.091
N5.HOG0057598	gappy90	0.9	1980	1740	240	12.121
N5.HOG0057607	smart-gap	0.99	2784	2721	63	2.263
N5.HOG0057607	gappy90	0.9	2784	2574	210	7.543
N5.HOG0057631	smart-gap	0.9211	759	693	66	8.696
N5.HOG0057631	gappy90	0.9	759	684	75	9.881
N5.HOG0057660	smart-gap	0.9496	930	843	87	9.355
N5.HOG0057660	gappy90	0.9	930	810	120	12.903
N5.HOG0057661	smart-gap	0.9926	2949	2430	519	17.599
N5.HOG0057661	gappy90	0.9	2949	1800	1149	38.962
N5.HOG0057663	smart-gap	0.9904	966	915	51	5.28
N5.HOG0057663	gappy90	0.9	966	873	93	9.627
N5.HOG0057681	smart-gap	0.681	2073	2046	27	1.302
N5.HOG0057688	smart-gap	0.8438	2010	1899	111	5.522
N5.HOG0057689	smart-gap	0.9091	1272	1158	114	8.962
N5.HOG0057689	gappy90	0.9	1272	1098	174	13.679
N5.HOG0057690	smart-gap	0.9924	624	612	12	1.923
N5.HOG0057690	gappy90	0.9	624	546	78	12.5
N5.HOG0057691	smart-gap	0.136	1590	1566	24	1.509
N5.HOG0057692	smart-gap	0.9839	1974	1773	201	10.182
N5.HOG0057692	gappy90	0.9	1974	1740	234	11.854
N5.HOG0057702	smart-gap	0.9912	1329	1041	288	21.67
N5.HOG0057702	gappy90	0.9	1329	900	429	32.28
N5.HOG0057703	smart-gap	1.0	2064	1914	150	7.267
N5.HOG0057703	gappy90	0.9	2064	1569	495	23.983
N5.HOG0057707	smart-gap	0.9907	3660	3435	225	6.148
N5.HOG0057707	gappy90	0.9	3660	3060	600	16.393
N5.HOG0057714	smart-gap	0.9845	1437	1413	24	1.67
N5.HOG0057714	gappy90	0.9	1437	1404	33	2.296
N5.HOG0057715	smart-gap	1.0	627	513	114	18.182
N5.HOG0057715	gappy90	0.9	627	480	147	23.445
N5.HOG0057716	smart-gap	0.0169	390	360	30	7.692
N5.HOG0057723	smart-gap	0.9903	1476	1452	24	1.626
N5.HOG0057723	gappy90	0.9	1476	1404	72	4.878
N5.HOG0057725	smart-gap	0.9921	2367	1935	432	18.251
N5.HOG0057725	gappy90	0.9	2367	1563	804	33.967
N5.HOG0057726	smart-gap	0.3459	369	366	3	0.813
N5.HOG0057728	smart-gap	0.9273	8988	6186	2802	31.175
N5.HOG0057728	gappy90	0.9	8988	4719	4269	47.497
N5.HOG0057729	smart-gap	1.0	2352	1914	438	18.622
N5.HOG0057729	gappy90	0.9	2352	1587	765	32.526
N5.HOG0057731	smart-gap	1.0	1020	1005	15	1.471
N5.HOG0057731	gappy90	0.9	1020	909	111	10.882
N5.HOG0057738	smart-gap	0.787	621	618	3	0.483
N5.HOG0057740	smart-gap	1.0	3348	2958	390	11.649
N5.HOG0057740	gappy90	0.9	3348	1962	1386	41.398
N5.HOG0057743	smart-gap	1.0	1698	1635	63	3.71
N5.HOG0057743	gappy90	0.9	1698	1569	129	7.597
N5.HOG0057746	smart-gap	0.9918	1416	1338	78	5.508
N5.HOG0057746	gappy90	0.9	1416	1263	153	10.805
N5.HOG0057765	smart-gap	0.9919	2055	1605	450	21.898
N5.HOG0057765	gappy90	0.9	2055	1131	924	44.964
N5.HOG0057768	smart-gap	1.0	1950	1899	51	2.615
N5.HOG0057768	gappy90	0.9	1950	1851	99	5.077
N5.HOG0057771	smart-gap	0.9821	1296	1227	69	5.324
N5.HOG0057771	gappy90	0.9	1296	1197	99	7.639
N5.HOG0057778	smart-gap	0.218	759	705	54	7.115
N5.HOG0057801	smart-gap	1.0	2211	2178	33	1.493
N5.HOG0057801	gappy90	0.9	2211	2007	204	9.227
N5.HOG0057807	smart-gap	0.9904	1692	1596	96	5.674
N5.HOG0057807	gappy90	0.9	1692	1413	279	16.489
N5.HOG0057809	smart-gap	0.9583	1257	1182	75	5.967
N5.HOG0057809	gappy90	0.9	1257	1161	96	7.637
N5.HOG0057813	smart-gap	0.9922	900	813	87	9.667
N5.HOG0057813	gappy90	0.9	900	702	198	22.0
N5.HOG0057814	smart-gap	1.0	1968	1797	171	8.689
N5.HOG0057814	gappy90	0.9	1968	1440	528	26.829
N5.HOG0057815	smart-gap	0.991	3009	2733	276	9.172
N5.HOG0057815	gappy90	0.9	3009	2586	423	14.058
N5.HOG0057820	smart-gap	0.9528	4623	4467	156	3.374
N5.HOG0057820	gappy90	0.9	4623	4374	249	5.386
N5.HOG0057827	smart-gap	0.9923	732	681	51	6.967
N5.HOG0057827	gappy90	0.9	732	642	90	12.295
N5.HOG0057845	smart-gap	1.0	3186	3111	75	2.354
N5.HOG0057845	gappy90	0.9	3186	2964	222	6.968
N5.HOG0057846	smart-gap	0.3115	2154	1995	159	7.382
N5.HOG0057851	smart-gap	1.0	3540	3270	270	7.627
N5.HOG0057851	gappy90	0.9	3540	1914	1626	45.932
N5.HOG0057856	smart-gap	1.0	2562	2490	72	2.81
N5.HOG0057856	gappy90	0.9	2562	1992	570	22.248
N5.HOG0057868	smart-gap	0.991	1707	1641	66	3.866
N5.HOG0057868	gappy90	0.9	1707	1401	306	17.926
N5.HOG0057876	smart-gap	0.2556	1080	1011	69	6.389
N5.HOG0057879	smart-gap	0.9912	3570	3036	534	14.958
N5.HOG0057879	gappy90	0.9	3570	2286	1284	35.966
N5.HOG0057899	smart-gap	0.9925	864	807	57	6.597
N5.HOG0057899	gappy90	0.9	864	600	264	30.556
N5.HOG0057900	smart-gap	0.985	2802	2667	135	4.818
N5.HOG0057900	gappy90	0.9	2802	2571	231	8.244
N5.HOG0057901	smart-gap	1.0	2040	2028	12	0.588
N5.HOG0057901	gappy90	0.9	2040	1758	282	13.824
N5.HOG0057903	smart-gap	0.9907	2844	2835	9	0.316
N5.HOG0057903	gappy90	0.9	2844	2784	60	2.11
N5.HOG0057913	smart-gap	0.9923	1782	1329	453	25.421
N5.HOG0057913	gappy90	0.9	1782	1026	756	42.424
N5.HOG0057922	smart-gap	0.4725	1932	1248	684	35.404
N5.HOG0057941	smart-gap	0.9845	3129	1926	1203	38.447
N5.HOG0057941	gappy90	0.9	3129	1287	1842	58.869
N5.HOG0057948	smart-gap	0.6735	1752	1695	57	3.253
N5.HOG0057950	smart-gap	0.9847	1524	1326	198	12.992
N5.HOG0057950	gappy90	0.9	1524	1191	333	21.85
N5.HOG0057966	smart-gap	0.9923	1332	1308	24	1.802
N5.HOG0057966	gappy90	0.9	1332	1062	270	20.27
N5.HOG0057967	smart-gap	0.1407	1125	999	126	11.2
N5.HOG0057969	smart-gap	0.3143	1590	1425	165	10.377
N5.HOG0057973	smart-gap	1.0	999	972	27	2.703
N5.HOG0057973	gappy90	0.9	999	903	96	9.61
N5.HOG0057974	smart-gap	0.9398	1419	1158	261	18.393
N5.HOG0057974	gappy90	0.9	1419	1059	360	25.37
N5.HOG0057977	smart-gap	0.9915	5094	3849	1245	24.441
N5.HOG0057977	gappy90	0.9	5094	2721	2373	46.584
N5.HOG0057979	smart-gap	0.9912	831	768	63	7.581
N5.HOG0057979	gappy90	0.9	831	666	165	19.856
N5.HOG0057991	smart-gap	0.938	825	582	243	29.455
N5.HOG0057991	gappy90	0.9	825	525	300	36.364
N5.HOG0057994	smart-gap	0.9314	1536	1317	219	14.258
N5.HOG0057994	gappy90	0.9	1536	1239	297	19.336
N5.HOG0057997	smart-gap	0.9917	1086	825	261	24.033
N5.HOG0057997	gappy90	0.9	1086	666	420	38.674
N5.HOG0058002	smart-gap	1.0	2421	2289	132	5.452
N5.HOG0058002	gappy90	0.9	2421	2220	201	8.302
N5.HOG0058004	smart-gap	0.9833	2490	1995	495	19.88
N5.HOG0058004	gappy90	0.9	2490	1899	591	23.735
N5.HOG0058044	smart-gap	0.9837	1113	1077	36	3.235
N5.HOG0058044	gappy90	0.9	1113	1053	60	5.391
N5.HOG0058046	smart-gap	0.9843	5475	4371	1104	20.164
N5.HOG0058046	gappy90	0.9	5475	3681	1794	32.767
N5.HOG0058052	smart-gap	0.99	1965	1857	108	5.496
N5.HOG0058052	gappy90	0.9	1965	1824	141	7.176
N5.HOG0058053	smart-gap	0.9921	2322	2217	105	4.522
N5.HOG0058053	gappy90	0.9	2322	2118	204	8.786
N5.HOG0058055	smart-gap	1.0	2025	1956	69	3.407
N5.HOG0058055	gappy90	0.9	2025	1764	261	12.889
N5.HOG0058056	smart-gap	0.9924	1359	1260	99	7.285
N5.HOG0058056	gappy90	0.9	1359	1134	225	16.556
N5.HOG0058078	smart-gap	0.3391	2172	1995	177	8.149
N5.HOG0058080	smart-gap	0.9925	1182	1131	51	4.315
N5.HOG0058080	gappy90	0.9	1182	1035	147	12.437
N5.HOG0058097	smart-gap	0.9912	1590	1047	543	34.151
N5.HOG0058097	gappy90	0.9	1590	852	738	46.415
N5.HOG0058105	smart-gap	0.9914	1536	1503	33	2.148
N5.HOG0058105	gappy90	0.9	1536	1446	90	5.859
N5.HOG0058106	smart-gap	0.9531	954	717	237	24.843
N5.HOG0058106	gappy90	0.9	954	684	270	28.302
N5.HOG0058107	smart-gap	0.9925	834	759	75	8.993
N5.HOG0058107	gappy90	0.9	834	573	261	31.295
N5.HOG0058108	smart-gap	0.9173	1173	957	216	18.414
N5.HOG0058108	gappy90	0.9	1173	846	327	27.877
N5.HOG0058113	smart-gap	1.0	912	909	3	0.329
N5.HOG0058113	gappy90	0.9	912	828	84	9.211
N5.HOG0058114	smart-gap	0.9922	2376	1938	438	18.434
N5.HOG0058114	gappy90	0.9	2376	1815	561	23.611
N5.HOG0058118	smart-gap	0.1679	672	582	90	13.393
N5.HOG0058119	smart-gap	0.9735	945	849	96	10.159
N5.HOG0058119	gappy90	0.9	945	771	174	18.413
N5.HOG0058131	smart-gap	0.9921	3174	2502	672	21.172
N5.HOG0058131	gappy90	0.9	3174	1995	1179	37.146
N5.HOG0058137	smart-gap	0.9922	1578	1461	117	7.414
N5.HOG0058137	gappy90	0.9	1578	1296	282	17.871
N5.HOG0058140	smart-gap	0.12	1011	975	36	3.561
N5.HOG0058149	smart-gap	0.9845	2328	2151	177	7.603
N5.HOG0058149	gappy90	0.9	2328	2019	309	13.273
N5.HOG0058166	smart-gap	0.234	1542	1479	63	4.086
N5.HOG0058167	smart-gap	0.9844	1125	1092	33	2.933
N5.HOG0058167	gappy90	0.9	1125	1008	117	10.4
N5.HOG0058170	smart-gap	0.1797	576	519	57	9.896
N5.HOG0058193	smart-gap	0.9923	1542	1533	9	0.584
N5.HOG0058193	gappy90	0.9	1542	1512	30	1.946
N5.HOG0058205	smart-gap	1.0	795	792	3	0.377
N5.HOG0058205	gappy90	0.9	795	753	42	5.283
N5.HOG0058206	smart-gap	0.9841	2631	2562	69	2.623
N5.HOG0058206	gappy90	0.9	2631	2508	123	4.675
N5.HOG0058214	smart-gap	0.9449	1746	1542	204	11.684
N5.HOG0058214	gappy90	0.9	1746	1527	219	12.543
N5.HOG0058215	smart-gap	1.0	1572	1512	60	3.817
N5.HOG0058215	gappy90	0.9	1572	1338	234	14.885
N5.HOG0058223	smart-gap	0.9915	2205	1911	294	13.333
N5.HOG0058223	gappy90	0.9	2205	1728	477	21.633
N5.HOG0058226	smart-gap	0.2742	867	735	132	15.225
N5.HOG0058239	smart-gap	1.0	774	750	24	3.101
N5.HOG0058239	gappy90	0.9	774	564	210	27.132
N5.HOG0058242	smart-gap	0.99	2133	2112	21	0.985
N5.HOG0058242	gappy90	0.9	2133	2079	54	2.532
N5.HOG0058262	smart-gap	0.989	1593	1548	45	2.825
N5.HOG0058262	gappy90	0.9	1593	1503	90	5.65
N5.HOG0058276	smart-gap	0.9891	1470	1434	36	2.449
N5.HOG0058276	gappy90	0.9	1470	1377	93	6.327
N5.HOG0058287	smart-gap	0.9612	2235	2058	177	7.919
N5.HOG0058287	gappy90	0.9	2235	1971	264	11.812
N5.HOG0058294	smart-gap	0.1048	1539	1305	234	15.205
N5.HOG0058303	smart-gap	0.8132	1944	1938	6	0.309
N5.HOG0058310	smart-gap	0.1818	1824	1080	744	40.789
N5.HOG0058311	smart-gap	1.0	3021	2826	195	6.455
N5.HOG0058311	gappy90	0.9	3021	2466	555	18.371
N5.HOG0058328	smart-gap	0.2778	729	717	12	1.646
N5.HOG0058333	smart-gap	0.9907	3111	2973	138	4.436
N5.HOG0058333	gappy90	0.9	3111	2109	1002	32.208
N5.HOG0058334	smart-gap	1.0	2571	2478	93	3.617
N5.HOG0058334	gappy90	0.9	2571	2346	225	8.751
N5.HOG0058337	smart-gap	0.9741	1173	1041	132	11.253
N5.HOG0058337	gappy90	0.9	1173	1002	171	14.578
N5.HOG0058341	smart-gap	0.9905	1443	1200	243	16.84
N5.HOG0058341	gappy90	0.9	1443	945	498	34.511
N5.HOG0058342	smart-gap	0.9767	1575	1302	273	17.333
N5.HOG0058342	gappy90	0.9	1575	1167	408	25.905
N5.HOG0058355	smart-gap	0.1875	978	750	228	23.313
N5.HOG0058356	smart-gap	0.9917	4935	3480	1455	29.483
N5.HOG0058356	gappy90	0.9	4935	2949	1986	40.243
N5.HOG0058371	smart-gap	0.9925	10671	7281	3390	31.768
N5.HOG0058371	gappy90	0.9	10671	3732	6939	65.027
N5.HOG0058372	smart-gap	0.9545	639	537	102	15.962
N5.HOG0058372	gappy90	0.9	639	537	102	15.962
N5.HOG0058392	smart-gap	1.0	2316	2268	48	2.073
N5.HOG0058392	gappy90	0.9	2316	2019	297	12.824
N5.HOG0058408	smart-gap	0.9915	2181	2091	90	4.127
N5.HOG0058408	gappy90	0.9	2181	2004	177	8.116
N5.HOG0058409	smart-gap	0.9924	402	390	12	2.985
N5.HOG0058409	gappy90	0.9	402	333	69	17.164
N5.HOG0058419	smart-gap	0.65	1743	1617	126	7.229
N5.HOG0058420	smart-gap	1.0	2103	1950	153	7.275
N5.HOG0058420	gappy90	0.9	2103	1848	255	12.126
N5.HOG0058431	smart-gap	0.9918	1224	1170	54	4.412
N5.HOG0058431	gappy90	0.9	1224	1062	162	13.235
N5.HOG0058434	smart-gap	0.7846	564	558	6	1.064
N5.HOG0058435	smart-gap	0.9606	963	951	12	1.246
N5.HOG0058435	gappy90	0.9	963	948	15	1.558
N5.HOG0058468	smart-gap	0.9877	720	669	51	7.083
N5.HOG0058468	gappy90	0.9	720	552	168	23.333
N5.HOG0058481	smart-gap	1.0	843	717	126	14.947
N5.HOG0058481	gappy90	0.9	843	474	369	43.772
N5.HOG0058484	smart-gap	0.0846	480	456	24	5.0
N5.HOG0058485	smart-gap	1.0	3141	2970	171	5.444
N5.HOG0058485	gappy90	0.9	3141	2565	576	18.338
N5.HOG0058486	smart-gap	1.0	837	741	96	11.47
N5.HOG0058486	gappy90	0.9	837	540	297	35.484
N5.HOG0058487	smart-gap	0.1374	579	510	69	11.917
N5.HOG0058489	smart-gap	1.0	1545	1539	6	0.388
N5.HOG0058489	gappy90	0.9	1545	1521	24	1.553
N5.HOG0058490	smart-gap	0.9746	2097	1350	747	35.622
N5.HOG0058490	gappy90	0.9	2097	1050	1047	49.928
N5.HOG0058493	smart-gap	0.9881	2568	2535	33	1.285
N5.HOG0058493	gappy90	0.9	2568	2478	90	3.505
N5.HOG0058494	smart-gap	1.0	1812	1380	432	23.841
N5.HOG0058494	gappy90	0.9	1812	771	1041	57.45
N5.HOG0058510	smart-gap	1.0	2973	2925	48	1.615
N5.HOG0058510	gappy90	0.9	2973	2877	96	3.229
N5.HOG0058513	smart-gap	0.4421	1872	1707	165	8.814
N5.HOG0058514	smart-gap	1.0	1836	1803	33	1.797
N5.HOG0058514	gappy90	0.9	1836	1755	81	4.412
N5.HOG0058518	smart-gap	0.9923	1266	1257	9	0.711
N5.HOG0058518	gappy90	0.9	1266	1203	63	4.976
N5.HOG0058519	smart-gap	0.9923	1638	1392	246	15.018
N5.HOG0058519	gappy90	0.9	1638	1227	411	25.092
N5.HOG0058528	smart-gap	0.9913	2808	2337	471	16.774
N5.HOG0058528	gappy90	0.9	2808	2034	774	27.564
N5.HOG0058531	smart-gap	0.9912	3609	3243	366	10.141
N5.HOG0058531	gappy90	0.9	3609	3039	570	15.794
N5.HOG0058537	smart-gap	0.949	1227	1182	45	3.667
N5.HOG0058537	gappy90	0.9	1227	1167	60	4.89
N5.HOG0058539	smart-gap	0.9924	5739	4995	744	12.964
N5.HOG0058539	gappy90	0.9	5739	3885	1854	32.305
N5.HOG0058553	smart-gap	0.9916	1500	1320	180	12.0
N5.HOG0058553	gappy90	0.9	1500	1251	249	16.6
N5.HOG0058554	smart-gap	1.0	2484	2166	318	12.802
N5.HOG0058554	gappy90	0.9	2484	1365	1119	45.048
N5.HOG0058556	smart-gap	0.9916	2724	2115	609	22.357
N5.HOG0058556	gappy90	0.9	2724	1554	1170	42.952
N5.HOG0058560	smart-gap	0.9828	2967	2874	93	3.134
N5.HOG0058560	gappy90	0.9	2967	2808	159	5.359
N5.HOG0058563	smart-gap	1.0	4359	3879	480	11.012
N5.HOG0058563	gappy90	0.9	4359	1884	2475	56.779
N5.HOG0058570	smart-gap	0.9919	2616	2349	267	10.206
N5.HOG0058570	gappy90	0.9	2616	1998	618	23.624
N5.HOG0058585	smart-gap	0.1047	732	522	210	28.689
N5.HOG0058590	smart-gap	1.0	2325	2055	270	11.613
N5.HOG0058590	gappy90	0.9	2325	1641	684	29.419
N5.HOG0058592	smart-gap	1.0	6423	5739	684	10.649
N5.HOG0058592	gappy90	0.9	6423	3540	2883	44.886
N5.HOG0058602	smart-gap	0.9924	708	570	138	19.492
N5.HOG0058602	gappy90	0.9	708	426	282	39.831
N5.HOG0058604	smart-gap	0.9912	6015	3873	2142	35.611
N5.HOG0058604	gappy90	0.9	6015	3492	2523	41.945
N5.HOG0058609	smart-gap	0.9841	2328	2163	165	7.088
N5.HOG0058609	gappy90	0.9	2328	2001	327	14.046
N5.HOG0058625	smart-gap	0.9921	1311	1233	78	5.95
N5.HOG0058625	gappy90	0.9	1311	1161	150	11.442
N5.HOG0058633	smart-gap	0.9316	942	768	174	18.471
N5.HOG0058633	gappy90	0.9	942	753	189	20.064
N5.HOG0058647	smart-gap	0.9912	2331	2187	144	6.178
N5.HOG0058647	gappy90	0.9	2331	2127	204	8.752
N5.HOG0058656	smart-gap	0.9924	1464	1350	114	7.787
N5.HOG0058656	gappy90	0.9	1464	1266	198	13.525
N5.HOG0058657	smart-gap	0.9618	687	474	213	31.004
N5.HOG0058657	gappy90	0.9	687	465	222	32.314
N5.HOG0058658	smart-gap	0.9923	729	684	45	6.173
N5.HOG0058658	gappy90	0.9	729	507	222	30.453
N5.HOG0058667	smart-gap	1.0	1326	1323	3	0.226
N5.HOG0058667	gappy90	0.9	1326	1110	216	16.29
N5.HOG0058669	smart-gap	0.9915	966	939	27	2.795
N5.HOG0058669	gappy90	0.9	966	876	90	9.317
N5.HOG0058670	smart-gap	0.976	786	765	21	2.672
N5.HOG0058670	gappy90	0.9	786	714	72	9.16
N5.HOG0058671	smart-gap	0.9921	2025	1959	66	3.259
N5.HOG0058671	gappy90	0.9	2025	1938	87	4.296
N5.HOG0058672	smart-gap	0.9771	1665	1212	453	27.207
N5.HOG0058672	gappy90	0.9	1665	1035	630	37.838
N5.HOG0058673	smart-gap	0.9925	1740	1431	309	17.759
N5.HOG0058673	gappy90	0.9	1740	1260	480	27.586
N5.HOG0058674	smart-gap	1.0	3588	3117	471	13.127
N5.HOG0058674	gappy90	0.9	3588	864	2724	75.92
N5.HOG0058676	smart-gap	1.0	657	654	3	0.457
N5.HOG0058676	gappy90	0.9	657	654	3	0.457
N5.HOG0058690	smart-gap	0.9767	1530	1404	126	8.235
N5.HOG0058690	gappy90	0.9	1530	1134	396	25.882
N5.HOG0058706	smart-gap	0.9923	1131	1122	9	0.796
N5.HOG0058706	gappy90	0.9	1131	1023	108	9.549
N5.HOG0058715	smart-gap	1.0	1092	1008	84	7.692
N5.HOG0058715	gappy90	0.9	1092	876	216	19.78
N5.HOG0058734	smart-gap	0.9917	2433	1878	555	22.811
N5.HOG0058734	gappy90	0.9	2433	1605	828	34.032
N5.HOG0058742	smart-gap	0.9918	1626	1614	12	0.738
N5.HOG0058742	gappy90	0.9	1626	1533	93	5.72
N5.HOG0058744	smart-gap	0.9847	2562	1734	828	32.319
N5.HOG0058744	gappy90	0.9	2562	1068	1494	58.314
N5.HOG0058753	smart-gap	1.0	3627	3390	237	6.534
N5.HOG0058753	gappy90	0.9	3627	2415	1212	33.416
N5.HOG0058754	smart-gap	0.984	2874	2589	285	9.916
N5.HOG0058754	gappy90	0.9	2874	2433	441	15.344
N5.HOG0058762	smart-gap	0.9619	1935	1845	90	4.651
N5.HOG0058762	gappy90	0.9	1935	1764	171	8.837
N5.HOG0058764	smart-gap	0.1707	2319	2205	114	4.916
N5.HOG0058774	smart-gap	0.8898	1923	1791	132	6.864
N5.HOG0058776	smart-gap	0.9386	861	768	93	10.801
N5.HOG0058776	gappy90	0.9	861	723	138	16.028
N5.HOG0058793	smart-gap	0.217	1734	1665	69	3.979
N5.HOG0058806	smart-gap	0.9923	2652	2172	480	18.1
N5.HOG0058806	gappy90	0.9	2652	1701	951	35.86
N5.HOG0058808	smart-gap	0.9915	1059	1044	15	1.416
N5.HOG0058808	gappy90	0.9	1059	996	63	5.949
N5.HOG0058815	smart-gap	0.1858	1566	1524	42	2.682
N5.HOG0058817	smart-gap	0.9754	672	627	45	6.696
N5.HOG0058817	gappy90	0.9	672	585	87	12.946
N5.HOG0058825	smart-gap	0.8065	1152	1011	141	12.24
N5.HOG0058829	smart-gap	1.0	1941	1869	72	3.709
N5.HOG0058829	gappy90	0.9	1941	1821	120	6.182
N5.HOG0058857	smart-gap	0.1475	1614	1497	117	7.249
N5.HOG0058864	smart-gap	1.0	1338	1296	42	3.139
N5.HOG0058864	gappy90	0.9	1338	1089	249	18.61
N5.HOG0058865	smart-gap	0.9921	1437	1269	168	11.691
N5.HOG0058865	gappy90	0.9	1437	1131	306	21.294
N5.HOG0058866	smart-gap	0.9843	624	591	33	5.288
N5.HOG0058866	gappy90	0.9	624	573	51	8.173
N5.HOG0058895	smart-gap	0.9896	2418	1782	636	26.303
N5.HOG0058895	gappy90	0.9	2418	1719	699	28.908
N5.HOG0058896	smart-gap	0.9924	3450	2757	693	20.087
N5.HOG0058896	gappy90	0.9	3450	2061	1389	40.261
N5.HOG0058897	smart-gap	0.9926	1005	912	93	9.254
N5.HOG0058897	gappy90	0.9	1005	693	312	31.045
N5.HOG0058930	smart-gap	0.2828	1035	912	123	11.884
N5.HOG0058941	smart-gap	0.9845	1545	1092	453	29.32
N5.HOG0058941	gappy90	0.9	1545	909	636	41.165
N5.HOG0058942	smart-gap	1.0	2658	2478	180	6.772
N5.HOG0058942	gappy90	0.9	2658	1917	741	27.878
N5.HOG0058959	smart-gap	1.0	597	564	33	5.528
N5.HOG0058959	gappy90	0.9	597	339	258	43.216
N5.HOG0058967	smart-gap	0.8696	1698	1533	165	9.717
N5.HOG0058968	smart-gap	1.0	4548	3327	1221	26.847
N5.HOG0058968	gappy90	0.9	4548	1626	2922	64.248
N5.HOG0058972	smart-gap	0.9921	882	870	12	1.361
N5.HOG0058972	gappy90	0.9	882	678	204	23.129
N5.HOG0058973	smart-gap	0.9912	1722	1413	309	17.944
N5.HOG0058973	gappy90	0.9	1722	1326	396	22.997
N5.HOG0058975	smart-gap	1.0	2598	2481	117	4.503
N5.HOG0058975	gappy90	0.9	2598	1563	1035	39.838
N5.HOG0058976	smart-gap	1.0	3681	2868	813	22.086
N5.HOG0058976	gappy90	0.9	3681	1515	2166	58.843
N5.HOG0058977	smart-gap	0.9839	1899	1854	45	2.37
N5.HOG0058977	gappy90	0.9	1899	1737	162	8.531
N5.HOG0058978	smart-gap	0.9923	1278	1179	99	7.746
N5.HOG0058978	gappy90	0.9	1278	840	438	34.272
N5.HOG0058985	smart-gap	0.992	831	825	6	0.722
N5.HOG0058985	gappy90	0.9	831	717	114	13.718
N5.HOG0058990	smart-gap	1.0	1566	1509	57	3.64
N5.HOG0058990	gappy90	0.9	1566	1440	126	8.046
N5.HOG0058991	smart-gap	0.9924	948	828	120	12.658
N5.HOG0058991	gappy90	0.9	948	699	249	26.266
N5.HOG0058999	smart-gap	0.9924	1449	1314	135	9.317
N5.HOG0058999	gappy90	0.9	1449	1188	261	18.012
N5.HOG0059005	smart-gap	1.0	3207	2892	315	9.822
N5.HOG0059005	gappy90	0.9	3207	1704	1503	46.866
N5.HOG0059007	smart-gap	0.9918	1215	1098	117	9.63
N5.HOG0059007	gappy90	0.9	1215	909	306	25.185
N5.HOG0059011	smart-gap	0.9907	696	693	3	0.431
N5.HOG0059011	gappy90	0.9	696	561	135	19.397
N5.HOG0059015	smart-gap	0.9902	1689	1650	39	2.309
N5.HOG0059015	gappy90	0.9	1689	1590	99	5.861
N5.HOG0059018	smart-gap	1.0	6120	5658	462	7.549
N5.HOG0059018	gappy90	0.9	6120	3420	2700	44.118
N5.HOG0059023	smart-gap	0.9922	3039	2130	909	29.911
N5.HOG0059023	gappy90	0.9	3039	1548	1491	49.062
N5.HOG0059024	smart-gap	1.0	2505	2367	138	5.509
N5.HOG0059024	gappy90	0.9	2505	2121	384	15.329
N5.HOG0059043	smart-gap	1.0	1551	1344	207	13.346
N5.HOG0059043	gappy90	0.9	1551	981	570	36.75
N5.HOG0059044	smart-gap	0.9823	1842	1827	15	0.814
N5.HOG0059044	gappy90	0.9	1842	1797	45	2.443
N5.HOG0059046	smart-gap	1.0	2676	2469	207	7.735
N5.HOG0059046	gappy90	0.9	2676	1806	870	32.511
N5.HOG0059059	smart-gap	1.0	2118	2079	39	1.841
N5.HOG0059059	gappy90	0.9	2118	1917	201	9.49
N5.HOG0059063	smart-gap	0.266	1728	1665	63	3.646
N5.HOG0059065	smart-gap	0.9919	2082	1527	555	26.657
N5.HOG0059065	gappy90	0.9	2082	1281	801	38.473
N5.HOG0059066	smart-gap	0.9593	1140	1098	42	3.684
N5.HOG0059066	gappy90	0.9	1140	1083	57	5.0
N5.HOG0059069	smart-gap	0.9908	1536	1437	99	6.445
N5.HOG0059069	gappy90	0.9	1536	1350	186	12.109
N5.HOG0059107	smart-gap	0.9919	1650	1536	114	6.909
N5.HOG0059107	gappy90	0.9	1650	1254	396	24.0
N5.HOG0059145	smart-gap	0.992	2697	2283	414	15.35
N5.HOG0059145	gappy90	0.9	2697	2106	591	21.913
N5.HOG0059160	smart-gap	0.9914	1794	1722	72	4.013
N5.HOG0059160	gappy90	0.9	1794	1692	102	5.686
N5.HOG0059162	smart-gap	1.0	690	687	3	0.435
N5.HOG0059162	gappy90	0.9	690	666	24	3.478
N5.HOG0059163	smart-gap	0.992	1920	1872	48	2.5
N5.HOG0059163	gappy90	0.9	1920	1659	261	13.594
N5.HOG0059172	smart-gap	0.9811	1995	1992	3	0.15
N5.HOG0059172	gappy90	0.9	1995	1986	9	0.451
N5.HOG0059174	smart-gap	0.992	2481	2358	123	4.958
N5.HOG0059174	gappy90	0.9	2481	2049	432	17.412
N5.HOG0059180	smart-gap	1.0	1605	1602	3	0.187
N5.HOG0059180	gappy90	0.9	1605	1587	18	1.121
N5.HOG0059184	smart-gap	0.3441	2298	2079	219	9.53
N5.HOG0059185	smart-gap	1.0	447	444	3	0.671
N5.HOG0059185	gappy90	0.9	447	363	84	18.792
N5.HOG0059186	smart-gap	0.9921	6792	4488	2304	33.922
N5.HOG0059186	gappy90	0.9	6792	2931	3861	56.846
N5.HOG0059188	smart-gap	0.9732	2856	2646	210	7.353
N5.HOG0059188	gappy90	0.9	2856	2562	294	10.294
N5.HOG0059189	smart-gap	0.9839	732	729	3	0.41
N5.HOG0059189	gappy90	0.9	732	603	129	17.623
N5.HOG0059196	smart-gap	0.8211	1308	744	564	43.119
N5.HOG0059203	smart-gap	0.9924	1341	1092	249	18.568
N5.HOG0059203	gappy90	0.9	1341	858	483	36.018
N5.HOG0059204	smart-gap	1.0	1848	1824	24	1.299
N5.HOG0059204	gappy90	0.9	1848	1572	276	14.935
N5.HOG0059232	smart-gap	0.9732	1881	1716	165	8.772
N5.HOG0059232	gappy90	0.9	1881	1563	318	16.906
N5.HOG0059233	smart-gap	0.9612	528	519	9	1.705
N5.HOG0059233	gappy90	0.9	528	519	9	1.705
N5.HOG0059234	smart-gap	1.0	1707	1680	27	1.582
N5.HOG0059234	gappy90	0.9	1707	1551	156	9.139
N5.HOG0059237	smart-gap	0.9917	3282	2577	705	21.481
N5.HOG0059237	gappy90	0.9	3282	2061	1221	37.203
N5.HOG0059260	smart-gap	1.0	1734	1632	102	5.882
N5.HOG0059260	gappy90	0.9	1734	1575	159	9.17
N5.HOG0059269	smart-gap	0.9912	3360	2517	843	25.089
N5.HOG0059269	gappy90	0.9	3360	2088	1272	37.857
N5.HOG0059271	smart-gap	0.9911	2814	2754	60	2.132
N5.HOG0059271	gappy90	0.9	2814	2673	141	5.011
N5.HOG0059274	smart-gap	0.9908	3639	3255	384	10.552
N5.HOG0059274	gappy90	0.9	3639	3006	633	17.395
N5.HOG0059279	smart-gap	0.9714	1791	1746	45	2.513
N5.HOG0059279	gappy90	0.9	1791	1728	63	3.518
N5.HOG0059302	smart-gap	1.0	906	873	33	3.642
N5.HOG0059302	gappy90	0.9	906	687	219	24.172
N5.HOG0059303	smart-gap	0.1692	819	801	18	2.198
N5.HOG0059304	smart-gap	0.9888	2007	1953	54	2.691
N5.HOG0059304	gappy90	0.9	2007	1890	117	5.83
N5.HOG0059331	smart-gap	0.9921	1599	1437	162	10.131
N5.HOG0059331	gappy90	0.9	1599	1281	318	19.887
N5.HOG0059332	smart-gap	1.0	1554	1401	153	9.846
N5.HOG0059332	gappy90	0.9	1554	1080	474	30.502
N5.HOG0059333	smart-gap	1.0	2262	2232	30	1.326
N5.HOG0059333	gappy90	0.9	2262	2154	108	4.775
N5.HOG0059335	smart-gap	0.1182	1971	1959	12	0.609
N5.HOG0059337	smart-gap	0.9917	2364	2202	162	6.853
N5.HOG0059337	gappy90	0.9	2364	2070	294	12.437
N5.HOG0059353	smart-gap	1.0	1047	963	84	8.023
N5.HOG0059353	gappy90	0.9	1047	885	162	15.473
N5.HOG0059354	smart-gap	0.992	1239	1074	165	13.317
N5.HOG0059354	gappy90	0.9	1239	1008	231	18.644
N5.HOG0059359	smart-gap	0.4595	1593	1425	168	10.546
N5.HOG0059384	smart-gap	0.9913	804	765	39	4.851
N5.HOG0059384	gappy90	0.9	804	699	105	13.06
N5.HOG0059386	smart-gap	0.9412	1458	1335	123	8.436
N5.HOG0059386	gappy90	0.9	1458	1302	156	10.7
N5.HOG0059388	smart-gap	0.9919	2652	2442	210	7.919
N5.HOG0059388	gappy90	0.9	2652	2319	333	12.557
N5.HOG0059399	smart-gap	1.0	813	810	3	0.369
N5.HOG0059399	gappy90	0.9	813	726	87	10.701
N5.HOG0059401	smart-gap	0.976	1101	1080	21	1.907
N5.HOG0059401	gappy90	0.9	1101	1074	27	2.452
N5.HOG0059402	smart-gap	1.0	1413	1389	24	1.699
N5.HOG0059402	gappy90	0.9	1413	1305	108	7.643
N5.HOG0059411	smart-gap	0.9646	1719	1584	135	7.853
N5.HOG0059411	gappy90	0.9	1719	1494	225	13.089
N5.HOG0059416	smart-gap	0.989	2718	2556	162	5.96
N5.HOG0059416	gappy90	0.9	2718	2502	216	7.947
N5.HOG0059419	smart-gap	0.1769	993	915	78	7.855
N5.HOG0059423	smart-gap	0.15	951	804	147	15.457
N5.HOG0059425	smart-gap	0.1083	987	954	33	3.343
N5.HOG0059440	smart-gap	1.0	1527	1524	3	0.196
N5.HOG0059440	gappy90	0.9	1527	1458	69	4.519
N5.HOG0059455	smart-gap	0.9922	2541	1827	714	28.099
N5.HOG0059455	gappy90	0.9	2541	1524	1017	40.024
N5.HOG0059457	smart-gap	0.992	1398	1263	135	9.657
N5.HOG0059457	gappy90	0.9	1398	1065	333	23.82
N5.HOG0059484	smart-gap	1.0	1944	1896	48	2.469
N5.HOG0059484	gappy90	0.9	1944	1512	432	22.222
N5.HOG0059492	smart-gap	0.4062	2094	1959	135	6.447
N5.HOG0059518	smart-gap	1.0	2493	2289	204	8.183
N5.HOG0059518	gappy90	0.9	2493	1254	1239	49.699
N5.HOG0059519	smart-gap	0.992	1611	1545	66	4.097
N5.HOG0059519	gappy90	0.9	1611	1317	294	18.25
N5.HOG0059540	smart-gap	0.2524	1524	1248	276	18.11
N5.HOG0059552	smart-gap	0.976	2034	1836	198	9.735
N5.HOG0059552	gappy90	0.9	2034	1740	294	14.454
N5.HOG0059567	smart-gap	0.1828	855	768	87	10.175
N5.HOG0059574	smart-gap	0.9818	2457	2325	132	5.372
N5.HOG0059574	gappy90	0.9	2457	2319	138	5.617
N5.HOG0059577	smart-gap	1.0	2070	1857	213	10.29
N5.HOG0059577	gappy90	0.9	2070	1581	489	23.623
N5.HOG0059579	smart-gap	1.0	2565	2382	183	7.135
N5.HOG0059579	gappy90	0.9	2565	2337	228	8.889
N5.HOG0059590	smart-gap	0.9831	3048	2628	420	13.78
N5.HOG0059590	gappy90	0.9	3048	2271	777	25.492
N5.HOG0059592	smart-gap	0.9206	1089	1068	21	1.928
N5.HOG0059592	gappy90	0.9	1089	1044	45	4.132
N5.HOG0059596	smart-gap	0.9841	3486	2391	1095	31.411
N5.HOG0059596	gappy90	0.9	3486	1533	1953	56.024
N5.HOG0059647	smart-gap	0.9732	3285	2646	639	19.452
N5.HOG0059647	gappy90	0.9	3285	2247	1038	31.598
N5.HOG0059649	smart-gap	1.0	1986	1884	102	5.136
N5.HOG0059649	gappy90	0.9	1986	1701	285	14.35
N5.HOG0059660	smart-gap	1.0	2220	2142	78	3.514
N5.HOG0059660	gappy90	0.9	2220	1710	510	22.973
N5.HOG0059668	smart-gap	0.2419	3096	2358	738	23.837
N5.HOG0059669	smart-gap	0.9841	1635	1539	96	5.872
N5.HOG0059669	gappy90	0.9	1635	1488	147	8.991
N5.HOG0059670	smart-gap	0.9921	600	576	24	4.0
N5.HOG0059670	gappy90	0.9	600	552	48	8.0
N5.HOG0059678	smart-gap	0.2778	876	813	63	7.192
N5.HOG0059680	smart-gap	1.0	1107	870	237	21.409
N5.HOG0059680	gappy90	0.9	1107	681	426	38.482
N5.HOG0059685	smart-gap	1.0	2703	2490	213	7.88
N5.HOG0059685	gappy90	0.9	2703	2181	522	19.312
N5.HOG0059689	smart-gap	0.2069	786	723	63	8.015
N5.HOG0059691	smart-gap	0.9918	4968	3216	1752	35.266
N5.HOG0059691	gappy90	0.9	4968	2247	2721	54.771
N5.HOG0059707	smart-gap	0.9914	1938	1908	30	1.548
N5.HOG0059707	gappy90	0.9	1938	1818	120	6.192
N5.HOG0059708	smart-gap	0.9921	1467	1053	414	28.221
N5.HOG0059708	gappy90	0.9	1467	609	858	58.487
N5.HOG0059709	smart-gap	1.0	561	522	39	6.952
N5.HOG0059709	gappy90	0.9	561	444	117	20.856
N5.HOG0059715	smart-gap	0.9841	2712	2157	555	20.465
N5.HOG0059715	gappy90	0.9	2712	1971	741	27.323
N5.HOG0059719	smart-gap	0.8898	1449	1413	36	2.484
N5.HOG0059732	smart-gap	1.0	1671	1629	42	2.513
N5.HOG0059732	gappy90	0.9	1671	1389	282	16.876
N5.HOG0059743	smart-gap	1.0	615	600	15	2.439
N5.HOG0059743	gappy90	0.9	615	582	33	5.366
N5.HOG0059749	smart-gap	1.0	561	546	15	2.674
N5.HOG0059749	gappy90	0.9	561	438	123	21.925
N5.HOG0059751	smart-gap	1.0	1290	1284	6	0.465
N5.HOG0059751	gappy90	0.9	1290	1218	72	5.581
N5.HOG0059760	smart-gap	0.984	1212	1101	111	9.158
N5.HOG0059760	gappy90	0.9	1212	1032	180	14.851
N5.HOG0059761	smart-gap	1.0	1392	1251	141	10.129
N5.HOG0059761	gappy90	0.9	1392	924	468	33.621
N5.HOG0059763	smart-gap	0.9915	2217	2049	168	7.578
N5.HOG0059763	gappy90	0.9	2217	1944	273	12.314
N5.HOG0059764	smart-gap	0.9922	1656	1491	165	9.964
N5.HOG0059764	gappy90	0.9	1656	1086	570	34.42
N5.HOG0059766	smart-gap	0.9912	1578	1446	132	8.365
N5.HOG0059766	gappy90	0.9	1578	1332	246	15.589
N5.HOG0059768	smart-gap	1.0	3096	2898	198	6.395
N5.HOG0059768	gappy90	0.9	3096	2562	534	17.248
N5.HOG0059769	smart-gap	0.9919	936	921	15	1.603
N5.HOG0059769	gappy90	0.9	936	837	99	10.577
N5.HOG0059792	smart-gap	0.9811	1314	1257	57	4.338
N5.HOG0059792	gappy90	0.9	1314	1203	111	8.447
N5.HOG0059794	smart-gap	0.9843	2841	1779	1062	37.381
N5.HOG0059794	gappy90	0.9	2841	1329	1512	53.221
N5.HOG0059795	smart-gap	0.9918	1326	1188	138	10.407
N5.HOG0059795	gappy90	0.9	1326	1014	312	23.529
N5.HOG0059796	smart-gap	0.992	1422	1377	45	3.165
N5.HOG0059796	gappy90	0.9	1422	1314	108	7.595
N5.HOG0059805	smart-gap	0.9187	1092	984	108	9.89
N5.HOG0059805	gappy90	0.9	1092	978	114	10.44
N5.HOG0059806	smart-gap	1.0	1683	1638	45	2.674
N5.HOG0059806	gappy90	0.9	1683	1425	258	15.33
N5.HOG0059807	smart-gap	0.9921	927	627	300	32.362
N5.HOG0059807	gappy90	0.9	927	399	528	56.958
N5.HOG0059811	smart-gap	0.9919	1098	1047	51	4.645
N5.HOG0059811	gappy90	0.9	1098	849	249	22.678
N5.HOG0059812	smart-gap	0.9921	4215	3159	1056	25.053
N5.HOG0059812	gappy90	0.9	4215	2154	2061	48.897
N5.HOG0059819	smart-gap	1.0	3750	3225	525	14.0
N5.HOG0059819	gappy90	0.9	3750	1251	2499	66.64
N5.HOG0059821	smart-gap	0.9916	1431	1005	426	29.769
N5.HOG0059821	gappy90	0.9	1431	585	846	59.119
N5.HOG0059828	smart-gap	0.7886	3123	2871	252	8.069
N5.HOG0059831	smart-gap	0.8704	1740	1611	129	7.414
N5.HOG0059833	smart-gap	1.0	777	768	9	1.158
N5.HOG0059833	gappy90	0.9	777	696	81	10.425
N5.HOG0059834	smart-gap	1.0	1863	1791	72	3.865
N5.HOG0059834	gappy90	0.9	1863	1611	252	13.527
N5.HOG0059839	smart-gap	0.9913	2319	2022	297	12.807
N5.HOG0059839	gappy90	0.9	2319	1671	648	27.943
N5.HOG0059840	smart-gap	1.0	1872	1509	363	19.391
N5.HOG0059840	gappy90	0.9	1872	978	894	47.756
N5.HOG0059841	smart-gap	1.0	3033	2541	492	16.222
N5.HOG0059841	gappy90	0.9	3033	1950	1083	35.707
N5.HOG0059850	smart-gap	0.9922	3108	1956	1152	37.066
N5.HOG0059850	gappy90	0.9	3108	906	2202	70.849
N5.HOG0059855	smart-gap	0.28	1971	1395	576	29.224
N5.HOG0059867	smart-gap	0.9921	2658	1926	732	27.54
N5.HOG0059867	gappy90	0.9	2658	1275	1383	52.032
N5.HOG0059868	smart-gap	0.9921	2658	1845	813	30.587
N5.HOG0059868	gappy90	0.9	2658	1512	1146	43.115
N5.HOG0059878	smart-gap	1.0	408	393	15	3.676
N5.HOG0059878	gappy90	0.9	408	339	69	16.912
N5.HOG0059934	smart-gap	0.9921	1605	1416	189	11.776
N5.HOG0059934	gappy90	0.9	1605	1191	414	25.794
N5.HOG0059939	smart-gap	1.0	654	624	30	4.587
N5.HOG0059939	gappy90	0.9	654	612	42	6.422
N5.HOG0059941	smart-gap	1.0	1011	993	18	1.78
N5.HOG0059941	gappy90	0.9	1011	891	120	11.869
N5.HOG0059945	smart-gap	0.9921	717	675	42	5.858
N5.HOG0059945	gappy90	0.9	717	519	198	27.615
N5.HOG0059968	smart-gap	0.7882	1677	1599	78	4.651
N5.HOG0059970	smart-gap	1.0	870	855	15	1.724
N5.HOG0059970	gappy90	0.9	870	717	153	17.586
N5.HOG0059985	smart-gap	0.9919	2670	2655	15	0.562
N5.HOG0059985	gappy90	0.9	2670	2562	108	4.045
N5.HOG0059986	smart-gap	1.0	1494	1455	39	2.61
N5.HOG0059986	gappy90	0.9	1494	1368	126	8.434
N5.HOG0059987	smart-gap	0.9766	1920	1281	639	33.281
N5.HOG0059987	gappy90	0.9	1920	735	1185	61.719
N5.HOG0059995	smart-gap	1.0	789	768	21	2.662
N5.HOG0059995	gappy90	0.9	789	717	72	9.125
N5.HOG0059996	smart-gap	0.9831	1188	1116	72	6.061
N5.HOG0059996	gappy90	0.9	1188	1026	162	13.636
N5.HOG0059998	smart-gap	0.9921	552	501	51	9.239
N5.HOG0059998	gappy90	0.9	552	444	108	19.565
N5.HOG0059999	smart-gap	0.9921	1749	1638	111	6.346
N5.HOG0059999	gappy90	0.9	1749	1389	360	20.583
N5.HOG0060010	smart-gap	0.992	2547	2130	417	16.372
N5.HOG0060010	gappy90	0.9	2547	1698	849	33.333
N5.HOG0060021	smart-gap	1.0	1338	1311	27	2.018
N5.HOG0060021	gappy90	0.9	1338	912	426	31.839
N5.HOG0060022	smart-gap	0.9919	2175	2019	156	7.172
N5.HOG0060022	gappy90	0.9	2175	1758	417	19.172
N5.HOG0060023	smart-gap	0.968	1431	1164	267	18.658
N5.HOG0060023	gappy90	0.9	1431	1080	351	24.528
N5.HOG0060026	smart-gap	1.0	2838	2214	624	21.987
N5.HOG0060026	gappy90	0.9	2838	1869	969	34.144
N5.HOG0060028	smart-gap	0.9917	4782	3387	1395	29.172
N5.HOG0060028	gappy90	0.9	4782	1584	3198	66.876
N5.HOG0060031	smart-gap	1.0	2217	2205	12	0.541
N5.HOG0060031	gappy90	0.9	2217	2160	57	2.571
N5.HOG0060034	smart-gap	1.0	3600	2937	663	18.417
N5.HOG0060034	gappy90	0.9	3600	2430	1170	32.5
N5.HOG0060035	smart-gap	0.9841	2475	2088	387	15.636
N5.HOG0060035	gappy90	0.9	2475	1716	759	30.667
N5.HOG0060039	smart-gap	0.9839	1707	1434	273	15.993
N5.HOG0060039	gappy90	0.9	1707	1155	552	32.337
N5.HOG0060047	smart-gap	0.8791	1458	1251	207	14.198
N5.HOG0060049	smart-gap	0.9915	1461	1434	27	1.848
N5.HOG0060049	gappy90	0.9	1461	1368	93	6.366
N5.HOG0060061	smart-gap	0.9898	2673	2331	342	12.795
N5.HOG0060061	gappy90	0.9	2673	2217	456	17.059
N5.HOG0060062	smart-gap	0.992	1308	1227	81	6.193
N5.HOG0060062	gappy90	0.9	1308	1158	150	11.468
N5.HOG0060063	smart-gap	0.9756	7326	3852	3474	47.42
N5.HOG0060063	gappy90	0.9	7326	2928	4398	60.033
N5.HOG0060065	smart-gap	0.9825	1644	1632	12	0.73
N5.HOG0060065	gappy90	0.9	1644	1626	18	1.095
N5.HOG0060067	smart-gap	0.9919	1470	1440	30	2.041
N5.HOG0060067	gappy90	0.9	1470	1380	90	6.122
N5.HOG0060069	smart-gap	0.4842	1680	1368	312	18.571
N5.HOG0060071	smart-gap	1.0	2868	2304	564	19.665
N5.HOG0060071	gappy90	0.9	2868	1749	1119	39.017
N5.HOG0060075	smart-gap	0.9912	1983	1881	102	5.144
N5.HOG0060075	gappy90	0.9	1983	1755	228	11.498
N5.HOG0060084	smart-gap	0.9919	4821	4611	210	4.356
N5.HOG0060084	gappy90	0.9	4821	2226	2595	53.827
N5.HOG0060089	smart-gap	1.0	1626	1518	108	6.642
N5.HOG0060089	gappy90	0.9	1626	1239	387	23.801
N5.HOG0060091	smart-gap	0.9206	786	708	78	9.924
N5.HOG0060091	gappy90	0.9	786	687	99	12.595
N5.HOG0060098	smart-gap	0.984	2295	1773	522	22.745
N5.HOG0060098	gappy90	0.9	2295	1575	720	31.373
N5.HOG0060099	smart-gap	1.0	1533	1521	12	0.783
N5.HOG0060099	gappy90	0.9	1533	1410	123	8.023
N5.HOG0060100	smart-gap	0.9921	3825	3705	120	3.137
N5.HOG0060100	gappy90	0.9	3825	822	3003	78.51
N5.HOG0060112	smart-gap	0.9841	1188	1104	84	7.071
N5.HOG0060112	gappy90	0.9	1188	963	225	18.939
N5.HOG0060113	smart-gap	0.9917	2643	2343	300	11.351
N5.HOG0060113	gappy90	0.9	2643	1938	705	26.674
N5.HOG0060132	smart-gap	0.9688	1992	1362	630	31.627
N5.HOG0060132	gappy90	0.9	1992	1083	909	45.633
N5.HOG0060133	smart-gap	1.0	1413	1326	87	6.157
N5.HOG0060133	gappy90	0.9	1413	1062	351	24.841
N5.HOG0060134	smart-gap	0.984	1623	1500	123	7.579
N5.HOG0060134	gappy90	0.9	1623	1431	192	11.83
N5.HOG0060137	smart-gap	0.9913	804	777	27	3.358
N5.HOG0060137	gappy90	0.9	804	726	78	9.701
N5.HOG0060138	smart-gap	0.984	1722	1590	132	7.666
N5.HOG0060138	gappy90	0.9	1722	1368	354	20.557
N5.HOG0060139	smart-gap	1.0	1386	1356	30	2.165
N5.HOG0060139	gappy90	0.9	1386	1131	255	18.398
N5.HOG0060142	smart-gap	1.0	492	489	3	0.61
N5.HOG0060142	gappy90	0.9	492	465	27	5.488
N5.HOG0060147	smart-gap	0.9919	1296	1185	111	8.565
N5.HOG0060147	gappy90	0.9	1296	975	321	24.769
N5.HOG0060149	smart-gap	0.9843	4536	3234	1302	28.704
N5.HOG0060149	gappy90	0.9	4536	2583	1953	43.056
N5.HOG0060151	smart-gap	1.0	702	603	99	14.103
N5.HOG0060151	gappy90	0.9	702	603	99	14.103
N5.HOG0060153	smart-gap	0.3708	1989	1617	372	18.703
N5.HOG0060155	smart-gap	1.0	3573	3399	174	4.87
N5.HOG0060155	gappy90	0.9	3573	2793	780	21.83
N5.HOG0060157	smart-gap	0.2255	897	867	30	3.344
N5.HOG0060161	smart-gap	0.2167	1143	930	213	18.635
N5.HOG0060186	smart-gap	0.9844	1143	942	201	17.585
N5.HOG0060186	gappy90	0.9	1143	855	288	25.197
N5.HOG0060198	smart-gap	0.2581	978	864	114	11.656
N5.HOG0060199	smart-gap	0.9921	981	921	60	6.116
N5.HOG0060199	gappy90	0.9	981	873	108	11.009
N5.HOG0060203	smart-gap	0.9505	3747	3189	558	14.892
N5.HOG0060203	gappy90	0.9	3747	3078	669	17.854
N5.HOG0060215	smart-gap	1.0	1530	1467	63	4.118
N5.HOG0060215	gappy90	0.9	1530	984	546	35.686
N5.HOG0060216	smart-gap	0.9921	1152	1086	66	5.729
N5.HOG0060216	gappy90	0.9	1152	1029	123	10.677
N5.HOG0060258	smart-gap	1.0	735	684	51	6.939
N5.HOG0060258	gappy90	0.9	735	606	129	17.551
N5.HOG0060266	smart-gap	0.9206	885	774	111	12.542
N5.HOG0060266	gappy90	0.9	885	723	162	18.305
N5.HOG0060267	smart-gap	0.992	3669	2847	822	22.404
N5.HOG0060267	gappy90	0.9	3669	1683	1986	54.129
N5.HOG0060268	smart-gap	0.9478	2028	1911	117	5.769
N5.HOG0060268	gappy90	0.9	2028	1878	150	7.396
N5.HOG0060283	smart-gap	0.984	3174	2352	822	25.898
N5.HOG0060283	gappy90	0.9	3174	1935	1239	39.036
N5.HOG0060290	smart-gap	0.992	1386	1044	342	24.675
N5.HOG0060290	gappy90	0.9	1386	771	615	44.372
N5.HOG0060292	smart-gap	0.931	1242	1170	72	5.797
N5.HOG0060292	gappy90	0.9	1242	1152	90	7.246
N5.HOG0060293	smart-gap	0.9918	669	660	9	1.345
N5.HOG0060293	gappy90	0.9	669	510	159	23.767
N5.HOG0060294	smart-gap	0.992	831	687	144	17.329
N5.HOG0060294	gappy90	0.9	831	516	315	37.906
N5.HOG0060295	smart-gap	0.9917	1392	1305	87	6.25
N5.HOG0060295	gappy90	0.9	1392	960	432	31.034
N5.HOG0060298	smart-gap	0.9919	4032	3105	927	22.991
N5.HOG0060298	gappy90	0.9	4032	2664	1368	33.929
N5.HOG0060299	smart-gap	0.984	822	804	18	2.19
N5.HOG0060299	gappy90	0.9	822	786	36	4.38
N5.HOG0060301	smart-gap	0.9918	1902	1773	129	6.782
N5.HOG0060301	gappy90	0.9	1902	1188	714	37.539
N5.HOG0060302	smart-gap	1.0	543	537	6	1.105
N5.HOG0060302	gappy90	0.9	543	474	69	12.707
N5.HOG0060303	smart-gap	0.9919	1422	1341	81	5.696
N5.HOG0060303	gappy90	0.9	1422	1077	345	24.262
N5.HOG0060304	smart-gap	1.0	768	741	27	3.516
N5.HOG0060304	gappy90	0.9	768	663	105	13.672
N5.HOG0060306	smart-gap	1.0	2226	2070	156	7.008
N5.HOG0060306	gappy90	0.9	2226	1878	348	15.633
N5.HOG0060311	smart-gap	0.9431	720	618	102	14.167
N5.HOG0060311	gappy90	0.9	720	618	102	14.167
N5.HOG0060348	smart-gap	0.9917	753	675	78	10.359
N5.HOG0060348	gappy90	0.9	753	381	372	49.402
N5.HOG0060349	smart-gap	0.9921	1083	942	141	13.019
N5.HOG0060349	gappy90	0.9	1083	837	246	22.715
N5.HOG0060350	smart-gap	0.9922	1719	1515	204	11.867
N5.HOG0060350	gappy90	0.9	1719	1260	459	26.702
N5.HOG0060351	smart-gap	0.9831	1707	1494	213	12.478
N5.HOG0060351	gappy90	0.9	1707	1347	360	21.09
N5.HOG0060355	smart-gap	1.0	1419	1416	3	0.211
N5.HOG0060355	gappy90	0.9	1419	1008	411	28.964
N5.HOG0060374	smart-gap	0.9917	2034	2013	21	1.032
N5.HOG0060374	gappy90	0.9	2034	1962	72	3.54
N5.HOG0060376	smart-gap	0.9917	1311	1227	84	6.407
N5.HOG0060376	gappy90	0.9	1311	1026	285	21.739
N5.HOG0060390	smart-gap	0.9915	3282	2031	1251	38.117
N5.HOG0060390	gappy90	0.9	3282	1341	1941	59.141
N5.HOG0060391	smart-gap	0.12	858	774	84	9.79
N5.HOG0060392	smart-gap	1.0	2955	2790	165	5.584
N5.HOG0060392	gappy90	0.9	2955	2244	711	24.061
N5.HOG0060393	smart-gap	1.0	2535	2460	75	2.959
N5.HOG0060393	gappy90	0.9	2535	2202	333	13.136
N5.HOG0060394	smart-gap	0.9919	2373	1935	438	18.458
N5.HOG0060394	gappy90	0.9	2373	1551	822	34.64
N5.HOG0060412	smart-gap	0.1091	1365	1269	96	7.033
N5.HOG0060413	smart-gap	1.0	7155	5514	1641	22.935
N5.HOG0060413	gappy90	0.9	7155	3324	3831	53.543
N5.HOG0060414	smart-gap	1.0	1593	1467	126	7.91
N5.HOG0060414	gappy90	0.9	1593	1305	288	18.079
N5.HOG0060415	smart-gap	0.9675	1248	1218	30	2.404
N5.HOG0060415	gappy90	0.9	1248	1188	60	4.808
N5.HOG0060417	smart-gap	0.9381	1455	1401	54	3.711
N5.HOG0060417	gappy90	0.9	1455	1380	75	5.155
N5.HOG0060435	smart-gap	0.8537	612	603	9	1.471
N5.HOG0060437	smart-gap	0.1489	1077	1047	30	2.786
N5.HOG0060438	smart-gap	1.0	645	618	27	4.186
N5.HOG0060438	gappy90	0.9	645	549	96	14.884
N5.HOG0060439	smart-gap	0.2617	2154	1968	186	8.635
N5.HOG0060449	smart-gap	0.9204	1104	1095	9	0.815
N5.HOG0060449	gappy90	0.9	1104	1095	9	0.815
N5.HOG0060450	smart-gap	1.0	810	684	126	15.556
N5.HOG0060450	gappy90	0.9	810	525	285	35.185
N5.HOG0060452	smart-gap	0.9829	585	579	6	1.026
N5.HOG0060452	gappy90	0.9	585	579	6	1.026
N5.HOG0060455	smart-gap	1.0	1437	1329	108	7.516
N5.HOG0060455	gappy90	0.9	1437	1137	300	20.877
N5.HOG0060457	smart-gap	0.9444	789	699	90	11.407
N5.HOG0060457	gappy90	0.9	789	690	99	12.548
N5.HOG0060459	smart-gap	0.963	744	699	45	6.048
N5.HOG0060459	gappy90	0.9	744	699	45	6.048
N5.HOG0060460	smart-gap	0.9912	3027	2838	189	6.244
N5.HOG0060460	gappy90	0.9	3027	2595	432	14.272
N5.HOG0060467	smart-gap	1.0	1359	1341	18	1.325
N5.HOG0060467	gappy90	0.9	1359	1209	150	11.038
N5.HOG0060472	smart-gap	1.0	1407	1401	6	0.426
N5.HOG0060472	gappy90	0.9	1407	1242	165	11.727
N5.HOG0060473	smart-gap	0.992	1152	1098	54	4.688
N5.HOG0060473	gappy90	0.9	1152	996	156	13.542
N5.HOG0060475	smart-gap	0.2571	2925	2904	21	0.718
N5.HOG0060478	smart-gap	0.9906	1335	1125	210	15.73
N5.HOG0060478	gappy90	0.9	1335	693	642	48.09
N5.HOG0060481	smart-gap	0.9915	1875	1731	144	7.68
N5.HOG0060481	gappy90	0.9	1875	1554	321	17.12
N5.HOG0060504	smart-gap	0.9765	600	594	6	1.0
N5.HOG0060504	gappy90	0.9	600	594	6	1.0
N5.HOG0060505	smart-gap	0.992	2046	1251	795	38.856
N5.HOG0060505	gappy90	0.9	2046	783	1263	61.73
N5.HOG0060507	smart-gap	0.9762	1251	1020	231	18.465
N5.HOG0060507	gappy90	0.9	1251	876	375	29.976
N5.HOG0060515	smart-gap	0.0726	648	627	21	3.241
N5.HOG0060519	smart-gap	0.0808	1851	1620	231	12.48
N5.HOG0060530	smart-gap	1.0	1722	1509	213	12.369
N5.HOG0060530	gappy90	0.9	1722	1287	435	25.261
N5.HOG0060531	smart-gap	0.9773	1896	1671	225	11.867
N5.HOG0060531	gappy90	0.9	1896	1632	264	13.924
N5.HOG0060533	smart-gap	0.9915	2286	2043	243	10.63
N5.HOG0060533	gappy90	0.9	2286	1980	306	13.386
N5.HOG0060545	smart-gap	0.9633	2865	2733	132	4.607
N5.HOG0060545	gappy90	0.9	2865	2709	156	5.445
N5.HOG0060546	smart-gap	0.9839	1035	894	141	13.623
N5.HOG0060546	gappy90	0.9	1035	771	264	25.507
N5.HOG0060547	smart-gap	0.9917	2073	1695	378	18.234
N5.HOG0060547	gappy90	0.9	2073	1218	855	41.245
N5.HOG0060548	smart-gap	1.0	642	606	36	5.607
N5.HOG0060548	gappy90	0.9	642	351	291	45.327
N5.HOG0060549	smart-gap	0.9744	4101	2370	1731	42.209
N5.HOG0060549	gappy90	0.9	4101	1974	2127	51.865
N5.HOG0060551	smart-gap	0.9911	1782	1689	93	5.219
N5.HOG0060551	gappy90	0.9	1782	1653	129	7.239
N5.HOG0060563	smart-gap	0.9917	2682	1911	771	28.747
N5.HOG0060563	gappy90	0.9	2682	1581	1101	41.051
N5.HOG0060564	smart-gap	0.9841	1302	1149	153	11.751
N5.HOG0060564	gappy90	0.9	1302	1092	210	16.129
N5.HOG0060567	smart-gap	1.0	2859	2667	192	6.716
N5.HOG0060567	gappy90	0.9	2859	2025	834	29.171
N5.HOG0060582	smart-gap	1.0	2472	2190	282	11.408
N5.HOG0060582	gappy90	0.9	2472	1827	645	26.092
N5.HOG0060598	smart-gap	0.1129	663	654	9	1.357
N5.HOG0060628	smart-gap	1.0	1176	1173	3	0.255
N5.HOG0060628	gappy90	0.9	1176	1140	36	3.061
N5.HOG0060652	smart-gap	0.9914	972	939	33	3.395
N5.HOG0060652	gappy90	0.9	972	915	57	5.864
N5.HOG0060653	smart-gap	1.0	1698	1695	3	0.177
N5.HOG0060653	gappy90	0.9	1698	1344	354	20.848
N5.HOG0060671	smart-gap	0.9919	576	537	39	6.771
N5.HOG0060671	gappy90	0.9	576	456	120	20.833
N5.HOG0060672	smart-gap	0.125	978	942	36	3.681
N5.HOG0060695	smart-gap	0.9886	456	390	66	14.474
N5.HOG0060695	gappy90	0.9	456	366	90	19.737
N5.HOG0060704	smart-gap	0.9829	2085	1989	96	4.604
N5.HOG0060704	gappy90	0.9	2085	1863	222	10.647
N5.HOG0060720	smart-gap	0.9912	3492	2964	528	15.12
N5.HOG0060720	gappy90	0.9	3492	2658	834	23.883
N5.HOG0060731	smart-gap	0.9897	2229	1926	303	13.594
N5.HOG0060731	gappy90	0.9	2229	1872	357	16.016
N5.HOG0060742	smart-gap	0.9916	669	516	153	22.87
N5.HOG0060742	gappy90	0.9	669	423	246	36.771
N5.HOG0060751	smart-gap	1.0	1692	1671	21	1.241
N5.HOG0060751	gappy90	0.9	1692	1581	111	6.56
N5.HOG0060752	smart-gap	1.0	1431	1419	12	0.839
N5.HOG0060752	gappy90	0.9	1431	1359	72	5.031
N5.HOG0060775	smart-gap	0.6381	1110	1068	42	3.784
N5.HOG0060778	smart-gap	0.2185	1098	1065	33	3.005
N5.HOG0060793	smart-gap	0.2165	1560	1452	108	6.923
N5.HOG0060801	smart-gap	0.9921	1614	1380	234	14.498
N5.HOG0060801	gappy90	0.9	1614	927	687	42.565
N5.HOG0060803	smart-gap	0.9906	1437	1365	72	5.01
N5.HOG0060803	gappy90	0.9	1437	1167	270	18.789
N5.HOG0060805	smart-gap	0.975	1083	948	135	12.465
N5.HOG0060805	gappy90	0.9	1083	894	189	17.452
N5.HOG0060834	smart-gap	1.0	2796	2484	312	11.159
N5.HOG0060834	gappy90	0.9	2796	2223	573	20.494
N5.HOG0060835	smart-gap	0.992	4458	2661	1797	40.31
N5.HOG0060835	gappy90	0.9	4458	1815	2643	59.287
N5.HOG0060859	smart-gap	0.9836	3483	2919	564	16.193
N5.HOG0060859	gappy90	0.9	3483	2547	936	26.873
N5.HOG0060863	smart-gap	1.0	1650	1521	129	7.818
N5.HOG0060863	gappy90	0.9	1650	1398	252	15.273
N5.HOG0060864	smart-gap	0.3694	2331	2100	231	9.91
N5.HOG0060868	smart-gap	0.9919	4014	3096	918	22.87
N5.HOG0060868	gappy90	0.9	4014	2214	1800	44.843
N5.HOG0060874	smart-gap	0.9917	1479	1440	39	2.637
N5.HOG0060874	gappy90	0.9	1479	1251	228	15.416
N5.HOG0060875	smart-gap	0.3279	840	747	93	11.071
N5.HOG0060876	smart-gap	0.9835	648	606	42	6.481
N5.HOG0060876	gappy90	0.9	648	489	159	24.537
N5.HOG0060880	smart-gap	0.9918	1464	1380	84	5.738
N5.HOG0060880	gappy90	0.9	1464	1347	117	7.992
N5.HOG0060881	smart-gap	1.0	1113	1029	84	7.547
N5.HOG0060881	gappy90	0.9	1113	675	438	39.353
N5.HOG0060886	smart-gap	1.0	1131	1119	12	1.061
N5.HOG0060886	gappy90	0.9	1131	1011	120	10.61
N5.HOG0060899	smart-gap	0.9921	5763	4482	1281	22.228
N5.HOG0060899	gappy90	0.9	5763	3144	2619	45.445
N5.HOG0060904	smart-gap	1.0	1671	1635	36	2.154
N5.HOG0060904	gappy90	0.9	1671	1560	111	6.643
N5.HOG0060905	smart-gap	0.992	5583	3813	1770	31.703
N5.HOG0060905	gappy90	0.9	5583	2205	3378	60.505
N5.HOG0060907	smart-gap	0.9915	2292	1959	333	14.529
N5.HOG0060907	gappy90	0.9	2292	1782	510	22.251
N5.HOG0060910	smart-gap	0.9455	2544	2208	336	13.208
N5.HOG0060910	gappy90	0.9	2544	2136	408	16.038
N5.HOG0060912	smart-gap	0.3871	1242	1074	168	13.527
N5.HOG0060917	smart-gap	0.9917	1143	1140	3	0.262
N5.HOG0060917	gappy90	0.9	1143	1011	132	11.549
N5.HOG0060919	smart-gap	1.0	3456	3150	306	8.854
N5.HOG0060919	gappy90	0.9	3456	1881	1575	45.573
N5.HOG0060923	smart-gap	0.9912	1428	1416	12	0.84
N5.HOG0060923	gappy90	0.9	1428	1344	84	5.882
N5.HOG0060927	smart-gap	0.9825	1812	1800	12	0.662
N5.HOG0060927	gappy90	0.9	1812	1764	48	2.649
N5.HOG0060928	smart-gap	0.9919	3762	3288	474	12.6
N5.HOG0060928	gappy90	0.9	3762	2670	1092	29.027
N5.HOG0060929	smart-gap	0.9831	2013	1698	315	15.648
N5.HOG0060929	gappy90	0.9	2013	1407	606	30.104
N5.HOG0060932	smart-gap	0.9915	2652	2067	585	22.059
N5.HOG0060932	gappy90	0.9	2652	1680	972	36.652
N5.HOG0060933	smart-gap	0.9459	1275	1221	54	4.235
N5.HOG0060933	gappy90	0.9	1275	1221	54	4.235
N5.HOG0060936	smart-gap	1.0	1062	975	87	8.192
N5.HOG0060936	gappy90	0.9	1062	837	225	21.186
N5.HOG0060959	smart-gap	0.9918	1914	1863	51	2.665
N5.HOG0060959	gappy90	0.9	1914	1863	51	2.665
N5.HOG0060967	smart-gap	0.9919	1212	1152	60	4.95
N5.HOG0060967	gappy90	0.9	1212	840	372	30.693
N5.HOG0060968	smart-gap	0.9597	3525	3354	171	4.851
N5.HOG0060968	gappy90	0.9	3525	3249	276	7.83
N5.HOG0060970	smart-gap	1.0	2949	2859	90	3.052
N5.HOG0060970	gappy90	0.9	2949	2772	177	6.002
N5.HOG0060971	smart-gap	0.9919	2895	2319	576	19.896
N5.HOG0060971	gappy90	0.9	2895	1683	1212	41.865
N5.HOG0060972	smart-gap	0.9837	1305	1236	69	5.287
N5.HOG0060972	gappy90	0.9	1305	1185	120	9.195
N5.HOG0060973	smart-gap	0.9672	1542	1230	312	20.233
N5.HOG0060973	gappy90	0.9	1542	855	687	44.553
N5.HOG0060981	smart-gap	1.0	1395	1086	309	22.151
N5.HOG0060981	gappy90	0.9	1395	846	549	39.355
N5.HOG0060982	smart-gap	0.9603	1605	894	711	44.299
N5.HOG0060982	gappy90	0.9	1605	507	1098	68.411
N5.HOG0060983	smart-gap	0.991	3258	2583	675	20.718
N5.HOG0060983	gappy90	0.9	3258	2262	996	30.571
N5.HOG0060993	smart-gap	0.525	3306	1746	1560	47.187
N5.HOG0060995	smart-gap	0.9672	1719	1467	252	14.66
N5.HOG0060995	gappy90	0.9	1719	1425	294	17.103
N5.HOG0060999	smart-gap	0.1538	933	861	72	7.717
N5.HOG0061002	smart-gap	1.0	2139	2115	24	1.122
N5.HOG0061002	gappy90	0.9	2139	2043	96	4.488
N5.HOG0061004	smart-gap	0.9766	915	798	117	12.787
N5.HOG0061004	gappy90	0.9	915	645	270	29.508
N5.HOG0061071	smart-gap	0.9912	651	624	27	4.147
N5.HOG0061071	gappy90	0.9	651	561	90	13.825
N5.HOG0061073	smart-gap	0.9766	543	459	84	15.47
N5.HOG0061073	gappy90	0.9	543	399	144	26.519
N5.HOG0061083	smart-gap	1.0	1626	1620	6	0.369
N5.HOG0061083	gappy90	0.9	1626	1308	318	19.557
N5.HOG0061084	smart-gap	0.9667	789	738	51	6.464
N5.HOG0061084	gappy90	0.9	789	738	51	6.464
N5.HOG0061085	smart-gap	1.0	660	657	3	0.455
N5.HOG0061085	gappy90	0.9	660	489	171	25.909
N5.HOG0061089	smart-gap	0.9919	846	690	156	18.44
N5.HOG0061089	gappy90	0.9	846	426	420	49.645
N5.HOG0061090	smart-gap	1.0	1746	1488	258	14.777
N5.HOG0061090	gappy90	0.9	1746	1305	441	25.258
N5.HOG0061093	smart-gap	0.99	4905	4428	477	9.725
N5.HOG0061093	gappy90	0.9	4905	3984	921	18.777
N5.HOG0061094	smart-gap	1.0	2529	2091	438	17.319
N5.HOG0061094	gappy90	0.9	2529	1530	999	39.502
N5.HOG0061098	smart-gap	1.0	2472	2262	210	8.495
N5.HOG0061098	gappy90	0.9	2472	2130	342	13.835
N5.HOG0061099	smart-gap	1.0	2880	2862	18	0.625
N5.HOG0061099	gappy90	0.9	2880	2706	174	6.042
N5.HOG0061100	smart-gap	0.9837	1095	939	156	14.247
N5.HOG0061100	gappy90	0.9	1095	828	267	24.384
N5.HOG0061103	smart-gap	0.9885	4914	4074	840	17.094
N5.HOG0061103	gappy90	0.9	4914	3090	1824	37.118
N5.HOG0061105	smart-gap	0.9688	1425	1323	102	7.158
N5.HOG0061105	gappy90	0.9	1425	1281	144	10.105
N5.HOG0061106	smart-gap	0.9587	579	504	75	12.953
N5.HOG0061106	gappy90	0.9	579	408	171	29.534
N5.HOG0061132	smart-gap	0.982	1134	873	261	23.016
N5.HOG0061132	gappy90	0.9	1134	714	420	37.037
N5.HOG0061151	smart-gap	0.9833	1845	1746	99	5.366
N5.HOG0061151	gappy90	0.9	1845	1608	237	12.846
N5.HOG0061161	smart-gap	0.0625	558	516	42	7.527
N5.HOG0061162	smart-gap	0.9835	783	693	90	11.494
N5.HOG0061162	gappy90	0.9	783	522	261	33.333
N5.HOG0061163	smart-gap	1.0	7482	6951	531	7.097
N5.HOG0061163	gappy90	0.9	7482	3276	4206	56.215
N5.HOG0061171	smart-gap	0.9917	1746	1380	366	20.962
N5.HOG0061171	gappy90	0.9	1746	1101	645	36.942
N5.HOG0061173	smart-gap	0.9919	1767	1626	141	7.98
N5.HOG0061173	gappy90	0.9	1767	1434	333	18.846
N5.HOG0061177	smart-gap	0.9919	744	522	222	29.839
N5.HOG0061177	gappy90	0.9	744	348	396	53.226
N5.HOG0061178	smart-gap	0.2951	1674	1569	105	6.272
N5.HOG0061186	smart-gap	0.9915	1620	1296	324	20.0
N5.HOG0061186	gappy90	0.9	1620	1170	450	27.778
N5.HOG0061194	smart-gap	0.9752	930	885	45	4.839
N5.HOG0061194	gappy90	0.9	930	843	87	9.355
N5.HOG0061195	smart-gap	0.9474	618	606	12	1.942
N5.HOG0061195	gappy90	0.9	618	594	24	3.883
N5.HOG0061196	smart-gap	1.0	681	669	12	1.762
N5.HOG0061196	gappy90	0.9	681	576	105	15.419
N5.HOG0061197	smart-gap	0.9917	1989	1698	291	14.63
N5.HOG0061197	gappy90	0.9	1989	1434	555	27.903
N5.HOG0061198	smart-gap	0.9919	618	597	21	3.398
N5.HOG0061198	gappy90	0.9	618	543	75	12.136
N5.HOG0061199	smart-gap	0.9833	972	948	24	2.469
N5.HOG0061199	gappy90	0.9	972	786	186	19.136
N5.HOG0061210	smart-gap	0.125	2064	2049	15	0.727
N5.HOG0061213	smart-gap	1.0	1443	1410	33	2.287
N5.HOG0061213	gappy90	0.9	1443	1410	33	2.287
N5.HOG0061223	smart-gap	0.9835	3342	3009	333	9.964
N5.HOG0061223	gappy90	0.9	3342	2916	426	12.747
N5.HOG0061225	smart-gap	1.0	1200	1197	3	0.25
N5.HOG0061225	gappy90	0.9	1200	1152	48	4.0
N5.HOG0061227	smart-gap	0.9091	1287	1185	102	7.925
N5.HOG0061227	gappy90	0.9	1287	1182	105	8.159
N5.HOG0061236	smart-gap	0.8913	3441	2772	669	19.442
N5.HOG0061238	smart-gap	1.0	2859	2226	633	22.141
N5.HOG0061238	gappy90	0.9	2859	1581	1278	44.701
N5.HOG0061239	smart-gap	0.992	1779	1419	360	20.236
N5.HOG0061239	gappy90	0.9	1779	1107	672	37.774
N5.HOG0061240	smart-gap	0.9746	543	531	12	2.21
N5.HOG0061240	gappy90	0.9	543	531	12	2.21
N5.HOG0061242	smart-gap	1.0	858	786	72	8.392
N5.HOG0061242	gappy90	0.9	858	672	186	21.678
N5.HOG0061248	smart-gap	0.8871	1218	1098	120	9.852
N5.HOG0061264	smart-gap	0.9664	453	435	18	3.974
N5.HOG0061264	gappy90	0.9	453	435	18	3.974
N5.HOG0061265	smart-gap	0.9519	2406	2229	177	7.357
N5.HOG0061265	gappy90	0.9	2406	2010	396	16.459
N5.HOG0061267	smart-gap	1.0	1419	1407	12	0.846
N5.HOG0061267	gappy90	0.9	1419	1149	270	19.027
N5.HOG0061294	smart-gap	0.9909	2718	2673	45	1.656
N5.HOG0061294	gappy90	0.9	2718	2655	63	2.318
N5.HOG0061323	smart-gap	1.0	717	708	9	1.255
N5.HOG0061323	gappy90	0.9	717	663	54	7.531
N5.HOG0061334	smart-gap	0.9836	651	519	132	20.276
N5.HOG0061334	gappy90	0.9	651	423	228	35.023
N5.HOG0061347	smart-gap	0.9918	2115	1941	174	8.227
N5.HOG0061347	gappy90	0.9	2115	1722	393	18.582
N5.HOG0061348	smart-gap	0.2735	813	741	72	8.856
N5.HOG0061350	smart-gap	0.0902	711	627	84	11.814
N5.HOG0061352	smart-gap	1.0	1518	1434	84	5.534
N5.HOG0061352	gappy90	0.9	1518	1191	327	21.542
N5.HOG0061358	smart-gap	0.9835	1452	1356	96	6.612
N5.HOG0061358	gappy90	0.9	1452	1230	222	15.289
N5.HOG0061359	smart-gap	1.0	759	735	24	3.162
N5.HOG0061359	gappy90	0.9	759	663	96	12.648
N5.HOG0061360	smart-gap	1.0	594	558	36	6.061
N5.HOG0061360	gappy90	0.9	594	384	210	35.354
N5.HOG0061365	smart-gap	1.0	1545	1338	207	13.398
N5.HOG0061365	gappy90	0.9	1545	1101	444	28.738
N5.HOG0061366	smart-gap	1.0	2508	2388	120	4.785
N5.HOG0061366	gappy90	0.9	2508	1866	642	25.598
N5.HOG0061368	smart-gap	1.0	1017	813	204	20.059
N5.HOG0061368	gappy90	0.9	1017	537	480	47.198
N5.HOG0061369	smart-gap	0.9919	2364	1728	636	26.904
N5.HOG0061369	gappy90	0.9	2364	1353	1011	42.766
N5.HOG0061374	smart-gap	1.0	1116	1110	6	0.538
N5.HOG0061374	gappy90	0.9	1116	987	129	11.559
N5.HOG0061377	smart-gap	0.9826	552	546	6	1.087
N5.HOG0061377	gappy90	0.9	552	546	6	1.087
N5.HOG0061421	smart-gap	0.9919	1890	1686	204	10.794
N5.HOG0061421	gappy90	0.9	1890	1509	381	20.159
N5.HOG0061422	smart-gap	0.9153	582	546	36	6.186
N5.HOG0061422	gappy90	0.9	582	546	36	6.186
N5.HOG0061428	smart-gap	0.9828	2631	1827	804	30.559
N5.HOG0061428	gappy90	0.9	2631	1476	1155	43.9
N5.HOG0061430	smart-gap	0.9669	1290	1230	60	4.651
N5.HOG0061430	gappy90	0.9	1290	1191	99	7.674
N5.HOG0061431	smart-gap	0.9911	1650	1470	180	10.909
N5.HOG0061431	gappy90	0.9	1650	1371	279	16.909
N5.HOG0061432	smart-gap	0.2119	942	867	75	7.962
N5.HOG0061436	smart-gap	0.9896	3243	2778	465	14.339
N5.HOG0061436	gappy90	0.9	3243	2388	855	26.364
N5.HOG0061437	smart-gap	0.9915	819	798	21	2.564
N5.HOG0061437	gappy90	0.9	819	759	60	7.326
N5.HOG0061438	smart-gap	0.9917	2121	2043	78	3.678
N5.HOG0061438	gappy90	0.9	2121	1821	300	14.144
N5.HOG0061449	smart-gap	0.964	1962	1827	135	6.881
N5.HOG0061449	gappy90	0.9	1962	1797	165	8.41
N5.HOG0061462	smart-gap	0.9837	1515	1347	168	11.089
N5.HOG0061462	gappy90	0.9	1515	1314	201	13.267
N5.HOG0061464	smart-gap	1.0	552	549	3	0.543
N5.HOG0061464	gappy90	0.9	552	537	15	2.717
N5.HOG0061465	smart-gap	1.0	585	573	12	2.051
N5.HOG0061465	gappy90	0.9	585	465	120	20.513
N5.HOG0061466	smart-gap	0.9655	1107	966	141	12.737
N5.HOG0061466	gappy90	0.9	1107	930	177	15.989
N5.HOG0061468	smart-gap	0.9832	1419	1320	99	6.977
N5.HOG0061468	gappy90	0.9	1419	1287	132	9.302
N5.HOG0061469	smart-gap	0.992	825	771	54	6.545
N5.HOG0061469	gappy90	0.9	825	708	117	14.182
N5.HOG0061491	smart-gap	0.9417	426	423	3	0.704
N5.HOG0061491	gappy90	0.9	426	423	3	0.704
N5.HOG0061495	smart-gap	0.9903	891	876	15	1.684
N5.HOG0061495	gappy90	0.9	891	855	36	4.04
N5.HOG0061498	smart-gap	0.7407	1773	1614	159	8.968
N5.HOG0061501	smart-gap	0.4	675	630	45	6.667
N5.HOG0061509	smart-gap	1.0	819	729	90	10.989
N5.HOG0061509	gappy90	0.9	819	591	228	27.839
N5.HOG0061511	smart-gap	0.918	3366	2409	957	28.431
N5.HOG0061511	gappy90	0.9	3366	2262	1104	32.799
N5.HOG0061514	smart-gap	1.0	4803	4179	624	12.992
N5.HOG0061514	gappy90	0.9	4803	3408	1395	29.044
N5.HOG0061532	smart-gap	0.9823	1068	1014	54	5.056
N5.HOG0061532	gappy90	0.9	1068	945	123	11.517
N5.HOG0061541	smart-gap	1.0	579	540	39	6.736
N5.HOG0061541	gappy90	0.9	579	441	138	23.834
N5.HOG0061542	smart-gap	0.9917	948	942	6	0.633
N5.HOG0061542	gappy90	0.9	948	936	12	1.266
N5.HOG0061544	smart-gap	1.0	1854	1728	126	6.796
N5.HOG0061544	gappy90	0.9	1854	1335	519	27.994
N5.HOG0061554	smart-gap	1.0	1524	1437	87	5.709
N5.HOG0061554	gappy90	0.9	1524	1290	234	15.354
N5.HOG0061557	smart-gap	1.0	6936	5097	1839	26.514
N5.HOG0061557	gappy90	0.9	6936	3243	3693	53.244
N5.HOG0061558	smart-gap	1.0	789	777	12	1.521
N5.HOG0061558	gappy90	0.9	789	651	138	17.49
N5.HOG0061587	smart-gap	0.9836	1740	1563	177	10.172
N5.HOG0061587	gappy90	0.9	1740	1461	279	16.034
N5.HOG0061589	smart-gap	0.9913	1113	1104	9	0.809
N5.HOG0061589	gappy90	0.9	1113	1098	15	1.348
N5.HOG0061590	smart-gap	0.2131	765	735	30	3.922
N5.HOG0061595	smart-gap	0.9919	2307	2238	69	2.991
N5.HOG0061595	gappy90	0.9	2307	1914	393	17.035
N5.HOG0061604	smart-gap	0.9919	1773	1518	255	14.382
N5.HOG0061604	gappy90	0.9	1773	1248	525	29.611
N5.HOG0061605	smart-gap	0.9917	1041	987	54	5.187
N5.HOG0061605	gappy90	0.9	1041	807	234	22.478
N5.HOG0061630	smart-gap	0.9904	804	777	27	3.358
N5.HOG0061630	gappy90	0.9	804	735	69	8.582
N5.HOG0061631	smart-gap	0.9907	1476	1413	63	4.268
N5.HOG0061631	gappy90	0.9	1476	1224	252	17.073
N5.HOG0061633	smart-gap	0.9919	1941	1479	462	23.802
N5.HOG0061633	gappy90	0.9	1941	1242	699	36.012
N5.HOG0061634	smart-gap	1.0	1638	1635	3	0.183
N5.HOG0061634	gappy90	0.9	1638	1566	72	4.396
N5.HOG0061635	smart-gap	1.0	858	849	9	1.049
N5.HOG0061635	gappy90	0.9	858	843	15	1.748
N5.HOG0061638	smart-gap	0.988	1221	1209	12	0.983
N5.HOG0061638	gappy90	0.9	1221	1200	21	1.72
N5.HOG0061639	smart-gap	0.9836	1911	1761	150	7.849
N5.HOG0061639	gappy90	0.9	1911	1695	216	11.303
N5.HOG0061648	smart-gap	0.9756	465	417	48	10.323
N5.HOG0061648	gappy90	0.9	465	381	84	18.065
N5.HOG0061649	smart-gap	0.992	684	600	84	12.281
N5.HOG0061649	gappy90	0.9	684	423	261	38.158
N5.HOG0061650	smart-gap	1.0	2745	2076	669	24.372
N5.HOG0061650	gappy90	0.9	2745	1473	1272	46.339
N5.HOG0061654	smart-gap	0.7623	876	834	42	4.795
N5.HOG0061655	smart-gap	1.0	1074	1050	24	2.235
N5.HOG0061655	gappy90	0.9	1074	708	366	34.078
N5.HOG0061656	smart-gap	0.9918	4452	3435	1017	22.844
N5.HOG0061656	gappy90	0.9	4452	2271	2181	48.989
N5.HOG0061657	smart-gap	1.0	1386	1140	246	17.749
N5.HOG0061657	gappy90	0.9	1386	819	567	40.909
N5.HOG0061666	smart-gap	0.7586	1875	1536	339	18.08
N5.HOG0061678	smart-gap	1.0	1119	1098	21	1.877
N5.HOG0061678	gappy90	0.9	1119	951	168	15.013
N5.HOG0061679	smart-gap	0.9882	582	570	12	2.062
N5.HOG0061679	gappy90	0.9	582	555	27	4.639
N5.HOG0061682	smart-gap	1.0	2064	1971	93	4.506
N5.HOG0061682	gappy90	0.9	2064	1674	390	18.895
N5.HOG0061683	smart-gap	0.9835	2241	1896	345	15.395
N5.HOG0061683	gappy90	0.9	2241	1734	507	22.624
N5.HOG0061684	smart-gap	0.8293	1056	1032	24	2.273
N5.HOG0061685	smart-gap	1.0	2037	1854	183	8.984
N5.HOG0061685	gappy90	0.9	2037	1788	249	12.224
N5.HOG0061687	smart-gap	0.9919	1584	1239	345	21.78
N5.HOG0061687	gappy90	0.9	1584	849	735	46.402
N5.HOG0061692	smart-gap	0.9909	2181	2016	165	7.565
N5.HOG0061692	gappy90	0.9	2181	1587	594	27.235
N5.HOG0061696	smart-gap	0.9754	978	936	42	4.294
N5.HOG0061696	gappy90	0.9	978	840	138	14.11
N5.HOG0061697	smart-gap	1.0	1620	1485	135	8.333
N5.HOG0061697	gappy90	0.9	1620	954	666	41.111
N5.HOG0061700	smart-gap	1.0	777	693	84	10.811
N5.HOG0061700	gappy90	0.9	777	663	114	14.672
N5.HOG0061703	smart-gap	0.2075	1119	1041	78	6.971
N5.HOG0061708	smart-gap	0.991	765	735	30	3.922
N5.HOG0061708	gappy90	0.9	765	609	156	20.392
N5.HOG0061709	smart-gap	0.9915	1659	1551	108	6.51
N5.HOG0061709	gappy90	0.9	1659	1365	294	17.722
N5.HOG0061710	smart-gap	1.0	690	666	24	3.478
N5.HOG0061710	gappy90	0.9	690	615	75	10.87
N5.HOG0061715	smart-gap	0.9919	747	681	66	8.835
N5.HOG0061715	gappy90	0.9	747	591	156	20.884
N5.HOG0061717	smart-gap	1.0	1320	1296	24	1.818
N5.HOG0061717	gappy90	0.9	1320	1275	45	3.409
N5.HOG0061744	smart-gap	0.2784	1509	1392	117	7.753
N5.HOG0061750	smart-gap	0.8393	1662	1554	108	6.498
N5.HOG0061757	smart-gap	1.0	846	822	24	2.837
N5.HOG0061757	gappy90	0.9	846	636	210	24.823
N5.HOG0061758	smart-gap	1.0	1728	1413	315	18.229
N5.HOG0061758	gappy90	0.9	1728	1056	672	38.889
N5.HOG0061759	smart-gap	0.9832	630	600	30	4.762
N5.HOG0061759	gappy90	0.9	630	555	75	11.905
N5.HOG0061769	smart-gap	0.2439	750	645	105	14.0
N5.HOG0061780	smart-gap	0.9888	1551	1539	12	0.774
N5.HOG0061780	gappy90	0.9	1551	1533	18	1.161
N5.HOG0061840	smart-gap	0.9918	4956	3885	1071	21.61
N5.HOG0061840	gappy90	0.9	4956	2853	2103	42.433
N5.HOG0061863	smart-gap	1.0	2619	1647	972	37.113
N5.HOG0061863	gappy90	0.9	2619	537	2082	79.496
N5.HOG0061867	smart-gap	0.9829	1068	942	126	11.798
N5.HOG0061867	gappy90	0.9	1068	792	276	25.843
N5.HOG0061868	smart-gap	0.9417	564	546	18	3.191
N5.HOG0061868	gappy90	0.9	564	546	18	3.191
N5.HOG0061870	smart-gap	0.9912	2706	2142	564	20.843
N5.HOG0061870	gappy90	0.9	2706	1818	888	32.816
N5.HOG0061871	smart-gap	0.9917	2331	2193	138	5.92
N5.HOG0061871	gappy90	0.9	2331	1899	432	18.533
N5.HOG0061872	smart-gap	0.9748	1707	1254	453	26.538
N5.HOG0061872	gappy90	0.9	1707	1137	570	33.392
N5.HOG0061873	smart-gap	0.1311	612	594	18	2.941
N5.HOG0061891	smart-gap	0.9917	1290	1242	48	3.721
N5.HOG0061891	gappy90	0.9	1290	1101	189	14.651
N5.HOG0061892	smart-gap	0.9421	645	582	63	9.767
N5.HOG0061892	gappy90	0.9	645	534	111	17.209
N5.HOG0061896	smart-gap	0.9151	2880	2793	87	3.021
N5.HOG0061896	gappy90	0.9	2880	2778	102	3.542
N5.HOG0061898	smart-gap	0.1795	1545	1191	354	22.913
N5.HOG0061901	smart-gap	0.9882	669	630	39	5.83
N5.HOG0061901	gappy90	0.9	669	555	114	17.04
N5.HOG0061902	smart-gap	0.9918	552	540	12	2.174
N5.HOG0061902	gappy90	0.9	552	507	45	8.152
N5.HOG0061909	smart-gap	0.9913	1158	1140	18	1.554
N5.HOG0061909	gappy90	0.9	1158	1035	123	10.622
N5.HOG0061916	smart-gap	0.8115	861	720	141	16.376
N5.HOG0061921	smart-gap	1.0	1326	1317	9	0.679
N5.HOG0061921	gappy90	0.9	1326	1296	30	2.262
N5.HOG0061934	smart-gap	0.975	2418	2028	390	16.129
N5.HOG0061934	gappy90	0.9	2418	1800	618	25.558
N5.HOG0061940	smart-gap	0.3146	1554	1383	171	11.004
N5.HOG0061944	smart-gap	0.9167	669	657	12	1.794
N5.HOG0061944	gappy90	0.9	669	654	15	2.242
N5.HOG0061946	smart-gap	1.0	2193	1941	252	11.491
N5.HOG0061946	gappy90	0.9	2193	1719	474	21.614
N5.HOG0061947	smart-gap	0.9916	1701	1548	153	8.995
N5.HOG0061947	gappy90	0.9	1701	1419	282	16.578
N5.HOG0061948	smart-gap	0.9244	1629	1572	57	3.499
N5.HOG0061948	gappy90	0.9	1629	1560	69	4.236
N5.HOG0061950	smart-gap	0.7565	2727	2328	399	14.631
N5.HOG0061951	smart-gap	0.7377	561	549	12	2.139
N5.HOG0061956	smart-gap	0.1786	1617	1488	129	7.978
N5.HOG0061965	smart-gap	0.2273	1659	1593	66	3.978
N5.HOG0061968	smart-gap	0.9917	1230	996	234	19.024
N5.HOG0061968	gappy90	0.9	1230	696	534	43.415
N5.HOG0061991	smart-gap	0.9904	3213	3072	141	4.388
N5.HOG0061991	gappy90	0.9	3213	2862	351	10.924
N5.HOG0062007	smart-gap	0.9669	1221	1173	48	3.931
N5.HOG0062007	gappy90	0.9	1221	1083	138	11.302
N5.HOG0062008	smart-gap	0.9916	915	864	51	5.574
N5.HOG0062008	gappy90	0.9	915	753	162	17.705
N5.HOG0062014	smart-gap	1.0	714	705	9	1.261
N5.HOG0062014	gappy90	0.9	714	522	192	26.891
N5.HOG0062043	smart-gap	0.9833	906	825	81	8.94
N5.HOG0062043	gappy90	0.9	906	822	84	9.272
N5.HOG0062044	smart-gap	0.9915	1203	1068	135	11.222
N5.HOG0062044	gappy90	0.9	1203	906	297	24.688
N5.HOG0062052	smart-gap	0.1271	570	540	30	5.263
N5.HOG0062054	smart-gap	0.2586	714	684	30	4.202
N5.HOG0062057	smart-gap	0.9875	1413	1407	6	0.425
N5.HOG0062057	gappy90	0.9	1413	1293	120	8.493
N5.HOG0062076	smart-gap	0.9897	2673	2316	357	13.356
N5.HOG0062076	gappy90	0.9	2673	1995	678	25.365
N5.HOG0062078	smart-gap	0.9576	2034	1857	177	8.702
N5.HOG0062078	gappy90	0.9	2034	1800	234	11.504
N5.HOG0062079	smart-gap	0.9912	1179	936	243	20.611
N5.HOG0062079	gappy90	0.9	1179	594	585	49.618
N5.HOG0062089	smart-gap	0.9735	1524	1380	144	9.449
N5.HOG0062089	gappy90	0.9	1524	1341	183	12.008
N5.HOG0062091	smart-gap	0.9909	1656	1602	54	3.261
N5.HOG0062091	gappy90	0.9	1656	1575	81	4.891
N5.HOG0062093	smart-gap	0.9832	822	795	27	3.285
N5.HOG0062093	gappy90	0.9	822	570	252	30.657
N5.HOG0062094	smart-gap	0.975	1602	1230	372	23.221
N5.HOG0062094	gappy90	0.9	1602	1125	477	29.775
N5.HOG0062095	smart-gap	0.9921	1482	750	732	49.393
N5.HOG0062095	gappy90	0.9	1482	516	966	65.182
N5.HOG0062096	smart-gap	0.8091	1278	1260	18	1.408
N5.HOG0062098	smart-gap	1.0	1641	1635	6	0.366
N5.HOG0062098	gappy90	0.9	1641	1581	60	3.656
N5.HOG0062106	smart-gap	0.2261	711	672	39	5.485
N5.HOG0062108	smart-gap	0.1429	756	708	48	6.349
N5.HOG0062109	smart-gap	0.9918	1011	795	216	21.365
N5.HOG0062109	gappy90	0.9	1011	669	342	33.828
N5.HOG0062116	smart-gap	1.0	1659	1620	39	2.351
N5.HOG0062116	gappy90	0.9	1659	1482	177	10.669
N5.HOG0062141	smart-gap	0.9402	2616	2499	117	4.472
N5.HOG0062141	gappy90	0.9	2616	2427	189	7.225
N5.HOG0062144	smart-gap	0.9917	2271	2067	204	8.983
N5.HOG0062144	gappy90	0.9	2271	1926	345	15.192
N5.HOG0062145	smart-gap	0.9918	1692	1575	117	6.915
N5.HOG0062145	gappy90	0.9	1692	1350	342	20.213
N5.HOG0062146	smart-gap	0.9333	1656	1575	81	4.891
N5.HOG0062146	gappy90	0.9	1656	1524	132	7.971
N5.HOG0062147	smart-gap	0.9917	1002	945	57	5.689
N5.HOG0062147	gappy90	0.9	1002	696	306	30.539
N5.HOG0062148	smart-gap	1.0	465	450	15	3.226
N5.HOG0062148	gappy90	0.9	465	375	90	19.355
N5.HOG0062149	smart-gap	1.0	1017	942	75	7.375
N5.HOG0062149	gappy90	0.9	1017	654	363	35.693
N5.HOG0062152	smart-gap	0.9902	1491	1146	345	23.139
N5.HOG0062152	gappy90	0.9	1491	798	693	46.479
N5.HOG0062153	smart-gap	0.0583	603	531	72	11.94
N5.HOG0062154	smart-gap	0.3607	771	660	111	14.397
N5.HOG0062155	smart-gap	0.9661	441	363	78	17.687
N5.HOG0062155	gappy90	0.9	441	351	90	20.408
N5.HOG0062156	smart-gap	0.9913	1212	1170	42	3.465
N5.HOG0062156	gappy90	0.9	1212	1116	96	7.921
N5.HOG0062158	smart-gap	0.082	792	708	84	10.606
N5.HOG0062159	smart-gap	0.9916	1266	1161	105	8.294
N5.HOG0062159	gappy90	0.9	1266	1023	243	19.194
N5.HOG0062160	smart-gap	1.0	711	681	30	4.219
N5.HOG0062160	gappy90	0.9	711	474	237	33.333
N5.HOG0062161	smart-gap	1.0	984	939	45	4.573
N5.HOG0062161	gappy90	0.9	984	672	312	31.707
N5.HOG0062162	smart-gap	0.9333	768	591	177	23.047
N5.HOG0062162	gappy90	0.9	768	537	231	30.078
N5.HOG0062163	smart-gap	0.2167	1038	861	177	17.052
N5.HOG0062164	smart-gap	0.9811	1452	1368	84	5.785
N5.HOG0062164	gappy90	0.9	1452	1356	96	6.612
N5.HOG0062169	smart-gap	1.0	2364	2115	249	10.533
N5.HOG0062169	gappy90	0.9	2364	1992	372	15.736
N5.HOG0062185	smart-gap	0.1028	606	582	24	3.96
N5.HOG0062187	smart-gap	0.9496	849	786	63	7.42
N5.HOG0062187	gappy90	0.9	849	771	78	9.187
N5.HOG0062188	smart-gap	0.9826	894	813	81	9.06
N5.HOG0062188	gappy90	0.9	894	753	141	15.772
N5.HOG0062191	smart-gap	1.0	1977	1851	126	6.373
N5.HOG0062191	gappy90	0.9	1977	1632	345	17.451
N5.HOG0062194	smart-gap	0.9829	660	606	54	8.182
N5.HOG0062194	gappy90	0.9	660	429	231	35.0
N5.HOG0062257	smart-gap	0.9919	630	627	3	0.476
N5.HOG0062257	gappy90	0.9	630	615	15	2.381
N5.HOG0062266	smart-gap	0.9832	1932	1602	330	17.081
N5.HOG0062266	gappy90	0.9	1932	1515	417	21.584
N5.HOG0062267	smart-gap	0.9914	2070	1869	201	9.71
N5.HOG0062267	gappy90	0.9	2070	1725	345	16.667
N5.HOG0062313	smart-gap	0.1717	1470	1434	36	2.449
N5.HOG0062315	smart-gap	1.0	996	969	27	2.711
N5.HOG0062315	gappy90	0.9	996	492	504	50.602
N5.HOG0062316	smart-gap	0.9916	1728	1695	33	1.91
N5.HOG0062316	gappy90	0.9	1728	1662	66	3.819
N5.HOG0062317	smart-gap	0.1217	969	945	24	2.477
N5.HOG0062328	smart-gap	0.9918	879	837	42	4.778
N5.HOG0062328	gappy90	0.9	879	717	162	18.43
N5.HOG0062329	smart-gap	0.9916	2247	1818	429	19.092
N5.HOG0062329	gappy90	0.9	2247	1677	570	25.367
N5.HOG0062342	smart-gap	0.575	681	660	21	3.084
N5.HOG0062343	smart-gap	0.9911	1110	957	153	13.784
N5.HOG0062343	gappy90	0.9	1110	834	276	24.865
N5.HOG0062345	smart-gap	1.0	1596	1491	105	6.579
N5.HOG0062345	gappy90	0.9	1596	1248	348	21.805
N5.HOG0062362	smart-gap	0.9825	900	855	45	5.0
N5.HOG0062362	gappy90	0.9	900	837	63	7.0
N5.HOG0062364	smart-gap	0.9908	1455	1419	36	2.474
N5.HOG0062364	gappy90	0.9	1455	1380	75	5.155
N5.HOG0062377	smart-gap	0.9919	1620	1446	174	10.741
N5.HOG0062377	gappy90	0.9	1620	1191	429	26.481
N5.HOG0062387	smart-gap	1.0	1824	1770	54	2.961
N5.HOG0062387	gappy90	0.9	1824	1518	306	16.776
N5.HOG0062389	smart-gap	0.9823	1935	1344	591	30.543
N5.HOG0062389	gappy90	0.9	1935	945	990	51.163
N5.HOG0062390	smart-gap	0.9492	2472	2328	144	5.825
N5.HOG0062390	gappy90	0.9	2472	2289	183	7.403
N5.HOG0062400	smart-gap	1.0	1167	1158	9	0.771
N5.HOG0062400	gappy90	0.9	1167	1110	57	4.884
N5.HOG0062408	smart-gap	0.3704	1722	1497	225	13.066
N5.HOG0062411	smart-gap	1.0	1770	1362	408	23.051
N5.HOG0062411	gappy90	0.9	1770	1017	753	42.542
N5.HOG0062413	smart-gap	0.9903	4548	3354	1194	26.253
N5.HOG0062413	gappy90	0.9	4548	2154	2394	52.639
N5.HOG0062421	smart-gap	0.8843	1686	1638	48	2.847
N5.HOG0062422	smart-gap	0.1261	591	546	45	7.614
N5.HOG0062425	smart-gap	0.9896	2550	2343	207	8.118
N5.HOG0062425	gappy90	0.9	2550	2160	390	15.294
N5.HOG0062437	smart-gap	1.0	3777	3333	444	11.755
N5.HOG0062437	gappy90	0.9	3777	2499	1278	33.836
N5.HOG0062446	smart-gap	0.9652	1284	1278	6	0.467
N5.HOG0062446	gappy90	0.9	1284	1275	9	0.701
N5.HOG0062451	smart-gap	0.9917	1191	1071	120	10.076
N5.HOG0062451	gappy90	0.9	1191	804	387	32.494
N5.HOG0062452	smart-gap	1.0	1401	1239	162	11.563
N5.HOG0062452	gappy90	0.9	1401	810	591	42.184
N5.HOG0062453	smart-gap	0.9917	2079	1941	138	6.638
N5.HOG0062453	gappy90	0.9	2079	1782	297	14.286
N5.HOG0062454	smart-gap	0.9652	855	747	108	12.632
N5.HOG0062454	gappy90	0.9	855	693	162	18.947
N5.HOG0062455	smart-gap	0.9919	1944	1767	177	9.105
N5.HOG0062455	gappy90	0.9	1944	1545	399	20.525
N5.HOG0062456	smart-gap	0.8974	2073	1512	561	27.062
N5.HOG0062472	smart-gap	0.9333	2586	2442	144	5.568
N5.HOG0062472	gappy90	0.9	2586	2397	189	7.309
N5.HOG0062473	smart-gap	0.3391	1032	981	51	4.942
N5.HOG0062475	smart-gap	1.0	2400	2394	6	0.25
N5.HOG0062475	gappy90	0.9	2400	2292	108	4.5
N5.HOG0062477	smart-gap	0.1161	1371	1152	219	15.974
N5.HOG0062479	smart-gap	0.9802	2514	2433	81	3.222
N5.HOG0062479	gappy90	0.9	2514	2418	96	3.819
N5.HOG0062480	smart-gap	1.0	1248	1203	45	3.606
N5.HOG0062480	gappy90	0.9	1248	858	390	31.25
N5.HOG0062483	smart-gap	0.2766	1734	1635	99	5.709
N5.HOG0062486	smart-gap	1.0	2307	2271	36	1.56
N5.HOG0062486	gappy90	0.9	2307	2232	75	3.251
N5.HOG0062487	smart-gap	1.0	4515	3978	537	11.894
N5.HOG0062487	gappy90	0.9	4515	1818	2697	59.734
N5.HOG0062488	smart-gap	0.7653	2235	2133	102	4.564
N5.HOG0062492	smart-gap	0.9912	2091	2088	3	0.143
N5.HOG0062492	gappy90	0.9	2091	1977	114	5.452
N5.HOG0062493	smart-gap	0.3652	1947	1872	75	3.852
N5.HOG0062494	smart-gap	0.9917	966	960	6	0.621
N5.HOG0062494	gappy90	0.9	966	819	147	15.217
N5.HOG0062495	smart-gap	0.9652	777	621	156	20.077
N5.HOG0062495	gappy90	0.9	777	567	210	27.027
N5.HOG0062498	smart-gap	1.0	2115	1719	396	18.723
N5.HOG0062498	gappy90	0.9	2115	1146	969	45.816
N5.HOG0062499	smart-gap	0.975	324	318	6	1.852
N5.HOG0062499	gappy90	0.9	324	318	6	1.852
N5.HOG0062507	smart-gap	0.9914	2730	2178	552	20.22
N5.HOG0062507	gappy90	0.9	2730	1740	990	36.264
N5.HOG0062516	smart-gap	0.9444	2508	1767	741	29.545
N5.HOG0062516	gappy90	0.9	2508	1560	948	37.799
N5.HOG0062522	smart-gap	1.0	1143	1134	9	0.787
N5.HOG0062522	gappy90	0.9	1143	1053	90	7.874
N5.HOG0062528	smart-gap	0.819	1782	1728	54	3.03
N5.HOG0062537	smart-gap	0.9911	2664	2256	408	15.315
N5.HOG0062537	gappy90	0.9	2664	1596	1068	40.09
N5.HOG0062544	smart-gap	0.9837	1434	1080	354	24.686
N5.HOG0062544	gappy90	0.9	1434	885	549	38.285
N5.HOG0062545	smart-gap	0.9912	1002	918	84	8.383
N5.HOG0062545	gappy90	0.9	1002	693	309	30.838
N5.HOG0062546	smart-gap	0.9917	1512	1458	54	3.571
N5.HOG0062546	gappy90	0.9	1512	1413	99	6.548
N5.HOG0062547	smart-gap	0.1638	1014	972	42	4.142
N5.HOG0062553	smart-gap	0.9752	1917	1638	279	14.554
N5.HOG0062553	gappy90	0.9	1917	1425	492	25.665
N5.HOG0062557	smart-gap	1.0	2136	2112	24	1.124
N5.HOG0062557	gappy90	0.9	2136	1869	267	12.5
N5.HOG0062558	smart-gap	0.9823	1764	1734	30	1.701
N5.HOG0062558	gappy90	0.9	1764	1689	75	4.252
N5.HOG0062559	smart-gap	1.0	1833	1782	51	2.782
N5.HOG0062559	gappy90	0.9	1833	1350	483	26.35
N5.HOG0062561	smart-gap	0.8034	2574	2457	117	4.545
N5.HOG0062564	smart-gap	0.949	573	507	66	11.518
N5.HOG0062564	gappy90	0.9	573	501	72	12.565
N5.HOG0062570	smart-gap	1.0	609	603	6	0.985
N5.HOG0062570	gappy90	0.9	609	555	54	8.867
N5.HOG0062576	smart-gap	0.7	1779	1515	264	14.84
N5.HOG0062578	smart-gap	0.9068	1989	1968	21	1.056
N5.HOG0062578	gappy90	0.9	1989	1968	21	1.056
N5.HOG0062579	smart-gap	1.0	729	699	30	4.115
N5.HOG0062579	gappy90	0.9	729	582	147	20.165
N5.HOG0062581	smart-gap	0.9912	2679	2460	219	8.175
N5.HOG0062581	gappy90	0.9	2679	2157	522	19.485
N5.HOG0062582	smart-gap	0.1071	1893	1848	45	2.377
N5.HOG0062605	smart-gap	0.9917	858	807	51	5.944
N5.HOG0062605	gappy90	0.9	858	612	246	28.671
N5.HOG0062606	smart-gap	0.9917	1347	1332	15	1.114
N5.HOG0062606	gappy90	0.9	1347	1263	84	6.236
N5.HOG0062610	smart-gap	0.2143	948	768	180	18.987
N5.HOG0062619	smart-gap	1.0	1749	1686	63	3.602
N5.HOG0062619	gappy90	0.9	1749	1599	150	8.576
N5.HOG0062620	smart-gap	0.9917	681	642	39	5.727
N5.HOG0062620	gappy90	0.9	681	540	141	20.705
N5.HOG0062621	smart-gap	1.0	2907	2892	15	0.516
N5.HOG0062621	gappy90	0.9	2907	2835	72	2.477
N5.HOG0062638	smart-gap	0.9587	981	891	90	9.174
N5.HOG0062638	gappy90	0.9	981	786	195	19.878
N5.HOG0062641	smart-gap	0.9905	1134	1074	60	5.291
N5.HOG0062641	gappy90	0.9	1134	1035	99	8.73
N5.HOG0062661	smart-gap	0.9917	1992	1902	90	4.518
N5.HOG0062661	gappy90	0.9	1992	1392	600	30.12
N5.HOG0062664	smart-gap	0.9826	2091	1716	375	17.934
N5.HOG0062664	gappy90	0.9	2091	1596	495	23.673
N5.HOG0062672	smart-gap	0.9825	2901	1986	915	31.541
N5.HOG0062672	gappy90	0.9	2901	1623	1278	44.054
N5.HOG0062673	smart-gap	1.0	1143	1140	3	0.262
N5.HOG0062673	gappy90	0.9	1143	1122	21	1.837
N5.HOG0062678	smart-gap	0.9746	1989	1959	30	1.508
N5.HOG0062678	gappy90	0.9	1989	1818	171	8.597
N5.HOG0062680	smart-gap	0.7826	747	741	6	0.803
N5.HOG0062687	smart-gap	0.9583	924	912	12	1.299
N5.HOG0062687	gappy90	0.9	924	912	12	1.299
N5.HOG0062698	smart-gap	0.931	1479	1332	147	9.939
N5.HOG0062698	gappy90	0.9	1479	1329	150	10.142
N5.HOG0062699	smart-gap	0.0924	1032	882	150	14.535
N5.HOG0062701	smart-gap	0.4494	1896	1812	84	4.43
N5.HOG0062754	smart-gap	1.0	852	834	18	2.113
N5.HOG0062754	gappy90	0.9	852	804	48	5.634
N5.HOG0062758	smart-gap	0.9901	711	675	36	5.063
N5.HOG0062758	gappy90	0.9	711	654	57	8.017
N5.HOG0062759	smart-gap	0.9916	2982	2652	330	11.066
N5.HOG0062759	gappy90	0.9	2982	2409	573	19.215
N5.HOG0062760	smart-gap	1.0	2046	2031	15	0.733
N5.HOG0062760	gappy90	0.9	2046	1791	255	12.463
N5.HOG0062761	smart-gap	0.9917	6762	4410	2352	34.783
N5.HOG0062761	gappy90	0.9	6762	2997	3765	55.679
N5.HOG0062762	smart-gap	1.0	1881	1656	225	11.962
N5.HOG0062762	gappy90	0.9	1881	1641	240	12.759
N5.HOG0062764	smart-gap	0.9829	660	642	18	2.727
N5.HOG0062764	gappy90	0.9	660	633	27	4.091
N5.HOG0062765	smart-gap	0.9496	1560	1287	273	17.5
N5.HOG0062765	gappy90	0.9	1560	1083	477	30.577
N5.HOG0062768	smart-gap	0.9896	1923	1833	90	4.68
N5.HOG0062768	gappy90	0.9	1923	1791	132	6.864
N5.HOG0062769	smart-gap	0.9914	1827	1797	30	1.642
N5.HOG0062769	gappy90	0.9	1827	1668	159	8.703
N5.HOG0062770	smart-gap	0.22	2313	2148	165	7.134
N5.HOG0062779	smart-gap	0.9895	3624	2880	744	20.53
N5.HOG0062779	gappy90	0.9	3624	2121	1503	41.474
N5.HOG0062780	smart-gap	0.9916	4086	3597	489	11.968
N5.HOG0062780	gappy90	0.9	4086	3249	837	20.485
N5.HOG0062782	smart-gap	0.9915	1194	1050	144	12.06
N5.HOG0062782	gappy90	0.9	1194	900	294	24.623
N5.HOG0062787	smart-gap	1.0	1785	1719	66	3.697
N5.HOG0062787	gappy90	0.9	1785	1056	729	40.84
N5.HOG0062788	smart-gap	0.9304	3513	2973	540	15.371
N5.HOG0062788	gappy90	0.9	3513	2808	705	20.068
N5.HOG0062789	smart-gap	0.9916	555	546	9	1.622
N5.HOG0062789	gappy90	0.9	555	540	15	2.703
N5.HOG0062791	smart-gap	0.4773	1782	1689	93	5.219
N5.HOG0062806	smart-gap	1.0	789	618	171	21.673
N5.HOG0062806	gappy90	0.9	789	420	369	46.768
N5.HOG0062807	smart-gap	0.9917	4566	2919	1647	36.071
N5.HOG0062807	gappy90	0.9	4566	1854	2712	59.396
N5.HOG0062808	smart-gap	0.9915	2880	2304	576	20.0
N5.HOG0062808	gappy90	0.9	2880	2010	870	30.208
N5.HOG0062830	smart-gap	0.2135	828	816	12	1.449
N5.HOG0062843	smart-gap	1.0	795	777	18	2.264
N5.HOG0062843	gappy90	0.9	795	606	189	23.774
N5.HOG0062851	smart-gap	1.0	1587	1569	18	1.134
N5.HOG0062851	gappy90	0.9	1587	1533	54	3.403
N5.HOG0062862	smart-gap	0.9397	1254	1179	75	5.981
N5.HOG0062862	gappy90	0.9	1254	1047	207	16.507
N5.HOG0062863	smart-gap	0.9917	675	528	147	21.778
N5.HOG0062863	gappy90	0.9	675	507	168	24.889
N5.HOG0062867	smart-gap	0.9818	1341	1311	30	2.237
N5.HOG0062867	gappy90	0.9	1341	1275	66	4.922
N5.HOG0062868	smart-gap	0.9912	1335	1260	75	5.618
N5.HOG0062868	gappy90	0.9	1335	1212	123	9.213
N5.HOG0062869	smart-gap	0.9836	1140	1014	126	11.053
N5.HOG0062869	gappy90	0.9	1140	822	318	27.895
N5.HOG0062876	smart-gap	0.1932	1587	1551	36	2.268
N5.HOG0062891	smart-gap	0.9138	2289	1677	612	26.737
N5.HOG0062891	gappy90	0.9	2289	1632	657	28.702
N5.HOG0062894	smart-gap	0.9877	1200	1155	45	3.75
N5.HOG0062894	gappy90	0.9	1200	1068	132	11.0
N5.HOG0062899	smart-gap	1.0	891	864	27	3.03
N5.HOG0062899	gappy90	0.9	891	666	225	25.253
N5.HOG0062909	smart-gap	1.0	2640	2580	60	2.273
N5.HOG0062909	gappy90	0.9	2640	2496	144	5.455
N5.HOG0062912	smart-gap	0.9727	1350	1050	300	22.222
N5.HOG0062912	gappy90	0.9	1350	969	381	28.222
N5.HOG0062917	smart-gap	0.9916	1059	1047	12	1.133
N5.HOG0062917	gappy90	0.9	1059	990	69	6.516
N5.HOG0062920	smart-gap	0.9917	600	591	9	1.5
N5.HOG0062920	gappy90	0.9	600	420	180	30.0
N5.HOG0062921	smart-gap	0.9917	1233	909	324	26.277
N5.HOG0062921	gappy90	0.9	1233	480	753	61.071
N5.HOG0062926	smart-gap	0.9915	1278	966	312	24.413
N5.HOG0062926	gappy90	0.9	1278	837	441	34.507
N5.HOG0062927	smart-gap	0.9916	1758	1638	120	6.826
N5.HOG0062927	gappy90	0.9	1758	1278	480	27.304
N5.HOG0062928	smart-gap	1.0	2136	2073	63	2.949
N5.HOG0062928	gappy90	0.9	2136	1968	168	7.865
N5.HOG0062931	smart-gap	0.9492	1530	1443	87	5.686
N5.HOG0062931	gappy90	0.9	1530	1374	156	10.196
N5.HOG0062932	smart-gap	0.9917	813	762	51	6.273
N5.HOG0062932	gappy90	0.9	813	555	258	31.734
N5.HOG0062936	smart-gap	0.8678	705	579	126	17.872
N5.HOG0062939	smart-gap	1.0	1677	1515	162	9.66
N5.HOG0062939	gappy90	0.9	1677	1014	663	39.535
N5.HOG0062941	smart-gap	0.1102	657	564	93	14.155
N5.HOG0062942	smart-gap	0.9833	783	765	18	2.299
N5.HOG0062942	gappy90	0.9	783	588	195	24.904
N5.HOG0062943	smart-gap	0.9818	3969	3159	810	20.408
N5.HOG0062943	gappy90	0.9	3969	2835	1134	28.571
N5.HOG0062953	smart-gap	0.9826	3315	3270	45	1.357
N5.HOG0062953	gappy90	0.9	3315	3132	183	5.52
N5.HOG0062961	smart-gap	0.9915	1971	1917	54	2.74
N5.HOG0062961	gappy90	0.9	1971	1821	150	7.61
N5.HOG0062969	smart-gap	1.0	627	609	18	2.871
N5.HOG0062969	gappy90	0.9	627	582	45	7.177
N5.HOG0062974	smart-gap	0.9836	2160	1887	273	12.639
N5.HOG0062974	gappy90	0.9	2160	1740	420	19.444
N5.HOG0062977	smart-gap	0.0784	408	393	15	3.676
N5.HOG0062993	smart-gap	0.2308	582	543	39	6.701
N5.HOG0062994	smart-gap	1.0	1422	1347	75	5.274
N5.HOG0062994	gappy90	0.9	1422	1317	105	7.384
N5.HOG0062996	smart-gap	0.9917	2226	1539	687	30.863
N5.HOG0062996	gappy90	0.9	2226	1314	912	40.97
N5.HOG0062998	smart-gap	0.9664	1617	1257	360	22.263
N5.HOG0062998	gappy90	0.9	1617	1212	405	25.046
N5.HOG0063001	smart-gap	0.9915	903	861	42	4.651
N5.HOG0063001	gappy90	0.9	903	813	90	9.967
N5.HOG0063009	smart-gap	0.2101	1455	1407	48	3.299
N5.HOG0063010	smart-gap	0.9833	2160	1884	276	12.778
N5.HOG0063010	gappy90	0.9	2160	1779	381	17.639
N5.HOG0063012	smart-gap	0.9912	2136	1875	261	12.219
N5.HOG0063012	gappy90	0.9	2136	1656	480	22.472
N5.HOG0063014	smart-gap	0.9802	1830	1644	186	10.164
N5.HOG0063014	gappy90	0.9	1830	1569	261	14.262
N5.HOG0063015	smart-gap	1.0	672	663	9	1.339
N5.HOG0063015	gappy90	0.9	672	657	15	2.232
N5.HOG0063017	smart-gap	1.0	1446	1275	171	11.826
N5.HOG0063017	gappy90	0.9	1446	693	753	52.075
N5.HOG0063038	smart-gap	0.1279	942	927	15	1.592
N5.HOG0063040	smart-gap	0.9669	1857	1320	537	28.918
N5.HOG0063040	gappy90	0.9	1857	1176	681	36.672
N5.HOG0063047	smart-gap	0.9643	738	726	12	1.626
N5.HOG0063047	gappy90	0.9	738	711	27	3.659
N5.HOG0063056	smart-gap	0.9829	825	735	90	10.909
N5.HOG0063056	gappy90	0.9	825	717	108	13.091
N5.HOG0063058	smart-gap	1.0	1521	1452	69	4.536
N5.HOG0063058	gappy90	0.9	1521	1425	96	6.312
N5.HOG0063062	smart-gap	1.0	1221	1194	27	2.211
N5.HOG0063062	gappy90	0.9	1221	1032	189	15.479
N5.HOG0063064	smart-gap	0.1262	1005	885	120	11.94
N5.HOG0063065	smart-gap	0.9914	2946	2733	213	7.23
N5.HOG0063065	gappy90	0.9	2946	2610	336	11.405
N5.HOG0063066	smart-gap	0.513	1503	1452	51	3.393
N5.HOG0063067	smart-gap	0.9916	1044	999	45	4.31
N5.HOG0063067	gappy90	0.9	1044	822	222	21.264
N5.HOG0063074	smart-gap	0.9806	1047	1026	21	2.006
N5.HOG0063074	gappy90	0.9	1047	999	48	4.585
N5.HOG0063077	smart-gap	1.0	2160	2058	102	4.722
N5.HOG0063077	gappy90	0.9	2160	1812	348	16.111
N5.HOG0063079	smart-gap	1.0	4824	4287	537	11.132
N5.HOG0063079	gappy90	0.9	4824	1902	2922	60.572
N5.HOG0063080	smart-gap	0.9667	762	717	45	5.906
N5.HOG0063080	gappy90	0.9	762	609	153	20.079
N5.HOG0063083	smart-gap	0.9912	1869	1812	57	3.05
N5.HOG0063083	gappy90	0.9	1869	1701	168	8.989
N5.HOG0063084	smart-gap	0.9914	1203	1179	24	1.995
N5.HOG0063084	gappy90	0.9	1203	1125	78	6.484
N5.HOG0063085	smart-gap	1.0	723	705	18	2.49
N5.HOG0063085	gappy90	0.9	723	672	51	7.054
N5.HOG0063086	smart-gap	0.989	1485	1482	3	0.202
N5.HOG0063086	gappy90	0.9	1485	1461	24	1.616
N5.HOG0063088	smart-gap	1.0	1167	1101	66	5.656
N5.HOG0063088	gappy90	0.9	1167	990	177	15.167
N5.HOG0063092	smart-gap	0.2521	585	570	15	2.564
N5.HOG0063134	smart-gap	0.8142	888	831	57	6.419
N5.HOG0063135	smart-gap	0.9826	828	816	12	1.449
N5.HOG0063135	gappy90	0.9	828	813	15	1.812
N5.HOG0063136	smart-gap	0.4286	915	891	24	2.623
N5.HOG0063137	smart-gap	1.0	1932	1920	12	0.621
N5.HOG0063137	gappy90	0.9	1932	1581	351	18.168
N5.HOG0063138	smart-gap	0.9917	2214	1935	279	12.602
N5.HOG0063138	gappy90	0.9	2214	1761	453	20.461
N5.HOG0063147	smart-gap	0.9915	1410	1356	54	3.83
N5.HOG0063147	gappy90	0.9	1410	1281	129	9.149
N5.HOG0063148	smart-gap	0.9917	984	855	129	13.11
N5.HOG0063148	gappy90	0.9	984	702	282	28.659
N5.HOG0063149	smart-gap	1.0	696	693	3	0.431
N5.HOG0063149	gappy90	0.9	696	543	153	21.983
N5.HOG0063150	smart-gap	1.0	1446	1356	90	6.224
N5.HOG0063150	gappy90	0.9	1446	1035	411	28.423
N5.HOG0063162	smart-gap	0.3229	1581	1314	267	16.888
N5.HOG0063166	smart-gap	0.99	732	588	144	19.672
N5.HOG0063166	gappy90	0.9	732	576	156	21.311
N5.HOG0063167	smart-gap	0.1121	834	816	18	2.158
N5.HOG0063168	smart-gap	0.9658	744	687	57	7.661
N5.HOG0063168	gappy90	0.9	744	627	117	15.726
N5.HOG0063169	smart-gap	0.9545	2346	2262	84	3.581
N5.HOG0063169	gappy90	0.9	2346	2154	192	8.184
N5.HOG0063178	smart-gap	0.9916	978	963	15	1.534
N5.HOG0063178	gappy90	0.9	978	918	60	6.135
N5.HOG0063188	smart-gap	0.8772	684	660	24	3.509
N5.HOG0063189	smart-gap	0.9831	1302	1155	147	11.29
N5.HOG0063189	gappy90	0.9	1302	984	318	24.424
N5.HOG0063190	smart-gap	0.9915	2910	2277	633	21.753
N5.HOG0063190	gappy90	0.9	2910	2004	906	31.134
N5.HOG0063191	smart-gap	0.9912	1773	1536	237	13.367
N5.HOG0063191	gappy90	0.9	1773	1461	312	17.597
N5.HOG0063193	smart-gap	0.9917	1875	1758	117	6.24
N5.HOG0063193	gappy90	0.9	1875	1593	282	15.04
N5.HOG0063194	smart-gap	1.0	1089	1086	3	0.275
N5.HOG0063194	gappy90	0.9	1089	921	168	15.427
N5.HOG0063195	smart-gap	0.9831	549	474	75	13.661
N5.HOG0063195	gappy90	0.9	549	381	168	30.601
N5.HOG0063198	smart-gap	0.1667	729	672	57	7.819
N5.HOG0063199	smart-gap	0.9911	1314	1239	75	5.708
N5.HOG0063199	gappy90	0.9	1314	1140	174	13.242
N5.HOG0063204	smart-gap	0.2321	693	681	12	1.732
N5.HOG0063205	smart-gap	0.9911	2757	2220	537	19.478
N5.HOG0063205	gappy90	0.9	2757	1983	774	28.074
N5.HOG0063207	smart-gap	1.0	1323	1275	48	3.628
N5.HOG0063207	gappy90	0.9	1323	1221	102	7.71
N5.HOG0063219	smart-gap	0.9912	1308	1131	177	13.532
N5.HOG0063219	gappy90	0.9	1308	915	393	30.046
N5.HOG0063224	smart-gap	1.0	2427	2034	393	16.193
N5.HOG0063224	gappy90	0.9	2427	915	1512	62.299
N5.HOG0063234	smart-gap	0.7619	2052	2016	36	1.754
N5.HOG0063238	smart-gap	0.9886	1068	1017	51	4.775
N5.HOG0063238	gappy90	0.9	1068	981	87	8.146
N5.HOG0063241	smart-gap	0.6491	948	873	75	7.911
N5.HOG0063242	smart-gap	1.0	1764	1680	84	4.762
N5.HOG0063242	gappy90	0.9	1764	1383	381	21.599
N5.HOG0063243	smart-gap	0.8559	627	600	27	4.306
N5.HOG0063248	smart-gap	0.982	918	870	48	5.229
N5.HOG0063248	gappy90	0.9	918	864	54	5.882
N5.HOG0063254	smart-gap	1.0	1302	1230	72	5.53
N5.HOG0063254	gappy90	0.9	1302	1167	135	10.369
N5.HOG0063255	smart-gap	1.0	2535	2172	363	14.32
N5.HOG0063255	gappy90	0.9	2535	1461	1074	42.367
N5.HOG0063256	smart-gap	0.0756	933	900	33	3.537
N5.HOG0063257	smart-gap	0.3826	2271	2250	21	0.925
N5.HOG0063258	smart-gap	0.1538	681	600	81	11.894
N5.HOG0063259	smart-gap	1.0	660	648	12	1.818
N5.HOG0063259	gappy90	0.9	660	627	33	5.0
N5.HOG0063260	smart-gap	0.9826	1806	1689	117	6.478
N5.HOG0063260	gappy90	0.9	1806	1602	204	11.296
N5.HOG0063261	smart-gap	0.431	963	723	240	24.922
N5.HOG0063267	smart-gap	0.9915	3348	2832	516	15.412
N5.HOG0063267	gappy90	0.9	3348	2265	1083	32.348
N5.HOG0063283	smart-gap	0.9829	717	702	15	2.092
N5.HOG0063283	gappy90	0.9	717	498	219	30.544
N5.HOG0063294	smart-gap	1.0	639	624	15	2.347
N5.HOG0063294	gappy90	0.9	639	621	18	2.817
N5.HOG0063295	smart-gap	0.7083	864	723	141	16.319
N5.HOG0063296	smart-gap	1.0	1320	1311	9	0.682
N5.HOG0063296	gappy90	0.9	1320	1179	141	10.682
N5.HOG0063297	smart-gap	0.8624	1500	1467	33	2.2
N5.HOG0063298	smart-gap	1.0	1353	1296	57	4.213
N5.HOG0063298	gappy90	0.9	1353	1095	258	19.069
N5.HOG0063301	smart-gap	0.6744	1011	978	33	3.264
N5.HOG0063310	smart-gap	1.0	1704	1629	75	4.401
N5.HOG0063310	gappy90	0.9	1704	1527	177	10.387
N5.HOG0063314	smart-gap	0.9813	771	762	9	1.167
N5.HOG0063314	gappy90	0.9	771	738	33	4.28
N5.HOG0063315	smart-gap	1.0	1704	1701	3	0.176
N5.HOG0063315	gappy90	0.9	1704	1620	84	4.93
N5.HOG0063316	smart-gap	1.0	966	795	171	17.702
N5.HOG0063316	gappy90	0.9	966	612	354	36.646
N5.HOG0063317	smart-gap	0.9832	936	909	27	2.885
N5.HOG0063317	gappy90	0.9	936	888	48	5.128
N5.HOG0063318	smart-gap	0.9244	825	741	84	10.182
N5.HOG0063318	gappy90	0.9	825	726	99	12.0
N5.HOG0063319	smart-gap	1.0	699	648	51	7.296
N5.HOG0063319	gappy90	0.9	699	612	87	12.446
N5.HOG0063326	smart-gap	0.9825	726	627	99	13.636
N5.HOG0063326	gappy90	0.9	726	603	123	16.942
N5.HOG0063328	smart-gap	1.0	3480	2472	1008	28.966
N5.HOG0063328	gappy90	0.9	3480	1635	1845	53.017
N5.HOG0063329	smart-gap	0.9915	3126	2322	804	25.72
N5.HOG0063329	gappy90	0.9	3126	1785	1341	42.898
N5.HOG0063336	smart-gap	0.9913	4278	4092	186	4.348
N5.HOG0063336	gappy90	0.9	4278	3879	399	9.327
N5.HOG0063339	smart-gap	0.9286	468	396	72	15.385
N5.HOG0063339	gappy90	0.9	468	396	72	15.385
N5.HOG0063350	smart-gap	0.5281	2739	2301	438	15.991
N5.HOG0063356	smart-gap	1.0	480	477	3	0.625
N5.HOG0063356	gappy90	0.9	480	477	3	0.625
N5.HOG0063357	smart-gap	0.9735	678	618	60	8.85
N5.HOG0063357	gappy90	0.9	678	555	123	18.142
N5.HOG0063361	smart-gap	0.9783	498	336	162	32.53
N5.HOG0063361	gappy90	0.9	498	336	162	32.53
N5.HOG0063363	smart-gap	0.9916	735	723	12	1.633
N5.HOG0063363	gappy90	0.9	735	663	72	9.796
N5.HOG0063377	smart-gap	0.9912	3516	2778	738	20.99
N5.HOG0063377	gappy90	0.9	3516	1644	1872	53.242
N5.HOG0063378	smart-gap	0.9565	1218	1158	60	4.926
N5.HOG0063378	gappy90	0.9	1218	1098	120	9.852
N5.HOG0063379	smart-gap	0.1429	720	699	21	2.917
N5.HOG0063380	smart-gap	0.9915	882	831	51	5.782
N5.HOG0063380	gappy90	0.9	882	786	96	10.884
N5.HOG0063391	smart-gap	0.9915	1560	1431	129	8.269
N5.HOG0063391	gappy90	0.9	1560	1323	237	15.192
N5.HOG0063395	smart-gap	0.9739	1584	1536	48	3.03
N5.HOG0063395	gappy90	0.9	1584	1467	117	7.386
N5.HOG0063412	smart-gap	0.9748	537	522	15	2.793
N5.HOG0063412	gappy90	0.9	537	456	81	15.084
N5.HOG0063414	smart-gap	0.1495	2097	1908	189	9.013
N5.HOG0063418	smart-gap	0.9914	1758	1722	36	2.048
N5.HOG0063418	gappy90	0.9	1758	1062	696	39.59
N5.HOG0063419	smart-gap	0.8983	816	648	168	20.588
N5.HOG0063421	smart-gap	0.9818	906	888	18	1.987
N5.HOG0063421	gappy90	0.9	906	786	120	13.245
N5.HOG0063422	smart-gap	0.7236	1341	780	561	41.834
N5.HOG0063423	smart-gap	0.8707	468	459	9	1.923
N5.HOG0063424	smart-gap	1.0	2316	2238	78	3.368
N5.HOG0063424	gappy90	0.9	2316	1974	342	14.767
N5.HOG0063430	smart-gap	0.9907	966	954	12	1.242
N5.HOG0063430	gappy90	0.9	966	939	27	2.795
N5.HOG0063432	smart-gap	1.0	1815	1812	3	0.165
N5.HOG0063432	gappy90	0.9	1815	1194	621	34.215
N5.HOG0063433	smart-gap	1.0	2037	2010	27	1.325
N5.HOG0063433	gappy90	0.9	2037	1812	225	11.046
N5.HOG0063434	smart-gap	0.9915	2553	2106	447	17.509
N5.HOG0063434	gappy90	0.9	2553	1581	972	38.073
N5.HOG0063435	smart-gap	1.0	2868	2067	801	27.929
N5.HOG0063435	gappy90	0.9	2868	1719	1149	40.063
N5.HOG0063436	smart-gap	0.9829	918	810	108	11.765
N5.HOG0063436	gappy90	0.9	918	720	198	21.569
N5.HOG0063452	smart-gap	1.0	1413	1059	354	25.053
N5.HOG0063452	gappy90	0.9	1413	864	549	38.854
N5.HOG0063466	smart-gap	0.2198	1854	1059	795	42.88
N5.HOG0063487	smart-gap	0.8942	2790	2607	183	6.559
N5.HOG0063488	smart-gap	0.9915	1329	1266	63	4.74
N5.HOG0063488	gappy90	0.9	1329	1221	108	8.126
N5.HOG0063496	smart-gap	0.9912	2748	2361	387	14.083
N5.HOG0063496	gappy90	0.9	2748	1950	798	29.039
N5.HOG0063497	smart-gap	0.6949	1056	1038	18	1.705
N5.HOG0063501	smart-gap	1.0	801	783	18	2.247
N5.HOG0063501	gappy90	0.9	801	678	123	15.356
N5.HOG0063503	smart-gap	1.0	2238	2136	102	4.558
N5.HOG0063503	gappy90	0.9	2238	2013	225	10.054
N5.HOG0063506	smart-gap	1.0	1374	1323	51	3.712
N5.HOG0063506	gappy90	0.9	1374	1233	141	10.262
N5.HOG0063515	smart-gap	0.9569	612	552	60	9.804
N5.HOG0063515	gappy90	0.9	612	552	60	9.804
N5.HOG0063516	smart-gap	1.0	1077	1071	6	0.557
N5.HOG0063516	gappy90	0.9	1077	933	144	13.37
N5.HOG0063525	smart-gap	0.9314	1818	1713	105	5.776
N5.HOG0063525	gappy90	0.9	1818	1713	105	5.776
N5.HOG0063526	smart-gap	0.9826	615	603	12	1.951
N5.HOG0063526	gappy90	0.9	615	588	27	4.39
N5.HOG0063527	smart-gap	0.9914	1920	1731	189	9.844
N5.HOG0063527	gappy90	0.9	1920	1476	444	23.125
N5.HOG0063533	smart-gap	0.9469	1176	1080	96	8.163
N5.HOG0063533	gappy90	0.9	1176	1074	102	8.673
N5.HOG0063534	smart-gap	1.0	2751	2730	21	0.763
N5.HOG0063534	gappy90	0.9	2751	1368	1383	50.273
N5.HOG0063535	smart-gap	0.9917	846	795	51	6.028
N5.HOG0063535	gappy90	0.9	846	690	156	18.44
N5.HOG0063536	smart-gap	0.9916	558	504	54	9.677
N5.HOG0063536	gappy90	0.9	558	477	81	14.516
N5.HOG0063537	smart-gap	1.0	1935	1914	21	1.085
N5.HOG0063537	gappy90	0.9	1935	1782	153	7.907
N5.HOG0063542	smart-gap	0.9915	1650	1440	210	12.727
N5.HOG0063542	gappy90	0.9	1650	1272	378	22.909
N5.HOG0063543	smart-gap	0.9915	762	654	108	14.173
N5.HOG0063543	gappy90	0.9	762	612	150	19.685
N5.HOG0063548	smart-gap	0.7607	1044	993	51	4.885
N5.HOG0063557	smart-gap	0.9748	711	654	57	8.017
N5.HOG0063557	gappy90	0.9	711	570	141	19.831
N5.HOG0063558	smart-gap	1.0	1119	1113	6	0.536
N5.HOG0063558	gappy90	0.9	1119	936	183	16.354
N5.HOG0063559	smart-gap	0.9806	2358	2289	69	2.926
N5.HOG0063559	gappy90	0.9	2358	2244	114	4.835
N5.HOG0063561	smart-gap	1.0	2778	2235	543	19.546
N5.HOG0063561	gappy90	0.9	2778	1692	1086	39.093
N5.HOG0063562	smart-gap	0.4831	666	654	12	1.802
N5.HOG0063563	smart-gap	0.3945	603	564	39	6.468
N5.HOG0063565	smart-gap	1.0	669	570	99	14.798
N5.HOG0063565	gappy90	0.9	669	570	99	14.798
N5.HOG0063567	smart-gap	0.9808	1275	1194	81	6.353
N5.HOG0063567	gappy90	0.9	1275	1104	171	13.412
N5.HOG0063586	smart-gap	1.0	1170	1044	126	10.769
N5.HOG0063586	gappy90	0.9	1170	897	273	23.333
N5.HOG0063587	smart-gap	0.9913	864	804	60	6.944
N5.HOG0063587	gappy90	0.9	864	768	96	11.111
N5.HOG0063588	smart-gap	0.9825	1554	1422	132	8.494
N5.HOG0063588	gappy90	0.9	1554	1386	168	10.811
N5.HOG0063594	smart-gap	0.9916	684	639	45	6.579
N5.HOG0063594	gappy90	0.9	684	588	96	14.035
N5.HOG0063597	smart-gap	0.9828	1140	1041	99	8.684
N5.HOG0063597	gappy90	0.9	1140	963	177	15.526
N5.HOG0063598	smart-gap	0.9915	2067	1911	156	7.547
N5.HOG0063598	gappy90	0.9	2067	1779	288	13.933
N5.HOG0063599	smart-gap	0.9914	1413	1314	99	7.006
N5.HOG0063599	gappy90	0.9	1413	1215	198	14.013
N5.HOG0063600	smart-gap	1.0	1686	1593	93	5.516
N5.HOG0063600	gappy90	0.9	1686	1473	213	12.633
N5.HOG0063608	smart-gap	0.9914	2394	2331	63	2.632
N5.HOG0063608	gappy90	0.9	2394	1233	1161	48.496
N5.HOG0063609	smart-gap	0.9915	816	786	30	3.676
N5.HOG0063609	gappy90	0.9	816	651	165	20.221
N5.HOG0063621	smart-gap	0.9829	882	837	45	5.102
N5.HOG0063621	gappy90	0.9	882	702	180	20.408
N5.HOG0063623	smart-gap	0.0957	318	306	12	3.774
N5.HOG0063635	smart-gap	0.931	666	564	102	15.315
N5.HOG0063635	gappy90	0.9	666	477	189	28.378
N5.HOG0063636	smart-gap	0.9916	1359	1182	177	13.024
N5.HOG0063636	gappy90	0.9	1359	1116	243	17.881
N5.HOG0063637	smart-gap	1.0	1524	1290	234	15.354
N5.HOG0063637	gappy90	0.9	1524	1059	465	30.512
N5.HOG0063645	smart-gap	0.973	711	525	186	26.16
N5.HOG0063645	gappy90	0.9	711	447	264	37.131
N5.HOG0063646	smart-gap	0.9907	2205	2136	69	3.129
N5.HOG0063646	gappy90	0.9	2205	2055	150	6.803
N5.HOG0063648	smart-gap	0.9828	1593	1581	12	0.753
N5.HOG0063648	gappy90	0.9	1593	1557	36	2.26
N5.HOG0063649	smart-gap	0.7565	1446	975	471	32.573
N5.HOG0063650	smart-gap	0.9916	4029	3444	585	14.52
N5.HOG0063650	gappy90	0.9	4029	2841	1188	29.486
N5.HOG0063651	smart-gap	0.9915	714	600	114	15.966
N5.HOG0063651	gappy90	0.9	714	480	234	32.773
N5.HOG0063653	smart-gap	0.9798	1122	1038	84	7.487
N5.HOG0063653	gappy90	0.9	1122	966	156	13.904
N5.HOG0063655	smart-gap	1.0	1359	1353	6	0.442
N5.HOG0063655	gappy90	0.9	1359	1230	129	9.492
N5.HOG0063656	smart-gap	0.9829	924	885	39	4.221
N5.HOG0063656	gappy90	0.9	924	861	63	6.818
N5.HOG0063659	smart-gap	0.9902	4245	3555	690	16.254
N5.HOG0063659	gappy90	0.9	4245	2607	1638	38.587
N5.HOG0063660	smart-gap	0.9831	1464	1308	156	10.656
N5.HOG0063660	gappy90	0.9	1464	1149	315	21.516
N5.HOG0063661	smart-gap	0.1161	1026	1005	21	2.047
N5.HOG0063677	smart-gap	0.1638	1566	1515	51	3.257
N5.HOG0063678	smart-gap	0.9825	1335	1242	93	6.966
N5.HOG0063678	gappy90	0.9	1335	1230	105	7.865
N5.HOG0063683	smart-gap	1.0	816	747	69	8.456
N5.HOG0063683	gappy90	0.9	816	588	228	27.941
N5.HOG0063686	smart-gap	0.9468	1503	1329	174	11.577
N5.HOG0063686	gappy90	0.9	1503	1329	174	11.577
N5.HOG0063700	smart-gap	1.0	972	861	111	11.42
N5.HOG0063700	gappy90	0.9	972	723	249	25.617
N5.HOG0063703	smart-gap	0.0495	339	336	3	0.885
N5.HOG0063704	smart-gap	0.1795	660	603	57	8.636
N5.HOG0063705	smart-gap	0.6372	1434	1269	165	11.506
N5.HOG0063706	smart-gap	0.9912	2589	2490	99	3.824
N5.HOG0063706	gappy90	0.9	2589	2388	201	7.764
N5.HOG0063712	smart-gap	0.0609	603	585	18	2.985
N5.HOG0063719	smart-gap	1.0	846	837	9	1.064
N5.HOG0063719	gappy90	0.9	846	684	162	19.149
N5.HOG0063733	smart-gap	0.5208	2271	1899	372	16.38
N5.HOG0063734	smart-gap	0.9914	2175	2031	144	6.621
N5.HOG0063734	gappy90	0.9	2175	1824	351	16.138
N5.HOG0063735	smart-gap	0.9829	1131	975	156	13.793
N5.HOG0063735	gappy90	0.9	1131	777	354	31.3
N5.HOG0063743	smart-gap	0.1982	1005	972	33	3.284
N5.HOG0063744	smart-gap	0.9912	1956	1938	18	0.92
N5.HOG0063744	gappy90	0.9	1956	1737	219	11.196
N5.HOG0063745	smart-gap	0.9739	1560	1320	240	15.385
N5.HOG0063745	gappy90	0.9	1560	1185	375	24.038
N5.HOG0063746	smart-gap	0.9912	1581	1335	246	15.56
N5.HOG0063746	gappy90	0.9	1581	1260	321	20.304
N5.HOG0063749	smart-gap	0.9735	672	624	48	7.143
N5.HOG0063749	gappy90	0.9	672	600	72	10.714
N5.HOG0063750	smart-gap	0.9915	1377	1221	156	11.329
N5.HOG0063750	gappy90	0.9	1377	1095	282	20.479
N5.HOG0063751	smart-gap	0.9915	2142	1932	210	9.804
N5.HOG0063751	gappy90	0.9	2142	1500	642	29.972
N5.HOG0063760	smart-gap	0.7069	786	609	177	22.519
N5.HOG0063761	smart-gap	0.9915	885	849	36	4.068
N5.HOG0063761	gappy90	0.9	885	768	117	13.22
N5.HOG0063771	smart-gap	1.0	5277	3561	1716	32.518
N5.HOG0063771	gappy90	0.9	5277	1755	3522	66.742
N5.HOG0063782	smart-gap	0.9894	2535	2247	288	11.361
N5.HOG0063782	gappy90	0.9	2535	1752	783	30.888
N5.HOG0063784	smart-gap	0.9907	2814	2790	24	0.853
N5.HOG0063784	gappy90	0.9	2814	2763	51	1.812
N5.HOG0063786	smart-gap	0.9808	1719	1458	261	15.183
N5.HOG0063786	gappy90	0.9	1719	1314	405	23.56
N5.HOG0063794	smart-gap	0.9739	1539	1308	231	15.01
N5.HOG0063794	gappy90	0.9	1539	1239	300	19.493
N5.HOG0063795	smart-gap	1.0	1854	1605	249	13.43
N5.HOG0063795	gappy90	0.9	1854	1461	393	21.197
N5.HOG0063796	smart-gap	0.9825	645	549	96	14.884
N5.HOG0063796	gappy90	0.9	645	495	150	23.256
N5.HOG0063804	smart-gap	1.0	1587	1533	54	3.403
N5.HOG0063804	gappy90	0.9	1587	1422	165	10.397
N5.HOG0063809	smart-gap	0.9912	1278	1032	246	19.249
N5.HOG0063809	gappy90	0.9	1278	987	291	22.77
N5.HOG0063839	smart-gap	0.9825	1041	1017	24	2.305
N5.HOG0063839	gappy90	0.9	1041	996	45	4.323
N5.HOG0063840	smart-gap	0.982	1458	1344	114	7.819
N5.HOG0063840	gappy90	0.9	1458	1263	195	13.374
N5.HOG0063846	smart-gap	0.9817	1311	1296	15	1.144
N5.HOG0063846	gappy90	0.9	1311	1290	21	1.602
N5.HOG0063849	smart-gap	0.9907	648	645	3	0.463
N5.HOG0063849	gappy90	0.9	648	645	3	0.463
N5.HOG0063854	smart-gap	0.9829	1884	1401	483	25.637
N5.HOG0063854	gappy90	0.9	1884	1227	657	34.873
N5.HOG0063855	smart-gap	0.9914	1035	1008	27	2.609
N5.HOG0063855	gappy90	0.9	1035	834	201	19.42
N5.HOG0063867	smart-gap	0.9894	3570	3318	252	7.059
N5.HOG0063867	gappy90	0.9	3570	2952	618	17.311
N5.HOG0063875	smart-gap	0.8761	1869	1551	318	17.014
N5.HOG0063876	smart-gap	0.8034	1200	1197	3	0.25
N5.HOG0063877	smart-gap	1.0	660	576	84	12.727
N5.HOG0063877	gappy90	0.9	660	519	141	21.364
N5.HOG0063878	smart-gap	1.0	1167	1146	21	1.799
N5.HOG0063878	gappy90	0.9	1167	1080	87	7.455
N5.HOG0063879	smart-gap	0.9204	1131	948	183	16.18
N5.HOG0063879	gappy90	0.9	1131	927	204	18.037
N5.HOG0063880	smart-gap	0.0427	369	366	3	0.813
N5.HOG0063881	smart-gap	0.9912	2274	1989	285	12.533
N5.HOG0063881	gappy90	0.9	2274	1824	450	19.789
N5.HOG0063882	smart-gap	0.9829	1086	1038	48	4.42
N5.HOG0063882	gappy90	0.9	1086	969	117	10.773
N5.HOG0063884	smart-gap	0.1429	795	759	36	4.528
N5.HOG0063895	smart-gap	0.4397	351	345	6	1.709
N5.HOG0063897	smart-gap	0.9811	1392	1332	60	4.31
N5.HOG0063897	gappy90	0.9	1392	1314	78	5.603
N5.HOG0063898	smart-gap	0.9825	1620	1338	282	17.407
N5.HOG0063898	gappy90	0.9	1620	1314	306	18.889
N5.HOG0063902	smart-gap	0.9898	789	768	21	2.662
N5.HOG0063902	gappy90	0.9	789	693	96	12.167
N5.HOG0063921	smart-gap	0.9829	1566	1395	171	10.92
N5.HOG0063921	gappy90	0.9	1566	1287	279	17.816
N5.HOG0063924	smart-gap	0.9898	2493	2037	456	18.291
N5.HOG0063924	gappy90	0.9	2493	1800	693	27.798
N5.HOG0063925	smart-gap	0.7963	669	660	9	1.345
N5.HOG0063926	smart-gap	1.0	1284	1236	48	3.738
N5.HOG0063926	gappy90	0.9	1284	1188	96	7.477
N5.HOG0063927	smart-gap	0.0696	786	768	18	2.29
N5.HOG0063928	smart-gap	1.0	1389	1089	300	21.598
N5.HOG0063928	gappy90	0.9	1389	942	447	32.181
N5.HOG0063929	smart-gap	0.9915	1608	1503	105	6.53
N5.HOG0063929	gappy90	0.9	1608	1287	321	19.963
N5.HOG0063932	smart-gap	0.1869	1845	1797	48	2.602
N5.HOG0063933	smart-gap	0.9913	522	513	9	1.724
N5.HOG0063933	gappy90	0.9	522	447	75	14.368
N5.HOG0063934	smart-gap	1.0	750	747	3	0.4
N5.HOG0063934	gappy90	0.9	750	708	42	5.6
N5.HOG0063940	smart-gap	0.9913	1200	1077	123	10.25
N5.HOG0063940	gappy90	0.9	1200	996	204	17.0
N5.HOG0063941	smart-gap	0.9913	753	711	42	5.578
N5.HOG0063941	gappy90	0.9	753	648	105	13.944
N5.HOG0063942	smart-gap	0.9917	1020	771	249	24.412
N5.HOG0063942	gappy90	0.9	1020	588	432	42.353
N5.HOG0063943	smart-gap	0.9825	1692	1317	375	22.163
N5.HOG0063943	gappy90	0.9	1692	1140	552	32.624
N5.HOG0063944	smart-gap	0.9905	1473	1440	33	2.24
N5.HOG0063944	gappy90	0.9	1473	1410	63	4.277
N5.HOG0063947	smart-gap	0.9903	2124	2106	18	0.847
N5.HOG0063947	gappy90	0.9	2124	2088	36	1.695
N5.HOG0063948	smart-gap	0.9913	753	702	51	6.773
N5.HOG0063948	gappy90	0.9	753	570	183	24.303
N5.HOG0063949	smart-gap	0.9915	3828	1992	1836	47.962
N5.HOG0063949	gappy90	0.9	3828	1230	2598	67.868
N5.HOG0063950	smart-gap	0.9741	660	639	21	3.182
N5.HOG0063950	gappy90	0.9	660	540	120	18.182
N5.HOG0063951	smart-gap	0.9895	660	657	3	0.455
N5.HOG0063951	gappy90	0.9	660	627	33	5.0
N5.HOG0063959	smart-gap	0.9565	2475	2430	45	1.818
N5.HOG0063959	gappy90	0.9	2475	2415	60	2.424
N5.HOG0063962	smart-gap	0.8333	1407	1365	42	2.985
N5.HOG0063963	smart-gap	0.9914	711	696	15	2.11
N5.HOG0063963	gappy90	0.9	711	654	57	8.017
N5.HOG0063965	smart-gap	0.991	2373	2304	69	2.908
N5.HOG0063965	gappy90	0.9	2373	2250	123	5.183
N5.HOG0063967	smart-gap	0.3246	1038	939	99	9.538
N5.HOG0063971	smart-gap	1.0	1098	996	102	9.29
N5.HOG0063971	gappy90	0.9	1098	867	231	21.038
N5.HOG0063972	smart-gap	0.0776	1803	1785	18	0.998
N5.HOG0063973	smart-gap	0.9915	747	732	15	2.008
N5.HOG0063973	gappy90	0.9	747	627	120	16.064
N5.HOG0063975	smart-gap	0.6455	1002	975	27	2.695
N5.HOG0063976	smart-gap	0.9826	1188	1176	12	1.01
N5.HOG0063976	gappy90	0.9	1188	1146	42	3.535
N5.HOG0063977	smart-gap	0.9912	513	498	15	2.924
N5.HOG0063977	gappy90	0.9	513	468	45	8.772
N5.HOG0063978	smart-gap	0.5088	1683	1497	186	11.052
N5.HOG0063980	smart-gap	0.1264	2400	2262	138	5.75
N5.HOG0063982	smart-gap	0.9913	1992	1818	174	8.735
N5.HOG0063982	gappy90	0.9	1992	1725	267	13.404
N5.HOG0063994	smart-gap	1.0	1062	858	204	19.209
N5.HOG0063994	gappy90	0.9	1062	675	387	36.441
N5.HOG0063995	smart-gap	0.0442	597	594	3	0.503
N5.HOG0064002	smart-gap	0.9062	984	960	24	2.439
N5.HOG0064002	gappy90	0.9	984	960	24	2.439
N5.HOG0064007	smart-gap	0.9825	1245	1098	147	11.807
N5.HOG0064007	gappy90	0.9	1245	1047	198	15.904
N5.HOG0064008	smart-gap	0.9643	1932	1893	39	2.019
N5.HOG0064008	gappy90	0.9	1932	1887	45	2.329
N5.HOG0064009	smart-gap	0.2321	1326	1218	108	8.145
N5.HOG0064013	smart-gap	1.0	1824	1716	108	5.921
N5.HOG0064013	gappy90	0.9	1824	1548	276	15.132
N5.HOG0064014	smart-gap	1.0	843	798	45	5.338
N5.HOG0064014	gappy90	0.9	843	666	177	20.996
N5.HOG0064018	smart-gap	0.9741	543	525	18	3.315
N5.HOG0064018	gappy90	0.9	543	516	27	4.972
N5.HOG0064019	smart-gap	0.2816	1857	1833	24	1.292
N5.HOG0064022	smart-gap	1.0	1635	1629	6	0.367
N5.HOG0064022	gappy90	0.9	1635	1542	93	5.688
N5.HOG0064023	smart-gap	0.9661	744	699	45	6.048
N5.HOG0064023	gappy90	0.9	744	684	60	8.065
N5.HOG0064025	smart-gap	0.9911	1350	1293	57	4.222
N5.HOG0064025	gappy90	0.9	1350	1185	165	12.222
N5.HOG0064026	smart-gap	0.9833	1374	1008	366	26.638
N5.HOG0064026	gappy90	0.9	1374	786	588	42.795
N5.HOG0064035	smart-gap	1.0	1491	1485	6	0.402
N5.HOG0064035	gappy90	0.9	1491	1353	138	9.256
N5.HOG0064036	smart-gap	1.0	1158	801	357	30.829
N5.HOG0064036	gappy90	0.9	1158	696	462	39.896
N5.HOG0064039	smart-gap	0.9352	696	591	105	15.086
N5.HOG0064039	gappy90	0.9	696	585	111	15.948
N5.HOG0064040	smart-gap	0.1532	882	876	6	0.68
N5.HOG0064052	smart-gap	0.9913	3174	2370	804	25.331
N5.HOG0064052	gappy90	0.9	3174	1875	1299	40.926
N5.HOG0064064	smart-gap	0.9826	2454	2211	243	9.902
N5.HOG0064064	gappy90	0.9	2454	2091	363	14.792
N5.HOG0064078	smart-gap	0.9633	2451	1872	579	23.623
N5.HOG0064078	gappy90	0.9	2451	1548	903	36.842
N5.HOG0064079	smart-gap	1.0	1086	1083	3	0.276
N5.HOG0064079	gappy90	0.9	1086	1032	54	4.972
N5.HOG0064080	smart-gap	0.9829	1386	1308	78	5.628
N5.HOG0064080	gappy90	0.9	1386	1254	132	9.524
N5.HOG0064081	smart-gap	0.9914	2163	1632	531	24.549
N5.HOG0064081	gappy90	0.9	2163	1452	711	32.871
N5.HOG0064082	smart-gap	1.0	885	876	9	1.017
N5.HOG0064082	gappy90	0.9	885	822	63	7.119
N5.HOG0064083	smart-gap	0.9915	1113	879	234	21.024
N5.HOG0064083	gappy90	0.9	1113	678	435	39.084
N5.HOG0064085	smart-gap	1.0	1410	1395	15	1.064
N5.HOG0064085	gappy90	0.9	1410	1233	177	12.553
N5.HOG0064086	smart-gap	1.0	1533	1476	57	3.718
N5.HOG0064086	gappy90	0.9	1533	999	534	34.834
N5.HOG0064087	smart-gap	1.0	1845	1719	126	6.829
N5.HOG0064087	gappy90	0.9	1845	1506	339	18.374
N5.HOG0064088	smart-gap	0.9914	3153	2988	165	5.233
N5.HOG0064088	gappy90	0.9	3153	2766	387	12.274
N5.HOG0064089	smart-gap	0.9829	954	765	189	19.811
N5.HOG0064089	gappy90	0.9	954	690	264	27.673
N5.HOG0064092	smart-gap	0.9913	1404	1392	12	0.855
N5.HOG0064092	gappy90	0.9	1404	1311	93	6.624
N5.HOG0064093	smart-gap	0.9279	1173	1011	162	13.811
N5.HOG0064093	gappy90	0.9	1173	981	192	16.368
N5.HOG0064094	smart-gap	0.9304	618	483	135	21.845
N5.HOG0064094	gappy90	0.9	618	459	159	25.728
N5.HOG0064102	smart-gap	0.9914	4980	3600	1380	27.711
N5.HOG0064102	gappy90	0.9	4980	2775	2205	44.277
N5.HOG0064103	smart-gap	0.9739	717	654	63	8.787
N5.HOG0064103	gappy90	0.9	717	558	159	22.176
N5.HOG0064111	smart-gap	0.0561	1365	1320	45	3.297
N5.HOG0064112	smart-gap	0.9828	762	627	135	17.717
N5.HOG0064112	gappy90	0.9	762	564	198	25.984
N5.HOG0064119	smart-gap	1.0	582	570	12	2.062
N5.HOG0064119	gappy90	0.9	582	315	267	45.876
N5.HOG0064126	smart-gap	0.0789	924	885	39	4.221
N5.HOG0064130	smart-gap	0.9897	1518	1335	183	12.055
N5.HOG0064130	gappy90	0.9	1518	1311	207	13.636
N5.HOG0064134	smart-gap	0.9794	1371	1284	87	6.346
N5.HOG0064134	gappy90	0.9	1371	1254	117	8.534
N5.HOG0064135	smart-gap	0.0275	1230	1212	18	1.463
N5.HOG0064136	smart-gap	1.0	1023	1020	3	0.293
N5.HOG0064136	gappy90	0.9	1023	921	102	9.971
N5.HOG0064138	smart-gap	0.0455	882	705	177	20.068
N5.HOG0064139	smart-gap	0.2566	1479	1458	21	1.42
N5.HOG0064140	smart-gap	1.0	2241	2013	228	10.174
N5.HOG0064140	gappy90	0.9	2241	1896	345	15.395
N5.HOG0064141	smart-gap	0.9828	819	735	84	10.256
N5.HOG0064141	gappy90	0.9	819	549	270	32.967
N5.HOG0064144	smart-gap	0.9915	1452	1389	63	4.339
N5.HOG0064144	gappy90	0.9	1452	744	708	48.76
N5.HOG0064145	smart-gap	1.0	1089	1059	30	2.755
N5.HOG0064145	gappy90	0.9	1089	963	126	11.57
N5.HOG0064147	smart-gap	0.8448	1047	1026	21	2.006
N5.HOG0064150	smart-gap	0.9451	2160	1683	477	22.083
N5.HOG0064150	gappy90	0.9	2160	1443	717	33.194
N5.HOG0064153	smart-gap	0.9915	1791	1560	231	12.898
N5.HOG0064153	gappy90	0.9	1791	1407	384	21.441
N5.HOG0064154	smart-gap	1.0	3060	2829	231	7.549
N5.HOG0064154	gappy90	0.9	3060	2244	816	26.667
N5.HOG0064156	smart-gap	0.9487	1950	1530	420	21.538
N5.HOG0064156	gappy90	0.9	1950	1320	630	32.308
N5.HOG0064160	smart-gap	0.9913	1053	1038	15	1.425
N5.HOG0064160	gappy90	0.9	1053	1008	45	4.274
N5.HOG0064161	smart-gap	0.9913	912	822	90	9.868
N5.HOG0064161	gappy90	0.9	912	786	126	13.816
N5.HOG0064174	smart-gap	0.7739	738	591	147	19.919
N5.HOG0064176	smart-gap	0.9167	984	909	75	7.622
N5.HOG0064176	gappy90	0.9	984	909	75	7.622
N5.HOG0064191	smart-gap	1.0	642	639	3	0.467
N5.HOG0064191	gappy90	0.9	642	528	114	17.757
N5.HOG0064195	smart-gap	0.9829	1701	1392	309	18.166
N5.HOG0064195	gappy90	0.9	1701	1092	609	35.802
N5.HOG0064199	smart-gap	0.9649	777	675	102	13.127
N5.HOG0064199	gappy90	0.9	777	594	183	23.552
N5.HOG0064200	smart-gap	0.9912	4680	3357	1323	28.269
N5.HOG0064200	gappy90	0.9	4680	2328	2352	50.256
N5.HOG0064201	smart-gap	1.0	3906	2649	1257	32.181
N5.HOG0064201	gappy90	0.9	3906	2103	1803	46.16
N5.HOG0064202	smart-gap	0.9292	1599	1467	132	8.255
N5.HOG0064202	gappy90	0.9	1599	1443	156	9.756
N5.HOG0064203	smart-gap	1.0	792	789	3	0.379
N5.HOG0064203	gappy90	0.9	792	702	90	11.364
N5.HOG0064206	smart-gap	0.0989	1755	1335	420	23.932
N5.HOG0064207	smart-gap	0.9912	1209	1200	9	0.744
N5.HOG0064207	gappy90	0.9	1209	1098	111	9.181
N5.HOG0064217	smart-gap	0.9903	1536	1524	12	0.781
N5.HOG0064217	gappy90	0.9	1536	1509	27	1.758
N5.HOG0064222	smart-gap	0.9825	3648	2916	732	20.066
N5.HOG0064222	gappy90	0.9	3648	2553	1095	30.016
N5.HOG0064230	smart-gap	0.9907	1017	978	39	3.835
N5.HOG0064230	gappy90	0.9	1017	933	84	8.26
N5.HOG0064231	smart-gap	0.9821	1752	1476	276	15.753
N5.HOG0064231	gappy90	0.9	1752	1368	384	21.918
N5.HOG0064241	smart-gap	1.0	1266	1257	9	0.711
N5.HOG0064241	gappy90	0.9	1266	1044	222	17.536
N5.HOG0064242	smart-gap	0.9915	2736	2568	168	6.14
N5.HOG0064242	gappy90	0.9	2736	2295	441	16.118
N5.HOG0064243	smart-gap	1.0	1332	1200	132	9.91
N5.HOG0064243	gappy90	0.9	1332	1131	201	15.09
N5.HOG0064244	smart-gap	1.0	1605	1464	141	8.785
N5.HOG0064244	gappy90	0.9	1605	1092	513	31.963
N5.HOG0064262	smart-gap	0.9823	2292	1515	777	33.901
N5.HOG0064262	gappy90	0.9	2292	1326	966	42.147
N5.HOG0064263	smart-gap	1.0	2013	1980	33	1.639
N5.HOG0064263	gappy90	0.9	2013	1944	69	3.428
N5.HOG0064264	smart-gap	0.9828	525	492	33	6.286
N5.HOG0064264	gappy90	0.9	525	441	84	16.0
N5.HOG0064265	smart-gap	0.9286	417	354	63	15.108
N5.HOG0064265	gappy90	0.9	417	342	75	17.986
N5.HOG0064284	smart-gap	1.0	1257	1254	3	0.239
N5.HOG0064284	gappy90	0.9	1257	1218	39	3.103
N5.HOG0064287	smart-gap	1.0	1050	1023	27	2.571
N5.HOG0064287	gappy90	0.9	1050	963	87	8.286
N5.HOG0064288	smart-gap	1.0	1116	1014	102	9.14
N5.HOG0064288	gappy90	0.9	1116	705	411	36.828
N5.HOG0064289	smart-gap	0.9914	1284	900	384	29.907
N5.HOG0064289	gappy90	0.9	1284	483	801	62.383
N5.HOG0064290	smart-gap	0.9813	798	726	72	9.023
N5.HOG0064290	gappy90	0.9	798	573	225	28.195
N5.HOG0064303	smart-gap	0.9252	2685	1644	1041	38.771
N5.HOG0064303	gappy90	0.9	2685	1476	1209	45.028
N5.HOG0064307	smart-gap	0.9787	1824	1770	54	2.961
N5.HOG0064307	gappy90	0.9	1824	1755	69	3.783
N5.HOG0064308	smart-gap	0.9912	858	804	54	6.294
N5.HOG0064308	gappy90	0.9	858	732	126	14.685
N5.HOG0064309	smart-gap	1.0	1050	1011	39	3.714
N5.HOG0064309	gappy90	0.9	1050	975	75	7.143
N5.HOG0064311	smart-gap	1.0	2511	2451	60	2.389
N5.HOG0064311	gappy90	0.9	2511	2238	273	10.872
N5.HOG0064325	smart-gap	0.9826	780	723	57	7.308
N5.HOG0064325	gappy90	0.9	780	600	180	23.077
N5.HOG0064326	smart-gap	0.9911	852	810	42	4.93
N5.HOG0064326	gappy90	0.9	852	780	72	8.451
N5.HOG0064327	smart-gap	0.9815	429	405	24	5.594
N5.HOG0064327	gappy90	0.9	429	348	81	18.881
N5.HOG0064328	smart-gap	0.9737	1170	1095	75	6.41
N5.HOG0064328	gappy90	0.9	1170	1035	135	11.538
N5.HOG0064329	smart-gap	0.9912	4035	3027	1008	24.981
N5.HOG0064329	gappy90	0.9	4035	2505	1530	37.918
N5.HOG0064330	smart-gap	0.2105	1095	1044	51	4.658
N5.HOG0064331	smart-gap	0.9914	2568	1677	891	34.696
N5.HOG0064331	gappy90	0.9	2568	1353	1215	47.313
N5.HOG0064332	smart-gap	0.9915	552	537	15	2.717
N5.HOG0064332	gappy90	0.9	552	504	48	8.696
N5.HOG0064339	smart-gap	0.9909	2100	1980	120	5.714
N5.HOG0064339	gappy90	0.9	2100	1749	351	16.714
N5.HOG0064340	smart-gap	0.0642	678	540	138	20.354
N5.HOG0064341	smart-gap	0.9828	1377	1131	246	17.865
N5.HOG0064341	gappy90	0.9	1377	1077	300	21.786
N5.HOG0064348	smart-gap	0.9717	1398	1242	156	11.159
N5.HOG0064348	gappy90	0.9	1398	1212	186	13.305
N5.HOG0064358	smart-gap	0.9912	1455	1338	117	8.041
N5.HOG0064358	gappy90	0.9	1455	1050	405	27.835
N5.HOG0064359	smart-gap	0.9739	1887	1458	429	22.734
N5.HOG0064359	gappy90	0.9	1887	1071	816	43.243
N5.HOG0064373	smart-gap	0.9828	597	555	42	7.035
N5.HOG0064373	gappy90	0.9	597	477	120	20.101
N5.HOG0064374	smart-gap	0.9915	1944	1824	120	6.173
N5.HOG0064374	gappy90	0.9	1944	1647	297	15.278
N5.HOG0064375	smart-gap	0.9316	1209	1014	195	16.129
N5.HOG0064375	gappy90	0.9	1209	945	264	21.836
N5.HOG0064376	smart-gap	0.9914	1038	930	108	10.405
N5.HOG0064376	gappy90	0.9	1038	765	273	26.301
N5.HOG0064382	smart-gap	0.982	2136	1680	456	21.348
N5.HOG0064382	gappy90	0.9	2136	1131	1005	47.051
N5.HOG0064387	smart-gap	1.0	1149	1131	18	1.567
N5.HOG0064387	gappy90	0.9	1149	1080	69	6.005
N5.HOG0064389	smart-gap	0.9899	1020	1017	3	0.294
N5.HOG0064389	gappy90	0.9	1020	1011	9	0.882
N5.HOG0064414	smart-gap	0.113	849	816	33	3.887
N5.HOG0064415	smart-gap	0.931	1569	1326	243	15.488
N5.HOG0064415	gappy90	0.9	1569	1302	267	17.017
N5.HOG0064417	smart-gap	0.0642	744	693	51	6.855
N5.HOG0064418	smart-gap	0.8276	2355	2193	162	6.879
N5.HOG0064442	smart-gap	1.0	1056	1041	15	1.42
N5.HOG0064442	gappy90	0.9	1056	1017	39	3.693
N5.HOG0064443	smart-gap	0.9739	441	429	12	2.721
N5.HOG0064443	gappy90	0.9	441	420	21	4.762
N5.HOG0064448	smart-gap	1.0	1272	1248	24	1.887
N5.HOG0064448	gappy90	0.9	1272	1086	186	14.623
N5.HOG0064449	smart-gap	0.9914	1032	993	39	3.779
N5.HOG0064449	gappy90	0.9	1032	924	108	10.465
N5.HOG0064450	smart-gap	1.0	5541	3975	1566	28.262
N5.HOG0064450	gappy90	0.9	5541	2070	3471	62.642
N5.HOG0064451	smart-gap	0.9737	1749	1674	75	4.288
N5.HOG0064451	gappy90	0.9	1749	1557	192	10.978
N5.HOG0064455	smart-gap	0.9905	1395	1374	21	1.505
N5.HOG0064455	gappy90	0.9	1395	1344	51	3.656
N5.HOG0064456	smart-gap	1.0	549	528	21	3.825
N5.HOG0064456	gappy90	0.9	549	477	72	13.115
N5.HOG0064457	smart-gap	0.9915	1386	1290	96	6.926
N5.HOG0064457	gappy90	0.9	1386	1089	297	21.429
N5.HOG0064458	smart-gap	0.9901	3558	3348	210	5.902
N5.HOG0064458	gappy90	0.9	3558	3153	405	11.383
N5.HOG0064466	smart-gap	0.9913	879	861	18	2.048
N5.HOG0064466	gappy90	0.9	879	840	39	4.437
N5.HOG0064468	smart-gap	0.9902	1224	1191	33	2.696
N5.HOG0064468	gappy90	0.9	1224	1074	150	12.255
N5.HOG0064470	smart-gap	0.0642	1284	1269	15	1.168
N5.HOG0064478	smart-gap	0.9727	2283	2238	45	1.971
N5.HOG0064478	gappy90	0.9	2283	2205	78	3.417
N5.HOG0064479	smart-gap	0.9912	2031	1830	201	9.897
N5.HOG0064479	gappy90	0.9	2031	1551	480	23.634
N5.HOG0064480	smart-gap	0.9633	639	618	21	3.286
N5.HOG0064480	gappy90	0.9	639	618	21	3.286
N5.HOG0064482	smart-gap	0.9823	636	612	24	3.774
N5.HOG0064482	gappy90	0.9	636	561	75	11.792
N5.HOG0064485	smart-gap	0.9903	1068	1041	27	2.528
N5.HOG0064485	gappy90	0.9	1068	834	234	21.91
N5.HOG0064486	smart-gap	0.991	849	768	81	9.541
N5.HOG0064486	gappy90	0.9	849	747	102	12.014
N5.HOG0064490	smart-gap	0.9885	3003	2430	573	19.081
N5.HOG0064490	gappy90	0.9	3003	2055	948	31.568
N5.HOG0064492	smart-gap	0.2609	2259	2193	66	2.922
N5.HOG0064493	smart-gap	0.1062	939	912	27	2.875
N5.HOG0064495	smart-gap	0.8364	1449	1431	18	1.242
N5.HOG0064514	smart-gap	0.2818	465	417	48	10.323
N5.HOG0064555	smart-gap	0.9912	1539	1494	45	2.924
N5.HOG0064555	gappy90	0.9	1539	1395	144	9.357
N5.HOG0064556	smart-gap	0.9286	642	621	21	3.271
N5.HOG0064556	gappy90	0.9	642	615	27	4.206
N5.HOG0064557	smart-gap	0.9823	639	399	240	37.559
N5.HOG0064557	gappy90	0.9	639	399	240	37.559
N5.HOG0064559	smart-gap	0.982	888	876	12	1.351
N5.HOG0064559	gappy90	0.9	888	861	27	3.041
N5.HOG0064566	smart-gap	0.9896	1266	1242	24	1.896
N5.HOG0064566	gappy90	0.9	1266	1179	87	6.872
N5.HOG0064575	smart-gap	1.0	834	687	147	17.626
N5.HOG0064575	gappy90	0.9	834	600	234	28.058
N5.HOG0064583	smart-gap	0.9911	1533	1467	66	4.305
N5.HOG0064583	gappy90	0.9	1533	1368	165	10.763
N5.HOG0064585	smart-gap	0.9266	1824	1695	129	7.072
N5.HOG0064585	gappy90	0.9	1824	1647	177	9.704
N5.HOG0064596	smart-gap	0.8426	822	798	24	2.92
N5.HOG0064597	smart-gap	0.9911	963	948	15	1.558
N5.HOG0064597	gappy90	0.9	963	927	36	3.738
N5.HOG0064598	smart-gap	0.9826	609	573	36	5.911
N5.HOG0064598	gappy90	0.9	609	516	93	15.271
N5.HOG0064599	smart-gap	0.9911	1824	1572	252	13.816
N5.HOG0064599	gappy90	0.9	1824	1092	732	40.132
N5.HOG0064600	smart-gap	0.1228	1122	1095	27	2.406
N5.HOG0064601	smart-gap	1.0	996	963	33	3.313
N5.HOG0064601	gappy90	0.9	996	921	75	7.53
N5.HOG0064602	smart-gap	1.0	1197	1188	9	0.752
N5.HOG0064602	gappy90	0.9	1197	1083	114	9.524
N5.HOG0064604	smart-gap	0.9817	1149	1140	9	0.783
N5.HOG0064604	gappy90	0.9	1149	1044	105	9.138
N5.HOG0064605	smart-gap	0.9912	870	867	3	0.345
N5.HOG0064605	gappy90	0.9	870	834	36	4.138
N5.HOG0064616	smart-gap	0.9903	924	915	9	0.974
N5.HOG0064616	gappy90	0.9	924	912	12	1.299
N5.HOG0064617	smart-gap	0.9821	1485	1413	72	4.848
N5.HOG0064617	gappy90	0.9	1485	1272	213	14.343
N5.HOG0064619	smart-gap	0.9907	1989	1965	24	1.207
N5.HOG0064619	gappy90	0.9	1989	1905	84	4.223
N5.HOG0064620	smart-gap	0.9907	807	735	72	8.922
N5.HOG0064620	gappy90	0.9	807	504	303	37.546
N5.HOG0064624	smart-gap	0.9906	726	720	6	0.826
N5.HOG0064624	gappy90	0.9	726	660	66	9.091
N5.HOG0064625	smart-gap	0.9828	1017	981	36	3.54
N5.HOG0064625	gappy90	0.9	1017	957	60	5.9
N5.HOG0064627	smart-gap	0.093	831	792	39	4.693
N5.HOG0064629	smart-gap	0.2095	1929	1827	102	5.288
N5.HOG0064631	smart-gap	0.7593	1194	1182	12	1.005
N5.HOG0064632	smart-gap	0.578	636	594	42	6.604
N5.HOG0064634	smart-gap	0.1053	912	858	54	5.921
N5.HOG0064642	smart-gap	0.9912	1608	1428	180	11.194
N5.HOG0064642	gappy90	0.9	1608	1335	273	16.978
N5.HOG0064644	smart-gap	0.9558	2016	1401	615	30.506
N5.HOG0064644	gappy90	0.9	2016	738	1278	63.393
N5.HOG0064647	smart-gap	0.3333	1473	1296	177	12.016
N5.HOG0064651	smart-gap	0.964	858	789	69	8.042
N5.HOG0064651	gappy90	0.9	858	735	123	14.336
N5.HOG0064666	smart-gap	0.9913	1983	1926	57	2.874
N5.HOG0064666	gappy90	0.9	1983	1839	144	7.262
N5.HOG0064669	smart-gap	1.0	882	879	3	0.34
N5.HOG0064669	gappy90	0.9	882	663	219	24.83
N5.HOG0064670	smart-gap	0.9912	1053	1041	12	1.14
N5.HOG0064670	gappy90	0.9	1053	1011	42	3.989
N5.HOG0064671	smart-gap	1.0	837	810	27	3.226
N5.HOG0064671	gappy90	0.9	837	663	174	20.789
N5.HOG0064673	smart-gap	0.2549	1491	1359	132	8.853
N5.HOG0064674	smart-gap	0.9423	594	537	57	9.596
N5.HOG0064674	gappy90	0.9	594	501	93	15.657
N5.HOG0064675	smart-gap	1.0	891	873	18	2.02
N5.HOG0064675	gappy90	0.9	891	699	192	21.549
N5.HOG0064678	smart-gap	0.9785	1734	1542	192	11.073
N5.HOG0064678	gappy90	0.9	1734	1401	333	19.204
N5.HOG0064681	smart-gap	1.0	1881	1863	18	0.957
N5.HOG0064681	gappy90	0.9	1881	1707	174	9.25
N5.HOG0064682	smart-gap	0.9912	930	927	3	0.323
N5.HOG0064682	gappy90	0.9	930	909	21	2.258
N5.HOG0064688	smart-gap	1.0	1464	1401	63	4.303
N5.HOG0064688	gappy90	0.9	1464	1104	360	24.59
N5.HOG0064689	smart-gap	0.9259	1488	1368	120	8.065
N5.HOG0064689	gappy90	0.9	1488	1365	123	8.266
N5.HOG0064698	smart-gap	0.5182	630	627	3	0.476
N5.HOG0064699	smart-gap	1.0	429	417	12	2.797
N5.HOG0064699	gappy90	0.9	429	369	60	13.986
N5.HOG0064700	smart-gap	0.9826	1047	978	69	6.59
N5.HOG0064700	gappy90	0.9	1047	876	171	16.332
N5.HOG0064701	smart-gap	0.9912	501	438	63	12.575
N5.HOG0064701	gappy90	0.9	501	426	75	14.97
N5.HOG0064702	smart-gap	0.9739	585	483	102	17.436
N5.HOG0064702	gappy90	0.9	585	372	213	36.41
N5.HOG0064703	smart-gap	0.9913	636	633	3	0.472
N5.HOG0064703	gappy90	0.9	636	630	6	0.943
N5.HOG0064704	smart-gap	0.3694	1332	1218	114	8.559
N5.HOG0064705	smart-gap	1.0	1521	1518	3	0.197
N5.HOG0064705	gappy90	0.9	1521	1518	3	0.197
N5.HOG0064707	smart-gap	0.9916	1824	1386	438	24.013
N5.HOG0064707	gappy90	0.9	1824	891	933	51.151
N5.HOG0064708	smart-gap	0.8793	450	414	36	8.0
N5.HOG0064718	smart-gap	0.9825	669	606	63	9.417
N5.HOG0064718	gappy90	0.9	669	567	102	15.247
N5.HOG0064719	smart-gap	0.9735	489	465	24	4.908
N5.HOG0064719	gappy90	0.9	489	438	51	10.429
N5.HOG0064720	smart-gap	1.0	1221	1194	27	2.211
N5.HOG0064720	gappy90	0.9	1221	1035	186	15.233
N5.HOG0064725	smart-gap	0.1026	594	564	30	5.051
N5.HOG0064726	smart-gap	0.9912	1206	1104	102	8.458
N5.HOG0064726	gappy90	0.9	1206	1005	201	16.667
N5.HOG0064727	smart-gap	1.0	3651	2778	873	23.911
N5.HOG0064727	gappy90	0.9	3651	2433	1218	33.361
N5.HOG0064737	smart-gap	0.4727	975	957	18	1.846
N5.HOG0064739	smart-gap	1.0	831	777	54	6.498
N5.HOG0064739	gappy90	0.9	831	699	132	15.884
N5.HOG0064744	smart-gap	0.4248	630	615	15	2.381
N5.HOG0064745	smart-gap	0.9913	1350	1251	99	7.333
N5.HOG0064745	gappy90	0.9	1350	1059	291	21.556
N5.HOG0064746	smart-gap	1.0	666	663	3	0.45
N5.HOG0064746	gappy90	0.9	666	549	117	17.568
N5.HOG0064747	smart-gap	0.9739	2091	1686	405	19.369
N5.HOG0064747	gappy90	0.9	2091	1524	567	27.116
N5.HOG0064751	smart-gap	1.0	2844	2760	84	2.954
N5.HOG0064751	gappy90	0.9	2844	2748	96	3.376
N5.HOG0064756	smart-gap	0.1589	1152	1134	18	1.562
N5.HOG0064758	smart-gap	0.9825	1347	1044	303	22.494
N5.HOG0064758	gappy90	0.9	1347	960	387	28.731
N5.HOG0064759	smart-gap	1.0	2067	2058	9	0.435
N5.HOG0064759	gappy90	0.9	2067	1965	102	4.935
N5.HOG0064761	smart-gap	0.9545	2193	2025	168	7.661
N5.HOG0064761	gappy90	0.9	2193	1986	207	9.439
N5.HOG0064765	smart-gap	0.9912	807	777	30	3.717
N5.HOG0064765	gappy90	0.9	807	729	78	9.665
N5.HOG0064766	smart-gap	1.0	1821	1806	15	0.824
N5.HOG0064766	gappy90	0.9	1821	1734	87	4.778
N5.HOG0064768	smart-gap	0.9914	1044	939	105	10.057
N5.HOG0064768	gappy90	0.9	1044	780	264	25.287
N5.HOG0064769	smart-gap	0.982	1419	1389	30	2.114
N5.HOG0064769	gappy90	0.9	1419	1380	39	2.748
N5.HOG0064770	smart-gap	0.9825	525	474	51	9.714
N5.HOG0064770	gappy90	0.9	525	393	132	25.143
N5.HOG0064775	smart-gap	1.0	1044	888	156	14.943
N5.HOG0064775	gappy90	0.9	1044	720	324	31.034
N5.HOG0064776	smart-gap	0.9912	633	621	12	1.896
N5.HOG0064776	gappy90	0.9	633	600	33	5.213
N5.HOG0064777	smart-gap	0.9913	2589	2505	84	3.244
N5.HOG0064777	gappy90	0.9	2589	2367	222	8.575
N5.HOG0064779	smart-gap	0.9905	2328	2316	12	0.515
N5.HOG0064779	gappy90	0.9	2328	2217	111	4.768
N5.HOG0064780	smart-gap	0.9914	1914	1818	96	5.016
N5.HOG0064780	gappy90	0.9	1914	1266	648	33.856
N5.HOG0064781	smart-gap	0.932	345	327	18	5.217
N5.HOG0064781	gappy90	0.9	345	324	21	6.087
N5.HOG0064784	smart-gap	0.5149	693	642	51	7.359
N5.HOG0064785	smart-gap	1.0	1662	1638	24	1.444
N5.HOG0064785	gappy90	0.9	1662	1482	180	10.83
N5.HOG0064786	smart-gap	0.125	1008	993	15	1.488
N5.HOG0064787	smart-gap	1.0	1395	1218	177	12.688
N5.HOG0064787	gappy90	0.9	1395	675	720	51.613
N5.HOG0064788	smart-gap	0.9915	1002	942	60	5.988
N5.HOG0064788	gappy90	0.9	1002	717	285	28.443
N5.HOG0064789	smart-gap	0.9375	1218	1173	45	3.695
N5.HOG0064789	gappy90	0.9	1218	1161	57	4.68
N5.HOG0064812	smart-gap	0.9915	2406	2259	147	6.11
N5.HOG0064812	gappy90	0.9	2406	2097	309	12.843
N5.HOG0064813	smart-gap	0.9115	369	342	27	7.317
N5.HOG0064813	gappy90	0.9	369	342	27	7.317
N5.HOG0064814	smart-gap	0.9911	861	771	90	10.453
N5.HOG0064814	gappy90	0.9	861	642	219	25.436
N5.HOG0064819	smart-gap	1.0	1332	1251	81	6.081
N5.HOG0064819	gappy90	0.9	1332	966	366	27.477
N5.HOG0064820	smart-gap	0.1327	786	765	21	2.672
N5.HOG0064821	smart-gap	0.9292	1779	1650	129	7.251
N5.HOG0064821	gappy90	0.9	1779	1647	132	7.42
N5.HOG0064828	smart-gap	0.8667	558	537	21	3.763
N5.HOG0064829	smart-gap	0.9646	591	549	42	7.107
N5.HOG0064829	gappy90	0.9	591	483	108	18.274
N5.HOG0064830	smart-gap	1.0	6057	4878	1179	19.465
N5.HOG0064830	gappy90	0.9	6057	2154	3903	64.438
N5.HOG0064831	smart-gap	0.115	639	633	6	0.939
N5.HOG0064838	smart-gap	1.0	900	858	42	4.667
N5.HOG0064838	gappy90	0.9	900	843	57	6.333
N5.HOG0064839	smart-gap	0.9909	543	522	21	3.867
N5.HOG0064839	gappy90	0.9	543	516	27	4.972
N5.HOG0064840	smart-gap	0.9821	1770	1527	243	13.729
N5.HOG0064840	gappy90	0.9	1770	1431	339	19.153
N5.HOG0064844	smart-gap	0.9823	657	654	3	0.457
N5.HOG0064844	gappy90	0.9	657	618	39	5.936
N5.HOG0064845	smart-gap	0.9825	1641	1554	87	5.302
N5.HOG0064845	gappy90	0.9	1641	1500	141	8.592
N5.HOG0064846	smart-gap	0.2	1110	1059	51	4.595
N5.HOG0064848	smart-gap	0.9909	1602	1476	126	7.865
N5.HOG0064848	gappy90	0.9	1602	1233	369	23.034
N5.HOG0064850	smart-gap	0.8229	2505	2442	63	2.515
N5.HOG0064851	smart-gap	0.9912	573	570	3	0.524
N5.HOG0064851	gappy90	0.9	573	537	36	6.283
N5.HOG0064852	smart-gap	0.9912	1383	1269	114	8.243
N5.HOG0064852	gappy90	0.9	1383	1161	222	16.052
N5.HOG0064856	smart-gap	0.982	1440	1425	15	1.042
N5.HOG0064856	gappy90	0.9	1440	1410	30	2.083
N5.HOG0064857	smart-gap	0.1111	1326	1251	75	5.656
N5.HOG0064859	smart-gap	1	324	324	0	0.0
N5.HOG0064859	gappy90	0.9	324	324	0	0.0
N5.HOG0064867	smart-gap	0.9912	1344	1245	99	7.366
N5.HOG0064867	gappy90	0.9	1344	1161	183	13.616
N5.HOG0064868	smart-gap	0.9915	762	642	120	15.748
N5.HOG0064868	gappy90	0.9	762	543	219	28.74
N5.HOG0064869	smart-gap	0.991	1713	1620	93	5.429
N5.HOG0064869	gappy90	0.9	1713	1500	213	12.434
N5.HOG0064883	smart-gap	0.9913	1182	1137	45	3.807
N5.HOG0064883	gappy90	0.9	1182	987	195	16.497
N5.HOG0064884	smart-gap	0.9912	948	894	54	5.696
N5.HOG0064884	gappy90	0.9	948	843	105	11.076
N5.HOG0064887	smart-gap	1.0	780	777	3	0.385
N5.HOG0064887	gappy90	0.9	780	660	120	15.385
N5.HOG0064888	smart-gap	0.9912	855	852	3	0.351
N5.HOG0064888	gappy90	0.9	855	726	129	15.088
N5.HOG0064895	smart-gap	0.8772	1200	1188	12	1.0
N5.HOG0064896	smart-gap	1.0	681	672	9	1.322
N5.HOG0064896	gappy90	0.9	681	432	249	36.564
N5.HOG0064899	smart-gap	0.9894	1689	1548	141	8.348
N5.HOG0064899	gappy90	0.9	1689	1440	249	14.742
N5.HOG0064901	smart-gap	0.9912	2052	1905	147	7.164
N5.HOG0064901	gappy90	0.9	2052	1698	354	17.251
N5.HOG0064906	smart-gap	0.9826	831	804	27	3.249
N5.HOG0064906	gappy90	0.9	831	729	102	12.274
N5.HOG0064907	smart-gap	0.9817	1392	594	798	57.328
N5.HOG0064907	gappy90	0.9	1392	378	1014	72.845
N5.HOG0064912	smart-gap	0.9911	3582	2688	894	24.958
N5.HOG0064912	gappy90	0.9	3582	1989	1593	44.472
N5.HOG0064916	smart-gap	1.0	954	942	12	1.258
N5.HOG0064916	gappy90	0.9	954	660	294	30.818
N5.HOG0064922	smart-gap	0.9912	861	843	18	2.091
N5.HOG0064922	gappy90	0.9	861	753	108	12.544
N5.HOG0064926	smart-gap	0.9898	3870	2661	1209	31.24
N5.HOG0064926	gappy90	0.9	3870	1980	1890	48.837
N5.HOG0064928	smart-gap	0.9802	1545	1473	72	4.66
N5.HOG0064928	gappy90	0.9	1545	1434	111	7.184
N5.HOG0064930	smart-gap	1.0	1293	1212	81	6.265
N5.HOG0064930	gappy90	0.9	1293	1041	252	19.49
N5.HOG0064931	smart-gap	0.0755	486	477	9	1.852
N5.HOG0064932	smart-gap	0.9911	2478	2148	330	13.317
N5.HOG0064932	gappy90	0.9	2478	2022	456	18.402
N5.HOG0064934	smart-gap	0.31	2178	2124	54	2.479
N5.HOG0064935	smart-gap	0.2523	1386	1305	81	5.844
N5.HOG0064936	smart-gap	1.0	696	672	24	3.448
N5.HOG0064936	gappy90	0.9	696	471	225	32.328
N5.HOG0064941	smart-gap	0.5102	930	909	21	2.258
N5.HOG0064947	smart-gap	0.9813	723	681	42	5.809
N5.HOG0064947	gappy90	0.9	723	636	87	12.033
N5.HOG0064953	smart-gap	1.0	1131	1128	3	0.265
N5.HOG0064953	gappy90	0.9	1131	1128	3	0.265
N5.HOG0064955	smart-gap	0.9468	537	531	6	1.117
N5.HOG0064955	gappy90	0.9	537	531	6	1.117
N5.HOG0064957	smart-gap	0.2883	1455	1443	12	0.825
N5.HOG0064958	smart-gap	0.9913	462	438	24	5.195
N5.HOG0064958	gappy90	0.9	462	429	33	7.143
N5.HOG0064962	smart-gap	0.9914	2241	2043	198	8.835
N5.HOG0064962	gappy90	0.9	2241	1938	303	13.521
N5.HOG0064963	smart-gap	0.9722	2412	2271	141	5.846
N5.HOG0064963	gappy90	0.9	2412	2247	165	6.841
N5.HOG0064978	smart-gap	0.9898	831	828	3	0.361
N5.HOG0064978	gappy90	0.9	831	798	33	3.971
N5.HOG0064980	smart-gap	0.9561	951	921	30	3.155
N5.HOG0064980	gappy90	0.9	951	921	30	3.155
N5.HOG0064987	smart-gap	0.9911	1092	1080	12	1.099
N5.HOG0064987	gappy90	0.9	1092	924	168	15.385
N5.HOG0064996	smart-gap	0.1404	654	651	3	0.459
N5.HOG0064997	smart-gap	0.9737	1155	1128	27	2.338
N5.HOG0064997	gappy90	0.9	1155	1119	36	3.117
N5.HOG0064999	smart-gap	0.1071	756	747	9	1.19
N5.HOG0065000	smart-gap	0.7981	1041	870	171	16.427
N5.HOG0065002	smart-gap	0.9913	2400	2019	381	15.875
N5.HOG0065002	gappy90	0.9	2400	1005	1395	58.125
N5.HOG0065016	smart-gap	0.9907	741	720	21	2.834
N5.HOG0065016	gappy90	0.9	741	669	72	9.717
N5.HOG0065031	smart-gap	0.9878	3357	3336	21	0.626
N5.HOG0065031	gappy90	0.9	3357	3297	60	1.787
N5.HOG0065039	smart-gap	0.9908	786	771	15	1.908
N5.HOG0065039	gappy90	0.9	786	744	42	5.344
N5.HOG0065042	smart-gap	0.4186	2562	1761	801	31.265
N5.HOG0065043	smart-gap	1.0	537	501	36	6.704
N5.HOG0065043	gappy90	0.9	537	486	51	9.497
N5.HOG0065045	smart-gap	0.972	1410	1404	6	0.426
N5.HOG0065045	gappy90	0.9	1410	1395	15	1.064
N5.HOG0065049	smart-gap	0.9906	558	543	15	2.688
N5.HOG0065049	gappy90	0.9	558	519	39	6.989
N5.HOG0065050	smart-gap	0.9912	588	543	45	7.653
N5.HOG0065050	gappy90	0.9	588	465	123	20.918
N5.HOG0065051	smart-gap	0.9911	855	798	57	6.667
N5.HOG0065051	gappy90	0.9	855	789	66	7.719
N5.HOG0065052	smart-gap	1.0	1725	1719	6	0.348
N5.HOG0065052	gappy90	0.9	1725	1629	96	5.565
N5.HOG0065053	smart-gap	0.2456	1470	1386	84	5.714
N5.HOG0065054	smart-gap	1.0	2910	2361	549	18.866
N5.HOG0065054	gappy90	0.9	2910	1179	1731	59.485
N5.HOG0065056	smart-gap	0.7368	1596	1551	45	2.82
N5.HOG0065057	smart-gap	0.9808	1884	1866	18	0.955
N5.HOG0065057	gappy90	0.9	1884	1791	93	4.936
N5.HOG0065058	smart-gap	0.9912	420	417	3	0.714
N5.HOG0065058	gappy90	0.9	420	414	6	1.429
N5.HOG0065059	smart-gap	0.9478	750	600	150	20.0
N5.HOG0065059	gappy90	0.9	750	528	222	29.6
N5.HOG0065060	smart-gap	1.0	660	576	84	12.727
N5.HOG0065060	gappy90	0.9	660	537	123	18.636
N5.HOG0065061	smart-gap	0.9912	1821	1662	159	8.731
N5.HOG0065061	gappy90	0.9	1821	1461	360	19.769
N5.HOG0065063	smart-gap	0.6796	1347	1314	33	2.45
N5.HOG0065064	smart-gap	0.9646	642	531	111	17.29
N5.HOG0065064	gappy90	0.9	642	447	195	30.374
N5.HOG0065065	smart-gap	1.0	1254	1146	108	8.612
N5.HOG0065065	gappy90	0.9	1254	1062	192	15.311
N5.HOG0065080	smart-gap	0.9911	1155	1116	39	3.377
N5.HOG0065080	gappy90	0.9	1155	1092	63	5.455
N5.HOG0065081	smart-gap	0.9912	771	765	6	0.778
N5.HOG0065081	gappy90	0.9	771	744	27	3.502
N5.HOG0065084	smart-gap	1.0	1332	1329	3	0.225
N5.HOG0065084	gappy90	0.9	1332	1329	3	0.225
N5.HOG0065085	smart-gap	0.1504	609	600	9	1.478
N5.HOG0065092	smart-gap	0.2642	3573	3501	72	2.015
N5.HOG0065094	smart-gap	1.0	1101	942	159	14.441
N5.HOG0065094	gappy90	0.9	1101	639	462	41.962
N5.HOG0065095	smart-gap	0.9821	2244	2025	219	9.759
N5.HOG0065095	gappy90	0.9	2244	1872	372	16.578
N5.HOG0065096	smart-gap	0.9913	600	492	108	18.0
N5.HOG0065096	gappy90	0.9	600	432	168	28.0
N5.HOG0065097	smart-gap	1.0	1410	1383	27	1.915
N5.HOG0065097	gappy90	0.9	1410	1032	378	26.809
N5.HOG0065101	smart-gap	0.964	906	786	120	13.245
N5.HOG0065101	gappy90	0.9	906	774	132	14.57
N5.HOG0065108	smart-gap	0.9725	1428	1344	84	5.882
N5.HOG0065108	gappy90	0.9	1428	1242	186	13.025
N5.HOG0065109	smart-gap	0.9909	879	870	9	1.024
N5.HOG0065109	gappy90	0.9	879	717	162	18.43
N5.HOG0065110	smart-gap	0.9817	3588	2436	1152	32.107
N5.HOG0065110	gappy90	0.9	3588	1971	1617	45.067
N5.HOG0065111	smart-gap	0.8131	2436	2193	243	9.975
N5.HOG0065116	smart-gap	0.9896	7647	6012	1635	21.381
N5.HOG0065116	gappy90	0.9	7647	2976	4671	61.083
N5.HOG0065130	smart-gap	0.9912	1338	1296	42	3.139
N5.HOG0065130	gappy90	0.9	1338	1038	300	22.422
N5.HOG0065143	smart-gap	1.0	1326	1320	6	0.452
N5.HOG0065143	gappy90	0.9	1326	1290	36	2.715
N5.HOG0065147	smart-gap	0.2072	543	504	39	7.182
N5.HOG0065148	smart-gap	0.1622	918	876	42	4.575
N5.HOG0065177	smart-gap	0.0268	576	519	57	9.896
N5.HOG0065178	smart-gap	0.991	957	945	12	1.254
N5.HOG0065178	gappy90	0.9	957	864	93	9.718
N5.HOG0065179	smart-gap	1.0	1671	1566	105	6.284
N5.HOG0065179	gappy90	0.9	1671	1362	309	18.492
N5.HOG0065184	smart-gap	0.9792	441	438	3	0.68
N5.HOG0065184	gappy90	0.9	441	438	3	0.68
N5.HOG0065185	smart-gap	1.0	2358	2166	192	8.142
N5.HOG0065185	gappy90	0.9	2358	1551	807	34.224
N5.HOG0065186	smart-gap	0.9912	741	615	126	17.004
N5.HOG0065186	gappy90	0.9	741	546	195	26.316
N5.HOG0065187	smart-gap	0.2162	744	633	111	14.919
N5.HOG0065191	smart-gap	0.9727	531	525	6	1.13
N5.HOG0065191	gappy90	0.9	531	525	6	1.13
N5.HOG0065192	smart-gap	0.1961	750	708	42	5.6
N5.HOG0065195	smart-gap	0.9912	1458	1395	63	4.321
N5.HOG0065195	gappy90	0.9	1458	1230	228	15.638
N5.HOG0065204	smart-gap	0.982	780	720	60	7.692
N5.HOG0065204	gappy90	0.9	780	645	135	17.308
N5.HOG0065229	smart-gap	0.9905	1458	1404	54	3.704
N5.HOG0065229	gappy90	0.9	1458	1302	156	10.7
N5.HOG0065231	smart-gap	1.0	654	609	45	6.881
N5.HOG0065231	gappy90	0.9	654	567	87	13.303
N5.HOG0065243	smart-gap	1.0	519	507	12	2.312
N5.HOG0065243	gappy90	0.9	519	507	12	2.312
N5.HOG0065244	smart-gap	0.1293	1002	951	51	5.09
N5.HOG0065263	smart-gap	0.9717	1422	1161	261	18.354
N5.HOG0065263	gappy90	0.9	1422	945	477	33.544
N5.HOG0065265	smart-gap	1.0	2001	1911	90	4.498
N5.HOG0065265	gappy90	0.9	2001	1599	402	20.09
N5.HOG0065268	smart-gap	1.0	3045	2907	138	4.532
N5.HOG0065268	gappy90	0.9	3045	2433	612	20.099
N5.HOG0065269	smart-gap	1.0	414	396	18	4.348
N5.HOG0065269	gappy90	0.9	414	369	45	10.87
N5.HOG0065275	smart-gap	1.0	1068	1056	12	1.124
N5.HOG0065275	gappy90	0.9	1068	861	207	19.382
N5.HOG0065276	smart-gap	1.0	1242	1113	129	10.386
N5.HOG0065276	gappy90	0.9	1242	921	321	25.845
N5.HOG0065278	smart-gap	1.0	828	825	3	0.362
N5.HOG0065278	gappy90	0.9	828	732	96	11.594
N5.HOG0065283	smart-gap	1.0	1581	1551	30	1.898
N5.HOG0065283	gappy90	0.9	1581	1533	48	3.036
N5.HOG0065284	smart-gap	0.9912	3063	2046	1017	33.203
N5.HOG0065284	gappy90	0.9	3063	1311	1752	57.199
N5.HOG0065285	smart-gap	1.0	3285	3048	237	7.215
N5.HOG0065285	gappy90	0.9	3285	2886	399	12.146
N5.HOG0065286	smart-gap	0.9211	924	768	156	16.883
N5.HOG0065286	gappy90	0.9	924	753	171	18.506
N5.HOG0065289	smart-gap	0.9811	1299	1236	63	4.85
N5.HOG0065289	gappy90	0.9	1299	1206	93	7.159
N5.HOG0065307	smart-gap	0.9912	762	747	15	1.969
N5.HOG0065307	gappy90	0.9	762	609	153	20.079
N5.HOG0065308	smart-gap	1.0	1626	1551	75	4.613
N5.HOG0065308	gappy90	0.9	1626	1533	93	5.72
N5.HOG0065309	smart-gap	1.0	1056	1053	3	0.284
N5.HOG0065309	gappy90	0.9	1056	936	120	11.364
N5.HOG0065310	smart-gap	0.9912	1521	1221	300	19.724
N5.HOG0065310	gappy90	0.9	1521	1038	483	31.755
N5.HOG0065312	smart-gap	0.9894	1524	1506	18	1.181
N5.HOG0065312	gappy90	0.9	1524	1479	45	2.953
N5.HOG0065314	smart-gap	1.0	2103	2001	102	4.85
N5.HOG0065314	gappy90	0.9	2103	1821	282	13.409
N5.HOG0065315	smart-gap	0.9912	636	633	3	0.472
N5.HOG0065315	gappy90	0.9	636	597	39	6.132
N5.HOG0065317	smart-gap	1.0	1275	1266	9	0.706
N5.HOG0065317	gappy90	0.9	1275	1197	78	6.118
N5.HOG0065326	smart-gap	1.0	597	591	6	1.005
N5.HOG0065326	gappy90	0.9	597	591	6	1.005
N5.HOG0065327	smart-gap	0.9911	873	807	66	7.56
N5.HOG0065327	gappy90	0.9	873	726	147	16.838
N5.HOG0065328	smart-gap	0.9909	1101	795	306	27.793
N5.HOG0065328	gappy90	0.9	1101	663	438	39.782
N5.HOG0065329	smart-gap	0.9912	681	618	63	9.251
N5.HOG0065329	gappy90	0.9	681	468	213	31.278
N5.HOG0065330	smart-gap	0.2821	1293	987	306	23.666
N5.HOG0065331	smart-gap	0.9912	1647	1608	39	2.368
N5.HOG0065331	gappy90	0.9	1647	1563	84	5.1
N5.HOG0065339	smart-gap	0.885	387	366	21	5.426
N5.HOG0065340	smart-gap	0.9623	1587	1479	108	6.805
N5.HOG0065340	gappy90	0.9	1587	1437	150	9.452
N5.HOG0065344	smart-gap	1.0	1098	942	156	14.208
N5.HOG0065344	gappy90	0.9	1098	867	231	21.038
N5.HOG0065347	smart-gap	0.991	1125	1068	57	5.067
N5.HOG0065347	gappy90	0.9	1125	891	234	20.8
N5.HOG0065353	smart-gap	0.1682	1146	1038	108	9.424
N5.HOG0065359	smart-gap	0.9818	1005	903	102	10.149
N5.HOG0065359	gappy90	0.9	1005	870	135	13.433
N5.HOG0065364	smart-gap	0.9821	876	846	30	3.425
N5.HOG0065364	gappy90	0.9	876	723	153	17.466
N5.HOG0065368	smart-gap	1.0	2751	2733	18	0.654
N5.HOG0065368	gappy90	0.9	2751	2679	72	2.617
N5.HOG0065369	smart-gap	0.9558	447	411	36	8.054
N5.HOG0065369	gappy90	0.9	447	411	36	8.054
N5.HOG0065378	smart-gap	1.0	1035	921	114	11.014
N5.HOG0065378	gappy90	0.9	1035	909	126	12.174
N5.HOG0065379	smart-gap	0.991	1215	1119	96	7.901
N5.HOG0065379	gappy90	0.9	1215	987	228	18.765
N5.HOG0065380	smart-gap	0.2673	900	846	54	6.0
N5.HOG0065406	smart-gap	1.0	1311	1305	6	0.458
N5.HOG0065406	gappy90	0.9	1311	1305	6	0.458
N5.HOG0065408	smart-gap	0.9907	1134	1131	3	0.265
N5.HOG0065408	gappy90	0.9	1134	1014	120	10.582
N5.HOG0065409	smart-gap	1.0	1548	1404	144	9.302
N5.HOG0065409	gappy90	0.9	1548	1188	360	23.256
N5.HOG0065410	smart-gap	1.0	1572	1380	192	12.214
N5.HOG0065410	gappy90	0.9	1572	1236	336	21.374
N5.HOG0065417	smart-gap	1.0	1041	1038	3	0.288
N5.HOG0065417	gappy90	0.9	1041	960	81	7.781
N5.HOG0065425	smart-gap	0.9469	1044	1002	42	4.023
N5.HOG0065425	gappy90	0.9	1044	978	66	6.322
N5.HOG0065426	smart-gap	0.9823	627	573	54	8.612
N5.HOG0065426	gappy90	0.9	627	477	150	23.923
N5.HOG0065427	smart-gap	0.9727	489	423	66	13.497
N5.HOG0065427	gappy90	0.9	489	336	153	31.288
N5.HOG0065428	smart-gap	0.9825	426	336	90	21.127
N5.HOG0065428	gappy90	0.9	426	321	105	24.648
N5.HOG0065429	smart-gap	0.982	738	597	141	19.106
N5.HOG0065429	gappy90	0.9	738	516	222	30.081
N5.HOG0065434	smart-gap	1.0	2796	2250	546	19.528
N5.HOG0065434	gappy90	0.9	2796	1599	1197	42.811
N5.HOG0065437	smart-gap	0.8763	1503	1482	21	1.397
N5.HOG0065442	smart-gap	0.9804	966	927	39	4.037
N5.HOG0065442	gappy90	0.9	966	909	57	5.901
N5.HOG0065452	smart-gap	0.8293	1644	1551	93	5.657
N5.HOG0065455	smart-gap	0.9906	1659	1476	183	11.031
N5.HOG0065455	gappy90	0.9	1659	1305	354	21.338
N5.HOG0065458	smart-gap	1.0	3744	2703	1041	27.804
N5.HOG0065458	gappy90	0.9	3744	1332	2412	64.423
N5.HOG0065479	smart-gap	0.9626	1290	1275	15	1.163
N5.HOG0065479	gappy90	0.9	1290	1272	18	1.395
N5.HOG0065483	smart-gap	0.9905	1092	1038	54	4.945
N5.HOG0065483	gappy90	0.9	1092	948	144	13.187
N5.HOG0065489	smart-gap	1.0	909	897	12	1.32
N5.HOG0065489	gappy90	0.9	909	891	18	1.98
N5.HOG0065499	smart-gap	0.8447	1308	1119	189	14.45
N5.HOG0065500	smart-gap	0.5321	396	393	3	0.758
N5.HOG0065501	smart-gap	1.0	2439	1917	522	21.402
N5.HOG0065501	gappy90	0.9	2439	1239	1200	49.2
N5.HOG0065502	smart-gap	0.3578	675	654	21	3.111
N5.HOG0065517	smart-gap	1.0	990	957	33	3.333
N5.HOG0065517	gappy90	0.9	990	810	180	18.182
N5.HOG0065518	smart-gap	0.9912	3066	2400	666	21.722
N5.HOG0065518	gappy90	0.9	3066	1413	1653	53.914
N5.HOG0065522	smart-gap	0.16	1029	891	138	13.411
N5.HOG0065525	smart-gap	0.5487	522	495	27	5.172
N5.HOG0065526	smart-gap	0.9821	936	846	90	9.615
N5.HOG0065526	gappy90	0.9	936	828	108	11.538
N5.HOG0065529	smart-gap	0.9886	1977	1917	60	3.035
N5.HOG0065529	gappy90	0.9	1977	1860	117	5.918
N5.HOG0065531	smart-gap	0.9909	888	861	27	3.041
N5.HOG0065531	gappy90	0.9	888	699	189	21.284
N5.HOG0065532	smart-gap	0.982	1389	1359	30	2.16
N5.HOG0065532	gappy90	0.9	1389	1296	93	6.695
N5.HOG0065534	smart-gap	0.051	579	570	9	1.554
N5.HOG0065535	smart-gap	0.9912	399	384	15	3.759
N5.HOG0065535	gappy90	0.9	399	354	45	11.278
N5.HOG0065544	smart-gap	1.0	993	903	90	9.063
N5.HOG0065544	gappy90	0.9	993	897	96	9.668
N5.HOG0065545	smart-gap	1.0	1134	1122	12	1.058
N5.HOG0065545	gappy90	0.9	1134	1011	123	10.847
N5.HOG0065546	smart-gap	0.9912	822	711	111	13.504
N5.HOG0065546	gappy90	0.9	822	663	159	19.343
N5.HOG0065547	smart-gap	0.9727	1545	1464	81	5.243
N5.HOG0065547	gappy90	0.9	1545	1404	141	9.126
N5.HOG0065548	smart-gap	0.9913	1665	1536	129	7.748
N5.HOG0065548	gappy90	0.9	1665	1371	294	17.658
N5.HOG0065550	smart-gap	1.0	831	825	6	0.722
N5.HOG0065550	gappy90	0.9	831	768	63	7.581
N5.HOG0065553	smart-gap	0.9877	1740	1719	21	1.207
N5.HOG0065553	gappy90	0.9	1740	1677	63	3.621
N5.HOG0065556	smart-gap	0.9905	2520	2190	330	13.095
N5.HOG0065556	gappy90	0.9	2520	2103	417	16.548
N5.HOG0065557	smart-gap	0.9912	1449	1074	375	25.88
N5.HOG0065557	gappy90	0.9	1449	816	633	43.685
N5.HOG0065561	smart-gap	0.1828	828	765	63	7.609
N5.HOG0065580	smart-gap	0.2241	903	792	111	12.292
N5.HOG0065632	smart-gap	1.0	2721	2298	423	15.546
N5.HOG0065632	gappy90	0.9	2721	1731	990	36.384
N5.HOG0065633	smart-gap	1.0	960	903	57	5.938
N5.HOG0065633	gappy90	0.9	960	804	156	16.25
N5.HOG0065634	smart-gap	0.991	939	606	333	35.463
N5.HOG0065634	gappy90	0.9	939	408	531	56.55
N5.HOG0065635	smart-gap	0.9821	1719	1467	252	14.66
N5.HOG0065635	gappy90	0.9	1719	1302	417	24.258
N5.HOG0065640	smart-gap	0.9818	1128	1029	99	8.777
N5.HOG0065640	gappy90	0.9	1128	987	141	12.5
N5.HOG0065641	smart-gap	1.0	1077	945	132	12.256
N5.HOG0065641	gappy90	0.9	1077	810	267	24.791
N5.HOG0065652	smart-gap	0.9907	1650	1527	123	7.455
N5.HOG0065652	gappy90	0.9	1650	1404	246	14.909
N5.HOG0065653	smart-gap	0.125	582	528	54	9.278
N5.HOG0065656	smart-gap	0.9906	1395	1365	30	2.151
N5.HOG0065656	gappy90	0.9	1395	1344	51	3.656
N5.HOG0065657	smart-gap	0.9908	1053	1041	12	1.14
N5.HOG0065657	gappy90	0.9	1053	987	66	6.268
N5.HOG0065659	smart-gap	1.0	948	870	78	8.228
N5.HOG0065659	gappy90	0.9	948	714	234	24.684
N5.HOG0065660	smart-gap	0.1261	891	855	36	4.04
N5.HOG0065667	smart-gap	0.9913	4614	2634	1980	42.913
N5.HOG0065667	gappy90	0.9	4614	1647	2967	64.304
N5.HOG0065672	smart-gap	1.0	1278	1269	9	0.704
N5.HOG0065672	gappy90	0.9	1278	1200	78	6.103
N5.HOG0065673	smart-gap	0.9908	1329	1128	201	15.124
N5.HOG0065673	gappy90	0.9	1329	1014	315	23.702
N5.HOG0065674	smart-gap	0.7064	918	609	309	33.66
N5.HOG0065675	smart-gap	0.9633	597	534	63	10.553
N5.HOG0065675	gappy90	0.9	597	528	69	11.558
N5.HOG0065677	smart-gap	0.7982	702	666	36	5.128
N5.HOG0065678	smart-gap	0.9907	1317	1254	63	4.784
N5.HOG0065678	gappy90	0.9	1317	1035	282	21.412
N5.HOG0065681	smart-gap	0.1786	969	930	39	4.025
N5.HOG0065683	smart-gap	0.9909	1419	1305	114	8.034
N5.HOG0065683	gappy90	0.9	1419	1188	231	16.279
N5.HOG0065684	smart-gap	0.9817	585	495	90	15.385
N5.HOG0065684	gappy90	0.9	585	426	159	27.179
N5.HOG0065687	smart-gap	0.9906	996	942	54	5.422
N5.HOG0065687	gappy90	0.9	996	870	126	12.651
N5.HOG0065688	smart-gap	0.9912	1962	1875	87	4.434
N5.HOG0065688	gappy90	0.9	1962	1836	126	6.422
N5.HOG0065689	smart-gap	0.982	1695	1428	267	15.752
N5.HOG0065689	gappy90	0.9	1695	1383	312	18.407
N5.HOG0065690	smart-gap	0.9823	423	336	87	20.567
N5.HOG0065690	gappy90	0.9	423	333	90	21.277
N5.HOG0065691	smart-gap	0.9911	1401	1383	18	1.285
N5.HOG0065691	gappy90	0.9	1401	1254	147	10.493
N5.HOG0065692	smart-gap	1.0	2976	2853	123	4.133
N5.HOG0065692	gappy90	0.9	2976	2679	297	9.98
N5.HOG0065695	smart-gap	0.9897	2526	1839	687	27.197
N5.HOG0065695	gappy90	0.9	2526	1326	1200	47.506
N5.HOG0065696	smart-gap	0.981	696	690	6	0.862
N5.HOG0065696	gappy90	0.9	696	690	6	0.862
N5.HOG0065697	smart-gap	1.0	1257	1104	153	12.172
N5.HOG0065697	gappy90	0.9	1257	885	372	29.594
N5.HOG0065709	smart-gap	0.9912	1173	1119	54	4.604
N5.HOG0065709	gappy90	0.9	1173	981	192	16.368
N5.HOG0065710	smart-gap	1.0	2256	2175	81	3.59
N5.HOG0065710	gappy90	0.9	2256	1923	333	14.761
N5.HOG0065715	smart-gap	0.1121	777	681	96	12.355
N5.HOG0065717	smart-gap	0.1364	675	663	12	1.778
N5.HOG0065718	smart-gap	0.9727	594	576	18	3.03
N5.HOG0065718	gappy90	0.9	594	465	129	21.717
N5.HOG0065725	smart-gap	0.9909	612	594	18	2.941
N5.HOG0065725	gappy90	0.9	612	537	75	12.255
N5.HOG0065726	smart-gap	1.0	2130	2022	108	5.07
N5.HOG0065726	gappy90	0.9	2130	1668	462	21.69
N5.HOG0065727	smart-gap	1.0	1380	1365	15	1.087
N5.HOG0065727	gappy90	0.9	1380	1239	141	10.217
N5.HOG0065728	smart-gap	0.9818	693	675	18	2.597
N5.HOG0065728	gappy90	0.9	693	504	189	27.273
N5.HOG0065729	smart-gap	0.9821	1635	1545	90	5.505
N5.HOG0065729	gappy90	0.9	1635	1485	150	9.174
N5.HOG0065734	smart-gap	0.982	1149	975	174	15.144
N5.HOG0065734	gappy90	0.9	1149	810	339	29.504
N5.HOG0065736	smart-gap	0.1538	1602	1569	33	2.06
N5.HOG0065737	smart-gap	1.0	1200	1041	159	13.25
N5.HOG0065737	gappy90	0.9	1200	966	234	19.5
N5.HOG0065742	smart-gap	0.9909	1062	1020	42	3.955
N5.HOG0065742	gappy90	0.9	1062	999	63	5.932
N5.HOG0065743	smart-gap	0.7103	762	741	21	2.756
N5.HOG0065747	smart-gap	1.0	582	504	78	13.402
N5.HOG0065747	gappy90	0.9	582	435	147	25.258
N5.HOG0065749	smart-gap	0.0577	1254	1230	24	1.914
N5.HOG0065763	smart-gap	1.0	726	681	45	6.198
N5.HOG0065763	gappy90	0.9	726	660	66	9.091
N5.HOG0065764	smart-gap	0.2596	768	708	60	7.812
N5.HOG0065766	smart-gap	0.1402	1080	999	81	7.5
N5.HOG0065767	smart-gap	0.9464	1008	984	24	2.381
N5.HOG0065767	gappy90	0.9	1008	969	39	3.869
N5.HOG0065768	smart-gap	0.9643	978	942	36	3.681
N5.HOG0065768	gappy90	0.9	978	870	108	11.043
N5.HOG0065769	smart-gap	1.0	1593	1407	186	11.676
N5.HOG0065769	gappy90	0.9	1593	1248	345	21.657
N5.HOG0065770	smart-gap	0.9817	1194	1170	24	2.01
N5.HOG0065770	gappy90	0.9	1194	1155	39	3.266
N5.HOG0065771	smart-gap	1.0	546	540	6	1.099
N5.HOG0065771	gappy90	0.9	546	489	57	10.44
N5.HOG0065788	smart-gap	0.991	1398	1368	30	2.146
N5.HOG0065788	gappy90	0.9	1398	1263	135	9.657
N5.HOG0065789	smart-gap	1.0	1251	1149	102	8.153
N5.HOG0065789	gappy90	0.9	1251	1047	204	16.307
N5.HOG0065790	smart-gap	0.8929	1071	1038	33	3.081
N5.HOG0065791	smart-gap	0.8036	975	927	48	4.923
N5.HOG0065792	smart-gap	1.0	2211	1695	516	23.338
N5.HOG0065792	gappy90	0.9	2211	843	1368	61.872
N5.HOG0065793	smart-gap	1.0	963	900	63	6.542
N5.HOG0065793	gappy90	0.9	963	771	192	19.938
N5.HOG0065795	smart-gap	0.9439	1551	1467	84	5.416
N5.HOG0065795	gappy90	0.9	1551	1455	96	6.19
N5.HOG0065796	smart-gap	0.9099	1326	1188	138	10.407
N5.HOG0065796	gappy90	0.9	1326	1188	138	10.407
N5.HOG0065797	smart-gap	0.9909	597	561	36	6.03
N5.HOG0065797	gappy90	0.9	597	519	78	13.065
N5.HOG0065811	smart-gap	0.2232	567	546	21	3.704
N5.HOG0065812	smart-gap	0.9908	1707	1542	165	9.666
N5.HOG0065812	gappy90	0.9	1707	1290	417	24.429
N5.HOG0065818	smart-gap	0.9196	1089	1032	57	5.234
N5.HOG0065818	gappy90	0.9	1089	1005	84	7.713
N5.HOG0065824	smart-gap	0.9909	942	867	75	7.962
N5.HOG0065824	gappy90	0.9	942	561	381	40.446
N5.HOG0065826	smart-gap	0.6636	861	828	33	3.833
N5.HOG0065827	smart-gap	0.9815	1110	1104	6	0.541
N5.HOG0065827	gappy90	0.9	1110	1089	21	1.892
N5.HOG0065829	smart-gap	0.9271	3555	2109	1446	40.675
N5.HOG0065829	gappy90	0.9	3555	1644	1911	53.755
N5.HOG0065831	smart-gap	0.9811	1500	1497	3	0.2
N5.HOG0065831	gappy90	0.9	1500	1332	168	11.2
N5.HOG0065833	smart-gap	0.9815	3663	2769	894	24.406
N5.HOG0065833	gappy90	0.9	3663	2595	1068	29.156
N5.HOG0065834	smart-gap	0.9912	963	711	252	26.168
N5.HOG0065834	gappy90	0.9	963	519	444	46.106
N5.HOG0065835	smart-gap	0.9619	903	780	123	13.621
N5.HOG0065835	gappy90	0.9	903	672	231	25.581
N5.HOG0065838	smart-gap	0.2804	1110	1026	84	7.568
N5.HOG0065839	smart-gap	1.0	846	726	120	14.184
N5.HOG0065839	gappy90	0.9	846	630	216	25.532
N5.HOG0065840	smart-gap	0.3153	987	984	3	0.304
N5.HOG0065841	smart-gap	0.9464	963	960	3	0.312
N5.HOG0065841	gappy90	0.9	963	960	3	0.312
N5.HOG0065842	smart-gap	0.1651	1275	1197	78	6.118
N5.HOG0065844	smart-gap	1.0	1218	1185	33	2.709
N5.HOG0065844	gappy90	0.9	1218	1083	135	11.084
N5.HOG0065847	smart-gap	1.0	1617	1602	15	0.928
N5.HOG0065847	gappy90	0.9	1617	1587	30	1.855
N5.HOG0065849	smart-gap	0.9908	849	831	18	2.12
N5.HOG0065849	gappy90	0.9	849	798	51	6.007
N5.HOG0065850	smart-gap	0.7143	543	522	21	3.867
N5.HOG0065851	smart-gap	0.9732	2802	2106	696	24.839
N5.HOG0065851	gappy90	0.9	2802	1890	912	32.548
N5.HOG0065852	smart-gap	0.2182	1233	1167	66	5.353
N5.HOG0065866	smart-gap	0.9126	987	963	24	2.432
N5.HOG0065866	gappy90	0.9	987	963	24	2.432
N5.HOG0065868	smart-gap	0.1753	1455	1407	48	3.299
N5.HOG0065869	smart-gap	1.0	1407	1125	282	20.043
N5.HOG0065869	gappy90	0.9	1407	636	771	54.797
N5.HOG0065877	smart-gap	0.991	771	741	30	3.891
N5.HOG0065877	gappy90	0.9	771	738	33	4.28
N5.HOG0065878	smart-gap	1.0	1197	993	204	17.043
N5.HOG0065878	gappy90	0.9	1197	909	288	24.06
N5.HOG0065879	smart-gap	0.9911	1095	891	204	18.63
N5.HOG0065879	gappy90	0.9	1095	846	249	22.74
N5.HOG0065880	smart-gap	0.1284	870	771	99	11.379
N5.HOG0065881	smart-gap	1.0	1632	1578	54	3.309
N5.HOG0065881	gappy90	0.9	1632	1446	186	11.397
N5.HOG0065882	smart-gap	0.991	882	861	21	2.381
N5.HOG0065882	gappy90	0.9	882	699	183	20.748
N5.HOG0065891	smart-gap	0.9901	2076	1956	120	5.78
N5.HOG0065891	gappy90	0.9	2076	1725	351	16.908
N5.HOG0065892	smart-gap	0.8519	351	336	15	4.274
N5.HOG0065893	smart-gap	0.1204	714	525	189	26.471
N5.HOG0065894	smart-gap	0.9907	1191	999	192	16.121
N5.HOG0065894	gappy90	0.9	1191	927	264	22.166
N5.HOG0065929	smart-gap	0.8679	549	531	18	3.279
N5.HOG0065939	smart-gap	0.9907	2910	2850	60	2.062
N5.HOG0065939	gappy90	0.9	2910	2751	159	5.464
N5.HOG0065940	smart-gap	0.1204	780	717	63	8.077
N5.HOG0065941	smart-gap	1.0	627	606	21	3.349
N5.HOG0065941	gappy90	0.9	627	384	243	38.756
N5.HOG0065942	smart-gap	0.9911	1266	1179	87	6.872
N5.HOG0065942	gappy90	0.9	1266	1071	195	15.403
N5.HOG0065943	smart-gap	0.7431	1131	1062	69	6.101
N5.HOG0065944	smart-gap	0.8667	891	831	60	6.734
N5.HOG0065952	smart-gap	0.9907	2184	2148	36	1.648
N5.HOG0065952	gappy90	0.9	2184	2112	72	3.297
N5.HOG0065953	smart-gap	0.9455	1398	1245	153	10.944
N5.HOG0065953	gappy90	0.9	1398	1065	333	23.82
N5.HOG0065954	smart-gap	0.1875	1164	1017	147	12.629
N5.HOG0065955	smart-gap	0.991	3198	3129	69	2.158
N5.HOG0065955	gappy90	0.9	3198	3045	153	4.784
N5.HOG0065958	smart-gap	0.9892	1158	1128	30	2.591
N5.HOG0065958	gappy90	0.9	1158	1101	57	4.922
N5.HOG0065960	smart-gap	0.9009	1137	1008	129	11.346
N5.HOG0065960	gappy90	0.9	1137	1008	129	11.346
N5.HOG0065961	smart-gap	1.0	1311	1305	6	0.458
N5.HOG0065961	gappy90	0.9	1311	1254	57	4.348
N5.HOG0065963	smart-gap	0.945	459	387	72	15.686
N5.HOG0065963	gappy90	0.9	459	348	111	24.183
N5.HOG0065964	smart-gap	1.0	1287	1041	246	19.114
N5.HOG0065964	gappy90	0.9	1287	459	828	64.336
N5.HOG0065965	smart-gap	1.0	795	714	81	10.189
N5.HOG0065965	gappy90	0.9	795	630	165	20.755
N5.HOG0065966	smart-gap	0.9909	1650	951	699	42.364
N5.HOG0065966	gappy90	0.9	1650	570	1080	65.455
N5.HOG0065967	smart-gap	0.9817	558	450	108	19.355
N5.HOG0065967	gappy90	0.9	558	447	111	19.892
N5.HOG0065969	smart-gap	0.6058	1254	1200	54	4.306
N5.HOG0065970	smart-gap	0.9907	1704	1509	195	11.444
N5.HOG0065970	gappy90	0.9	1704	1449	255	14.965
N5.HOG0065971	smart-gap	0.9074	648	525	123	18.981
N5.HOG0065971	gappy90	0.9	648	525	123	18.981
N5.HOG0065972	smart-gap	0.9909	762	714	48	6.299
N5.HOG0065972	gappy90	0.9	762	555	207	27.165
N5.HOG0065978	smart-gap	0.9099	402	378	24	5.97
N5.HOG0065978	gappy90	0.9	402	369	33	8.209
N5.HOG0065988	smart-gap	1.0	771	732	39	5.058
N5.HOG0065988	gappy90	0.9	771	462	309	40.078
N5.HOG0065989	smart-gap	0.8919	1323	1002	321	24.263
N5.HOG0065991	smart-gap	0.9904	1539	1350	189	12.281
N5.HOG0065991	gappy90	0.9	1539	1209	330	21.442
N5.HOG0065993	smart-gap	1.0	1167	1152	15	1.285
N5.HOG0065993	gappy90	0.9	1167	1026	141	12.082
N5.HOG0065995	smart-gap	0.8687	1317	1203	114	8.656
N5.HOG0065997	smart-gap	1.0	2781	2754	27	0.971
N5.HOG0065997	gappy90	0.9	2781	2661	120	4.315
N5.HOG0066009	smart-gap	0.9905	1890	1881	9	0.476
N5.HOG0066009	gappy90	0.9	1890	1860	30	1.587
N5.HOG0066010	smart-gap	0.9515	1368	1341	27	1.974
N5.HOG0066010	gappy90	0.9	1368	1338	30	2.193
N5.HOG0066015	smart-gap	0.9907	2433	2004	429	17.633
N5.HOG0066015	gappy90	0.9	2433	1794	639	26.264
N5.HOG0066016	smart-gap	0.9818	459	369	90	19.608
N5.HOG0066016	gappy90	0.9	459	369	90	19.608
N5.HOG0066017	smart-gap	1.0	984	897	87	8.841
N5.HOG0066017	gappy90	0.9	984	582	402	40.854
N5.HOG0066018	smart-gap	0.7615	1332	1287	45	3.378
N5.HOG0066020	smart-gap	0.9899	918	891	27	2.941
N5.HOG0066020	gappy90	0.9	918	789	129	14.052
N5.HOG0066021	smart-gap	0.991	2601	2001	600	23.068
N5.HOG0066021	gappy90	0.9	2601	1812	789	30.334
N5.HOG0066022	smart-gap	1.0	2313	2310	3	0.13
N5.HOG0066022	gappy90	0.9	2313	2241	72	3.113
N5.HOG0066023	smart-gap	0.0748	531	516	15	2.825
N5.HOG0066024	smart-gap	1.0	1212	1200	12	0.99
N5.HOG0066024	gappy90	0.9	1212	1188	24	1.98
N5.HOG0066031	smart-gap	1.0	1032	1014	18	1.744
N5.HOG0066031	gappy90	0.9	1032	771	261	25.291
N5.HOG0066032	smart-gap	0.9818	609	594	15	2.463
N5.HOG0066032	gappy90	0.9	609	573	36	5.911
N5.HOG0066034	smart-gap	1.0	471	453	18	3.822
N5.HOG0066034	gappy90	0.9	471	390	81	17.197
N5.HOG0066036	smart-gap	0.99	1350	1269	81	6.0
N5.HOG0066036	gappy90	0.9	1350	1191	159	11.778
N5.HOG0066040	smart-gap	0.3909	525	462	63	12.0
N5.HOG0066041	smart-gap	1.0	822	819	3	0.365
N5.HOG0066041	gappy90	0.9	822	741	81	9.854
N5.HOG0066042	smart-gap	0.9908	768	762	6	0.781
N5.HOG0066042	gappy90	0.9	768	759	9	1.172
N5.HOG0066043	smart-gap	0.991	1203	1158	45	3.741
N5.HOG0066043	gappy90	0.9	1203	1089	114	9.476
N5.HOG0066044	smart-gap	1.0	1083	1035	48	4.432
N5.HOG0066044	gappy90	0.9	1083	846	237	21.884
N5.HOG0066045	smart-gap	0.6216	987	921	66	6.687
N5.HOG0066046	smart-gap	1.0	1962	1635	327	16.667
N5.HOG0066046	gappy90	0.9	1962	1380	582	29.664
N5.HOG0066048	smart-gap	0.0645	651	624	27	4.147
N5.HOG0066050	smart-gap	0.991	2880	2601	279	9.688
N5.HOG0066050	gappy90	0.9	2880	2229	651	22.604
N5.HOG0066051	smart-gap	1.0	1422	1395	27	1.899
N5.HOG0066051	gappy90	0.9	1422	1362	60	4.219
N5.HOG0066052	smart-gap	0.1802	1092	1029	63	5.769
N5.HOG0066053	smart-gap	1.0	867	828	39	4.498
N5.HOG0066053	gappy90	0.9	867	636	231	26.644
N5.HOG0066058	smart-gap	1	540	540	0	0.0
N5.HOG0066058	gappy90	0.9	540	444	96	17.778
N5.HOG0066061	smart-gap	0.8966	369	363	6	1.626
N5.HOG0066064	smart-gap	0.9821	663	588	75	11.312
N5.HOG0066064	gappy90	0.9	663	483	180	27.149
N5.HOG0066065	smart-gap	1.0	795	690	105	13.208
N5.HOG0066065	gappy90	0.9	795	633	162	20.377
N5.HOG0066066	smart-gap	0.9813	702	699	3	0.427
N5.HOG0066066	gappy90	0.9	702	630	72	10.256
N5.HOG0066067	smart-gap	1.0	678	561	117	17.257
N5.HOG0066067	gappy90	0.9	678	459	219	32.301
N5.HOG0066068	smart-gap	0.9808	1320	1254	66	5.0
N5.HOG0066068	gappy90	0.9	1320	1218	102	7.727
N5.HOG0066069	smart-gap	0.9909	1662	1548	114	6.859
N5.HOG0066069	gappy90	0.9	1662	1443	219	13.177
N5.HOG0066074	smart-gap	0.9905	2046	1893	153	7.478
N5.HOG0066074	gappy90	0.9	2046	1806	240	11.73
N5.HOG0066080	smart-gap	0.9815	1812	1743	69	3.808
N5.HOG0066080	gappy90	0.9	1812	1560	252	13.907
N5.HOG0066081	smart-gap	0.9911	1884	1653	231	12.261
N5.HOG0066081	gappy90	0.9	1884	1296	588	31.21
N5.HOG0066082	smart-gap	0.9908	747	696	51	6.827
N5.HOG0066082	gappy90	0.9	747	657	90	12.048
N5.HOG0066083	smart-gap	0.8829	453	438	15	3.311
N5.HOG0066084	smart-gap	0.991	711	696	15	2.11
N5.HOG0066084	gappy90	0.9	711	639	72	10.127
N5.HOG0066085	smart-gap	0.9817	441	348	93	21.088
N5.HOG0066085	gappy90	0.9	441	348	93	21.088
N5.HOG0066086	smart-gap	0.9909	1392	1284	108	7.759
N5.HOG0066086	gappy90	0.9	1392	1230	162	11.638
N5.HOG0066087	smart-gap	1.0	2256	2226	30	1.33
N5.HOG0066087	gappy90	0.9	2256	2193	63	2.793
N5.HOG0066088	smart-gap	0.5321	1311	1296	15	1.144
N5.HOG0066089	smart-gap	0.991	1368	1341	27	1.974
N5.HOG0066089	gappy90	0.9	1368	1200	168	12.281
N5.HOG0066090	smart-gap	0.9907	1893	1641	252	13.312
N5.HOG0066090	gappy90	0.9	1893	1353	540	28.526
N5.HOG0066091	smart-gap	1.0	507	504	3	0.592
N5.HOG0066091	gappy90	0.9	507	429	78	15.385
N5.HOG0066096	smart-gap	1.0	1437	1392	45	3.132
N5.HOG0066096	gappy90	0.9	1437	1071	366	25.47
N5.HOG0066098	smart-gap	0.9802	687	684	3	0.437
N5.HOG0066098	gappy90	0.9	687	666	21	3.057
N5.HOG0066099	smart-gap	0.7411	408	390	18	4.412
N5.HOG0066100	smart-gap	0.8036	846	798	48	5.674
N5.HOG0066101	smart-gap	0.9817	762	540	222	29.134
N5.HOG0066101	gappy90	0.9	762	540	222	29.134
N5.HOG0066102	smart-gap	1.0	2718	2421	297	10.927
N5.HOG0066102	gappy90	0.9	2718	2136	582	21.413
N5.HOG0066103	smart-gap	0.9259	1011	972	39	3.858
N5.HOG0066103	gappy90	0.9	1011	954	57	5.638
N5.HOG0066104	smart-gap	0.9821	954	735	219	22.956
N5.HOG0066104	gappy90	0.9	954	582	372	38.994
N5.HOG0066105	smart-gap	0.945	921	861	60	6.515
N5.HOG0066105	gappy90	0.9	921	852	69	7.492
N5.HOG0066106	smart-gap	0.9907	714	708	6	0.84
N5.HOG0066106	gappy90	0.9	714	645	69	9.664
N5.HOG0066107	smart-gap	0.9815	3159	2601	558	17.664
N5.HOG0066107	gappy90	0.9	3159	2454	705	22.317
N5.HOG0066115	smart-gap	0.9909	792	780	12	1.515
N5.HOG0066115	gappy90	0.9	792	672	120	15.152
N5.HOG0066116	smart-gap	1.0	942	921	21	2.229
N5.HOG0066116	gappy90	0.9	942	816	126	13.376
N5.HOG0066117	smart-gap	0.8807	1122	1083	39	3.476
N5.HOG0066124	smart-gap	0.9817	792	732	60	7.576
N5.HOG0066124	gappy90	0.9	792	597	195	24.621
N5.HOG0066125	smart-gap	0.9818	1863	1761	102	5.475
N5.HOG0066125	gappy90	0.9	1863	1740	123	6.602
N5.HOG0066131	smart-gap	0.9541	2229	2205	24	1.077
N5.HOG0066131	gappy90	0.9	2229	2205	24	1.077
N5.HOG0066132	smart-gap	0.1222	1038	825	213	20.52
N5.HOG0066135	smart-gap	0.9266	516	498	18	3.488
N5.HOG0066135	gappy90	0.9	516	486	30	5.814
N5.HOG0066140	smart-gap	0.9908	1722	1482	240	13.937
N5.HOG0066140	gappy90	0.9	1722	1041	681	39.547
N5.HOG0066142	smart-gap	0.7212	831	813	18	2.166
N5.HOG0066152	smart-gap	0.0654	606	597	9	1.485
N5.HOG0066153	smart-gap	0.8257	654	591	63	9.633
N5.HOG0066154	smart-gap	1.0	957	951	6	0.627
N5.HOG0066154	gappy90	0.9	957	789	168	17.555
N5.HOG0066155	smart-gap	0.9908	1839	1785	54	2.936
N5.HOG0066155	gappy90	0.9	1839	1767	72	3.915
N5.HOG0066171	smart-gap	0.9279	1083	1068	15	1.385
N5.HOG0066171	gappy90	0.9	1083	1062	21	1.939
N5.HOG0066172	smart-gap	0.9911	861	723	138	16.028
N5.HOG0066172	gappy90	0.9	861	582	279	32.404
N5.HOG0066174	smart-gap	0.9907	1179	1056	123	10.433
N5.HOG0066174	gappy90	0.9	1179	1023	156	13.232
N5.HOG0066175	smart-gap	1.0	486	477	9	1.852
N5.HOG0066175	gappy90	0.9	486	477	9	1.852
N5.HOG0066176	smart-gap	0.9909	1197	1158	39	3.258
N5.HOG0066176	gappy90	0.9	1197	1029	168	14.035
N5.HOG0066184	smart-gap	0.7523	507	453	54	10.651
N5.HOG0066187	smart-gap	0.9903	1305	1284	21	1.609
N5.HOG0066187	gappy90	0.9	1305	1254	51	3.908
N5.HOG0066212	smart-gap	0.3222	1866	1692	174	9.325
N5.HOG0066240	smart-gap	0.0463	567	369	198	34.921
N5.HOG0066247	smart-gap	0.9904	2442	2391	51	2.088
N5.HOG0066247	gappy90	0.9	2442	2328	114	4.668
N5.HOG0066248	smart-gap	0.2182	426	399	27	6.338
N5.HOG0066263	smart-gap	0.1828	684	579	105	15.351
N5.HOG0066276	smart-gap	0.9815	1125	1011	114	10.133
N5.HOG0066276	gappy90	0.9	1125	939	186	16.533
N5.HOG0066283	smart-gap	1.0	1131	1110	21	1.857
N5.HOG0066283	gappy90	0.9	1131	957	174	15.385
N5.HOG0066285	smart-gap	0.1909	642	621	21	3.271
N5.HOG0066286	smart-gap	0.981	1530	1380	150	9.804
N5.HOG0066286	gappy90	0.9	1530	1353	177	11.569
N5.HOG0066287	smart-gap	1.0	1410	1404	6	0.426
N5.HOG0066287	gappy90	0.9	1410	1299	111	7.872
N5.HOG0066289	smart-gap	0.9398	1491	1308	183	12.274
N5.HOG0066289	gappy90	0.9	1491	1224	267	17.907
N5.HOG0066290	smart-gap	1.0	1158	1104	54	4.663
N5.HOG0066290	gappy90	0.9	1158	801	357	30.829
N5.HOG0066291	smart-gap	0.9909	1668	1314	354	21.223
N5.HOG0066291	gappy90	0.9	1668	1011	657	39.388
N5.HOG0066292	smart-gap	1.0	1161	1140	21	1.809
N5.HOG0066292	gappy90	0.9	1161	1038	123	10.594
N5.HOG0066293	smart-gap	1.0	1782	1746	36	2.02
N5.HOG0066293	gappy90	0.9	1782	1734	48	2.694
N5.HOG0066294	smart-gap	0.9817	681	642	39	5.727
N5.HOG0066294	gappy90	0.9	681	594	87	12.775
N5.HOG0066295	smart-gap	0.9896	2091	2052	39	1.865
N5.HOG0066295	gappy90	0.9	2091	2034	57	2.726
N5.HOG0066297	smart-gap	0.991	1290	1173	117	9.07
N5.HOG0066297	gappy90	0.9	1290	963	327	25.349
N5.HOG0066298	smart-gap	1.0	840	828	12	1.429
N5.HOG0066298	gappy90	0.9	840	615	225	26.786
N5.HOG0066300	smart-gap	0.9908	2814	2691	123	4.371
N5.HOG0066300	gappy90	0.9	2814	2436	378	13.433
N5.HOG0066301	smart-gap	0.9909	1143	1122	21	1.837
N5.HOG0066301	gappy90	0.9	1143	924	219	19.16
N5.HOG0066311	smart-gap	0.2545	1038	927	111	10.694
N5.HOG0066312	smart-gap	0.9908	1305	1221	84	6.437
N5.HOG0066312	gappy90	0.9	1305	1113	192	14.713
N5.HOG0066320	smart-gap	0.9714	1455	1287	168	11.546
N5.HOG0066320	gappy90	0.9	1455	1209	246	16.907
N5.HOG0066321	smart-gap	0.9818	645	636	9	1.395
N5.HOG0066321	gappy90	0.9	645	630	15	2.326
N5.HOG0066322	smart-gap	0.2294	1512	1488	24	1.587
N5.HOG0066324	smart-gap	0.1524	1449	1404	45	3.106
N5.HOG0066325	smart-gap	0.9727	675	606	69	10.222
N5.HOG0066325	gappy90	0.9	675	507	168	24.889
N5.HOG0066326	smart-gap	0.9358	615	432	183	29.756
N5.HOG0066326	gappy90	0.9	615	390	225	36.585
N5.HOG0066327	smart-gap	1.0	678	675	3	0.442
N5.HOG0066327	gappy90	0.9	678	558	120	17.699
N5.HOG0066328	smart-gap	0.9813	1290	1275	15	1.163
N5.HOG0066328	gappy90	0.9	1290	1275	15	1.163
N5.HOG0066329	smart-gap	0.9906	1260	1185	75	5.952
N5.HOG0066329	gappy90	0.9	1260	1068	192	15.238
N5.HOG0066330	smart-gap	0.1468	405	309	96	23.704
N5.HOG0066331	smart-gap	0.9818	930	885	45	4.839
N5.HOG0066331	gappy90	0.9	930	858	72	7.742
N5.HOG0066332	smart-gap	1.0	1143	1047	96	8.399
N5.HOG0066332	gappy90	0.9	1143	951	192	16.798
N5.HOG0066334	smart-gap	0.7791	1644	1503	141	8.577
N5.HOG0066342	smart-gap	1.0	966	867	99	10.248
N5.HOG0066342	gappy90	0.9	966	633	333	34.472
N5.HOG0066344	smart-gap	0.9727	486	366	120	24.691
N5.HOG0066344	gappy90	0.9	486	354	132	27.16
N5.HOG0066345	smart-gap	0.7658	594	579	15	2.525
N5.HOG0066346	smart-gap	0.9818	669	630	39	5.83
N5.HOG0066346	gappy90	0.9	669	624	45	6.726
N5.HOG0066347	smart-gap	0.7818	354	348	6	1.695
N5.HOG0066352	smart-gap	0.9904	630	612	18	2.857
N5.HOG0066352	gappy90	0.9	630	576	54	8.571
N5.HOG0066353	smart-gap	0.982	5157	4383	774	15.009
N5.HOG0066353	gappy90	0.9	5157	3033	2124	41.187
N5.HOG0066354	smart-gap	0.9911	3246	2664	582	17.93
N5.HOG0066354	gappy90	0.9	3246	2220	1026	31.608
N5.HOG0066367	smart-gap	0.9727	717	546	171	23.849
N5.HOG0066367	gappy90	0.9	717	522	195	27.197
N5.HOG0066368	smart-gap	1.0	756	699	57	7.54
N5.HOG0066368	gappy90	0.9	756	678	78	10.317
N5.HOG0066369	smart-gap	0.9907	2127	2007	120	5.642
N5.HOG0066369	gappy90	0.9	2127	1590	537	25.247
N5.HOG0066384	smart-gap	0.9818	1233	1215	18	1.46
N5.HOG0066384	gappy90	0.9	1233	1131	102	8.273
N5.HOG0066390	smart-gap	0.9717	1113	1041	72	6.469
N5.HOG0066390	gappy90	0.9	1113	1020	93	8.356
N5.HOG0066391	smart-gap	0.9902	1587	1569	18	1.134
N5.HOG0066391	gappy90	0.9	1587	1533	54	3.403
N5.HOG0066394	smart-gap	0.6321	1488	1332	156	10.484
N5.HOG0066395	smart-gap	0.9817	642	423	219	34.112
N5.HOG0066395	gappy90	0.9	642	414	228	35.514
N5.HOG0066396	smart-gap	0.9909	534	528	6	1.124
N5.HOG0066396	gappy90	0.9	534	504	30	5.618
N5.HOG0066397	smart-gap	0.9908	942	930	12	1.274
N5.HOG0066397	gappy90	0.9	942	900	42	4.459
N5.HOG0066398	smart-gap	0.9811	510	507	3	0.588
N5.HOG0066398	gappy90	0.9	510	507	3	0.588
N5.HOG0066400	smart-gap	0.9787	1209	1203	6	0.496
N5.HOG0066400	gappy90	0.9	1209	1182	27	2.233
N5.HOG0066404	smart-gap	0.9029	1221	1161	60	4.914
N5.HOG0066404	gappy90	0.9	1221	1161	60	4.914
N5.HOG0066405	smart-gap	0.9455	993	918	75	7.553
N5.HOG0066405	gappy90	0.9	993	849	144	14.502
N5.HOG0066407	smart-gap	0.9806	1284	1266	18	1.402
N5.HOG0066407	gappy90	0.9	1284	1251	33	2.57
N5.HOG0066408	smart-gap	1.0	756	747	9	1.19
N5.HOG0066408	gappy90	0.9	756	678	78	10.317
N5.HOG0066409	smart-gap	0.981	1620	1614	6	0.37
N5.HOG0066409	gappy90	0.9	1620	1602	18	1.111
N5.HOG0066411	smart-gap	0.9907	1773	1602	171	9.645
N5.HOG0066411	gappy90	0.9	1773	1422	351	19.797
N5.HOG0066412	smart-gap	0.9906	966	933	33	3.416
N5.HOG0066412	gappy90	0.9	966	825	141	14.596
N5.HOG0066413	smart-gap	0.9907	1701	1581	120	7.055
N5.HOG0066413	gappy90	0.9	1701	1458	243	14.286
N5.HOG0066414	smart-gap	0.7593	948	942	6	0.633
N5.HOG0066415	smart-gap	1.0	624	597	27	4.327
N5.HOG0066415	gappy90	0.9	624	444	180	28.846
N5.HOG0066418	smart-gap	0.2353	1494	1440	54	3.614
N5.HOG0066422	smart-gap	0.8396	1059	915	144	13.598
N5.HOG0066424	smart-gap	0.9358	1566	1506	60	3.831
N5.HOG0066424	gappy90	0.9	1566	1419	147	9.387
N5.HOG0066425	smart-gap	0.9818	702	684	18	2.564
N5.HOG0066425	gappy90	0.9	702	657	45	6.41
N5.HOG0066433	smart-gap	0.2024	1419	1215	204	14.376
N5.HOG0066436	smart-gap	0.2121	1041	876	165	15.85
N5.HOG0066444	smart-gap	0.0183	501	276	225	44.91
N5.HOG0066447	smart-gap	0.9817	1575	1452	123	7.81
N5.HOG0066447	gappy90	0.9	1575	1359	216	13.714
N5.HOG0066451	smart-gap	0.9818	990	810	180	18.182
N5.HOG0066451	gappy90	0.9	990	732	258	26.061
N5.HOG0066453	smart-gap	0.9906	1776	1767	9	0.507
N5.HOG0066453	gappy90	0.9	1776	1665	111	6.25
N5.HOG0066454	smart-gap	0.991	1425	1242	183	12.842
N5.HOG0066454	gappy90	0.9	1425	1110	315	22.105
N5.HOG0066463	smart-gap	0.7757	1890	1854	36	1.905
N5.HOG0066464	smart-gap	0.1389	609	597	12	1.97
N5.HOG0066468	smart-gap	0.202	1053	972	81	7.692
N5.HOG0066470	smart-gap	0.03	780	702	78	10.0
N5.HOG0066471	smart-gap	0.9909	603	561	42	6.965
N5.HOG0066471	gappy90	0.9	603	498	105	17.413
N5.HOG0066472	smart-gap	0.9636	654	621	33	5.046
N5.HOG0066472	gappy90	0.9	654	585	69	10.55
N5.HOG0066478	smart-gap	0.991	1416	1140	276	19.492
N5.HOG0066478	gappy90	0.9	1416	798	618	43.644
N5.HOG0066482	smart-gap	0.9908	1242	1182	60	4.831
N5.HOG0066482	gappy90	0.9	1242	1050	192	15.459
N5.HOG0066483	smart-gap	1.0	477	459	18	3.774
N5.HOG0066483	gappy90	0.9	477	450	27	5.66
N5.HOG0066484	smart-gap	0.9905	1011	1002	9	0.89
N5.HOG0066484	gappy90	0.9	1011	852	159	15.727
N5.HOG0066486	smart-gap	1.0	690	684	6	0.87
N5.HOG0066486	gappy90	0.9	690	459	231	33.478
N5.HOG0066488	smart-gap	0.9907	1449	1398	51	3.52
N5.HOG0066488	gappy90	0.9	1449	1293	156	10.766
N5.HOG0066489	smart-gap	0.991	1995	1398	597	29.925
N5.HOG0066489	gappy90	0.9	1995	942	1053	52.782
N5.HOG0066490	smart-gap	0.0917	1227	1188	39	3.178
N5.HOG0066491	smart-gap	0.9909	2574	2376	198	7.692
N5.HOG0066491	gappy90	0.9	2574	2226	348	13.52
N5.HOG0066492	smart-gap	0.1481	2241	2214	27	1.205
N5.HOG0066493	smart-gap	1.0	2013	1989	24	1.192
N5.HOG0066493	gappy90	0.9	2013	1845	168	8.346
N5.HOG0066497	smart-gap	0.9911	1104	999	105	9.511
N5.HOG0066497	gappy90	0.9	1104	711	393	35.598
N5.HOG0066498	smart-gap	0.9908	1149	1110	39	3.394
N5.HOG0066498	gappy90	0.9	1149	1083	66	5.744
N5.HOG0066500	smart-gap	0.9895	2445	2403	42	1.718
N5.HOG0066500	gappy90	0.9	2445	2376	69	2.822
N5.HOG0066501	smart-gap	0.2091	1011	966	45	4.451
N5.HOG0066504	smart-gap	1.0	642	636	6	0.935
N5.HOG0066504	gappy90	0.9	642	567	75	11.682
N5.HOG0066505	smart-gap	0.9909	684	666	18	2.632
N5.HOG0066505	gappy90	0.9	684	633	51	7.456
N5.HOG0066512	smart-gap	0.9908	945	840	105	11.111
N5.HOG0066512	gappy90	0.9	945	777	168	17.778
N5.HOG0066513	smart-gap	0.9909	1461	1218	243	16.632
N5.HOG0066513	gappy90	0.9	1461	996	465	31.828
N5.HOG0066518	smart-gap	1.0	855	705	150	17.544
N5.HOG0066518	gappy90	0.9	855	678	177	20.702
N5.HOG0066519	smart-gap	0.1028	648	627	21	3.241
N5.HOG0066524	smart-gap	0.9636	729	675	54	7.407
N5.HOG0066524	gappy90	0.9	729	675	54	7.407
N5.HOG0066553	smart-gap	0.8889	684	582	102	14.912
N5.HOG0066554	smart-gap	1.0	2268	1575	693	30.556
N5.HOG0066554	gappy90	0.9	2268	987	1281	56.481
N5.HOG0066556	smart-gap	1.0	960	948	12	1.25
N5.HOG0066556	gappy90	0.9	960	924	36	3.75
N5.HOG0066562	smart-gap	0.9903	2301	2232	69	2.999
N5.HOG0066562	gappy90	0.9	2301	2181	120	5.215
N5.HOG0066564	smart-gap	1.0	831	732	99	11.913
N5.HOG0066564	gappy90	0.9	831	636	195	23.466
N5.HOG0066565	smart-gap	0.9252	2715	2598	117	4.309
N5.HOG0066565	gappy90	0.9	2715	2523	192	7.072
N5.HOG0066566	smart-gap	0.9907	906	882	24	2.649
N5.HOG0066566	gappy90	0.9	906	852	54	5.96
N5.HOG0066567	smart-gap	0.9626	747	744	3	0.402
N5.HOG0066567	gappy90	0.9	747	744	3	0.402
N5.HOG0066569	smart-gap	0.9902	948	939	9	0.949
N5.HOG0066569	gappy90	0.9	948	924	24	2.532
N5.HOG0066570	smart-gap	0.9907	2940	2418	522	17.755
N5.HOG0066570	gappy90	0.9	2940	2253	687	23.367
N5.HOG0066571	smart-gap	1.0	441	438	3	0.68
N5.HOG0066571	gappy90	0.9	441	411	30	6.803
N5.HOG0066573	smart-gap	0.0381	651	486	165	25.346
N5.HOG0066576	smart-gap	1.0	561	555	6	1.07
N5.HOG0066576	gappy90	0.9	561	555	6	1.07
N5.HOG0066577	smart-gap	1.0	1275	1251	24	1.882
N5.HOG0066577	gappy90	0.9	1275	1131	144	11.294
N5.HOG0066578	smart-gap	1.0	1134	1086	48	4.233
N5.HOG0066578	gappy90	0.9	1134	894	240	21.164
N5.HOG0066580	smart-gap	0.2804	666	645	21	3.153
N5.HOG0066599	smart-gap	0.9434	525	510	15	2.857
N5.HOG0066599	gappy90	0.9	525	489	36	6.857
N5.HOG0066600	smart-gap	1.0	1263	1215	48	3.8
N5.HOG0066600	gappy90	0.9	1263	1128	135	10.689
N5.HOG0066602	smart-gap	0.8485	1623	1488	135	8.318
N5.HOG0066603	smart-gap	1.0	540	531	9	1.667
N5.HOG0066603	gappy90	0.9	540	531	9	1.667
N5.HOG0066604	smart-gap	0.9817	1338	1137	201	15.022
N5.HOG0066604	gappy90	0.9	1338	960	378	28.251
N5.HOG0066605	smart-gap	0.5463	1035	930	105	10.145
N5.HOG0066615	smart-gap	0.9245	1314	1257	57	4.338
N5.HOG0066615	gappy90	0.9	1314	1230	84	6.393
N5.HOG0066616	smart-gap	0.9907	2409	1767	642	26.65
N5.HOG0066616	gappy90	0.9	2409	1434	975	40.473
N5.HOG0066618	smart-gap	0.9794	1317	1293	24	1.822
N5.HOG0066618	gappy90	0.9	1317	1263	54	4.1
N5.HOG0066620	smart-gap	1.0	708	627	81	11.441
N5.HOG0066620	gappy90	0.9	708	564	144	20.339
N5.HOG0066621	smart-gap	0.9813	528	444	84	15.909
N5.HOG0066621	gappy90	0.9	528	381	147	27.841
N5.HOG0066624	smart-gap	0.907	513	357	156	30.409
N5.HOG0066624	gappy90	0.9	513	357	156	30.409
N5.HOG0066626	smart-gap	0.4095	1404	1365	39	2.778
N5.HOG0066627	smart-gap	0.9908	912	873	39	4.276
N5.HOG0066627	gappy90	0.9	912	711	201	22.039
N5.HOG0066635	smart-gap	1.0	1614	1521	93	5.762
N5.HOG0066635	gappy90	0.9	1614	1293	321	19.888
N5.HOG0066636	smart-gap	0.9735	573	486	87	15.183
N5.HOG0066636	gappy90	0.9	573	378	195	34.031
N5.HOG0066638	smart-gap	0.9703	1494	1488	6	0.402
N5.HOG0066638	gappy90	0.9	1494	1488	6	0.402
N5.HOG0066639	smart-gap	1.0	1284	1269	15	1.168
N5.HOG0066639	gappy90	0.9	1284	1230	54	4.206
N5.HOG0066640	smart-gap	1.0	1629	1491	138	8.471
N5.HOG0066640	gappy90	0.9	1629	1431	198	12.155
N5.HOG0066641	smart-gap	0.3333	483	468	15	3.106
N5.HOG0066643	smart-gap	0.9903	978	918	60	6.135
N5.HOG0066643	gappy90	0.9	978	798	180	18.405
N5.HOG0066645	smart-gap	1.0	753	714	39	5.179
N5.HOG0066645	gappy90	0.9	753	627	126	16.733
N5.HOG0066646	smart-gap	0.0185	339	315	24	7.08
N5.HOG0066647	smart-gap	0.963	1140	1041	99	8.684
N5.HOG0066647	gappy90	0.9	1140	924	216	18.947
N5.HOG0066654	smart-gap	0.9906	1410	1395	15	1.064
N5.HOG0066654	gappy90	0.9	1410	1314	96	6.809
N5.HOG0066666	smart-gap	0.9909	930	843	87	9.355
N5.HOG0066666	gappy90	0.9	930	666	264	28.387
N5.HOG0066667	smart-gap	1.0	855	849	6	0.702
N5.HOG0066667	gappy90	0.9	855	843	12	1.404
N5.HOG0066668	smart-gap	0.9909	1551	1104	447	28.82
N5.HOG0066668	gappy90	0.9	1551	615	936	60.348
N5.HOG0066673	smart-gap	1.0	687	678	9	1.31
N5.HOG0066673	gappy90	0.9	687	639	48	6.987
N5.HOG0066685	smart-gap	0.9907	1335	987	348	26.067
N5.HOG0066685	gappy90	0.9	1335	897	438	32.809
N5.HOG0066693	smart-gap	0.964	1398	1347	51	3.648
N5.HOG0066693	gappy90	0.9	1398	1278	120	8.584
N5.HOG0066695	smart-gap	1.0	720	717	3	0.417
N5.HOG0066695	gappy90	0.9	720	678	42	5.833
N5.HOG0066696	smart-gap	0.789	1572	1536	36	2.29
N5.HOG0066697	smart-gap	1.0	894	876	18	2.013
N5.HOG0066697	gappy90	0.9	894	861	33	3.691
N5.HOG0066701	smart-gap	0.9813	381	375	6	1.575
N5.HOG0066701	gappy90	0.9	381	375	6	1.575
N5.HOG0066702	smart-gap	1.0	1899	1437	462	24.329
N5.HOG0066702	gappy90	0.9	1899	1311	588	30.964
N5.HOG0066703	smart-gap	0.9524	684	612	72	10.526
N5.HOG0066703	gappy90	0.9	684	612	72	10.526
N5.HOG0066707	smart-gap	0.991	1101	1020	81	7.357
N5.HOG0066707	gappy90	0.9	1101	900	201	18.256
N5.HOG0066710	smart-gap	0.9727	642	564	78	12.15
N5.HOG0066710	gappy90	0.9	642	483	159	24.766
N5.HOG0066714	smart-gap	0.9808	1167	1047	120	10.283
N5.HOG0066714	gappy90	0.9	1167	951	216	18.509
N5.HOG0066715	smart-gap	0.9909	5298	2772	2526	47.678
N5.HOG0066715	gappy90	0.9	5298	1983	3315	62.571
N5.HOG0066716	smart-gap	0.9905	1404	1320	84	5.983
N5.HOG0066716	gappy90	0.9	1404	1230	174	12.393
N5.HOG0066719	smart-gap	0.9889	1665	1644	21	1.261
N5.HOG0066719	gappy90	0.9	1665	1593	72	4.324
N5.HOG0066720	smart-gap	0.2336	1158	1146	12	1.036
N5.HOG0066721	smart-gap	0.9515	993	939	54	5.438
N5.HOG0066721	gappy90	0.9	993	939	54	5.438
N5.HOG0066723	smart-gap	0.9266	942	843	99	10.51
N5.HOG0066723	gappy90	0.9	942	801	141	14.968
N5.HOG0066724	smart-gap	0.9901	1341	1311	30	2.237
N5.HOG0066724	gappy90	0.9	1341	996	345	25.727
N5.HOG0066725	smart-gap	0.1028	822	792	30	3.65
N5.HOG0066726	smart-gap	0.9813	1185	1089	96	8.101
N5.HOG0066726	gappy90	0.9	1185	1023	162	13.671
N5.HOG0066729	smart-gap	0.9775	1833	1809	24	1.309
N5.HOG0066729	gappy90	0.9	1833	1800	33	1.8
N5.HOG0066730	smart-gap	0.9907	612	573	39	6.373
N5.HOG0066730	gappy90	0.9	612	471	141	23.039
N5.HOG0066733	smart-gap	0.1224	2121	2076	45	2.122
N5.HOG0066734	smart-gap	0.9907	909	891	18	1.98
N5.HOG0066734	gappy90	0.9	909	840	69	7.591
N5.HOG0066735	smart-gap	1.0	549	546	3	0.546
N5.HOG0066735	gappy90	0.9	549	546	3	0.546
N5.HOG0066738	smart-gap	1.0	1107	1092	15	1.355
N5.HOG0066738	gappy90	0.9	1107	1062	45	4.065
N5.HOG0066739	smart-gap	1.0	690	669	21	3.043
N5.HOG0066739	gappy90	0.9	690	663	27	3.913
N5.HOG0066741	smart-gap	0.9904	2760	1974	786	28.478
N5.HOG0066741	gappy90	0.9	2760	1404	1356	49.13
N5.HOG0066745	smart-gap	0.2857	1071	1005	66	6.162
N5.HOG0066746	smart-gap	0.9907	858	855	3	0.35
N5.HOG0066746	gappy90	0.9	858	771	87	10.14
N5.HOG0066754	smart-gap	1.0	702	645	57	8.12
N5.HOG0066754	gappy90	0.9	702	510	192	27.35
N5.HOG0066755	smart-gap	0.9909	1932	1554	378	19.565
N5.HOG0066755	gappy90	0.9	1932	1374	558	28.882
N5.HOG0066756	smart-gap	0.3241	714	699	15	2.101
N5.HOG0066757	smart-gap	0.9907	1296	1266	30	2.315
N5.HOG0066757	gappy90	0.9	1296	1203	93	7.176
N5.HOG0066765	smart-gap	0.1429	948	897	51	5.38
N5.HOG0066766	smart-gap	1.0	399	393	6	1.504
N5.HOG0066766	gappy90	0.9	399	354	45	11.278
N5.HOG0066812	smart-gap	0.9903	1719	1587	132	7.679
N5.HOG0066812	gappy90	0.9	1719	1494	225	13.089
N5.HOG0066838	smart-gap	0.9722	1419	1350	69	4.863
N5.HOG0066838	gappy90	0.9	1419	597	822	57.928
N5.HOG0066839	smart-gap	0.9818	450	447	3	0.667
N5.HOG0066839	gappy90	0.9	450	420	30	6.667
N5.HOG0066840	smart-gap	1.0	1266	1224	42	3.318
N5.HOG0066840	gappy90	0.9	1266	1137	129	10.19
N5.HOG0066845	smart-gap	0.9908	1338	957	381	28.475
N5.HOG0066845	gappy90	0.9	1338	561	777	58.072
N5.HOG0066846	smart-gap	0.0412	543	525	18	3.315
N5.HOG0066848	smart-gap	1.0	603	594	9	1.493
N5.HOG0066848	gappy90	0.9	603	444	159	26.368
N5.HOG0066849	smart-gap	0.1308	1269	1182	87	6.856
N5.HOG0066850	smart-gap	0.2336	1329	1323	6	0.451
N5.HOG0066861	smart-gap	0.9907	1779	1443	336	18.887
N5.HOG0066861	gappy90	0.9	1779	1281	498	27.993
N5.HOG0066862	smart-gap	0.9817	690	639	51	7.391
N5.HOG0066862	gappy90	0.9	690	576	114	16.522
N5.HOG0066867	smart-gap	0.8981	390	354	36	9.231
N5.HOG0066873	smart-gap	1.0	921	918	3	0.326
N5.HOG0066873	gappy90	0.9	921	903	18	1.954
N5.HOG0066874	smart-gap	0.9167	1158	1062	96	8.29
N5.HOG0066874	gappy90	0.9	1158	1062	96	8.29
N5.HOG0066875	smart-gap	1.0	363	348	15	4.132
N5.HOG0066875	gappy90	0.9	363	348	15	4.132
N5.HOG0066880	smart-gap	0.9904	1314	1284	30	2.283
N5.HOG0066880	gappy90	0.9	1314	1230	84	6.393
N5.HOG0066881	smart-gap	0.271	744	678	66	8.871
N5.HOG0066882	smart-gap	0.9908	3195	2430	765	23.944
N5.HOG0066882	gappy90	0.9	3195	1830	1365	42.723
N5.HOG0066883	smart-gap	0.9815	1140	1026	114	10.0
N5.HOG0066883	gappy90	0.9	1140	633	507	44.474
N5.HOG0066884	smart-gap	1.0	2013	1863	150	7.452
N5.HOG0066884	gappy90	0.9	2013	1707	306	15.201
N5.HOG0066885	smart-gap	0.9815	1380	1266	114	8.261
N5.HOG0066885	gappy90	0.9	1380	1182	198	14.348
N5.HOG0066886	smart-gap	0.8889	1053	885	168	15.954
N5.HOG0066888	smart-gap	0.9623	531	489	42	7.91
N5.HOG0066888	gappy90	0.9	531	414	117	22.034
N5.HOG0066904	smart-gap	0.9907	1605	1509	96	5.981
N5.HOG0066904	gappy90	0.9	1605	1425	180	11.215
N5.HOG0066905	smart-gap	0.9333	1686	1635	51	3.025
N5.HOG0066905	gappy90	0.9	1686	1620	66	3.915
N5.HOG0066907	smart-gap	0.3208	1797	1758	39	2.17
N5.HOG0066908	smart-gap	0.9815	1809	1629	180	9.95
N5.HOG0066908	gappy90	0.9	1809	1455	354	19.569
N5.HOG0066909	smart-gap	0.99	2025	1977	48	2.37
N5.HOG0066909	gappy90	0.9	2025	1845	180	8.889
N5.HOG0066912	smart-gap	0.9896	1305	1221	84	6.437
N5.HOG0066912	gappy90	0.9	1305	1110	195	14.943
N5.HOG0066914	smart-gap	0.0654	459	441	18	3.922
N5.HOG0066915	smart-gap	0.934	858	588	270	31.469
N5.HOG0066915	gappy90	0.9	858	477	381	44.406
N5.HOG0066916	smart-gap	0.9907	1440	1107	333	23.125
N5.HOG0066916	gappy90	0.9	1440	663	777	53.958
N5.HOG0066928	smart-gap	0.9208	510	507	3	0.588
N5.HOG0066928	gappy90	0.9	510	507	3	0.588
N5.HOG0066929	smart-gap	0.9906	1554	1509	45	2.896
N5.HOG0066929	gappy90	0.9	1554	1377	177	11.39
N5.HOG0066930	smart-gap	0.9907	1188	1149	39	3.283
N5.HOG0066930	gappy90	0.9	1188	999	189	15.909
N5.HOG0066931	smart-gap	0.7619	612	495	117	19.118
N5.HOG0066933	smart-gap	1.0	1179	1146	33	2.799
N5.HOG0066933	gappy90	0.9	1179	1011	168	14.249
N5.HOG0066934	smart-gap	0.9333	1806	1803	3	0.166
N5.HOG0066934	gappy90	0.9	1806	1803	3	0.166
N5.HOG0066935	smart-gap	0.9907	951	810	141	14.826
N5.HOG0066935	gappy90	0.9	951	744	207	21.767
N5.HOG0066936	smart-gap	0.9906	1467	1452	15	1.022
N5.HOG0066936	gappy90	0.9	1467	1365	102	6.953
N5.HOG0066940	smart-gap	0.9541	561	444	117	20.856
N5.HOG0066940	gappy90	0.9	561	384	177	31.551
N5.HOG0066941	smart-gap	0.9907	2229	2184	45	2.019
N5.HOG0066941	gappy90	0.9	2229	2148	81	3.634
N5.HOG0066942	smart-gap	0.9813	678	600	78	11.504
N5.HOG0066942	gappy90	0.9	678	570	108	15.929
N5.HOG0066943	smart-gap	1.0	1554	1458	96	6.178
N5.HOG0066943	gappy90	0.9	1554	1083	471	30.309
N5.HOG0066959	smart-gap	0.9722	1071	966	105	9.804
N5.HOG0066959	gappy90	0.9	1071	855	216	20.168
N5.HOG0066967	smart-gap	1.0	1101	1020	81	7.357
N5.HOG0066967	gappy90	0.9	1101	921	180	16.349
N5.HOG0066968	smart-gap	0.9722	678	660	18	2.655
N5.HOG0066968	gappy90	0.9	678	660	18	2.655
N5.HOG0066969	smart-gap	0.9906	1689	1644	45	2.664
N5.HOG0066969	gappy90	0.9	1689	1536	153	9.059
N5.HOG0066970	smart-gap	1.0	1011	1005	6	0.593
N5.HOG0066970	gappy90	0.9	1011	921	90	8.902
N5.HOG0066971	smart-gap	0.9802	1518	1467	51	3.36
N5.HOG0066971	gappy90	0.9	1518	1410	108	7.115
N5.HOG0066973	smart-gap	0.7196	1035	882	153	14.783
N5.HOG0066974	smart-gap	0.1981	837	762	75	8.961
N5.HOG0066979	smart-gap	0.9811	555	537	18	3.243
N5.HOG0066979	gappy90	0.9	555	483	72	12.973
N5.HOG0066980	smart-gap	0.0707	645	630	15	2.326
N5.HOG0066981	smart-gap	0.9808	612	588	24	3.922
N5.HOG0066981	gappy90	0.9	612	579	33	5.392
N5.HOG0066982	smart-gap	0.5093	651	609	42	6.452
N5.HOG0066983	smart-gap	0.5607	522	465	57	10.92
N5.HOG0066984	smart-gap	0.9722	645	588	57	8.837
N5.HOG0066984	gappy90	0.9	645	543	102	15.814
N5.HOG0066986	smart-gap	1.0	957	945	12	1.254
N5.HOG0066986	gappy90	0.9	957	945	12	1.254
N5.HOG0066987	smart-gap	0.9815	489	360	129	26.38
N5.HOG0066987	gappy90	0.9	489	357	132	26.994
N5.HOG0066988	smart-gap	0.9906	933	912	21	2.251
N5.HOG0066988	gappy90	0.9	933	873	60	6.431
N5.HOG0066989	smart-gap	0.019	303	300	3	0.99
N5.HOG0066990	smart-gap	0.9906	837	834	3	0.358
N5.HOG0066990	gappy90	0.9	837	609	228	27.24
N5.HOG0066991	smart-gap	0.9722	573	570	3	0.524
N5.HOG0066991	gappy90	0.9	573	564	9	1.571
N5.HOG0066992	smart-gap	0.9905	702	687	15	2.137
N5.HOG0066992	gappy90	0.9	702	576	126	17.949
N5.HOG0066993	smart-gap	0.9615	1110	1002	108	9.73
N5.HOG0066993	gappy90	0.9	1110	957	153	13.784
N5.HOG0066994	smart-gap	0.9619	1122	1041	81	7.219
N5.HOG0066994	gappy90	0.9	1122	987	135	12.032
N5.HOG0066995	smart-gap	1.0	759	744	15	1.976
N5.HOG0066995	gappy90	0.9	759	606	153	20.158
N5.HOG0066996	smart-gap	0.9907	1632	1419	213	13.051
N5.HOG0066996	gappy90	0.9	1632	1317	315	19.301
N5.HOG0066997	smart-gap	1.0	2640	2142	498	18.864
N5.HOG0066997	gappy90	0.9	2640	1416	1224	46.364
N5.HOG0066998	smart-gap	0.9697	867	846	21	2.422
N5.HOG0066998	gappy90	0.9	867	828	39	4.498
N5.HOG0066999	smart-gap	0.9905	1005	885	120	11.94
N5.HOG0066999	gappy90	0.9	1005	789	216	21.493
N5.HOG0067000	smart-gap	0.3148	936	891	45	4.808
N5.HOG0067001	smart-gap	1.0	918	915	3	0.327
N5.HOG0067001	gappy90	0.9	918	774	144	15.686
N5.HOG0067003	smart-gap	1.0	2157	2142	15	0.695
N5.HOG0067003	gappy90	0.9	2157	1947	210	9.736
N5.HOG0067006	smart-gap	0.9886	1908	1860	48	2.516
N5.HOG0067006	gappy90	0.9	1908	1671	237	12.421
N5.HOG0067029	smart-gap	1.0	993	876	117	11.782
N5.HOG0067029	gappy90	0.9	993	867	126	12.689
N5.HOG0067031	smart-gap	0.3429	465	441	24	5.161
N5.HOG0067032	smart-gap	0.9811	720	705	15	2.083
N5.HOG0067032	gappy90	0.9	720	699	21	2.917
N5.HOG0067033	smart-gap	1.0	2475	2022	453	18.303
N5.HOG0067033	gappy90	0.9	2475	1791	684	27.636
N5.HOG0067035	smart-gap	0.9604	1356	1281	75	5.531
N5.HOG0067035	gappy90	0.9	1356	1176	180	13.274
N5.HOG0067036	smart-gap	0.4095	666	660	6	0.901
N5.HOG0067037	smart-gap	0.963	516	492	24	4.651
N5.HOG0067037	gappy90	0.9	516	480	36	6.977
N5.HOG0067038	smart-gap	1.0	693	648	45	6.494
N5.HOG0067038	gappy90	0.9	693	639	54	7.792
N5.HOG0067039	smart-gap	0.9439	498	459	39	7.831
N5.HOG0067039	gappy90	0.9	498	456	42	8.434
N5.HOG0067048	smart-gap	1.0	1119	987	132	11.796
N5.HOG0067048	gappy90	0.9	1119	753	366	32.708
N5.HOG0067049	smart-gap	0.2804	762	729	33	4.331
N5.HOG0067050	smart-gap	1.0	1422	1353	69	4.852
N5.HOG0067050	gappy90	0.9	1422	1212	210	14.768
N5.HOG0067055	smart-gap	0.9813	756	750	6	0.794
N5.HOG0067055	gappy90	0.9	756	723	33	4.365
N5.HOG0067060	smart-gap	0.9908	2733	1995	738	27.003
N5.HOG0067060	gappy90	0.9	2733	1362	1371	50.165
N5.HOG0067061	smart-gap	0.9815	1485	1404	81	5.455
N5.HOG0067061	gappy90	0.9	1485	1332	153	10.303
N5.HOG0067102	smart-gap	0.9908	900	873	27	3.0
N5.HOG0067102	gappy90	0.9	900	753	147	16.333
N5.HOG0067103	smart-gap	0.9907	534	531	3	0.562
N5.HOG0067103	gappy90	0.9	534	498	36	6.742
N5.HOG0067104	smart-gap	0.9907	1662	1584	78	4.693
N5.HOG0067104	gappy90	0.9	1662	1365	297	17.87
N5.HOG0067105	smart-gap	0.0187	501	465	36	7.186
N5.HOG0067106	smart-gap	0.973	975	921	54	5.538
N5.HOG0067106	gappy90	0.9	975	882	93	9.538
N5.HOG0067110	smart-gap	0.1121	1143	1134	9	0.787
N5.HOG0067111	smart-gap	0.934	1329	1128	201	15.124
N5.HOG0067111	gappy90	0.9	1329	951	378	28.442
N5.HOG0067112	smart-gap	0.9623	477	420	57	11.95
N5.HOG0067112	gappy90	0.9	477	351	126	26.415
N5.HOG0067125	smart-gap	1.0	834	597	237	28.417
N5.HOG0067125	gappy90	0.9	834	498	336	40.288
N5.HOG0067132	smart-gap	0.981	894	819	75	8.389
N5.HOG0067132	gappy90	0.9	894	795	99	11.074
N5.HOG0067133	smart-gap	0.9802	438	414	24	5.479
N5.HOG0067133	gappy90	0.9	438	339	99	22.603
N5.HOG0067134	smart-gap	0.9907	1740	966	774	44.483
N5.HOG0067134	gappy90	0.9	1740	765	975	56.034
N5.HOG0067145	smart-gap	1.0	543	498	45	8.287
N5.HOG0067145	gappy90	0.9	543	483	60	11.05
N5.HOG0067146	smart-gap	1.0	561	537	24	4.278
N5.HOG0067146	gappy90	0.9	561	399	162	28.877
N5.HOG0067147	smart-gap	1.0	732	726	6	0.82
N5.HOG0067147	gappy90	0.9	732	657	75	10.246
N5.HOG0067148	smart-gap	0.1585	1953	1914	39	1.997
N5.HOG0067150	smart-gap	0.1963	1374	1317	57	4.148
N5.HOG0067152	smart-gap	0.06	1320	1221	99	7.5
N5.HOG0067153	smart-gap	0.9135	1056	1020	36	3.409
N5.HOG0067153	gappy90	0.9	1056	1008	48	4.545
N5.HOG0067154	smart-gap	0.783	885	828	57	6.441
N5.HOG0067160	smart-gap	1.0	1200	1179	21	1.75
N5.HOG0067160	gappy90	0.9	1200	1113	87	7.25
N5.HOG0067161	smart-gap	0.0286	762	756	6	0.787
N5.HOG0067162	smart-gap	0.9907	774	714	60	7.752
N5.HOG0067162	gappy90	0.9	774	618	156	20.155
N5.HOG0067165	smart-gap	1.0	1323	1320	3	0.227
N5.HOG0067165	gappy90	0.9	1323	1098	225	17.007
N5.HOG0067168	smart-gap	0.972	906	852	54	5.96
N5.HOG0067168	gappy90	0.9	906	765	141	15.563
N5.HOG0067169	smart-gap	0.9811	543	531	12	2.21
N5.HOG0067169	gappy90	0.9	543	522	21	3.867
N5.HOG0067172	smart-gap	1.0	1653	1584	69	4.174
N5.HOG0067172	gappy90	0.9	1653	1479	174	10.526
N5.HOG0067173	smart-gap	1.0	2142	2052	90	4.202
N5.HOG0067173	gappy90	0.9	2142	1917	225	10.504
N5.HOG0067174	smart-gap	0.9907	624	603	21	3.365
N5.HOG0067174	gappy90	0.9	624	546	78	12.5
N5.HOG0067175	smart-gap	1.0	1554	1542	12	0.772
N5.HOG0067175	gappy90	0.9	1554	1485	69	4.44
N5.HOG0067182	smart-gap	1.0	2112	2085	27	1.278
N5.HOG0067182	gappy90	0.9	2112	2016	96	4.545
N5.HOG0067183	smart-gap	0.0857	882	813	69	7.823
N5.HOG0067184	smart-gap	1.0	828	813	15	1.812
N5.HOG0067184	gappy90	0.9	828	768	60	7.246
N5.HOG0067185	smart-gap	0.9223	1407	1071	336	23.881
N5.HOG0067185	gappy90	0.9	1407	993	414	29.424
N5.HOG0067186	smart-gap	1.0	783	699	84	10.728
N5.HOG0067186	gappy90	0.9	783	648	135	17.241
N5.HOG0067187	smart-gap	1.0	477	474	3	0.629
N5.HOG0067187	gappy90	0.9	477	471	6	1.258
N5.HOG0067188	smart-gap	0.981	1005	960	45	4.478
N5.HOG0067188	gappy90	0.9	1005	840	165	16.418
N5.HOG0067189	smart-gap	0.729	789	717	72	9.125
N5.HOG0067190	smart-gap	0.9906	825	636	189	22.909
N5.HOG0067190	gappy90	0.9	825	489	336	40.727
N5.HOG0067191	smart-gap	1.0	2523	2175	348	13.793
N5.HOG0067191	gappy90	0.9	2523	1707	816	32.342
N5.HOG0067196	smart-gap	0.7143	774	732	42	5.426
N5.HOG0067197	smart-gap	1.0	813	663	150	18.45
N5.HOG0067197	gappy90	0.9	813	618	195	23.985
N5.HOG0067198	smart-gap	0.3868	450	381	69	15.333
N5.HOG0067199	smart-gap	0.9905	1299	1260	39	3.002
N5.HOG0067199	gappy90	0.9	1299	1170	129	9.931
N5.HOG0067203	smart-gap	1.0	1176	1173	3	0.255
N5.HOG0067203	gappy90	0.9	1176	1164	12	1.02
N5.HOG0067204	smart-gap	0.9904	1119	1104	15	1.34
N5.HOG0067204	gappy90	0.9	1119	1026	93	8.311
N5.HOG0067205	smart-gap	1.0	2004	1872	132	6.587
N5.HOG0067205	gappy90	0.9	2004	1626	378	18.862
N5.HOG0067206	smart-gap	0.8868	645	624	21	3.256
N5.HOG0067213	smart-gap	0.9802	771	723	48	6.226
N5.HOG0067213	gappy90	0.9	771	678	93	12.062
N5.HOG0067214	smart-gap	0.9533	651	639	12	1.843
N5.HOG0067214	gappy90	0.9	651	636	15	2.304
N5.HOG0067217	smart-gap	0.9293	1170	1074	96	8.205
N5.HOG0067217	gappy90	0.9	1170	1050	120	10.256
N5.HOG0067218	smart-gap	1.0	603	594	9	1.493
N5.HOG0067218	gappy90	0.9	603	492	111	18.408
N5.HOG0067220	smart-gap	1.0	681	678	3	0.441
N5.HOG0067220	gappy90	0.9	681	651	30	4.405
N5.HOG0067221	smart-gap	1.0	1497	1488	9	0.601
N5.HOG0067221	gappy90	0.9	1497	1407	90	6.012
N5.HOG0067223	smart-gap	0.9245	1170	975	195	16.667
N5.HOG0067223	gappy90	0.9	1170	897	273	23.333
N5.HOG0067224	smart-gap	0.2407	447	441	6	1.342
N5.HOG0067228	smart-gap	0.9907	1332	1233	99	7.432
N5.HOG0067228	gappy90	0.9	1332	1002	330	24.775
N5.HOG0067229	smart-gap	1.0	1134	1065	69	6.085
N5.HOG0067229	gappy90	0.9	1134	1023	111	9.788
N5.HOG0067230	smart-gap	1.0	705	702	3	0.426
N5.HOG0067230	gappy90	0.9	705	573	132	18.723
N5.HOG0067231	smart-gap	1.0	1878	1224	654	34.824
N5.HOG0067231	gappy90	0.9	1878	558	1320	70.288
N5.HOG0067232	smart-gap	1.0	507	504	3	0.592
N5.HOG0067232	gappy90	0.9	507	489	18	3.55
N5.HOG0067233	smart-gap	1.0	1194	1176	18	1.508
N5.HOG0067233	gappy90	0.9	1194	1104	90	7.538
N5.HOG0067234	smart-gap	0.9904	1011	999	12	1.187
N5.HOG0067234	gappy90	0.9	1011	984	27	2.671
N5.HOG0067235	smart-gap	0.9904	942	882	60	6.369
N5.HOG0067235	gappy90	0.9	942	843	99	10.51
N5.HOG0067236	smart-gap	0.9623	1323	1299	24	1.814
N5.HOG0067236	gappy90	0.9	1323	1251	72	5.442
N5.HOG0067239	smart-gap	0.9694	957	873	84	8.777
N5.HOG0067239	gappy90	0.9	957	846	111	11.599
N5.HOG0067244	smart-gap	0.3333	678	648	30	4.425
N5.HOG0067250	smart-gap	0.9773	3921	1986	1935	49.35
N5.HOG0067250	gappy90	0.9	3921	1701	2220	56.618
N5.HOG0067251	smart-gap	0.972	2751	2520	231	8.397
N5.HOG0067251	gappy90	0.9	2751	2454	297	10.796
N5.HOG0067255	smart-gap	1.0	1374	1323	51	3.712
N5.HOG0067255	gappy90	0.9	1374	1215	159	11.572
N5.HOG0067260	smart-gap	0.9906	837	801	36	4.301
N5.HOG0067260	gappy90	0.9	837	693	144	17.204
N5.HOG0067261	smart-gap	0.1852	483	444	39	8.075
N5.HOG0067262	smart-gap	0.9907	1254	1149	105	8.373
N5.HOG0067262	gappy90	0.9	1254	993	261	20.813
N5.HOG0067263	smart-gap	0.9907	1311	1257	54	4.119
N5.HOG0067263	gappy90	0.9	1311	1065	246	18.764
N5.HOG0067264	smart-gap	0.9907	1173	1107	66	5.627
N5.HOG0067264	gappy90	0.9	1173	1050	123	10.486
N5.HOG0067265	smart-gap	0.8396	630	612	18	2.857
N5.HOG0067267	smart-gap	0.9907	762	687	75	9.843
N5.HOG0067267	gappy90	0.9	762	663	99	12.992
N5.HOG0067268	smart-gap	0.9722	1905	1449	456	23.937
N5.HOG0067268	gappy90	0.9	1905	1113	792	41.575
N5.HOG0067269	smart-gap	0.9907	3672	2688	984	26.797
N5.HOG0067269	gappy90	0.9	3672	1677	1995	54.33
N5.HOG0067270	smart-gap	0.9808	357	348	9	2.521
N5.HOG0067270	gappy90	0.9	357	336	21	5.882
N5.HOG0067283	smart-gap	1.0	852	837	15	1.761
N5.HOG0067283	gappy90	0.9	852	798	54	6.338
N5.HOG0067285	smart-gap	0.9907	1356	1185	171	12.611
N5.HOG0067285	gappy90	0.9	1356	507	849	62.611
N5.HOG0067286	smart-gap	0.981	639	636	3	0.469
N5.HOG0067286	gappy90	0.9	639	636	3	0.469
N5.HOG0067288	smart-gap	0.05	1167	1098	69	5.913
N5.HOG0067290	smart-gap	0.9524	1590	1491	99	6.226
N5.HOG0067290	gappy90	0.9	1590	1422	168	10.566
N5.HOG0067291	smart-gap	0.9906	1158	1143	15	1.295
N5.HOG0067291	gappy90	0.9	1158	1110	48	4.145
N5.HOG0067292	smart-gap	0.8621	1065	1059	6	0.563
N5.HOG0067295	smart-gap	0.9907	2931	2223	708	24.156
N5.HOG0067295	gappy90	0.9	2931	1860	1071	36.54
N5.HOG0067302	smart-gap	0.9907	1083	906	177	16.343
N5.HOG0067302	gappy90	0.9	1083	846	237	21.884
N5.HOG0067306	smart-gap	0.0762	540	537	3	0.556
N5.HOG0067308	smart-gap	1.0	1227	1218	9	0.733
N5.HOG0067308	gappy90	0.9	1227	1212	15	1.222
N5.HOG0067319	smart-gap	0.9811	1233	1182	51	4.136
N5.HOG0067319	gappy90	0.9	1233	1155	78	6.326
N5.HOG0067320	smart-gap	0.9789	1548	1494	54	3.488
N5.HOG0067320	gappy90	0.9	1548	1356	192	12.403
N5.HOG0067322	smart-gap	0.9902	1830	1782	48	2.623
N5.HOG0067322	gappy90	0.9	1830	1764	66	3.607
N5.HOG0067323	smart-gap	0.9903	912	888	24	2.632
N5.HOG0067323	gappy90	0.9	912	855	57	6.25
N5.HOG0067335	smart-gap	1.0	1581	1509	72	4.554
N5.HOG0067335	gappy90	0.9	1581	1422	159	10.057
N5.HOG0067336	smart-gap	0.981	1011	954	57	5.638
N5.HOG0067336	gappy90	0.9	1011	933	78	7.715
N5.HOG0067337	smart-gap	0.1748	1716	1608	108	6.294
N5.HOG0067338	smart-gap	1.0	2130	2040	90	4.225
N5.HOG0067338	gappy90	0.9	2130	1821	309	14.507
N5.HOG0067339	smart-gap	0.4095	2304	2166	138	5.99
N5.HOG0067343	smart-gap	0.9709	378	375	3	0.794
N5.HOG0067343	gappy90	0.9	378	375	3	0.794
N5.HOG0067344	smart-gap	0.9806	570	552	18	3.158
N5.HOG0067344	gappy90	0.9	570	549	21	3.684
N5.HOG0067348	smart-gap	0.967	2883	2571	312	10.822
N5.HOG0067348	gappy90	0.9	2883	2295	588	20.395
N5.HOG0067349	smart-gap	1.0	3765	2748	1017	27.012
N5.HOG0067349	gappy90	0.9	3765	1590	2175	57.769
N5.HOG0067350	smart-gap	1.0	378	366	12	3.175
N5.HOG0067350	gappy90	0.9	378	339	39	10.317
N5.HOG0067355	smart-gap	1.0	519	444	75	14.451
N5.HOG0067355	gappy90	0.9	519	363	156	30.058
N5.HOG0067356	smart-gap	0.9904	843	813	30	3.559
N5.HOG0067356	gappy90	0.9	843	807	36	4.27
N5.HOG0067357	smart-gap	0.9904	561	558	3	0.535
N5.HOG0067357	gappy90	0.9	561	555	6	1.07
N5.HOG0067358	smart-gap	0.9717	567	516	51	8.995
N5.HOG0067358	gappy90	0.9	567	498	69	12.169
N5.HOG0067359	smart-gap	0.8476	1473	1329	144	9.776
N5.HOG0067365	smart-gap	0.981	474	351	123	25.949
N5.HOG0067365	gappy90	0.9	474	351	123	25.949
N5.HOG0067366	smart-gap	1.0	303	300	3	0.99
N5.HOG0067366	gappy90	0.9	303	300	3	0.99
N5.HOG0067367	smart-gap	0.9714	447	411	36	8.054
N5.HOG0067367	gappy90	0.9	447	348	99	22.148
N5.HOG0067376	smart-gap	0.9905	675	669	6	0.889
N5.HOG0067376	gappy90	0.9	675	567	108	16.0
N5.HOG0067377	smart-gap	0.9905	390	375	15	3.846
N5.HOG0067377	gappy90	0.9	390	327	63	16.154
N5.HOG0067382	smart-gap	1	330	330	0	0.0
N5.HOG0067382	gappy90	0.9	330	330	0	0.0
N5.HOG0067383	smart-gap	0.1048	1635	1602	33	2.018
N5.HOG0067384	smart-gap	1.0	1683	1677	6	0.357
N5.HOG0067384	gappy90	0.9	1683	1644	39	2.317
N5.HOG0067385	smart-gap	0.9905	1818	1470	348	19.142
N5.HOG0067385	gappy90	0.9	1818	1332	486	26.733
N5.HOG0067400	smart-gap	0.9894	912	888	24	2.632
N5.HOG0067400	gappy90	0.9	912	780	132	14.474
N5.HOG0067401	smart-gap	1.0	678	636	42	6.195
N5.HOG0067401	gappy90	0.9	678	579	99	14.602
N5.HOG0067402	smart-gap	1.0	855	768	87	10.175
N5.HOG0067402	gappy90	0.9	855	741	114	13.333
N5.HOG0067403	smart-gap	0.8692	582	498	84	14.433
N5.HOG0067404	smart-gap	0.9238	960	765	195	20.312
N5.HOG0067404	gappy90	0.9	960	696	264	27.5
N5.HOG0067406	smart-gap	0.9904	873	789	84	9.622
N5.HOG0067406	gappy90	0.9	873	702	171	19.588
N5.HOG0067408	smart-gap	0.0854	975	963	12	1.231
N5.HOG0067410	smart-gap	0.098	507	471	36	7.101
N5.HOG0067411	smart-gap	1.0	1482	1200	282	19.028
N5.HOG0067411	gappy90	0.9	1482	717	765	51.619
N5.HOG0067412	smart-gap	0.9906	540	510	30	5.556
N5.HOG0067412	gappy90	0.9	540	444	96	17.778
N5.HOG0067415	smart-gap	0.989	447	441	6	1.342
N5.HOG0067415	gappy90	0.9	447	426	21	4.698
N5.HOG0067416	smart-gap	0.99	1032	921	111	10.756
N5.HOG0067416	gappy90	0.9	1032	891	141	13.663
N5.HOG0067417	smart-gap	0.9802	612	576	36	5.882
N5.HOG0067417	gappy90	0.9	612	429	183	29.902
N5.HOG0067418	smart-gap	1.0	744	741	3	0.403
N5.HOG0067418	gappy90	0.9	744	456	288	38.71
N5.HOG0067419	smart-gap	0.0667	621	612	9	1.449
N5.HOG0067420	smart-gap	0.0566	1287	1203	84	6.527
N5.HOG0067421	smart-gap	0.981	963	918	45	4.673
N5.HOG0067421	gappy90	0.9	963	900	63	6.542
N5.HOG0067423	smart-gap	0.9897	1314	1305	9	0.685
N5.HOG0067423	gappy90	0.9	1314	1161	153	11.644
N5.HOG0067424	smart-gap	1.0	942	936	6	0.637
N5.HOG0067424	gappy90	0.9	942	774	168	17.834
N5.HOG0067425	smart-gap	0.9906	543	525	18	3.315
N5.HOG0067425	gappy90	0.9	543	510	33	6.077
N5.HOG0067426	smart-gap	0.9808	1065	1056	9	0.845
N5.HOG0067426	gappy90	0.9	1065	996	69	6.479
N5.HOG0067427	smart-gap	0.0388	858	852	6	0.699
N5.HOG0067429	smart-gap	0.9327	894	771	123	13.758
N5.HOG0067429	gappy90	0.9	894	711	183	20.47
N5.HOG0067432	smart-gap	1.0	1509	1503	6	0.398
N5.HOG0067432	gappy90	0.9	1509	1452	57	3.777
N5.HOG0067434	smart-gap	1.0	483	474	9	1.863
N5.HOG0067434	gappy90	0.9	483	453	30	6.211
N5.HOG0067438	smart-gap	1.0	342	333	9	2.632
N5.HOG0067438	gappy90	0.9	342	327	15	4.386
N5.HOG0067440	smart-gap	0.9798	645	618	27	4.186
N5.HOG0067440	gappy90	0.9	645	588	57	8.837
N5.HOG0067443	smart-gap	1.0	732	729	3	0.41
N5.HOG0067443	gappy90	0.9	732	720	12	1.639
N5.HOG0067444	smart-gap	0.9901	930	870	60	6.452
N5.HOG0067444	gappy90	0.9	930	780	150	16.129
N5.HOG0067445	smart-gap	0.2178	345	324	21	6.087
N5.HOG0067446	smart-gap	1.0	459	441	18	3.922
N5.HOG0067446	gappy90	0.9	459	441	18	3.922
N5.HOG0067451	smart-gap	0.9725	609	471	138	22.66
N5.HOG0067451	gappy90	0.9	609	366	243	39.901
N5.HOG0067453	smart-gap	0.8913	600	597	3	0.5
N5.HOG0067456	smart-gap	0.3956	1629	1623	6	0.368
N5.HOG0067459	smart-gap	0.9906	699	651	48	6.867
N5.HOG0067459	gappy90	0.9	699	549	150	21.459
N5.HOG0067460	smart-gap	0.9907	936	933	3	0.321
N5.HOG0067460	gappy90	0.9	936	858	78	8.333
N5.HOG0067461	smart-gap	1.0	1143	1134	9	0.787
N5.HOG0067461	gappy90	0.9	1143	735	408	35.696
N5.HOG0067462	smart-gap	0.0288	513	504	9	1.754
N5.HOG0067463	smart-gap	1.0	3570	3183	387	10.84
N5.HOG0067463	gappy90	0.9	3570	2247	1323	37.059
N5.HOG0067464	smart-gap	0.8155	738	726	12	1.626
N5.HOG0067465	smart-gap	1.0	591	513	78	13.198
N5.HOG0067465	gappy90	0.9	591	480	111	18.782
N5.HOG0067466	smart-gap	0.0561	609	558	51	8.374
N5.HOG0067467	smart-gap	1.0	1197	1158	39	3.258
N5.HOG0067467	gappy90	0.9	1197	1095	102	8.521
N5.HOG0067468	smart-gap	0.9808	477	456	21	4.403
N5.HOG0067468	gappy90	0.9	477	336	141	29.56
N5.HOG0067469	smart-gap	1.0	1548	1353	195	12.597
N5.HOG0067469	gappy90	0.9	1548	1014	534	34.496
N5.HOG0067472	smart-gap	1.0	5016	3489	1527	30.443
N5.HOG0067472	gappy90	0.9	5016	765	4251	84.749
N5.HOG0067475	smart-gap	0.9714	597	582	15	2.513
N5.HOG0067475	gappy90	0.9	597	579	18	3.015
N5.HOG0067476	smart-gap	0.1923	912	906	6	0.658
N5.HOG0067477	smart-gap	0.2453	837	648	189	22.581
N5.HOG0067479	smart-gap	0.1698	1161	1131	30	2.584
N5.HOG0067480	smart-gap	0.9903	801	732	69	8.614
N5.HOG0067480	gappy90	0.9	801	489	312	38.951
N5.HOG0067481	smart-gap	1.0	1368	1224	144	10.526
N5.HOG0067481	gappy90	0.9	1368	954	414	30.263
N5.HOG0067482	smart-gap	0.9717	456	450	6	1.316
N5.HOG0067482	gappy90	0.9	456	354	102	22.368
N5.HOG0067483	smart-gap	0.9245	1281	1242	39	3.044
N5.HOG0067483	gappy90	0.9	1281	1236	45	3.513
N5.HOG0067515	smart-gap	0.7157	1218	852	366	30.049
N5.HOG0067529	smart-gap	1.0	690	678	12	1.739
N5.HOG0067529	gappy90	0.9	690	540	150	21.739
N5.HOG0067533	smart-gap	0.1481	1038	858	180	17.341
N5.HOG0067534	smart-gap	0.9714	717	690	27	3.766
N5.HOG0067534	gappy90	0.9	717	669	48	6.695
N5.HOG0067535	smart-gap	0.9626	915	786	129	14.098
N5.HOG0067535	gappy90	0.9	915	756	159	17.377
N5.HOG0067536	smart-gap	0.9619	735	594	141	19.184
N5.HOG0067536	gappy90	0.9	735	561	174	23.673
N5.HOG0067537	smart-gap	0.9524	1080	903	177	16.389
N5.HOG0067537	gappy90	0.9	1080	846	234	21.667
N5.HOG0067542	smart-gap	0.5673	1644	1635	9	0.547
N5.HOG0067543	smart-gap	1.0	714	636	78	10.924
N5.HOG0067543	gappy90	0.9	714	534	180	25.21
N5.HOG0067544	smart-gap	0.9903	708	651	57	8.051
N5.HOG0067544	gappy90	0.9	708	597	111	15.678
N5.HOG0067552	smart-gap	1.0	525	513	12	2.286
N5.HOG0067552	gappy90	0.9	525	474	51	9.714
N5.HOG0067555	smart-gap	0.981	522	492	30	5.747
N5.HOG0067555	gappy90	0.9	522	477	45	8.621
N5.HOG0067556	smart-gap	0.419	1482	1269	213	14.372
N5.HOG0067557	smart-gap	0.9904	855	840	15	1.754
N5.HOG0067557	gappy90	0.9	855	816	39	4.561
N5.HOG0067560	smart-gap	1.0	2538	2445	93	3.664
N5.HOG0067560	gappy90	0.9	2538	2406	132	5.201
N5.HOG0067567	smart-gap	1.0	1092	1047	45	4.121
N5.HOG0067567	gappy90	0.9	1092	1047	45	4.121
N5.HOG0067568	smart-gap	0.9905	1101	1044	57	5.177
N5.HOG0067568	gappy90	0.9	1101	1029	72	6.54
N5.HOG0067569	smart-gap	1.0	693	669	24	3.463
N5.HOG0067569	gappy90	0.9	693	408	285	41.126
N5.HOG0067570	smart-gap	0.0297	441	438	3	0.68
N5.HOG0067571	smart-gap	0.3366	480	474	6	1.25
N5.HOG0067579	smart-gap	0.3137	573	423	150	26.178
N5.HOG0067588	smart-gap	0.9714	396	351	45	11.364
N5.HOG0067588	gappy90	0.9	396	321	75	18.939
N5.HOG0067589	smart-gap	0.9905	651	636	15	2.304
N5.HOG0067589	gappy90	0.9	651	570	81	12.442
N5.HOG0067590	smart-gap	0.9808	759	750	9	1.186
N5.HOG0067590	gappy90	0.9	759	747	12	1.581
N5.HOG0067601	smart-gap	1.0	537	534	3	0.559
N5.HOG0067601	gappy90	0.9	537	528	9	1.676
N5.HOG0067602	smart-gap	0.1154	450	444	6	1.333
N5.HOG0067603	smart-gap	0.3365	858	774	84	9.79
N5.HOG0067604	smart-gap	0.9126	624	543	81	12.981
N5.HOG0067604	gappy90	0.9	624	543	81	12.981
N5.HOG0067605	smart-gap	0.9907	750	732	18	2.4
N5.HOG0067605	gappy90	0.9	750	732	18	2.4
N5.HOG0067606	smart-gap	0.4381	1140	1068	72	6.316
N5.HOG0067612	smart-gap	0.4476	516	381	135	26.163
N5.HOG0067613	smart-gap	0.9714	489	471	18	3.681
N5.HOG0067613	gappy90	0.9	489	459	30	6.135
N5.HOG0067619	smart-gap	0.0192	321	309	12	3.738
N5.HOG0067628	smart-gap	0.981	375	366	9	2.4
N5.HOG0067628	gappy90	0.9	375	336	39	10.4
N5.HOG0067629	smart-gap	0.1538	615	612	3	0.488
N5.HOG0067630	smart-gap	1.0	1377	1368	9	0.654
N5.HOG0067630	gappy90	0.9	1377	1350	27	1.961
N5.HOG0067631	smart-gap	0.495	309	300	9	2.913
N5.HOG0067632	smart-gap	0.981	1116	1029	87	7.796
N5.HOG0067632	gappy90	0.9	1116	906	210	18.817
N5.HOG0067633	smart-gap	0.9468	603	519	84	13.93
N5.HOG0067633	gappy90	0.9	603	507	96	15.92
N5.HOG0067635	smart-gap	0.9905	1035	981	54	5.217
N5.HOG0067635	gappy90	0.9	1035	783	252	24.348
N5.HOG0067636	smart-gap	0.981	627	585	42	6.699
N5.HOG0067636	gappy90	0.9	627	549	78	12.44
N5.HOG0067637	smart-gap	0.9905	555	462	93	16.757
N5.HOG0067637	gappy90	0.9	555	459	96	17.297
N5.HOG0067638	smart-gap	0.9906	888	708	180	20.27
N5.HOG0067638	gappy90	0.9	888	585	303	34.122
N5.HOG0067639	smart-gap	1.0	987	897	90	9.119
N5.HOG0067639	gappy90	0.9	987	786	201	20.365
N5.HOG0067640	smart-gap	0.9333	447	444	3	0.671
N5.HOG0067640	gappy90	0.9	447	444	3	0.671
N5.HOG0067641	smart-gap	0.0485	678	624	54	7.965
N5.HOG0067643	smart-gap	0.9804	573	567	6	1.047
N5.HOG0067643	gappy90	0.9	573	459	114	19.895
N5.HOG0067644	smart-gap	0.9806	603	585	18	2.985
N5.HOG0067644	gappy90	0.9	603	561	42	6.965
N5.HOG0067645	smart-gap	0.9815	558	552	6	1.075
N5.HOG0067645	gappy90	0.9	558	528	30	5.376
N5.HOG0067646	smart-gap	0.0385	453	432	21	4.636
N5.HOG0067647	smart-gap	0.9327	501	390	111	22.156
N5.HOG0067647	gappy90	0.9	501	351	150	29.94
N5.HOG0067648	smart-gap	1	816	816	0	0.0
N5.HOG0067648	gappy90	0.9	816	816	0	0.0
N5.HOG0067650	smart-gap	1.0	1950	1290	660	33.846
N5.HOG0067650	gappy90	0.9	1950	633	1317	67.538
N5.HOG0067651	smart-gap	0.9905	1275	1254	21	1.647
N5.HOG0067651	gappy90	0.9	1275	1086	189	14.824
N5.HOG0067653	smart-gap	1.0	1044	1008	36	3.448
N5.HOG0067653	gappy90	0.9	1044	942	102	9.77
N5.HOG0067654	smart-gap	0.0583	1389	1365	24	1.728
N5.HOG0067655	smart-gap	0.9904	597	585	12	2.01
N5.HOG0067655	gappy90	0.9	597	573	24	4.02
N5.HOG0067656	smart-gap	0.981	420	414	6	1.429
N5.HOG0067656	gappy90	0.9	420	408	12	2.857
N5.HOG0067657	smart-gap	0.9901	1227	1113	114	9.291
N5.HOG0067657	gappy90	0.9	1227	984	243	19.804
N5.HOG0067658	smart-gap	1.0	726	693	33	4.545
N5.HOG0067658	gappy90	0.9	726	465	261	35.95
N5.HOG0067659	smart-gap	0.1538	1266	1116	150	11.848
N5.HOG0067660	smart-gap	0.8857	1179	1125	54	4.58
N5.HOG0067662	smart-gap	0.97	918	900	18	1.961
N5.HOG0067662	gappy90	0.9	918	864	54	5.882
N5.HOG0067663	smart-gap	0.9808	1077	1044	33	3.064
N5.HOG0067663	gappy90	0.9	1077	999	78	7.242
N5.HOG0067675	smart-gap	1.0	483	414	69	14.286
N5.HOG0067675	gappy90	0.9	483	336	147	30.435
N5.HOG0067677	smart-gap	1	585	585	0	0.0
N5.HOG0067677	gappy90	0.9	585	585	0	0.0
N5.HOG0067678	smart-gap	1.0	705	639	66	9.362
N5.HOG0067678	gappy90	0.9	705	393	312	44.255
N5.HOG0067679	smart-gap	1.0	789	768	21	2.662
N5.HOG0067679	gappy90	0.9	789	726	63	7.985
N5.HOG0067680	smart-gap	0.9714	1296	1269	27	2.083
N5.HOG0067680	gappy90	0.9	1296	1260	36	2.778
N5.HOG0067681	smart-gap	0.8077	555	540	15	2.703
N5.HOG0067682	smart-gap	0.3654	1263	1188	75	5.938
N5.HOG0067683	smart-gap	0.9712	927	615	312	33.657
N5.HOG0067683	gappy90	0.9	927	405	522	56.311
N5.HOG0067684	smart-gap	0.981	411	405	6	1.46
N5.HOG0067684	gappy90	0.9	411	405	6	1.46
N5.HOG0067685	smart-gap	1.0	411	396	15	3.65
N5.HOG0067685	gappy90	0.9	411	372	39	9.489
N5.HOG0067686	smart-gap	0.1333	840	786	54	6.429
N5.HOG0067687	smart-gap	0.9813	621	585	36	5.797
N5.HOG0067687	gappy90	0.9	621	570	51	8.213
N5.HOG0067688	smart-gap	0.9515	639	633	6	0.939
N5.HOG0067688	gappy90	0.9	639	633	6	0.939
N5.HOG0067689	smart-gap	1.0	2136	1851	285	13.343
N5.HOG0067689	gappy90	0.9	2136	1266	870	40.73
N5.HOG0067690	smart-gap	1.0	1779	1722	57	3.204
N5.HOG0067690	gappy90	0.9	1779	1455	324	18.212
N5.HOG0067691	smart-gap	1.0	543	537	6	1.105
N5.HOG0067691	gappy90	0.9	543	519	24	4.42
N5.HOG0067692	smart-gap	0.98	690	687	3	0.435
N5.HOG0067692	gappy90	0.9	690	678	12	1.739
N5.HOG0067700	smart-gap	1.0	687	681	6	0.873
N5.HOG0067700	gappy90	0.9	687	519	168	24.454
N5.HOG0067702	smart-gap	0.9714	942	861	81	8.599
N5.HOG0067702	gappy90	0.9	942	795	147	15.605
N5.HOG0067711	smart-gap	0.9896	1473	1341	132	8.961
N5.HOG0067711	gappy90	0.9	1473	1101	372	25.255
N5.HOG0067719	smart-gap	0.9804	423	405	18	4.255
N5.HOG0067719	gappy90	0.9	423	405	18	4.255
N5.HOG0067720	smart-gap	0.9904	1878	1500	378	20.128
N5.HOG0067720	gappy90	0.9	1878	1392	486	25.879
N5.HOG0067730	smart-gap	0.9903	768	744	24	3.125
N5.HOG0067730	gappy90	0.9	768	666	102	13.281
N5.HOG0067731	smart-gap	0.9902	1494	1476	18	1.205
N5.HOG0067731	gappy90	0.9	1494	1401	93	6.225
N5.HOG0067732	smart-gap	1.0	1629	1449	180	11.05
N5.HOG0067732	gappy90	0.9	1629	1356	273	16.759
N5.HOG0067734	smart-gap	1.0	1311	1305	6	0.458
N5.HOG0067734	gappy90	0.9	1311	1305	6	0.458
N5.HOG0067744	smart-gap	0.1238	588	471	117	19.898
N5.HOG0067745	smart-gap	1.0	1377	1215	162	11.765
N5.HOG0067745	gappy90	0.9	1377	1005	372	27.015
N5.HOG0067746	smart-gap	0.2376	621	594	27	4.348
N5.HOG0067747	smart-gap	0.9712	651	567	84	12.903
N5.HOG0067747	gappy90	0.9	651	522	129	19.816
N5.HOG0067748	smart-gap	0.9524	381	336	45	11.811
N5.HOG0067748	gappy90	0.9	381	327	54	14.173
N5.HOG0067752	smart-gap	0.9905	690	675	15	2.174
N5.HOG0067752	gappy90	0.9	690	567	123	17.826
N5.HOG0067754	smart-gap	0.0577	588	552	36	6.122
N5.HOG0067758	smart-gap	0.9904	828	810	18	2.174
N5.HOG0067758	gappy90	0.9	828	690	138	16.667
N5.HOG0067765	smart-gap	0.9903	858	813	45	5.245
N5.HOG0067765	gappy90	0.9	858	759	99	11.538
N5.HOG0067767	smart-gap	0.85	399	345	54	13.534
N5.HOG0067768	smart-gap	0.6442	462	432	30	6.494
N5.HOG0067769	smart-gap	0.9423	582	540	42	7.216
N5.HOG0067769	gappy90	0.9	582	531	51	8.763
N5.HOG0067770	smart-gap	0.1058	1542	1326	216	14.008
N5.HOG0067771	smart-gap	0.9794	981	972	9	0.917
N5.HOG0067771	gappy90	0.9	981	969	12	1.223
N5.HOG0067772	smart-gap	0.9903	1239	1161	78	6.295
N5.HOG0067772	gappy90	0.9	1239	1134	105	8.475
N5.HOG0067777	smart-gap	1	501	501	0	0.0
N5.HOG0067777	gappy90	0.9	501	501	0	0.0
N5.HOG0067790	smart-gap	0.9775	1809	1770	39	2.156
N5.HOG0067790	gappy90	0.9	1809	1740	69	3.814
N5.HOG0067793	smart-gap	0.9901	1551	1536	15	0.967
N5.HOG0067793	gappy90	0.9	1551	1530	21	1.354
N5.HOG0067795	smart-gap	0.9109	1533	1089	444	28.963
N5.HOG0067795	gappy90	0.9	1533	981	552	36.008
N5.HOG0067798	smart-gap	1.0	420	414	6	1.429
N5.HOG0067798	gappy90	0.9	420	387	33	7.857
N5.HOG0067809	smart-gap	0.981	483	417	66	13.665
N5.HOG0067809	gappy90	0.9	483	357	126	26.087
N5.HOG0067810	smart-gap	1.0	1191	1155	36	3.023
N5.HOG0067810	gappy90	0.9	1191	1050	141	11.839
N5.HOG0067811	smart-gap	0.7451	1107	1089	18	1.626
N5.HOG0067813	smart-gap	0.1538	522	456	66	12.644
N5.HOG0067814	smart-gap	0.9804	813	810	3	0.369
N5.HOG0067814	gappy90	0.9	813	798	15	1.845
N5.HOG0067815	smart-gap	1.0	741	699	42	5.668
N5.HOG0067815	gappy90	0.9	741	600	141	19.028
N5.HOG0067817	smart-gap	0.6869	1221	1197	24	1.966
N5.HOG0067818	smart-gap	1.0	702	657	45	6.41
N5.HOG0067818	gappy90	0.9	702	633	69	9.829
N5.HOG0067822	smart-gap	0.9811	2313	1854	459	19.844
N5.HOG0067822	gappy90	0.9	2313	1722	591	25.551
N5.HOG0067824	smart-gap	0.9167	1056	1011	45	4.261
N5.HOG0067824	gappy90	0.9	1056	1011	45	4.261
N5.HOG0067825	smart-gap	0.9905	777	678	99	12.741
N5.HOG0067825	gappy90	0.9	777	510	267	34.363
N5.HOG0067826	smart-gap	1.0	576	567	9	1.562
N5.HOG0067826	gappy90	0.9	576	531	45	7.812
N5.HOG0067827	smart-gap	0.1346	723	705	18	2.49
N5.HOG0067828	smart-gap	1.0	318	312	6	1.887
N5.HOG0067828	gappy90	0.9	318	306	12	3.774
N5.HOG0067830	smart-gap	0.3077	918	912	6	0.654
N5.HOG0067831	smart-gap	0.9889	1434	1278	156	10.879
N5.HOG0067831	gappy90	0.9	1434	1158	276	19.247
N5.HOG0067834	smart-gap	1.0	408	402	6	1.471
N5.HOG0067834	gappy90	0.9	408	369	39	9.559
N5.HOG0067835	smart-gap	0.9806	1587	1542	45	2.836
N5.HOG0067835	gappy90	0.9	1587	1512	75	4.726
N5.HOG0067836	smart-gap	0.9902	711	684	27	3.797
N5.HOG0067836	gappy90	0.9	711	549	162	22.785
N5.HOG0067848	smart-gap	0.9905	1257	1227	30	2.387
N5.HOG0067848	gappy90	0.9	1257	1155	102	8.115
N5.HOG0067849	smart-gap	1.0	756	750	6	0.794
N5.HOG0067849	gappy90	0.9	756	741	15	1.984
N5.HOG0067850	smart-gap	0.951	1464	1320	144	9.836
N5.HOG0067850	gappy90	0.9	1464	1263	201	13.73
N5.HOG0067851	smart-gap	0.9806	1017	993	24	2.36
N5.HOG0067851	gappy90	0.9	1017	957	60	5.9
N5.HOG0067852	smart-gap	1.0	1071	1065	6	0.56
N5.HOG0067852	gappy90	0.9	1071	1020	51	4.762
N5.HOG0067853	smart-gap	0.9808	483	480	3	0.621
N5.HOG0067853	gappy90	0.9	483	468	15	3.106
N5.HOG0067863	smart-gap	0.2717	1431	1332	99	6.918
N5.HOG0067867	smart-gap	1.0	882	873	9	1.02
N5.HOG0067867	gappy90	0.9	882	864	18	2.041
N5.HOG0067868	smart-gap	0.9709	660	462	198	30.0
N5.HOG0067868	gappy90	0.9	660	387	273	41.364
N5.HOG0067869	smart-gap	0.3173	933	879	54	5.788
N5.HOG0067870	smart-gap	0.0481	765	750	15	1.961
N5.HOG0067871	smart-gap	0.9806	459	372	87	18.954
N5.HOG0067871	gappy90	0.9	459	369	90	19.608
N5.HOG0067872	smart-gap	0.9808	1947	927	1020	52.388
N5.HOG0067872	gappy90	0.9	1947	852	1095	56.24
N5.HOG0067879	smart-gap	1.0	1104	1053	51	4.62
N5.HOG0067879	gappy90	0.9	1104	933	171	15.489
N5.HOG0067886	smart-gap	0.9903	936	915	21	2.244
N5.HOG0067886	gappy90	0.9	936	753	183	19.551
N5.HOG0067887	smart-gap	1.0	735	687	48	6.531
N5.HOG0067887	gappy90	0.9	735	522	213	28.98
N5.HOG0067895	smart-gap	0.9709	711	648	63	8.861
N5.HOG0067895	gappy90	0.9	711	618	93	13.08
N5.HOG0067900	smart-gap	1.0	1356	1314	42	3.097
N5.HOG0067900	gappy90	0.9	1356	1224	132	9.735
N5.HOG0067901	smart-gap	0.9806	756	753	3	0.397
N5.HOG0067901	gappy90	0.9	756	702	54	7.143
N5.HOG0067907	smart-gap	1.0	699	459	240	34.335
N5.HOG0067907	gappy90	0.9	699	375	324	46.352
N5.HOG0067915	smart-gap	1.0	759	744	15	1.976
N5.HOG0067915	gappy90	0.9	759	651	108	14.229
N5.HOG0067919	smart-gap	0.951	1029	1008	21	2.041
N5.HOG0067919	gappy90	0.9	1029	975	54	5.248
N5.HOG0067920	smart-gap	0.9806	507	504	3	0.592
N5.HOG0067920	gappy90	0.9	507	504	3	0.592
N5.HOG0067921	smart-gap	0.98	486	435	51	10.494
N5.HOG0067921	gappy90	0.9	486	393	93	19.136
N5.HOG0067923	smart-gap	1	390	390	0	0.0
N5.HOG0067923	gappy90	0.9	390	387	3	0.769
N5.HOG0067924	smart-gap	1.0	1257	1122	135	10.74
N5.HOG0067924	gappy90	0.9	1257	669	588	46.778
N5.HOG0067925	smart-gap	0.9109	906	900	6	0.662
N5.HOG0067925	gappy90	0.9	906	900	6	0.662
N5.HOG0067927	smart-gap	0.989	1344	1185	159	11.83
N5.HOG0067927	gappy90	0.9	1344	951	393	29.241
N5.HOG0067929	smart-gap	0.9903	543	519	24	4.42
N5.HOG0067929	gappy90	0.9	543	465	78	14.365
N5.HOG0067930	smart-gap	1.0	363	357	6	1.653
N5.HOG0067930	gappy90	0.9	363	348	15	4.132
N5.HOG0067931	smart-gap	0.5049	1203	1173	30	2.494
N5.HOG0067932	smart-gap	0.932	771	738	33	4.28
N5.HOG0067932	gappy90	0.9	771	738	33	4.28
N5.HOG0067933	smart-gap	0.9907	900	870	30	3.333
N5.HOG0067933	gappy90	0.9	900	744	156	17.333
N5.HOG0067944	smart-gap	0.9903	750	744	6	0.8
N5.HOG0067944	gappy90	0.9	750	714	36	4.8
N5.HOG0067954	smart-gap	0.9903	870	747	123	14.138
N5.HOG0067954	gappy90	0.9	870	588	282	32.414
N5.HOG0067955	smart-gap	1.0	492	486	6	1.22
N5.HOG0067955	gappy90	0.9	492	459	33	6.707
N5.HOG0067967	smart-gap	0.9902	582	546	36	6.186
N5.HOG0067967	gappy90	0.9	582	474	108	18.557
N5.HOG0067968	smart-gap	0.1359	558	525	33	5.914
N5.HOG0067969	smart-gap	0.9903	861	852	9	1.045
N5.HOG0067969	gappy90	0.9	861	846	15	1.742
N5.HOG0067970	smart-gap	0.9903	1113	1083	30	2.695
N5.HOG0067970	gappy90	0.9	1113	927	186	16.712
N5.HOG0067971	smart-gap	1.0	1293	1248	45	3.48
N5.HOG0067971	gappy90	0.9	1293	702	591	45.708
N5.HOG0067972	smart-gap	0.9904	834	693	141	16.906
N5.HOG0067972	gappy90	0.9	834	546	288	34.532
N5.HOG0067977	smart-gap	1.0	1461	1329	132	9.035
N5.HOG0067977	gappy90	0.9	1461	1185	276	18.891
N5.HOG0067978	smart-gap	0.9902	2373	2331	42	1.77
N5.HOG0067978	gappy90	0.9	2373	2253	120	5.057
N5.HOG0067979	smart-gap	0.09	621	585	36	5.797
N5.HOG0067987	smart-gap	0.901	603	546	57	9.453
N5.HOG0067987	gappy90	0.9	603	546	57	9.453
N5.HOG0067988	smart-gap	0.78	417	354	63	15.108
N5.HOG0067989	smart-gap	1.0	462	456	6	1.299
N5.HOG0067989	gappy90	0.9	462	432	30	6.494
N5.HOG0067994	smart-gap	0.9783	969	894	75	7.74
N5.HOG0067994	gappy90	0.9	969	882	87	8.978
N5.HOG0067996	smart-gap	0.8738	618	609	9	1.456
N5.HOG0068004	smart-gap	0.9905	975	963	12	1.231
N5.HOG0068004	gappy90	0.9	975	939	36	3.692
N5.HOG0068005	smart-gap	0.3846	1161	1092	69	5.943
N5.HOG0068007	smart-gap	0.9394	1029	975	54	5.248
N5.HOG0068007	gappy90	0.9	1029	930	99	9.621
N5.HOG0068020	smart-gap	1.0	456	423	33	7.237
N5.HOG0068020	gappy90	0.9	456	357	99	21.711
N5.HOG0068026	smart-gap	1.0	1611	1473	138	8.566
N5.HOG0068026	gappy90	0.9	1611	1323	288	17.877
N5.HOG0068027	smart-gap	0.9903	660	624	36	5.455
N5.HOG0068027	gappy90	0.9	660	579	81	12.273
N5.HOG0068028	smart-gap	0.9804	555	513	42	7.568
N5.HOG0068028	gappy90	0.9	555	432	123	22.162
N5.HOG0068035	smart-gap	0.9902	1263	1239	24	1.9
N5.HOG0068035	gappy90	0.9	1263	1173	90	7.126
N5.HOG0068036	smart-gap	1.0	642	639	3	0.467
N5.HOG0068036	gappy90	0.9	642	600	42	6.542
N5.HOG0068037	smart-gap	1.0	1077	1056	21	1.95
N5.HOG0068037	gappy90	0.9	1077	912	165	15.32
N5.HOG0068041	smart-gap	0.9806	675	672	3	0.444
N5.HOG0068041	gappy90	0.9	675	669	6	0.889
N5.HOG0068042	smart-gap	1.0	540	435	105	19.444
N5.HOG0068042	gappy90	0.9	540	333	207	38.333
N5.HOG0068043	smart-gap	1.0	1530	1422	108	7.059
N5.HOG0068043	gappy90	0.9	1530	684	846	55.294
N5.HOG0068045	smart-gap	0.0256	1266	1257	9	0.711
N5.HOG0068052	smart-gap	0.3673	918	879	39	4.248
N5.HOG0068053	smart-gap	1.0	636	627	9	1.415
N5.HOG0068053	gappy90	0.9	636	504	132	20.755
N5.HOG0068054	smart-gap	0.9806	975	948	27	2.769
N5.HOG0068054	gappy90	0.9	975	933	42	4.308
N5.HOG0068055	smart-gap	0.9806	435	396	39	8.966
N5.HOG0068055	gappy90	0.9	435	363	72	16.552
N5.HOG0068056	smart-gap	0.9804	2298	2103	195	8.486
N5.HOG0068056	gappy90	0.9	2298	2007	291	12.663
N5.HOG0068058	smart-gap	0.9659	897	720	177	19.732
N5.HOG0068058	gappy90	0.9	897	537	360	40.134
N5.HOG0068060	smart-gap	0.9903	1182	1125	57	4.822
N5.HOG0068060	gappy90	0.9	1182	1098	84	7.107
N5.HOG0068069	smart-gap	1.0	471	465	6	1.274
N5.HOG0068069	gappy90	0.9	471	372	99	21.019
N5.HOG0068072	smart-gap	0.9759	1047	1005	42	4.011
N5.HOG0068072	gappy90	0.9	1047	924	123	11.748
N5.HOG0068073	smart-gap	0.2524	795	624	171	21.509
N5.HOG0068074	smart-gap	0.9804	633	576	57	9.005
N5.HOG0068074	gappy90	0.9	633	495	138	21.801
N5.HOG0068075	smart-gap	0.9902	828	714	114	13.768
N5.HOG0068075	gappy90	0.9	828	675	153	18.478
N5.HOG0068077	smart-gap	1.0	888	867	21	2.365
N5.HOG0068077	gappy90	0.9	888	777	111	12.5
N5.HOG0068083	smart-gap	0.57	651	648	3	0.461
N5.HOG0068084	smart-gap	0.9903	471	441	30	6.369
N5.HOG0068084	gappy90	0.9	471	420	51	10.828
N5.HOG0068085	smart-gap	0.9808	780	723	57	7.308
N5.HOG0068085	gappy90	0.9	780	702	78	10.0
N5.HOG0068086	smart-gap	0.9903	924	888	36	3.896
N5.HOG0068086	gappy90	0.9	924	804	120	12.987
N5.HOG0068087	smart-gap	0.9706	372	321	51	13.71
N5.HOG0068087	gappy90	0.9	372	303	69	18.548
N5.HOG0068088	smart-gap	0.9515	993	963	30	3.021
N5.HOG0068088	gappy90	0.9	993	948	45	4.532
N5.HOG0068089	smart-gap	0.65	723	720	3	0.415
N5.HOG0068090	smart-gap	1.0	1860	1758	102	5.484
N5.HOG0068090	gappy90	0.9	1860	1380	480	25.806
N5.HOG0068091	smart-gap	0.9906	1092	987	105	9.615
N5.HOG0068091	gappy90	0.9	1092	807	285	26.099
N5.HOG0068092	smart-gap	0.9808	756	717	39	5.159
N5.HOG0068092	gappy90	0.9	756	675	81	10.714
N5.HOG0068098	smart-gap	1.0	1080	1074	6	0.556
N5.HOG0068098	gappy90	0.9	1080	1068	12	1.111
N5.HOG0068137	smart-gap	0.9135	1365	858	507	37.143
N5.HOG0068137	gappy90	0.9	1365	795	570	41.758
N5.HOG0068138	smart-gap	0.9709	792	759	33	4.167
N5.HOG0068138	gappy90	0.9	792	738	54	6.818
N5.HOG0068140	smart-gap	0.9703	621	531	90	14.493
N5.HOG0068140	gappy90	0.9	621	489	132	21.256
N5.HOG0068141	smart-gap	0.9802	549	546	3	0.546
N5.HOG0068141	gappy90	0.9	549	540	9	1.639
N5.HOG0068142	smart-gap	0.1111	873	819	54	6.186
N5.HOG0068150	smart-gap	0.98	753	726	27	3.586
N5.HOG0068150	gappy90	0.9	753	702	51	6.773
N5.HOG0068151	smart-gap	0.8922	381	378	3	0.787
N5.HOG0068152	smart-gap	1.0	1857	1734	123	6.624
N5.HOG0068152	gappy90	0.9	1857	1059	798	42.973
N5.HOG0068157	smart-gap	0.9717	729	693	36	4.938
N5.HOG0068157	gappy90	0.9	729	618	111	15.226
N5.HOG0068164	smart-gap	0.9899	921	909	12	1.303
N5.HOG0068164	gappy90	0.9	921	891	30	3.257
N5.HOG0068172	smart-gap	0.2079	633	612	21	3.318
N5.HOG0068173	smart-gap	0.049	312	300	12	3.846
N5.HOG0068174	smart-gap	1.0	555	546	9	1.622
N5.HOG0068174	gappy90	0.9	555	534	21	3.784
N5.HOG0068177	smart-gap	1.0	1026	1014	12	1.17
N5.HOG0068177	gappy90	0.9	1026	843	183	17.836
N5.HOG0068178	smart-gap	0.9902	840	786	54	6.429
N5.HOG0068178	gappy90	0.9	840	711	129	15.357
N5.HOG0068179	smart-gap	0.9902	609	594	15	2.463
N5.HOG0068179	gappy90	0.9	609	537	72	11.823
N5.HOG0068180	smart-gap	1.0	1185	1143	42	3.544
N5.HOG0068180	gappy90	0.9	1185	1029	156	13.165
N5.HOG0068181	smart-gap	1.0	510	507	3	0.588
N5.HOG0068181	gappy90	0.9	510	396	114	22.353
N5.HOG0068186	smart-gap	0.198	492	462	30	6.098
N5.HOG0068187	smart-gap	0.5534	879	852	27	3.072
N5.HOG0068189	smart-gap	0.9903	996	948	48	4.819
N5.HOG0068189	gappy90	0.9	996	801	195	19.578
N5.HOG0068190	smart-gap	0.8317	438	408	30	6.849
N5.HOG0068192	smart-gap	0.9902	1131	648	483	42.706
N5.HOG0068192	gappy90	0.9	1131	429	702	62.069
N5.HOG0068193	smart-gap	0.9902	510	495	15	2.941
N5.HOG0068193	gappy90	0.9	510	483	27	5.294
N5.HOG0068205	smart-gap	1.0	972	906	66	6.79
N5.HOG0068205	gappy90	0.9	972	528	444	45.679
N5.HOG0068206	smart-gap	0.9902	576	570	6	1.042
N5.HOG0068206	gappy90	0.9	576	561	15	2.604
N5.HOG0068207	smart-gap	1.0	501	477	24	4.79
N5.HOG0068207	gappy90	0.9	501	369	132	26.347
N5.HOG0068210	smart-gap	1.0	489	486	3	0.613
N5.HOG0068210	gappy90	0.9	489	480	9	1.84
N5.HOG0068219	smart-gap	0.9901	1206	1158	48	3.98
N5.HOG0068219	gappy90	0.9	1206	1131	75	6.219
N5.HOG0068221	smart-gap	1.0	639	633	6	0.939
N5.HOG0068221	gappy90	0.9	639	474	165	25.822
N5.HOG0068222	smart-gap	0.9903	381	369	12	3.15
N5.HOG0068222	gappy90	0.9	381	351	30	7.874
N5.HOG0068223	smart-gap	0.75	1470	1230	240	16.327
N5.HOG0068225	smart-gap	1.0	738	528	210	28.455
N5.HOG0068225	gappy90	0.9	738	444	294	39.837
N5.HOG0068226	smart-gap	1.0	531	528	3	0.565
N5.HOG0068226	gappy90	0.9	531	522	9	1.695
N5.HOG0068227	smart-gap	0.9789	1572	1524	48	3.053
N5.HOG0068227	gappy90	0.9	1572	1491	81	5.153
N5.HOG0068229	smart-gap	0.98	1347	1314	33	2.45
N5.HOG0068229	gappy90	0.9	1347	1272	75	5.568
N5.HOG0068230	smart-gap	0.32	1158	1110	48	4.145
N5.HOG0068233	smart-gap	0.0909	996	990	6	0.602
N5.HOG0068234	smart-gap	1.0	405	399	6	1.481
N5.HOG0068234	gappy90	0.9	405	366	39	9.63
N5.HOG0068235	smart-gap	0.9905	705	678	27	3.83
N5.HOG0068235	gappy90	0.9	705	522	183	25.957
N5.HOG0068236	smart-gap	0.0882	558	519	39	6.989
N5.HOG0068237	smart-gap	0.9762	915	738	177	19.344
N5.HOG0068237	gappy90	0.9	915	552	363	39.672
N5.HOG0068239	smart-gap	0.9804	963	888	75	7.788
N5.HOG0068239	gappy90	0.9	963	858	105	10.903
N5.HOG0068240	smart-gap	1.0	537	483	54	10.056
N5.HOG0068240	gappy90	0.9	537	366	171	31.844
N5.HOG0068242	smart-gap	0.3265	756	696	60	7.937
N5.HOG0068243	smart-gap	0.2039	1203	1107	96	7.98
N5.HOG0068244	smart-gap	0.9902	450	447	3	0.667
N5.HOG0068244	gappy90	0.9	450	399	51	11.333
N5.HOG0068245	smart-gap	0.9903	1971	1626	345	17.504
N5.HOG0068245	gappy90	0.9	1971	1251	720	36.53
N5.HOG0068246	smart-gap	0.9406	528	513	15	2.841
N5.HOG0068246	gappy90	0.9	528	507	21	3.977
N5.HOG0068257	smart-gap	0.9706	333	318	15	4.505
N5.HOG0068257	gappy90	0.9	333	318	15	4.505
N5.HOG0068258	smart-gap	0.1782	1011	996	15	1.484
N5.HOG0068259	smart-gap	1.0	576	573	3	0.521
N5.HOG0068259	gappy90	0.9	576	465	111	19.271
N5.HOG0068261	smart-gap	0.9897	537	531	6	1.117
N5.HOG0068261	gappy90	0.9	537	528	9	1.676
N5.HOG0068262	smart-gap	1.0	765	741	24	3.137
N5.HOG0068262	gappy90	0.9	765	741	24	3.137
N5.HOG0068263	smart-gap	0.8218	486	384	102	20.988
N5.HOG0068264	smart-gap	0.9604	1617	1533	84	5.195
N5.HOG0068264	gappy90	0.9	1617	1473	144	8.905
N5.HOG0068265	smart-gap	1.0	1257	1236	21	1.671
N5.HOG0068265	gappy90	0.9	1257	996	261	20.764
N5.HOG0068266	smart-gap	0.4314	444	432	12	2.703
N5.HOG0068267	smart-gap	0.9804	1020	969	51	5.0
N5.HOG0068267	gappy90	0.9	1020	930	90	8.824
N5.HOG0068268	smart-gap	1.0	732	726	6	0.82
N5.HOG0068268	gappy90	0.9	732	690	42	5.738
N5.HOG0068273	smart-gap	0.9903	918	831	87	9.477
N5.HOG0068273	gappy90	0.9	918	699	219	23.856
N5.HOG0068274	smart-gap	0.8725	459	423	36	7.843
N5.HOG0068275	smart-gap	1.0	753	750	3	0.398
N5.HOG0068275	gappy90	0.9	753	714	39	5.179
N5.HOG0068276	smart-gap	0.9806	612	567	45	7.353
N5.HOG0068276	gappy90	0.9	612	543	69	11.275
N5.HOG0068277	smart-gap	0.98	591	426	165	27.919
N5.HOG0068277	gappy90	0.9	591	426	165	27.919
N5.HOG0068278	smart-gap	0.9901	396	375	21	5.303
N5.HOG0068278	gappy90	0.9	396	348	48	12.121
N5.HOG0068279	smart-gap	0.198	513	441	72	14.035
N5.HOG0068288	smart-gap	0.9604	399	366	33	8.271
N5.HOG0068288	gappy90	0.9	399	354	45	11.278
N5.HOG0068289	smart-gap	0.8515	375	366	9	2.4
N5.HOG0068290	smart-gap	0.3023	1224	1185	39	3.186
N5.HOG0068297	smart-gap	0.9709	2514	1647	867	34.487
N5.HOG0068297	gappy90	0.9	2514	1356	1158	46.062
N5.HOG0068298	smart-gap	0.2772	363	357	6	1.653
N5.HOG0068299	smart-gap	0.9307	390	366	24	6.154
N5.HOG0068299	gappy90	0.9	390	360	30	7.692
N5.HOG0068300	smart-gap	0.9901	1422	1350	72	5.063
N5.HOG0068300	gappy90	0.9	1422	1269	153	10.759
N5.HOG0068301	smart-gap	0.95	786	744	42	5.344
N5.HOG0068301	gappy90	0.9	786	726	60	7.634
N5.HOG0068302	smart-gap	0.12	1161	1125	36	3.101
N5.HOG0068310	smart-gap	0.1531	552	501	51	9.239
N5.HOG0068311	smart-gap	0.9902	2841	2460	381	13.411
N5.HOG0068311	gappy90	0.9	2841	2307	534	18.796
N5.HOG0068312	smart-gap	0.9901	702	633	69	9.829
N5.HOG0068312	gappy90	0.9	702	579	123	17.521
N5.HOG0068313	smart-gap	0.9697	1239	1200	39	3.148
N5.HOG0068313	gappy90	0.9	1239	1170	69	5.569
N5.HOG0068315	smart-gap	0.97	651	591	60	9.217
N5.HOG0068315	gappy90	0.9	651	540	111	17.051
N5.HOG0068317	smart-gap	0.9808	537	531	6	1.117
N5.HOG0068317	gappy90	0.9	537	513	24	4.469
N5.HOG0068318	smart-gap	0.98	2049	2016	33	1.611
N5.HOG0068318	gappy90	0.9	2049	1989	60	2.928
N5.HOG0068319	smart-gap	1.0	831	828	3	0.361
N5.HOG0068319	gappy90	0.9	831	744	87	10.469
N5.HOG0068320	smart-gap	0.9802	771	768	3	0.389
N5.HOG0068320	gappy90	0.9	771	765	6	0.778
N5.HOG0068321	smart-gap	0.9802	681	666	15	2.203
N5.HOG0068321	gappy90	0.9	681	660	21	3.084
N5.HOG0068322	smart-gap	1.0	921	918	3	0.326
N5.HOG0068322	gappy90	0.9	921	885	36	3.909
N5.HOG0068323	smart-gap	0.9902	2376	2019	357	15.025
N5.HOG0068323	gappy90	0.9	2376	1548	828	34.848
N5.HOG0068324	smart-gap	0.9903	621	525	96	15.459
N5.HOG0068324	gappy90	0.9	621	456	165	26.57
N5.HOG0068333	smart-gap	0.9902	747	669	78	10.442
N5.HOG0068333	gappy90	0.9	747	579	168	22.49
N5.HOG0068336	smart-gap	0.05	783	753	30	3.831
N5.HOG0068337	smart-gap	0.9902	1014	912	102	10.059
N5.HOG0068337	gappy90	0.9	1014	783	231	22.781
N5.HOG0068338	smart-gap	0.99	357	351	6	1.681
N5.HOG0068338	gappy90	0.9	357	351	6	1.681
N5.HOG0068356	smart-gap	0.2469	1143	1032	111	9.711
N5.HOG0068358	smart-gap	0.9802	1176	1098	78	6.633
N5.HOG0068358	gappy90	0.9	1176	1053	123	10.459
N5.HOG0068362	smart-gap	0.99	918	909	9	0.98
N5.HOG0068362	gappy90	0.9	918	852	66	7.19
N5.HOG0068366	smart-gap	1.0	1854	1797	57	3.074
N5.HOG0068366	gappy90	0.9	1854	1638	216	11.65
N5.HOG0068379	smart-gap	1.0	735	732	3	0.408
N5.HOG0068379	gappy90	0.9	735	678	57	7.755
N5.HOG0068393	smart-gap	1.0	1413	1173	240	16.985
N5.HOG0068393	gappy90	0.9	1413	960	453	32.059
N5.HOG0068394	smart-gap	0.1327	435	363	72	16.552
N5.HOG0068400	smart-gap	0.9899	1227	1155	72	5.868
N5.HOG0068400	gappy90	0.9	1227	969	258	21.027
N5.HOG0068401	smart-gap	0.1717	1077	1020	57	5.292
N5.HOG0068405	smart-gap	0.9901	486	483	3	0.617
N5.HOG0068405	gappy90	0.9	486	369	117	24.074
N5.HOG0068406	smart-gap	0.9902	510	477	33	6.471
N5.HOG0068406	gappy90	0.9	510	441	69	13.529
N5.HOG0068407	smart-gap	0.9899	636	597	39	6.132
N5.HOG0068407	gappy90	0.9	636	546	90	14.151
N5.HOG0068408	smart-gap	0.9802	1329	693	636	47.856
N5.HOG0068408	gappy90	0.9	1329	408	921	69.3
N5.HOG0068409	smart-gap	0.9898	561	531	30	5.348
N5.HOG0068409	gappy90	0.9	561	444	117	20.856
N5.HOG0068410	smart-gap	1.0	768	765	3	0.391
N5.HOG0068410	gappy90	0.9	768	720	48	6.25
N5.HOG0068411	smart-gap	0.9899	1218	1062	156	12.808
N5.HOG0068411	gappy90	0.9	1218	984	234	19.212
N5.HOG0068423	smart-gap	1.0	1167	1158	9	0.771
N5.HOG0068423	gappy90	0.9	1167	1110	57	4.884
N5.HOG0068424	smart-gap	0.84	660	618	42	6.364
N5.HOG0068425	smart-gap	1.0	813	798	15	1.845
N5.HOG0068425	gappy90	0.9	813	507	306	37.638
N5.HOG0068426	smart-gap	0.9798	1188	1077	111	9.343
N5.HOG0068426	gappy90	0.9	1188	936	252	21.212
N5.HOG0068427	smart-gap	1.0	1056	1050	6	0.568
N5.HOG0068427	gappy90	0.9	1056	840	216	20.455
N5.HOG0068428	smart-gap	0.9406	1671	1170	501	29.982
N5.HOG0068428	gappy90	0.9	1671	987	684	40.934
N5.HOG0068430	smart-gap	1.0	1392	1353	39	2.802
N5.HOG0068430	gappy90	0.9	1392	1308	84	6.034
N5.HOG0068432	smart-gap	0.39	1269	903	366	28.842
N5.HOG0068433	smart-gap	1.0	783	753	30	3.831
N5.HOG0068433	gappy90	0.9	783	537	246	31.418
N5.HOG0068434	smart-gap	1.0	1200	1107	93	7.75
N5.HOG0068434	gappy90	0.9	1200	780	420	35.0
N5.HOG0068438	smart-gap	0.99	486	483	3	0.617
N5.HOG0068438	gappy90	0.9	486	372	114	23.457
N5.HOG0068439	smart-gap	1.0	483	444	39	8.075
N5.HOG0068439	gappy90	0.9	483	336	147	30.435
N5.HOG0068445	smart-gap	1.0	576	555	21	3.646
N5.HOG0068445	gappy90	0.9	576	453	123	21.354
N5.HOG0068446	smart-gap	1.0	348	342	6	1.724
N5.HOG0068446	gappy90	0.9	348	312	36	10.345
N5.HOG0068448	smart-gap	0.3452	1224	1140	84	6.863
N5.HOG0068450	smart-gap	0.99	909	852	57	6.271
N5.HOG0068450	gappy90	0.9	909	801	108	11.881
N5.HOG0068451	smart-gap	1.0	585	582	3	0.513
N5.HOG0068451	gappy90	0.9	585	540	45	7.692
N5.HOG0068452	smart-gap	0.98	531	432	99	18.644
N5.HOG0068452	gappy90	0.9	531	432	99	18.644
N5.HOG0068468	smart-gap	1.0	1656	1620	36	2.174
N5.HOG0068468	gappy90	0.9	1656	1326	330	19.928
N5.HOG0068469	smart-gap	0.9375	429	369	60	13.986
N5.HOG0068469	gappy90	0.9	429	324	105	24.476
N5.HOG0068472	smart-gap	0.98	423	387	36	8.511
N5.HOG0068472	gappy90	0.9	423	372	51	12.057
N5.HOG0068490	smart-gap	0.9697	402	390	12	2.985
N5.HOG0068490	gappy90	0.9	402	372	30	7.463
N5.HOG0068492	smart-gap	0.6436	369	354	15	4.065
N5.HOG0068493	smart-gap	1.0	588	525	63	10.714
N5.HOG0068493	gappy90	0.9	588	471	117	19.898
N5.HOG0068494	smart-gap	0.7374	360	336	24	6.667
N5.HOG0068495	smart-gap	0.99	2820	2475	345	12.234
N5.HOG0068495	gappy90	0.9	2820	825	1995	70.745
N5.HOG0068507	smart-gap	1.0	906	858	48	5.298
N5.HOG0068507	gappy90	0.9	906	687	219	24.172
N5.HOG0068508	smart-gap	0.96	522	471	51	9.77
N5.HOG0068508	gappy90	0.9	522	450	72	13.793
N5.HOG0068509	smart-gap	0.7143	651	624	27	4.147
N5.HOG0068510	smart-gap	1.0	603	534	69	11.443
N5.HOG0068510	gappy90	0.9	603	480	123	20.398
N5.HOG0068511	smart-gap	1.0	543	519	24	4.42
N5.HOG0068511	gappy90	0.9	543	387	156	28.729
N5.HOG0068518	smart-gap	0.9899	513	504	9	1.754
N5.HOG0068518	gappy90	0.9	513	480	33	6.433
N5.HOG0068519	smart-gap	0.9798	444	399	45	10.135
N5.HOG0068519	gappy90	0.9	444	390	54	12.162
N5.HOG0068520	smart-gap	0.9896	1956	1035	921	47.086
N5.HOG0068520	gappy90	0.9	1956	822	1134	57.975
N5.HOG0068524	smart-gap	0.9898	936	846	90	9.615
N5.HOG0068524	gappy90	0.9	936	705	231	24.679
N5.HOG0068525	smart-gap	0.99	2592	1662	930	35.88
N5.HOG0068525	gappy90	0.9	2592	1281	1311	50.579
N5.HOG0068526	smart-gap	0.9697	792	708	84	10.606
N5.HOG0068526	gappy90	0.9	792	690	102	12.879
N5.HOG0068527	smart-gap	1.0	426	399	27	6.338
N5.HOG0068527	gappy90	0.9	426	366	60	14.085
N5.HOG0068528	smart-gap	0.9898	552	534	18	3.261
N5.HOG0068528	gappy90	0.9	552	504	48	8.696
N5.HOG0068537	smart-gap	0.0714	552	534	18	3.261
N5.HOG0068538	smart-gap	0.9898	825	783	42	5.091
N5.HOG0068538	gappy90	0.9	825	735	90	10.909
N5.HOG0068539	smart-gap	1.0	474	468	6	1.266
N5.HOG0068539	gappy90	0.9	474	363	111	23.418
N5.HOG0068540	smart-gap	0.9808	594	444	150	25.253
N5.HOG0068540	gappy90	0.9	594	354	240	40.404
N5.HOG0068541	smart-gap	0.99	720	645	75	10.417
N5.HOG0068541	gappy90	0.9	720	480	240	33.333
N5.HOG0068542	smart-gap	1.0	945	921	24	2.54
N5.HOG0068542	gappy90	0.9	945	645	300	31.746
N5.HOG0068543	smart-gap	1.0	1170	1041	129	11.026
N5.HOG0068543	gappy90	0.9	1170	825	345	29.487
N5.HOG0068569	smart-gap	1.0	807	783	24	2.974
N5.HOG0068569	gappy90	0.9	807	753	54	6.691
N5.HOG0068572	smart-gap	0.9899	609	531	78	12.808
N5.HOG0068572	gappy90	0.9	609	492	117	19.212
N5.HOG0068573	smart-gap	0.101	777	756	21	2.703
N5.HOG0068574	smart-gap	0.9592	489	462	27	5.521
N5.HOG0068574	gappy90	0.9	489	426	63	12.883
N5.HOG0068575	smart-gap	0.9798	321	318	3	0.935
N5.HOG0068575	gappy90	0.9	321	318	3	0.935
N5.HOG0068577	smart-gap	0.5253	504	462	42	8.333
N5.HOG0068579	smart-gap	0.9888	2388	1779	609	25.503
N5.HOG0068579	gappy90	0.9	2388	918	1470	61.558
N5.HOG0068581	smart-gap	0.9898	336	333	3	0.893
N5.HOG0068581	gappy90	0.9	336	324	12	3.571
N5.HOG0068582	smart-gap	0.9579	1194	966	228	19.095
N5.HOG0068582	gappy90	0.9	1194	912	282	23.618
N5.HOG0068583	smart-gap	1.0	1107	1101	6	0.542
N5.HOG0068583	gappy90	0.9	1107	975	132	11.924
N5.HOG0068584	smart-gap	0.9798	942	930	12	1.274
N5.HOG0068584	gappy90	0.9	942	888	54	5.732
N5.HOG0068606	smart-gap	0.9703	1098	954	144	13.115
N5.HOG0068606	gappy90	0.9	1098	816	282	25.683
N5.HOG0068607	smart-gap	0.9903	1551	1218	333	21.47
N5.HOG0068607	gappy90	0.9	1551	1062	489	31.528
N5.HOG0068608	smart-gap	1.0	648	603	45	6.944
N5.HOG0068608	gappy90	0.9	648	471	177	27.315
N5.HOG0068626	smart-gap	0.9694	600	588	12	2.0
N5.HOG0068626	gappy90	0.9	600	579	21	3.5
N5.HOG0068627	smart-gap	1.0	966	960	6	0.621
N5.HOG0068627	gappy90	0.9	966	852	114	11.801
N5.HOG0068628	smart-gap	0.99	1005	915	90	8.955
N5.HOG0068628	gappy90	0.9	1005	810	195	19.403
N5.HOG0068634	smart-gap	0.2	1185	1002	183	15.443
N5.HOG0068699	smart-gap	0.9277	771	741	30	3.891
N5.HOG0068699	gappy90	0.9	771	735	36	4.669
N5.HOG0068704	smart-gap	0.2128	978	831	147	15.031
N5.HOG0068713	smart-gap	0.9896	564	513	51	9.043
N5.HOG0068713	gappy90	0.9	564	453	111	19.681
N5.HOG0068714	smart-gap	0.8247	645	627	18	2.791
N5.HOG0068715	smart-gap	0.8854	1311	1221	90	6.865
N5.HOG0068720	smart-gap	1.0	870	840	30	3.448
N5.HOG0068720	gappy90	0.9	870	735	135	15.517
N5.HOG0068722	smart-gap	0.9	1443	990	453	31.393
N5.HOG0068724	smart-gap	1.0	618	609	9	1.456
N5.HOG0068724	gappy90	0.9	618	588	30	4.854
N5.HOG0068725	smart-gap	0.9899	1707	1434	273	15.993
N5.HOG0068725	gappy90	0.9	1707	1185	522	30.58
N5.HOG0068729	smart-gap	1.0	1164	1131	33	2.835
N5.HOG0068729	gappy90	0.9	1164	960	204	17.526
N5.HOG0068735	smart-gap	1.0	1644	1587	57	3.467
N5.HOG0068735	gappy90	0.9	1644	1233	411	25.0
N5.HOG0068743	smart-gap	0.9897	840	573	267	31.786
N5.HOG0068743	gappy90	0.9	840	471	369	43.929
N5.HOG0068744	smart-gap	1.0	804	795	9	1.119
N5.HOG0068744	gappy90	0.9	804	738	66	8.209
N5.HOG0068745	smart-gap	0.9072	930	852	78	8.387
N5.HOG0068745	gappy90	0.9	930	852	78	8.387
N5.HOG0068746	smart-gap	0.9898	1338	1173	165	12.332
N5.HOG0068746	gappy90	0.9	1338	915	423	31.614
N5.HOG0068753	smart-gap	1.0	723	720	3	0.415
N5.HOG0068753	gappy90	0.9	723	630	93	12.863
N5.HOG0068768	smart-gap	0.1789	621	546	75	12.077
N5.HOG0068769	smart-gap	0.9898	708	663	45	6.356
N5.HOG0068769	gappy90	0.9	708	504	204	28.814
N5.HOG0068770	smart-gap	0.8958	399	351	48	12.03
N5.HOG0068792	smart-gap	0.2805	1374	1131	243	17.686
N5.HOG0068809	smart-gap	0.9787	984	903	81	8.232
N5.HOG0068809	gappy90	0.9	984	858	126	12.805
N5.HOG0068814	smart-gap	0.9894	1239	1170	69	5.569
N5.HOG0068814	gappy90	0.9	1239	1134	105	8.475
N5.HOG0068815	smart-gap	0.9796	528	486	42	7.955
N5.HOG0068815	gappy90	0.9	528	348	180	34.091
N5.HOG0068816	smart-gap	0.9583	345	321	24	6.957
N5.HOG0068816	gappy90	0.9	345	315	30	8.696
N5.HOG0068827	smart-gap	0.9897	984	912	72	7.317
N5.HOG0068827	gappy90	0.9	984	840	144	14.634
N5.HOG0068838	smart-gap	0.9792	1299	1185	114	8.776
N5.HOG0068838	gappy90	0.9	1299	1014	285	21.94
N5.HOG0068839	smart-gap	0.8763	783	720	63	8.046
N5.HOG0068853	smart-gap	0.9792	414	408	6	1.449
N5.HOG0068853	gappy90	0.9	414	363	51	12.319
N5.HOG0068857	smart-gap	0.9798	762	699	63	8.268
N5.HOG0068857	gappy90	0.9	762	678	84	11.024
N5.HOG0068861	smart-gap	1.0	1857	1692	165	8.885
N5.HOG0068861	gappy90	0.9	1857	1386	471	25.363
N5.HOG0068881	smart-gap	0.9438	447	375	72	16.107
N5.HOG0068881	gappy90	0.9	447	360	87	19.463
N5.HOG0068883	smart-gap	0.4688	699	600	99	14.163
N5.HOG0068909	smart-gap	1.0	915	867	48	5.246
N5.HOG0068909	gappy90	0.9	915	663	252	27.541
N5.HOG0068910	smart-gap	0.9792	834	771	63	7.554
N5.HOG0068910	gappy90	0.9	834	636	198	23.741
N5.HOG0068922	smart-gap	0.9688	1344	1149	195	14.509
N5.HOG0068922	gappy90	0.9	1344	1107	237	17.634
N5.HOG0068923	smart-gap	0.9895	1182	819	363	30.711
N5.HOG0068923	gappy90	0.9	1182	681	501	42.386
N5.HOG0068924	smart-gap	1.0	714	702	12	1.681
N5.HOG0068924	gappy90	0.9	714	630	84	11.765
N5.HOG0068934	smart-gap	0.9895	846	828	18	2.128
N5.HOG0068934	gappy90	0.9	846	675	171	20.213
N5.HOG0068935	smart-gap	1.0	531	447	84	15.819
N5.HOG0068935	gappy90	0.9	531	396	135	25.424
N5.HOG0068936	smart-gap	0.7789	543	441	102	18.785
N5.HOG0068937	smart-gap	0.9896	2496	1911	585	23.438
N5.HOG0068937	gappy90	0.9	2496	1479	1017	40.745
N5.HOG0068945	smart-gap	0.0312	615	612	3	0.488
N5.HOG0068946	smart-gap	1.0	627	624	3	0.478
N5.HOG0068946	gappy90	0.9	627	618	9	1.435
N5.HOG0068962	smart-gap	0.7097	909	816	93	10.231
N5.HOG0068992	smart-gap	0.9895	1017	993	24	2.36
N5.HOG0068992	gappy90	0.9	1017	912	105	10.324
N5.HOG0068993	smart-gap	0.9899	759	618	141	18.577
N5.HOG0068993	gappy90	0.9	759	477	282	37.154
N5.HOG0069002	smart-gap	0.9894	915	861	54	5.902
N5.HOG0069002	gappy90	0.9	915	636	279	30.492
N5.HOG0069025	smart-gap	0.9759	855	774	81	9.474
N5.HOG0069025	gappy90	0.9	855	669	186	21.754
N5.HOG0069027	smart-gap	1.0	579	570	9	1.554
N5.HOG0069027	gappy90	0.9	579	489	90	15.544
N5.HOG0069028	smart-gap	0.1979	609	486	123	20.197
N5.HOG0069036	smart-gap	0.9783	1092	1014	78	7.143
N5.HOG0069036	gappy90	0.9	1092	921	171	15.659
N5.HOG0069046	smart-gap	0.9891	1281	1164	117	9.133
N5.HOG0069046	gappy90	0.9	1281	927	354	27.635
N5.HOG0069051	smart-gap	0.2128	909	816	93	10.231
N5.HOG0069057	smart-gap	0.8072	1899	1596	303	15.956
N5.HOG0069059	smart-gap	1.0	774	732	42	5.426
N5.HOG0069059	gappy90	0.9	774	597	177	22.868
N5.HOG0069060	smart-gap	0.2258	1005	894	111	11.045
N5.HOG0069065	smart-gap	0.9787	702	681	21	2.991
N5.HOG0069065	gappy90	0.9	702	645	57	8.12
N5.HOG0069066	smart-gap	0.1413	591	546	45	7.614
N5.HOG0069075	smart-gap	1.0	780	777	3	0.385
N5.HOG0069075	gappy90	0.9	780	657	123	15.769
N5.HOG0069076	smart-gap	0.7872	567	384	183	32.275
N5.HOG0069077	smart-gap	0.9897	1173	1149	24	2.046
N5.HOG0069077	gappy90	0.9	1173	1080	93	7.928
N5.HOG0069078	smart-gap	0.9789	618	606	12	1.942
N5.HOG0069078	gappy90	0.9	618	516	102	16.505
N5.HOG0069094	smart-gap	1.0	1752	1569	183	10.445
N5.HOG0069094	gappy90	0.9	1752	1062	690	39.384
N5.HOG0069097	smart-gap	0.2065	519	444	75	14.451
N5.HOG0069098	smart-gap	1.0	1332	1191	141	10.586
N5.HOG0069098	gappy90	0.9	1332	609	723	54.279
N5.HOG0069099	smart-gap	0.989	1542	1344	198	12.84
N5.HOG0069099	gappy90	0.9	1542	1107	435	28.21
N5.HOG0069100	smart-gap	0.9787	1311	1239	72	5.492
N5.HOG0069100	gappy90	0.9	1311	1149	162	12.357
N5.HOG0069105	smart-gap	0.9457	450	375	75	16.667
N5.HOG0069105	gappy90	0.9	450	348	102	22.667
N5.HOG0069107	smart-gap	0.989	633	552	81	12.796
N5.HOG0069107	gappy90	0.9	633	450	183	28.91
N5.HOG0069108	smart-gap	1.0	1743	1650	93	5.336
N5.HOG0069108	gappy90	0.9	1743	1290	453	25.99
N5.HOG0069117	smart-gap	1.0	1140	1131	9	0.789
N5.HOG0069117	gappy90	0.9	1140	951	189	16.579
N5.HOG0069119	smart-gap	0.9895	1695	1629	66	3.894
N5.HOG0069119	gappy90	0.9	1695	1515	180	10.619
N5.HOG0069120	smart-gap	0.9574	534	438	96	17.978
N5.HOG0069120	gappy90	0.9	534	381	153	28.652
N5.HOG0069121	smart-gap	0.9891	2721	1689	1032	37.927
N5.HOG0069121	gappy90	0.9	2721	903	1818	66.814
N5.HOG0069129	smart-gap	1.0	867	825	42	4.844
N5.HOG0069129	gappy90	0.9	867	480	387	44.637
N5.HOG0069149	smart-gap	1.0	933	927	6	0.643
N5.HOG0069149	gappy90	0.9	933	873	60	6.431
N5.HOG0069169	smart-gap	0.9894	2097	1482	615	29.328
N5.HOG0069169	gappy90	0.9	2097	1155	942	44.921
N5.HOG0069177	smart-gap	0.989	585	543	42	7.179
N5.HOG0069177	gappy90	0.9	585	441	144	24.615
N5.HOG0069187	smart-gap	0.989	522	519	3	0.575
N5.HOG0069187	gappy90	0.9	522	450	72	13.793
N5.HOG0069196	smart-gap	0.9894	753	738	15	1.992
N5.HOG0069196	gappy90	0.9	753	684	69	9.163
N5.HOG0069202	smart-gap	0.1613	447	432	15	3.356
N5.HOG0069221	smart-gap	1.0	435	426	9	2.069
N5.HOG0069221	gappy90	0.9	435	396	39	8.966
N5.HOG0069222	smart-gap	0.9889	813	807	6	0.738
N5.HOG0069222	gappy90	0.9	813	765	48	5.904
N5.HOG0069290	smart-gap	0.9341	609	600	9	1.478
N5.HOG0069290	gappy90	0.9	609	597	12	1.97
N5.HOG0069291	smart-gap	0.9889	1326	945	381	28.733
N5.HOG0069291	gappy90	0.9	1326	771	555	41.855
N5.HOG0069300	smart-gap	1.0	1080	1074	6	0.556
N5.HOG0069300	gappy90	0.9	1080	960	120	11.111
N5.HOG0069302	smart-gap	0.8352	1125	972	153	13.6
N5.HOG0069306	smart-gap	0.1685	462	414	48	10.39
N5.HOG0069308	smart-gap	0.3118	495	405	90	18.182
N5.HOG0069309	smart-gap	0.989	1188	975	213	17.929
N5.HOG0069309	gappy90	0.9	1188	810	378	31.818
N5.HOG0069310	smart-gap	0.4494	957	765	192	20.063
N5.HOG0069312	smart-gap	1.0	927	843	84	9.061
N5.HOG0069312	gappy90	0.9	927	708	219	23.625
N5.HOG0069313	smart-gap	1.0	1431	1287	144	10.063
N5.HOG0069313	gappy90	0.9	1431	1071	360	25.157
N5.HOG0069314	smart-gap	0.989	1950	1398	552	28.308
N5.HOG0069314	gappy90	0.9	1950	1134	816	41.846
N5.HOG0069315	smart-gap	0.9775	1329	969	360	27.088
N5.HOG0069315	gappy90	0.9	1329	921	408	30.7
N5.HOG0069316	smart-gap	1.0	879	741	138	15.7
N5.HOG0069316	gappy90	0.9	879	672	207	23.549
N5.HOG0069317	smart-gap	0.3	1137	957	180	15.831
N5.HOG0069326	smart-gap	1.0	396	390	6	1.515
N5.HOG0069326	gappy90	0.9	396	330	66	16.667
N5.HOG0069333	smart-gap	0.9551	525	441	84	16.0
N5.HOG0069333	gappy90	0.9	525	330	195	37.143
N5.HOG0069337	smart-gap	0.2809	729	666	63	8.642
N5.HOG0069361	smart-gap	0.989	1236	1068	168	13.592
N5.HOG0069361	gappy90	0.9	1236	969	267	21.602
N5.HOG0069371	smart-gap	0.3659	1056	921	135	12.784
N5.HOG0069373	smart-gap	1.0	1134	963	171	15.079
N5.HOG0069373	gappy90	0.9	1134	456	678	59.788
N5.HOG0069386	smart-gap	0.931	960	903	57	5.938
N5.HOG0069386	gappy90	0.9	960	876	84	8.75
N5.HOG0069396	smart-gap	0.9425	828	726	102	12.319
N5.HOG0069396	gappy90	0.9	828	678	150	18.116
N5.HOG0069410	smart-gap	0.978	819	783	36	4.396
N5.HOG0069410	gappy90	0.9	819	699	120	14.652
N5.HOG0069416	smart-gap	0.9773	1044	1005	39	3.736
N5.HOG0069416	gappy90	0.9	1044	954	90	8.621
N5.HOG0069452	smart-gap	0.989	570	528	42	7.368
N5.HOG0069452	gappy90	0.9	570	414	156	27.368
N5.HOG0069488	smart-gap	1.0	1698	1377	321	18.905
N5.HOG0069488	gappy90	0.9	1698	942	756	44.523
N5.HOG0069512	smart-gap	0.9889	423	405	18	4.255
N5.HOG0069512	gappy90	0.9	423	390	33	7.801
N5.HOG0069519	smart-gap	0.9888	969	819	150	15.48
N5.HOG0069519	gappy90	0.9	969	516	453	46.749
N5.HOG0069528	smart-gap	1.0	735	726	9	1.224
N5.HOG0069528	gappy90	0.9	735	609	126	17.143
N5.HOG0069559	smart-gap	0.9885	531	525	6	1.13
N5.HOG0069559	gappy90	0.9	531	513	18	3.39
N5.HOG0069566	smart-gap	0.9783	1311	963	348	26.545
N5.HOG0069566	gappy90	0.9	1311	711	600	45.767
N5.HOG0069567	smart-gap	0.9775	834	597	237	28.417
N5.HOG0069567	gappy90	0.9	834	501	333	39.928
N5.HOG0069575	smart-gap	1.0	1644	1455	189	11.496
N5.HOG0069575	gappy90	0.9	1644	969	675	41.058
N5.HOG0069576	smart-gap	0.9167	543	519	24	4.42
N5.HOG0069576	gappy90	0.9	543	513	30	5.525
N5.HOG0069577	smart-gap	0.9886	1845	1368	477	25.854
N5.HOG0069577	gappy90	0.9	1845	1239	606	32.846
N5.HOG0069578	smart-gap	0.7791	816	774	42	5.147
N5.HOG0069579	smart-gap	0.989	1017	996	21	2.065
N5.HOG0069579	gappy90	0.9	1017	918	99	9.735
N5.HOG0069624	smart-gap	0.9889	1032	927	105	10.174
N5.HOG0069624	gappy90	0.9	1032	825	207	20.058
N5.HOG0069625	smart-gap	1.0	369	363	6	1.626
N5.HOG0069625	gappy90	0.9	369	342	27	7.317
N5.HOG0069676	smart-gap	0.9884	1341	1320	21	1.566
N5.HOG0069676	gappy90	0.9	1341	1236	105	7.83
N5.HOG0069685	smart-gap	0.931	678	624	54	7.965
N5.HOG0069685	gappy90	0.9	678	555	123	18.142
N5.HOG0069699	smart-gap	0.9655	1248	1044	204	16.346
N5.HOG0069699	gappy90	0.9	1248	987	261	20.913
N5.HOG0069711	smart-gap	0.4828	1410	1134	276	19.574
N5.HOG0069715	smart-gap	0.9778	1377	855	522	37.908
N5.HOG0069715	gappy90	0.9	1377	567	810	58.824
N5.HOG0069738	smart-gap	0.1882	906	846	60	6.623
N5.HOG0069743	smart-gap	0.9634	447	417	30	6.711
N5.HOG0069743	gappy90	0.9	447	372	75	16.779
N5.HOG0069746	smart-gap	1.0	804	627	177	22.015
N5.HOG0069746	gappy90	0.9	804	486	318	39.552
N5.HOG0069764	smart-gap	0.9888	1416	954	462	32.627
N5.HOG0069764	gappy90	0.9	1416	600	816	57.627
N5.HOG0069781	smart-gap	1.0	798	795	3	0.376
N5.HOG0069781	gappy90	0.9	798	717	81	10.15
N5.HOG0069782	smart-gap	0.8824	705	609	96	13.617
N5.HOG0069783	smart-gap	0.747	858	792	66	7.692
N5.HOG0069793	smart-gap	0.3095	564	525	39	6.915
N5.HOG0069800	smart-gap	1.0	453	435	18	3.974
N5.HOG0069800	gappy90	0.9	453	387	66	14.57
N5.HOG0069861	smart-gap	0.9877	558	540	18	3.226
N5.HOG0069861	gappy90	0.9	558	507	51	9.14
N5.HOG0069869	smart-gap	1.0	627	591	36	5.742
N5.HOG0069869	gappy90	0.9	627	471	156	24.88
N5.HOG0069911	smart-gap	0.9881	1146	756	390	34.031
N5.HOG0069911	gappy90	0.9	1146	513	633	55.236
N5.HOG0069957	smart-gap	0.9506	813	738	75	9.225
N5.HOG0069957	gappy90	0.9	813	615	198	24.354
N5.HOG0069972	smart-gap	0.3659	651	507	144	22.12
N5.HOG0070144	smart-gap	0.9872	540	522	18	3.333
N5.HOG0070144	gappy90	0.9	540	465	75	13.889
