hog	n_seqs	median_ungapped_len	n_short	n_frameshift_seqs	n_stop_seqs	n_flagged	orb_total	orb_flagged	orb_remaining	nonorb_remaining	udiv_flagged	udiv_present
N5.HOG0000608	109	564	0	0	0	0	48	0	48	61	0	1
N5.HOG0002053	143	543	2	0	0	2	70	1	69	72	0	1
N5.HOG0002055	86	672.0	1	0	0	1	33	1	32	53	0	1
N5.HOG0002108	103	666	1	0	0	1	44	1	43	59	0	1
N5.HOG0002164	96	411.0	0	0	0	0	42	0	42	54	0	1
N5.HOG0002345	93	732	0	0	0	0	41	0	41	52	0	1
N5.HOG0003890	88	1497.0	15	0	0	15	43	10	33	40	0	1
N5.HOG0003982	162	1563.0	13	0	0	13	78	11	67	82	0	1
N5.HOG0004036	128	898.5	4	0	0	4	56	2	54	70	0	1
N5.HOG0004304	142	1489.5	22	0	0	22	55	6	49	71	0	1
N5.HOG0004331	211	1500	40	0	0	40	98	23	75	96	0	1
N5.HOG0004336	288	1167.0	16	0	0	16	72	5	67	205	0	1
N5.HOG0004539	88	426.0	0	0	0	0	38	0	38	50	0	1
N5.HOG0005114	114	921.0	9	2	0	11	40	6	34	69	0	1
N5.HOG0005131	198	969.0	13	0	0	13	39	0	39	146	0	1
N5.HOG0005133	86	957.0	0	0	0	0	40	0	40	46	0	1
N5.HOG0005151	169	942	19	0	0	19	37	0	37	113	0	1
N5.HOG0005390	107	1899	11	0	0	11	57	8	49	47	1	1
N5.HOG0005532	89	441	0	0	0	0	34	0	34	55	0	1
N5.HOG0005596	117	1629	11	2	0	11	45	2	43	63	0	1
N5.HOG0005597	419	1491	28	2	0	30	186	8	178	211	0	1
N5.HOG0005631	213	1680	47	0	0	47	100	25	75	91	0	1
N5.HOG0006044	94	1662.0	16	0	0	16	28	4	24	54	0	1
N5.HOG0006886	233	1743	51	2	0	52	94	21	73	108	0	1
N5.HOG0006935	675	1488	79	0	0	79	150	8	142	454	0	1
N5.HOG0007085	96	996.0	0	0	0	0	45	0	45	51	0	1
N5.HOG0007627	111	1086	0	0	0	0	49	0	49	62	0	1
N5.HOG0007649	112	1791.0	0	0	0	0	47	0	47	65	0	1
N5.HOG0007656	147	1641	26	0	0	26	73	11	62	59	0	1
N5.HOG0007849	117	2241	13	0	0	13	48	4	44	60	0	1
N5.HOG0008362	117	1842	2	0	0	2	41	2	39	76	0	1
N5.HOG0008598	135	657	6	2	0	8	53	5	48	79	0	1
N5.HOG0008600	446	663.0	7	0	0	7	273	5	268	171	0	1
N5.HOG0009118	102	1350.0	0	2	0	2	44	1	43	57	0	1
N5.HOG0009320	345	855	18	0	0	18	103	6	97	230	0	1
N5.HOG0009785	134	1644.0	7	0	0	7	45	3	42	85	0	1
N5.HOG0009842	265	768	6	0	0	6	90	0	90	169	0	1
N5.HOG0009906	113	2040	13	0	0	13	52	7	45	55	0	1
N5.HOG0009960	302	1560.0	10	0	0	10	79	1	78	214	0	1
N5.HOG0009966	322	1662.0	79	2	0	81	222	57	165	76	1	1
N5.HOG0010312	118	2148.0	6	0	0	6	45	1	44	68	1	1
N5.HOG0010637	113	1524	10	0	0	10	39	4	35	68	0	1
N5.HOG0010646	135	2355	26	0	0	26	58	11	47	62	0	1
N5.HOG0010647	160	2391.0	52	0	0	52	60	17	43	65	1	1
N5.HOG0010662	87	1341	0	0	0	0	35	0	35	52	0	1
N5.HOG0010750	197	1455	6	0	0	6	78	0	78	113	0	1
N5.HOG0010814	95	1056	5	0	0	5	37	4	33	57	0	1
N5.HOG0010817	252	1023.0	41	2	0	41	91	16	75	136	0	1
N5.HOG0011367	127	759	3	0	0	3	47	1	46	78	0	1
N5.HOG0011535	97	1092	0	0	0	0	42	0	42	55	0	1
N5.HOG0011537	105	1089	0	0	0	0	43	0	43	62	0	1
N5.HOG0011538	118	1083.0	8	0	0	8	54	1	53	57	0	1
N5.HOG0011852	109	1116	1	0	0	1	55	1	54	54	0	1
N5.HOG0011856	93	972	5	0	0	5	35	0	35	53	0	1
N5.HOG0011993	117	2034	5	0	0	5	47	1	46	66	0	1
N5.HOG0012046	148	5029.5	27	0	0	27	58	10	48	73	0	1
N5.HOG0012047	134	4891.5	27	0	0	27	55	11	44	63	1	1
N5.HOG0012052	144	5230.5	27	0	0	27	49	8	41	76	0	1
N5.HOG0012154	224	4578.0	9	0	0	9	67	0	67	148	0	1
N5.HOG0012377	130	3877.5	5	2	0	7	53	1	52	71	0	1
N5.HOG0012725	319	879	29	0	0	29	151	10	141	149	0	1
N5.HOG0012875	118	1596.0	0	0	0	0	48	0	48	70	0	1
N5.HOG0013396	108	1479.0	1	0	0	1	48	1	47	60	0	1
N5.HOG0013419	110	1551.0	0	0	0	0	52	0	52	58	0	1
N5.HOG0013420	168	1738.5	54	0	0	54	59	21	38	76	0	1
N5.HOG0013455	101	576	0	0	0	0	41	0	41	60	0	1
N5.HOG0013720	313	1458	66	4	0	68	153	35	118	127	0	1
N5.HOG0013776	128	1830.0	11	0	0	11	48	4	44	73	1	1
N5.HOG0013778	211	1173	16	0	0	16	46	4	42	153	0	1
N5.HOG0013827	120	633.0	1	0	0	1	45	1	44	75	0	1
N5.HOG0013880	100	2992.5	18	0	0	18	43	6	37	45	0	1
N5.HOG0014148	104	1140.0	6	0	0	6	42	4	38	60	0	1
N5.HOG0014159	82	1053.0	8	0	0	8	36	6	30	44	1	1
N5.HOG0014260	112	1536.0	4	0	0	4	46	2	44	64	0	1
N5.HOG0014426	129	1419	10	0	0	10	50	5	45	74	0	1
N5.HOG0014639	104	1168.5	12	0	0	12	38	5	33	59	0	1
N5.HOG0014645	91	1209	11	0	0	11	41	6	35	45	0	1
N5.HOG0014651	88	3237.0	7	0	0	7	46	6	40	41	0	1
N5.HOG0014654	225	2289	52	0	0	52	135	37	98	75	0	1
N5.HOG0014830	146	1791.0	6	0	0	6	56	2	54	86	1	1
N5.HOG0014831	81	780	1	0	0	1	41	0	41	39	0	1
N5.HOG0014833	512	1723.5	133	0	0	133	279	93	186	193	1	1
N5.HOG0014835	100	1026.0	4	0	0	4	51	3	48	48	0	1
N5.HOG0014839	145	1281	8	0	0	8	46	0	46	91	0	1
N5.HOG0014841	218	567.0	0	0	0	0	104	0	104	114	0	1
N5.HOG0015039	175	1125	24	0	0	24	112	9	103	48	1	1
N5.HOG0015330	135	1608	0	0	0	0	64	0	64	71	0	1
N5.HOG0015661	88	1164.0	13	0	0	13	35	4	31	44	0	1
N5.HOG0015818	116	2322.0	11	0	0	11	44	2	42	63	1	1
N5.HOG0015821	179	2214	1	0	0	1	77	0	77	101	0	1
N5.HOG0015944	81	1125	3	0	0	3	30	2	28	50	0	1
N5.HOG0015949	81	1179	5	0	0	5	35	2	33	43	0	1
N5.HOG0016142	173	2253	42	0	0	42	74	21	53	78	0	1
N5.HOG0016308	122	900.0	1	0	0	1	52	0	52	69	0	1
N5.HOG0016317	113	1572	0	0	0	0	41	0	41	72	0	1
N5.HOG0016401	118	696.0	7	0	0	7	48	1	47	64	0	1
N5.HOG0016447	109	753	1	0	0	1	40	0	40	68	0	1
N5.HOG0016643	99	2439	15	0	0	15	43	9	34	50	0	1
N5.HOG0016680	98	432.0	0	0	0	0	41	0	41	57	0	1
N5.HOG0016686	88	486.0	0	0	0	0	43	0	43	45	0	1
N5.HOG0016855	110	2220.0	20	0	0	20	40	6	34	56	1	1
N5.HOG0016882	136	1785.0	21	2	0	21	60	9	51	64	0	1
N5.HOG0016908	98	861.0	5	0	0	5	43	2	41	52	1	1
N5.HOG0016909	156	1180.5	6	0	0	6	61	3	58	92	0	1
N5.HOG0016910	101	1506	1	0	0	1	37	0	37	63	0	1
N5.HOG0016911	85	1188	7	0	0	7	39	6	33	45	0	1
N5.HOG0017086	109	3009	11	0	0	11	54	4	50	48	0	1
N5.HOG0017104	111	1623	23	0	0	23	52	17	35	53	0	1
N5.HOG0017289	99	2043	15	0	0	15	44	7	37	47	0	1
N5.HOG0017299	216	1564.5	19	0	0	19	108	9	99	98	1	1
N5.HOG0017305	220	966.0	28	0	0	28	127	19	108	84	0	1
N5.HOG0017344	81	2166	23	0	0	23	35	12	23	35	1	1
N5.HOG0017369	343	1206	43	0	0	43	182	22	160	140	0	1
N5.HOG0017389	137	2865	37	0	0	37	66	20	46	54	1	1
N5.HOG0017655	113	1557	8	0	0	8	41	3	38	67	0	1
N5.HOG0017816	127	939	14	0	0	14	48	3	45	68	0	1
N5.HOG0017829	103	3363	18	0	0	18	50	4	46	39	0	1
N5.HOG0017867	187	585	0	0	0	0	92	0	92	95	0	1
N5.HOG0017875	199	834	0	0	0	0	67	0	67	132	0	1
N5.HOG0017974	135	918	4	0	0	4	55	4	51	80	0	1
N5.HOG0018044	218	909.0	5	0	0	5	100	4	96	117	0	1
N5.HOG0018049	136	2742.0	18	0	0	18	55	11	44	74	0	1
N5.HOG0018470	95	1602	11	0	0	11	36	5	31	53	0	1
N5.HOG0018473	111	1395	3	0	0	3	47	3	44	64	0	1
N5.HOG0018485	152	1702.5	5	12	0	17	65	8	57	78	0	1
N5.HOG0018513	127	2814	22	0	0	22	52	11	41	64	1	1
N5.HOG0018516	115	1299	11	2	0	12	48	7	41	62	0	1
N5.HOG0018539	105	1407	0	0	0	0	48	0	48	57	0	1
N5.HOG0018543	92	1419.0	1	0	0	1	42	0	42	49	0	1
N5.HOG0018561	169	1755	18	2	0	20	56	9	47	102	0	1
N5.HOG0018585	101	759	0	0	0	0	44	0	44	57	0	1
N5.HOG0018588	96	741.0	2	0	0	2	43	1	42	52	0	1
N5.HOG0018591	110	1386.0	8	0	0	8	46	5	41	61	1	1
N5.HOG0018631	115	4275	10	0	0	10	43	3	40	65	0	1
N5.HOG0018666	174	3501.0	18	0	0	18	71	4	67	89	0	1
N5.HOG0018954	109	1203	12	0	0	12	53	6	47	50	0	1
N5.HOG0019007	129	855	0	0	0	0	53	0	53	76	0	1
N5.HOG0019081	133	834	5	0	0	5	57	1	56	72	0	1
N5.HOG0019085	124	855.0	4	0	0	4	49	0	49	71	0	1
N5.HOG0019222	136	1654.5	29	0	0	29	56	13	43	64	1	1
N5.HOG0019317	126	2409.0	1	0	0	1	54	0	54	71	0	1
N5.HOG0019438	92	2019.0	17	2	0	17	43	9	34	41	0	1
N5.HOG0019619	126	1842.0	27	0	0	27	48	7	41	58	0	1
N5.HOG0019623	140	543.0	2	0	0	2	46	0	46	92	0	1
N5.HOG0019712	159	2112	50	2	0	52	59	13	46	61	1	1
N5.HOG0019720	150	1279.5	9	0	0	9	63	5	58	83	0	1
N5.HOG0019725	132	1884.0	20	0	0	20	49	8	41	71	0	1
N5.HOG0019730	107	1221	2	0	0	2	45	0	45	60	0	1
N5.HOG0019835	97	1617	17	0	0	17	32	9	23	57	0	1
N5.HOG0019848	145	1287	0	0	0	0	68	0	68	77	0	1
N5.HOG0019864	88	1416.0	17	0	0	17	36	5	31	40	0	1
N5.HOG0019865	90	982.5	12	0	0	12	37	5	32	46	0	1
N5.HOG0019883	93	1539	21	0	0	21	38	6	32	40	0	1
N5.HOG0019893	129	1194	21	0	0	21	59	7	52	56	0	1
N5.HOG0019894	165	1173	17	0	0	17	71	8	63	85	0	1
N5.HOG0019898	164	2196.0	17	2	0	19	55	4	51	94	0	1
N5.HOG0019899	202	2665.5	9	0	0	9	96	3	93	100	0	1
N5.HOG0019911	126	3787.5	1	0	0	1	68	0	68	57	0	1
N5.HOG0019920	113	2715	22	0	0	22	57	11	46	45	0	1
N5.HOG0019942	100	1239.0	8	0	0	8	43	3	40	52	0	1
N5.HOG0019943	179	1257	30	0	0	30	78	17	61	88	0	1
N5.HOG0020250	173	2946	31	0	0	31	79	12	67	75	0	1
N5.HOG0020382	161	3366	1	0	0	1	74	0	74	86	0	1
N5.HOG0020439	207	2424	11	0	0	11	82	4	78	118	0	1
N5.HOG0020441	145	2214	14	0	0	14	72	8	64	67	0	1
N5.HOG0020443	96	1279.5	21	0	0	21	41	11	30	45	0	1
N5.HOG0020485	163	1191	9	0	0	9	75	6	69	85	0	1
N5.HOG0020577	137	2472	31	0	0	31	60	12	48	58	1	1
N5.HOG0020583	91	1125	14	0	0	14	37	6	31	46	0	1
N5.HOG0020599	111	933	7	0	0	7	57	0	57	47	0	1
N5.HOG0020603	108	765.0	4	0	0	4	43	1	42	62	0	1
N5.HOG0020670	96	1398.0	14	0	0	14	34	7	27	55	1	1
N5.HOG0020695	113	2505	9	0	0	9	43	3	40	64	0	1
N5.HOG0020711	134	1180.5	8	0	0	8	58	3	55	71	0	1
N5.HOG0020712	100	1236.0	2	0	0	2	46	1	45	53	0	1
N5.HOG0020751	126	1695.0	23	0	0	23	62	14	48	55	0	1
N5.HOG0020758	121	1662	15	0	0	15	54	12	42	64	0	1
N5.HOG0020790	124	2140.5	38	0	0	38	59	23	36	50	0	1
N5.HOG0021013	170	1956.0	19	0	0	19	61	12	49	102	0	1
N5.HOG0021073	103	1203	0	0	0	0	43	0	43	60	0	1
N5.HOG0021075	99	1260	0	0	0	0	42	0	42	57	0	1
N5.HOG0021088	245	1311	39	0	0	39	76	11	65	141	0	1
N5.HOG0021103	152	564.0	1	0	0	1	53	0	53	98	0	1
N5.HOG0021104	94	1803.0	0	0	0	0	39	0	39	55	0	1
N5.HOG0021146	129	6051	23	0	0	23	50	8	42	64	0	1
N5.HOG0021150	168	1306.5	34	0	0	34	91	25	66	68	1	1
N5.HOG0021165	121	1845	8	0	0	8	49	4	45	68	0	1
N5.HOG0021167	89	1806	7	0	0	7	46	4	42	40	0	1
N5.HOG0021202	119	816	8	0	0	8	40	3	37	74	0	1
N5.HOG0021385	111	3108	9	0	0	9	56	4	52	50	0	1
N5.HOG0021496	125	927	2	0	0	2	44	1	43	80	0	1
N5.HOG0021497	125	852	1	0	0	1	43	0	43	81	0	1
N5.HOG0021741	104	783.0	1	0	0	1	41	0	41	62	0	1
N5.HOG0021744	104	771.0	3	0	0	3	44	2	42	59	1	1
N5.HOG0021745	109	780	4	0	0	4	47	2	45	60	0	1
N5.HOG0021928	121	2265	8	0	0	8	48	2	46	67	0	1
N5.HOG0021941	165	2217	16	0	0	16	72	9	63	86	0	1
N5.HOG0021999	208	1779.0	17	0	0	17	87	5	82	109	0	1
N5.HOG0022085	192	1347.0	49	0	0	49	89	28	61	82	0	1
N5.HOG0022095	139	2130	16	0	0	16	57	5	52	71	1	1
N5.HOG0022097	168	1275.0	22	0	0	22	67	8	59	87	0	1
N5.HOG0022135	135	2253	22	0	0	22	52	11	41	72	0	1
N5.HOG0022136	186	2127.0	3	0	0	3	80	0	80	103	0	1
N5.HOG0022170	103	1962	14	0	0	14	36	7	29	60	1	1
N5.HOG0022195	113	693	3	0	0	3	47	1	46	64	0	1
N5.HOG0022205	156	3640.5	45	0	0	45	66	26	40	71	0	1
N5.HOG0022345	94	2434.5	33	0	0	33	47	12	35	26	1	1
N5.HOG0022376	154	1069.5	14	0	0	14	101	11	90	50	1	1
N5.HOG0022435	330	996.0	10	2	0	12	154	6	148	170	0	1
N5.HOG0022671	123	1074	6	0	0	6	45	4	41	76	0	1
N5.HOG0022698	218	1963.5	14	0	0	14	85	7	78	126	0	1
N5.HOG0022701	123	1386	0	0	0	0	57	0	57	66	0	1
N5.HOG0022712	144	2332.5	49	0	0	49	65	15	50	45	0	1
N5.HOG0022784	88	1212.0	2	0	0	2	38	0	38	48	0	1
N5.HOG0022787	101	1281	13	0	0	13	43	5	38	50	0	1
N5.HOG0022972	156	2002.5	32	0	0	32	58	8	50	74	0	1
N5.HOG0022998	116	1161.0	20	0	0	20	51	10	41	55	0	1
N5.HOG0023097	84	576.0	0	0	0	0	36	0	36	48	0	1
N5.HOG0023110	81	564	0	0	0	0	39	0	39	42	0	1
N5.HOG0023120	113	1230	2	0	0	2	47	1	46	65	0	1
N5.HOG0023158	147	924	20	0	0	20	63	5	58	69	0	1
N5.HOG0023276	107	1128	18	0	0	18	33	3	30	59	0	1
N5.HOG0023338	134	1992.0	14	0	0	14	51	10	41	79	1	1
N5.HOG0023359	118	1299.0	4	0	0	4	48	0	48	66	0	1
N5.HOG0023468	112	757.5	1	0	0	1	46	1	45	66	0	1
N5.HOG0023469	209	747	1	0	0	1	83	0	83	125	0	1
N5.HOG0023554	147	2835	38	0	0	38	60	26	34	75	1	1
N5.HOG0023613	270	840.0	9	0	0	9	128	5	123	138	0	1
N5.HOG0023615	253	3063	75	7	0	75	116	27	89	89	1	1
N5.HOG0023636	209	1557	9	3	0	12	101	5	96	101	0	1
N5.HOG0023684	134	2289.0	30	0	0	30	57	17	40	64	0	1
N5.HOG0023685	147	2427	15	1	0	16	60	5	55	76	0	1
N5.HOG0023705	222	1500.0	25	0	0	25	108	12	96	101	1	1
N5.HOG0023811	182	1476.0	0	2	0	2	80	2	78	102	0	1
N5.HOG0023812	142	1497.0	2	2	0	4	57	3	54	84	0	1
N5.HOG0023830	97	2106	1	0	0	1	42	1	41	55	0	1
N5.HOG0023862	183	1461	20	0	0	20	88	13	75	88	0	1
N5.HOG0023866	94	1099.5	8	0	0	8	44	7	37	49	0	1
N5.HOG0023867	113	1221	11	0	0	11	48	6	42	60	1	1
N5.HOG0023969	177	4698	47	0	0	47	59	16	43	87	1	1
N5.HOG0024023	126	3084.0	28	2	0	30	55	15	40	56	0	1
N5.HOG0024070	103	5235	13	0	0	13	48	11	37	53	1	1
N5.HOG0024085	129	1302	18	0	0	18	50	7	43	68	0	1
N5.HOG0024098	115	909	2	0	0	2	49	0	49	64	0	1
N5.HOG0024167	110	477.0	0	0	0	0	43	0	43	67	0	1
N5.HOG0024170	113	471	0	0	0	0	50	0	50	63	0	1
N5.HOG0024191	121	2559	16	0	0	16	47	6	41	64	0	1
N5.HOG0024261	102	3606.0	29	0	0	29	44	15	29	44	1	1
N5.HOG0024375	140	1609.5	26	0	0	26	63	15	48	66	1	1
N5.HOG0024380	127	1956	13	2	0	15	49	5	44	68	0	1
N5.HOG0024407	104	2937.0	1	0	0	1	43	1	42	61	0	1
N5.HOG0024458	110	1830.0	8	0	0	8	44	4	40	62	0	1
N5.HOG0024469	98	2043.0	41	4	0	41	45	13	32	25	0	1
N5.HOG0024586	127	870	14	0	0	14	57	4	53	60	0	1
N5.HOG0024596	101	492	0	0	0	0	40	0	40	61	0	1
N5.HOG0024597	99	3051	18	0	0	18	40	7	33	48	1	1
N5.HOG0024643	115	1908	28	0	0	28	47	13	34	53	0	1
N5.HOG0024698	107	1704	15	0	0	15	44	10	34	58	0	1
N5.HOG0024787	91	1146	4	0	0	4	34	3	31	56	0	1
N5.HOG0024811	117	1359	12	0	0	12	47	3	44	61	1	1
N5.HOG0024878	110	3111.0	31	0	0	31	48	14	34	45	1	1
N5.HOG0024915	98	2550.0	13	0	0	13	49	9	40	45	1	1
N5.HOG0024919	106	2511.0	0	0	0	0	41	0	41	65	0	1
N5.HOG0024930	116	2196.0	9	2	0	11	46	3	43	62	0	1
N5.HOG0024932	138	2178.0	2	2	0	4	53	1	52	82	0	1
N5.HOG0024933	307	1590	44	0	0	44	133	21	112	151	0	1
N5.HOG0024943	185	705	15	0	0	15	70	8	62	108	1	1
N5.HOG0024952	131	1584	10	0	0	10	45	3	42	79	0	1
N5.HOG0025014	129	1038	4	0	0	4	51	0	51	74	0	1
N5.HOG0025015	173	930	1	0	0	1	81	0	81	91	0	1
N5.HOG0025053	104	2088.0	17	0	0	17	48	3	45	42	0	1
N5.HOG0025064	85	1338	9	0	0	9	37	4	33	43	0	1
N5.HOG0025127	130	859.5	9	0	0	9	51	0	51	70	0	1
N5.HOG0025146	107	453	0	0	0	0	43	0	43	64	0	1
N5.HOG0025279	106	1605.0	24	0	0	24	55	13	42	40	0	1
N5.HOG0025333	280	429.0	0	0	0	0	98	0	98	182	0	1
N5.HOG0025376	206	3409.5	42	0	0	42	90	15	75	89	1	1
N5.HOG0025411	234	1104.0	38	1	0	39	68	15	53	142	0	1
N5.HOG0025447	91	1041	9	0	0	9	37	4	33	49	0	1
N5.HOG0025461	115	363	1	0	0	1	38	0	38	76	0	1
N5.HOG0025527	85	2004	18	0	0	18	44	6	38	29	0	1
N5.HOG0025550	111	2526	13	0	0	13	60	5	55	43	0	1
N5.HOG0025564	130	345.0	0	0	0	0	65	0	65	65	0	1
N5.HOG0025571	149	909	1	0	0	1	66	1	65	83	0	1
N5.HOG0025572	121	1293	0	0	0	0	56	0	56	65	0	1
N5.HOG0025605	235	543	1	0	0	1	89	0	89	145	0	1
N5.HOG0025732	212	1569.0	43	0	0	43	133	38	95	74	0	1
N5.HOG0025757	101	1611	24	0	0	24	49	10	39	38	1	1
N5.HOG0025760	88	483.0	0	0	0	0	38	0	38	50	0	1
N5.HOG0025980	132	1971.0	8	0	0	8	48	2	46	78	0	1
N5.HOG0025983	118	2004.0	10	0	0	10	46	2	44	64	0	1
N5.HOG0025990	126	1542.0	34	0	0	34	42	17	25	67	1	1
N5.HOG0026015	87	1656	8	2	0	10	33	3	30	47	0	1
N5.HOG0026031	109	2490	9	0	0	9	44	6	38	62	1	1
N5.HOG0026249	307	753	21	0	0	21	182	17	165	121	0	1
N5.HOG0026308	88	2023.5	21	0	0	21	43	12	31	36	0	1
N5.HOG0026327	182	2796.0	47	0	0	47	84	28	56	79	0	1
N5.HOG0026335	137	627	4	0	0	4	64	2	62	71	0	1
N5.HOG0026372	154	1495.5	16	0	0	16	65	5	60	78	0	1
N5.HOG0026408	99	1308	9	0	0	9	50	4	46	44	0	1
N5.HOG0026409	147	1296	27	2	0	29	57	10	47	71	0	1
N5.HOG0026437	127	2151	16	0	0	16	49	3	46	65	0	1
N5.HOG0026523	211	2070	31	2	0	33	76	2	74	104	0	1
N5.HOG0026541	87	1218	7	0	0	7	37	3	34	46	0	1
N5.HOG0026543	85	1236	7	0	0	7	35	3	32	46	0	1
N5.HOG0026565	176	870.0	6	0	0	6	78	3	75	95	0	1
N5.HOG0026569	238	1401.0	28	0	0	28	78	10	68	142	0	1
N5.HOG0026576	174	1539.0	21	0	0	21	74	11	63	90	1	1
N5.HOG0026601	117	2094	15	0	0	15	43	6	37	65	0	1
N5.HOG0026606	130	2289.0	19	0	0	19	46	4	42	69	0	1
N5.HOG0026631	136	1230.0	24	0	0	24	74	9	65	47	1	1
N5.HOG0026636	138	3327.0	34	0	0	34	65	19	46	58	1	1
N5.HOG0026722	216	1701.0	30	0	0	30	123	26	97	89	0	1
N5.HOG0026799	87	1923	17	0	0	17	39	7	32	38	0	1
N5.HOG0026811	181	1422	7	0	0	7	80	1	79	95	0	1
N5.HOG0026819	114	543.0	0	0	0	0	47	0	47	67	0	1
N5.HOG0026827	105	543	0	0	0	0	43	0	43	62	0	1
N5.HOG0026858	110	2100.0	17	0	0	17	51	8	43	50	0	1
N5.HOG0026884	143	1512	23	0	0	23	61	9	52	68	0	1
N5.HOG0026891	134	1888.5	0	0	0	0	49	0	49	85	0	1
N5.HOG0027017	123	1293	16	0	0	16	53	8	45	62	0	1
N5.HOG0027025	134	1851.0	28	0	0	28	65	14	51	55	0	1
N5.HOG0027132	267	2499	76	0	0	76	100	23	77	114	0	1
N5.HOG0027137	142	1573.5	35	0	0	35	66	10	56	51	0	1
N5.HOG0027142	132	1195.5	12	0	0	12	51	6	45	75	0	1
N5.HOG0027161	114	1695.0	19	0	0	19	41	8	33	62	0	1
N5.HOG0027170	111	846	9	0	0	9	55	6	49	53	1	1
N5.HOG0027205	146	2295.0	17	0	0	17	60	9	51	78	0	1
N5.HOG0027243	156	1612.5	46	0	0	46	75	24	51	59	1	1
N5.HOG0027244	110	1608.0	14	0	0	14	46	7	39	57	1	1
N5.HOG0027246	137	1767	33	0	0	33	33	14	19	85	1	1
N5.HOG0027314	248	2349.0	17	5	0	22	108	12	96	130	0	1
N5.HOG0027395	129	747	8	0	0	8	52	3	49	72	1	1
N5.HOG0027399	131	918	4	0	0	4	49	3	46	81	0	1
N5.HOG0027442	139	1815	0	0	0	0	66	0	66	73	0	1
N5.HOG0027563	148	741.0	5	0	0	5	54	2	52	91	0	1
N5.HOG0027573	151	1215	23	0	0	23	45	4	41	87	0	1
N5.HOG0027653	121	2967	5	0	0	5	48	3	45	71	0	1
N5.HOG0027671	281	2469	9	0	0	9	126	5	121	151	0	1
N5.HOG0027726	104	588.0	0	0	0	0	48	0	48	56	0	1
N5.HOG0027832	127	2697	23	0	0	23	50	6	44	60	0	1
N5.HOG0027833	151	1491	10	0	0	10	51	4	47	94	0	1
N5.HOG0027834	123	1509	3	0	0	3	64	0	64	56	0	1
N5.HOG0027855	130	2325.0	30	0	0	30	56	21	35	65	0	1
N5.HOG0027860	97	1818	1	0	0	1	43	1	42	54	0	1
N5.HOG0027887	115	2034	31	2	2	31	57	22	35	49	0	1
N5.HOG0027889	117	1200	22	0	0	22	56	13	43	52	0	1
N5.HOG0027893	122	1572.0	5	0	0	5	56	1	55	62	0	1
N5.HOG0027923	150	2148.0	9	0	0	9	59	1	58	83	0	1
N5.HOG0027934	112	1824.0	4	0	0	4	47	1	46	62	1	1
N5.HOG0027965	103	2712	10	0	0	10	42	8	34	59	0	1
N5.HOG0027973	101	1794	1	0	0	1	40	0	40	60	0	1
N5.HOG0028049	171	1269	5	0	0	5	71	3	68	98	0	1
N5.HOG0028050	106	901.5	10	0	0	10	39	2	37	59	0	1
N5.HOG0028062	159	699	9	0	0	9	93	5	88	62	0	1
N5.HOG0028064	101	450	0	0	0	0	42	0	42	59	0	1
N5.HOG0028106	212	1497.0	57	2	0	59	101	26	75	78	0	1
N5.HOG0028216	109	1437	8	0	0	8	48	4	44	57	0	1
N5.HOG0028221	128	1653.0	59	0	0	59	63	31	32	37	0	1
N5.HOG0028306	91	1098	5	0	0	5	41	4	37	49	0	1
N5.HOG0028311	89	1134	12	0	0	12	37	8	29	48	0	1
N5.HOG0028321	153	1974	45	0	0	45	60	19	41	67	0	1
N5.HOG0028454	104	423.0	0	0	0	0	40	0	40	64	0	1
N5.HOG0028455	90	1413.0	0	0	0	0	39	0	39	51	0	1
N5.HOG0028467	105	1350	13	0	0	13	45	4	41	51	0	1
N5.HOG0028535	94	2067.0	26	0	0	26	29	16	13	55	0	1
N5.HOG0028555	106	2550.0	10	0	0	10	54	8	46	50	0	1
N5.HOG0028568	113	1947	8	0	0	8	44	5	39	66	0	1
N5.HOG0028569	117	477	0	0	0	0	45	0	45	72	0	1
N5.HOG0028570	157	456	0	0	0	0	73	0	73	84	0	1
N5.HOG0028613	106	483.0	0	0	0	0	47	0	47	59	0	1
N5.HOG0028616	116	495.0	0	0	0	0	52	0	52	64	0	1
N5.HOG0028619	239	1404	9	0	0	9	134	3	131	99	0	1
N5.HOG0028630	112	510.0	1	0	0	1	42	0	42	69	0	1
N5.HOG0028632	94	438.0	0	0	0	0	44	0	44	50	0	1
N5.HOG0028637	130	2358.0	40	0	0	40	51	15	36	54	1	1
N5.HOG0028728	251	2058	64	0	0	64	135	45	90	97	0	1
N5.HOG0028752	101	1500	7	0	0	7	47	3	44	50	1	1
N5.HOG0028763	151	963	6	0	0	6	80	5	75	70	0	1
N5.HOG0028764	107	963	1	0	0	1	44	1	43	63	0	1
N5.HOG0028816	161	2529	14	0	0	14	71	5	66	81	1	1
N5.HOG0028853	122	1281.0	0	0	0	0	44	0	44	78	0	1
N5.HOG0028952	97	1383	10	0	0	10	45	8	37	50	1	1
N5.HOG0028983	119	1248	4	0	0	4	51	1	50	65	0	1
N5.HOG0029008	82	2043.0	14	0	0	14	39	9	30	38	0	1
N5.HOG0029015	142	1671.0	22	0	0	22	75	13	62	58	0	1
N5.HOG0029016	124	1968.0	37	0	0	37	55	20	35	52	0	1
N5.HOG0029022	123	1578	1	0	0	1	49	0	49	73	0	1
N5.HOG0029024	132	1635.0	9	0	0	9	59	3	56	67	0	1
N5.HOG0029043	104	3150.0	1	0	0	1	42	0	42	61	0	1
N5.HOG0029083	131	1683	7	0	0	7	49	1	48	76	0	1
N5.HOG0029085	123	1599	6	0	0	6	52	1	51	66	0	1
N5.HOG0029151	126	966.0	3	0	0	3	52	2	50	73	0	1
N5.HOG0029159	106	2148.0	8	0	0	8	47	6	41	57	0	1
N5.HOG0029160	149	1500	18	0	0	18	71	13	58	73	0	1
N5.HOG0029161	117	1293	5	0	0	5	40	2	38	74	0	1
N5.HOG0029228	150	388.5	0	0	0	0	57	0	57	93	0	1
N5.HOG0029229	113	387	0	0	0	0	48	0	48	65	0	1
N5.HOG0029231	112	1753.5	4	0	0	4	46	3	43	65	0	1
N5.HOG0029234	108	1785.0	9	0	0	9	55	1	54	45	0	1
N5.HOG0029237	114	1398.0	1	0	0	1	47	1	46	67	0	1
N5.HOG0029302	109	1302	8	0	0	8	33	3	30	71	0	1
N5.HOG0029401	95	759	9	0	0	9	41	4	37	49	0	1
N5.HOG0029425	120	2623.5	18	0	0	18	49	9	40	62	0	1
N5.HOG0029521	129	726	0	0	0	0	58	0	58	71	0	1
N5.HOG0029531	110	1401.0	0	0	0	0	44	0	44	66	0	1
N5.HOG0029533	126	1401.0	0	0	0	0	48	0	48	78	0	1
N5.HOG0029535	90	972.0	0	0	0	0	45	0	45	45	0	1
N5.HOG0029557	101	3270	4	0	0	4	54	2	52	45	0	1
N5.HOG0029604	108	1542.0	0	0	0	0	43	0	43	65	0	1
N5.HOG0029608	115	1560	3	0	0	3	46	0	46	66	0	1
N5.HOG0029660	158	1191.0	20	0	0	20	66	8	58	80	1	1
N5.HOG0029661	112	1197.0	0	0	0	0	43	0	43	69	0	1
N5.HOG0029662	125	897	8	4	0	11	55	6	49	65	0	1
N5.HOG0029687	103	456	0	0	0	0	42	0	42	61	0	1
N5.HOG0029695	163	789	15	2	0	17	70	9	61	85	0	1
N5.HOG0029741	271	1206	48	0	0	48	110	23	87	136	0	1
N5.HOG0029791	117	2214	12	0	0	12	49	5	44	61	0	1
N5.HOG0029793	118	2322.0	17	0	0	17	52	12	40	61	0	1
N5.HOG0029896	226	1321.5	34	0	0	34	80	8	72	120	0	1
N5.HOG0029900	131	780	23	2	0	23	56	12	44	64	1	1
N5.HOG0029962	101	369	0	0	0	0	40	0	40	61	0	1
N5.HOG0029990	99	1476	13	6	0	17	37	7	30	52	0	1
N5.HOG0029997	91	1410	2	0	0	2	44	1	43	46	0	1
N5.HOG0030001	130	1077.0	10	0	0	10	48	2	46	74	0	1
N5.HOG0030014	101	498	0	0	0	0	36	0	36	65	0	1
N5.HOG0030161	158	1755.0	12	0	0	12	55	8	47	99	0	1
N5.HOG0030172	130	1776.0	0	0	0	0	50	0	50	80	0	1
N5.HOG0030173	104	1758.0	1	0	0	1	43	0	43	60	0	1
N5.HOG0030194	98	658.5	4	0	0	4	40	1	39	55	0	1
N5.HOG0030279	98	1839.0	5	0	0	5	38	3	35	58	0	1
N5.HOG0030294	120	1768.5	16	0	0	16	51	5	46	58	0	1
N5.HOG0030296	91	735	0	0	0	0	34	0	34	57	0	1
N5.HOG0030300	111	1602	7	0	0	7	43	2	41	63	0	1
N5.HOG0030306	266	1663.5	54	0	0	54	101	17	84	128	1	1
N5.HOG0030307	125	576	0	0	0	0	45	0	45	80	0	1
N5.HOG0030390	96	681.0	0	0	0	0	29	0	29	67	0	1
N5.HOG0030400	129	1242	42	0	0	42	37	5	32	55	0	1
N5.HOG0030419	270	835.5	57	0	0	57	127	28	99	114	0	1
N5.HOG0030447	92	594.0	0	0	0	0	40	0	40	52	0	1
N5.HOG0030448	98	606.0	1	0	0	1	39	1	38	59	0	1
N5.HOG0030452	108	969.0	0	0	0	0	44	0	44	64	0	1
N5.HOG0030453	116	921.0	1	0	0	1	45	0	45	70	0	1
N5.HOG0030475	170	897.0	3	0	0	3	68	0	68	99	0	1
N5.HOG0030482	115	519	0	0	0	0	43	0	43	72	0	1
N5.HOG0030486	80	1416.0	16	0	0	16	35	4	31	33	0	1
N5.HOG0030488	118	1464.0	8	0	0	8	46	1	45	65	0	1
N5.HOG0030490	110	988.5	11	0	0	11	58	6	52	47	0	1
N5.HOG0030534	109	429	0	0	0	0	46	0	46	63	0	1
N5.HOG0030535	106	435.0	0	0	0	0	42	0	42	64	0	1
N5.HOG0030566	85	1683	1	0	0	1	36	1	35	49	0	1
N5.HOG0030664	102	810.0	0	0	0	0	44	0	44	58	0	1
N5.HOG0030671	82	2211.0	6	0	0	6	39	3	36	40	1	1
N5.HOG0030685	126	1950.0	29	0	0	29	42	9	33	64	1	1
N5.HOG0030687	86	1938.0	12	2	0	13	43	3	40	33	0	1
N5.HOG0030727	141	819	3	0	0	3	65	1	64	74	0	1
N5.HOG0030728	104	831.0	1	0	0	1	41	0	41	62	0	1
N5.HOG0030744	260	1446.0	53	0	0	53	81	7	74	133	0	1
N5.HOG0030746	122	1248.0	2	0	0	2	47	0	47	73	0	1
N5.HOG0030748	129	1320	6	0	0	6	54	1	53	70	0	1
N5.HOG0030773	253	984	35	0	0	35	90	14	76	142	0	1
N5.HOG0030781	140	1371.0	8	0	0	8	55	2	53	79	1	1
N5.HOG0030782	127	819	8	0	0	8	53	2	51	68	0	1
N5.HOG0030783	116	1242.0	6	0	0	6	58	6	52	58	0	1
N5.HOG0030784	144	1257.0	8	0	0	8	53	2	51	85	0	1
N5.HOG0030799	160	1200.0	6	0	0	6	79	5	74	80	0	1
N5.HOG0030891	105	1806	19	0	0	19	52	5	47	39	0	1
N5.HOG0030973	97	2499	21	0	0	21	54	14	40	36	1	1
N5.HOG0030985	240	942.0	33	0	0	33	128	25	103	104	0	1
N5.HOG0031010	113	897	4	0	0	4	44	1	43	66	0	1
N5.HOG0031055	122	1594.5	2	0	0	2	49	0	49	71	0	1
N5.HOG0031064	80	1707.0	14	0	0	14	32	10	22	44	0	1
N5.HOG0031088	92	975.0	3	0	0	3	45	0	45	44	0	1
N5.HOG0031090	121	999	3	0	0	3	51	1	50	68	0	1
N5.HOG0031113	118	528.0	0	0	0	0	45	0	45	73	0	1
N5.HOG0031114	99	522	0	0	0	0	48	0	48	51	0	1
N5.HOG0031117	90	1629.0	15	0	0	15	42	5	37	38	1	1
N5.HOG0031119	115	1608	1	0	0	1	53	0	53	61	0	1
N5.HOG0031120	260	795.0	7	0	0	7	116	4	112	141	0	1
N5.HOG0031208	105	1254	0	0	0	0	45	0	45	60	0	1
N5.HOG0031209	138	1173.0	7	0	0	7	56	5	51	80	0	1
N5.HOG0031255	247	1602	56	5	0	61	94	32	62	124	0	1
N5.HOG0031271	128	1719.0	5	0	0	5	53	2	51	72	0	1
N5.HOG0031294	158	3147.0	22	0	0	22	56	7	49	87	0	1
N5.HOG0031312	133	654	0	0	0	0	54	0	54	79	0	1
N5.HOG0031377	137	1875	9	0	0	9	63	5	58	70	0	1
N5.HOG0031378	110	1998.0	4	0	0	4	44	2	42	64	1	1
N5.HOG0031396	86	3378.0	8	0	0	8	37	4	33	45	0	1
N5.HOG0031437	134	1254.0	7	0	0	7	54	0	54	73	0	1
N5.HOG0031445	204	2628.0	17	0	0	17	84	4	80	107	0	1
N5.HOG0031505	116	1263.0	5	0	0	5	49	2	47	64	0	1
N5.HOG0031506	126	1215.0	9	2	0	9	53	7	46	71	0	1
N5.HOG0031528	112	519.0	0	0	0	0	46	0	46	66	0	1
N5.HOG0031529	136	474.0	0	0	0	0	52	0	52	84	0	1
N5.HOG0031530	97	2610	24	0	0	24	33	11	22	51	1	1
N5.HOG0031533	116	1611.0	16	0	0	16	46	5	41	59	0	1
N5.HOG0031616	97	324	0	0	0	0	38	0	38	59	0	1
N5.HOG0031630	109	912	8	0	0	8	44	2	42	59	0	1
N5.HOG0031681	94	1182.0	5	0	0	5	37	2	35	54	0	1
N5.HOG0031747	147	477	1	0	0	1	49	0	49	97	0	1
N5.HOG0031776	130	4186.5	25	0	0	25	61	9	52	53	1	1
N5.HOG0031782	98	2050.5	23	0	0	23	36	11	25	50	0	1
N5.HOG0031796	93	1401	15	0	0	15	44	8	36	42	0	1
N5.HOG0031800	112	1434.0	15	0	0	15	55	11	44	53	0	1
N5.HOG0031827	89	1596	0	0	0	0	36	0	36	53	0	1
N5.HOG0031865	110	891.0	11	0	0	11	44	3	41	58	0	1
N5.HOG0031892	106	1203.0	4	0	0	4	45	3	42	60	0	1
N5.HOG0031894	252	837.0	5	0	0	5	110	5	105	142	1	1
N5.HOG0031897	115	1182	10	2	0	11	47	3	44	60	0	1
N5.HOG0031951	191	4671	28	4	0	32	66	7	59	100	0	1
N5.HOG0031953	90	441.0	0	0	0	0	41	0	41	49	0	1
N5.HOG0031956	104	441.0	0	0	0	0	42	0	42	62	0	1
N5.HOG0031999	240	1971.0	36	0	0	36	120	16	104	100	0	1
N5.HOG0032001	219	3186	41	0	0	41	112	24	88	90	0	1
N5.HOG0032002	172	966.0	15	0	0	15	38	1	37	120	0	1
N5.HOG0032113	93	864	2	0	0	2	33	2	31	60	1	1
N5.HOG0032150	104	1203.0	1	0	0	1	45	0	45	58	0	1
N5.HOG0032153	105	1260	12	0	0	12	49	8	41	52	0	1
N5.HOG0032157	168	441.0	0	0	0	0	67	0	67	101	0	1
N5.HOG0032158	108	792.0	5	0	0	5	54	2	52	51	0	1
N5.HOG0032199	120	1119.0	2	0	0	2	53	2	51	67	0	1
N5.HOG0032201	102	1104.0	0	0	0	0	43	0	43	59	0	1
N5.HOG0032203	129	843	20	0	0	20	53	5	48	61	1	1
N5.HOG0032217	115	1170	7	0	0	7	49	2	47	61	0	1
N5.HOG0032219	120	1740.0	5	0	0	5	48	2	46	69	0	1
N5.HOG0032276	124	1062.0	1	0	0	1	47	1	46	77	0	1
N5.HOG0032277	114	951.0	1	0	0	1	52	1	51	62	0	1
N5.HOG0032410	163	996	0	0	0	0	61	0	61	102	0	1
N5.HOG0032433	96	1326.0	0	0	0	0	43	0	43	53	0	1
N5.HOG0032434	120	1170.0	0	0	0	0	47	0	47	73	0	1
N5.HOG0032437	124	1435.5	13	0	0	13	49	4	45	66	1	1
N5.HOG0032489	240	2308.5	39	0	0	39	104	17	87	114	1	1
N5.HOG0032494	176	1603.5	9	0	0	9	88	1	87	80	0	1
N5.HOG0032499	99	1821	9	0	0	9	40	0	40	50	0	1
N5.HOG0032507	85	729	0	0	0	0	41	0	41	44	0	1
N5.HOG0032555	111	1023	3	0	0	3	48	3	45	63	0	1
N5.HOG0032556	106	999.0	4	0	0	4	62	2	60	42	0	1
N5.HOG0032583	119	609	0	0	0	0	47	0	47	72	0	1
N5.HOG0032584	124	609.0	0	0	0	0	53	0	53	71	0	1
N5.HOG0032600	105	1275	3	0	0	3	43	2	41	61	0	1
N5.HOG0032603	106	1014.0	7	0	0	7	41	2	39	60	0	1
N5.HOG0032644	98	975.0	0	0	0	0	38	0	38	60	0	1
N5.HOG0032648	101	987	0	0	0	0	37	0	37	64	0	1
N5.HOG0032673	242	654.0	13	3	0	13	117	5	112	117	0	1
N5.HOG0032685	103	2361	0	0	0	0	43	0	43	60	0	1
N5.HOG0032702	116	1126.5	0	0	0	0	53	0	53	63	0	1
N5.HOG0032703	117	1131	5	0	0	5	47	1	46	66	0	1
N5.HOG0032705	129	1404	13	0	0	13	53	5	48	68	0	1
N5.HOG0032710	92	1959.0	22	0	0	22	31	11	20	50	0	1
N5.HOG0032735	125	873	7	0	0	7	54	3	51	67	0	1
N5.HOG0032740	96	1776.0	4	0	0	4	37	3	34	58	0	1
N5.HOG0032766	239	1020	28	0	0	28	130	16	114	97	0	1
N5.HOG0032784	144	3657.0	49	0	0	49	50	9	41	54	1	1
N5.HOG0032805	121	768	6	0	0	6	47	2	45	70	0	1
N5.HOG0032806	121	807	2	0	0	2	43	0	43	76	0	1
N5.HOG0032829	111	1593	2	0	0	2	48	1	47	62	0	1
N5.HOG0032830	112	1611.0	0	0	0	0	46	0	46	66	0	1
N5.HOG0032842	106	486.0	0	0	0	0	46	0	46	60	0	1
N5.HOG0032851	126	1227.0	4	0	0	4	60	3	57	65	1	1
N5.HOG0032852	110	1266.0	6	0	0	6	57	3	54	50	0	1
N5.HOG0032955	107	1614	5	0	0	5	39	1	38	64	0	1
N5.HOG0032957	113	1560	12	0	0	12	37	3	34	67	0	1
N5.HOG0032975	102	870.0	0	0	0	0	36	0	36	66	0	1
N5.HOG0033035	128	1381.5	32	0	0	32	59	14	45	51	1	1
N5.HOG0033050	93	1764	1	0	0	1	34	0	34	58	0	1
N5.HOG0033055	87	1608	17	0	0	17	38	11	27	43	0	1
N5.HOG0033059	119	633	0	0	0	0	45	0	45	74	0	1
N5.HOG0033062	105	630	0	0	0	0	43	0	43	62	0	1
N5.HOG0033065	107	960	2	0	0	2	43	0	43	62	0	1
N5.HOG0033066	118	1005.0	3	0	0	3	56	1	55	60	0	1
N5.HOG0033085	107	666	0	0	0	0	42	0	42	65	0	1
N5.HOG0033088	153	2943	40	0	0	40	67	21	46	67	0	1
N5.HOG0033114	107	639	2	0	0	2	46	2	44	61	1	1
N5.HOG0033115	130	618.0	0	0	0	0	57	0	57	73	0	1
N5.HOG0033117	237	1446	44	0	0	44	71	16	55	138	0	1
N5.HOG0033126	115	1260	4	0	0	4	47	1	46	65	0	1
N5.HOG0033128	235	2709	76	0	0	76	105	41	64	95	0	1
N5.HOG0033134	205	2070	43	0	0	43	81	16	65	97	0	1
N5.HOG0033142	156	1611.0	0	0	0	0	65	0	65	91	0	1
N5.HOG0033150	187	5676	16	0	0	16	89	10	79	92	0	1
N5.HOG0033193	236	1113.0	26	0	0	26	141	15	126	84	0	1
N5.HOG0033195	90	312.0	0	0	0	0	33	0	33	57	0	1
N5.HOG0033203	108	1221.0	2	0	0	2	43	0	43	63	0	1
N5.HOG0033222	117	1329	3	0	0	3	47	0	47	67	0	1
N5.HOG0033225	107	1434	13	0	0	13	44	6	38	56	0	1
N5.HOG0033226	97	453	1	0	0	1	32	0	32	64	0	1
N5.HOG0033230	214	2964.0	36	0	0	36	92	21	71	107	1	1
N5.HOG0033247	109	735	0	0	0	0	42	0	42	67	0	1
N5.HOG0033249	121	744	0	0	0	0	60	0	60	61	0	1
N5.HOG0033250	112	1437.0	9	0	0	9	41	4	37	66	1	1
N5.HOG0033266	121	348	0	0	0	0	48	0	48	73	0	1
N5.HOG0033267	112	882.0	3	0	0	3	48	0	48	61	0	1
N5.HOG0033268	124	867.0	9	0	0	9	42	6	36	79	0	1
N5.HOG0033284	116	1666.5	13	0	0	13	51	7	44	59	1	1
N5.HOG0033287	98	1524.0	1	0	0	1	40	0	40	57	0	1
N5.HOG0033288	112	1530.0	5	0	0	5	41	1	40	67	0	1
N5.HOG0033291	143	819	1	0	0	1	56	1	55	87	0	1
N5.HOG0033310	211	4278	13	51	0	62	102	38	64	85	0	1
N5.HOG0033385	102	1257.0	2	0	0	2	44	1	43	57	1	1
N5.HOG0033406	126	312.0	0	0	0	0	62	0	62	64	0	1
N5.HOG0033434	201	1950	26	2	0	27	95	12	83	91	0	1
N5.HOG0033491	111	576	0	0	0	0	48	0	48	63	0	1
N5.HOG0033493	105	576	0	0	0	0	44	0	44	61	0	1
N5.HOG0033532	143	1608	22	0	0	22	49	10	39	82	0	1
N5.HOG0033555	112	2047.5	20	0	0	20	48	10	38	54	0	1
N5.HOG0033584	126	1128.0	2	0	0	2	51	1	50	74	0	1
N5.HOG0033591	95	1830	19	0	0	19	37	4	33	43	0	1
N5.HOG0033641	111	1581	4	0	0	4	45	2	43	64	1	1
N5.HOG0033646	107	1431	2	0	0	2	43	0	43	62	0	1
N5.HOG0033651	110	931.5	8	0	0	8	43	3	40	62	0	1
N5.HOG0033675	108	1065.0	0	0	0	0	45	0	45	63	0	1
N5.HOG0033743	109	813	0	0	0	0	43	0	43	66	0	1
N5.HOG0033745	205	1980	46	0	0	46	91	14	77	82	0	1
N5.HOG0033769	106	996.0	3	0	0	3	43	0	43	60	0	1
N5.HOG0033810	88	1413.0	10	2	0	12	42	7	35	41	0	1
N5.HOG0033829	181	5535	9	0	0	9	76	3	73	99	0	1
N5.HOG0033913	97	1230	1	0	0	1	42	0	42	54	0	1
N5.HOG0033992	95	1464	12	0	0	12	30	3	27	56	0	1
N5.HOG0034013	99	633	2	0	0	2	40	2	38	59	0	1
N5.HOG0034014	133	690	1	0	0	1	49	0	49	83	0	1
N5.HOG0034024	144	1587.0	43	2	0	45	37	15	22	77	1	1
N5.HOG0034061	105	969	0	0	0	0	44	0	44	61	0	1
N5.HOG0034078	131	417	0	0	0	0	63	0	63	68	0	1
N5.HOG0034079	105	417	0	0	0	0	42	0	42	63	0	1
N5.HOG0034097	110	2394.0	1	0	0	1	43	0	43	66	0	1
N5.HOG0034119	103	393	0	0	0	0	42	0	42	61	0	1
N5.HOG0034226	105	1548	14	37	0	51	44	24	20	34	0	1
N5.HOG0034239	110	615.0	0	0	0	0	41	0	41	69	0	1
N5.HOG0034286	128	2356.5	16	0	0	16	55	9	46	66	1	1
N5.HOG0034317	219	2403	60	0	0	60	65	12	53	106	0	1
N5.HOG0034389	231	1359	15	0	0	15	89	6	83	133	0	1
N5.HOG0034390	178	1908.0	13	0	0	13	79	6	73	92	0	1
N5.HOG0034424	105	999	0	0	0	0	42	0	42	63	0	1
N5.HOG0034442	193	1179	7	0	0	7	86	1	85	101	0	1
N5.HOG0034504	141	462	1	0	0	1	62	0	62	78	0	1
N5.HOG0034623	131	1314	7	0	0	7	52	3	49	75	1	1
N5.HOG0034624	109	360	0	0	0	0	45	0	45	64	0	1
N5.HOG0034625	120	360.0	0	0	0	0	50	0	50	70	0	1
N5.HOG0034632	101	1719	7	0	0	7	48	1	47	47	0	1
N5.HOG0034634	115	726	2	0	0	2	51	1	50	63	0	1
N5.HOG0034641	103	768	0	0	0	0	41	0	41	62	0	1
N5.HOG0034643	96	771.0	0	0	0	0	44	0	44	52	0	1
N5.HOG0034646	115	1479	0	0	0	0	45	0	45	70	0	1
N5.HOG0034650	98	1452.0	1	0	0	1	41	0	41	56	0	1
N5.HOG0034666	96	1336.5	2	0	0	2	40	2	38	56	0	1
N5.HOG0034682	181	942	18	0	0	18	51	1	50	113	0	1
N5.HOG0034683	226	1453.5	26	0	0	26	111	15	96	104	0	1
N5.HOG0034685	108	600.0	0	0	0	0	42	0	42	66	0	1
N5.HOG0034686	114	603.0	0	0	0	0	48	0	48	66	0	1
N5.HOG0034687	232	1440.0	48	2	0	50	115	30	85	97	0	1
N5.HOG0034724	138	1875.0	17	2	0	18	57	10	47	73	1	1
N5.HOG0034725	185	3807	34	0	0	34	83	16	67	84	1	1
N5.HOG0034728	118	958.5	14	0	0	14	55	5	50	54	0	1
N5.HOG0034729	103	1122	10	0	0	10	43	6	37	56	0	1
N5.HOG0034842	110	907.5	18	0	0	18	47	12	35	57	1	1
N5.HOG0034844	103	1233	4	0	0	4	42	0	42	57	0	1
N5.HOG0034845	111	1668	23	0	0	23	53	11	42	46	1	1
N5.HOG0034853	189	4065	32	0	0	32	63	9	54	103	0	1
N5.HOG0034859	113	1299	4	0	0	4	49	1	48	61	0	1
N5.HOG0034867	219	2316	21	0	0	21	94	8	86	112	0	1
N5.HOG0034912	111	891	8	0	0	8	42	1	41	62	0	1
N5.HOG0034913	117	978	2	0	0	2	48	0	48	67	0	1
N5.HOG0034948	85	1113	16	0	0	16	31	8	23	46	0	1
N5.HOG0034950	118	804.0	0	0	0	0	45	0	45	73	0	1
N5.HOG0034974	229	336	0	0	0	0	97	0	97	132	0	1
N5.HOG0034984	106	351.0	0	0	0	0	42	0	42	64	0	1
N5.HOG0035008	80	1131.0	2	0	0	2	42	1	41	37	0	1
N5.HOG0035012	108	1102.5	0	0	0	0	45	0	45	63	0	1
N5.HOG0035013	116	1362.0	0	0	0	0	49	0	49	67	0	1
N5.HOG0035014	91	1353	1	0	0	1	37	1	36	54	0	1
N5.HOG0035029	103	753	0	0	0	0	45	0	45	58	0	1
N5.HOG0035030	124	738.0	5	0	0	5	52	3	49	70	0	1
N5.HOG0035032	96	1281.0	5	0	0	5	41	3	38	53	0	1
N5.HOG0035033	109	1233	1	0	0	1	48	0	48	60	0	1
N5.HOG0035035	123	810	1	0	0	1	55	1	54	68	0	1
N5.HOG0035036	98	813.0	0	0	0	0	38	0	38	60	0	1
N5.HOG0035048	138	1053.0	21	0	0	21	73	13	60	57	1	1
N5.HOG0035082	113	798	6	0	0	6	49	4	45	62	0	1
N5.HOG0035083	110	768.0	2	0	0	2	47	1	46	62	1	1
N5.HOG0035085	205	891	14	0	0	14	112	6	106	85	0	1
N5.HOG0035149	122	2115.0	22	0	0	22	60	13	47	53	0	1
N5.HOG0035166	230	2067.0	59	0	0	59	75	17	58	113	0	1
N5.HOG0035167	159	1761	20	0	0	20	53	2	51	88	0	1
N5.HOG0035174	193	4398	22	0	0	22	77	10	67	104	1	1
N5.HOG0035178	206	2220.0	4	0	0	4	79	0	79	123	0	1
N5.HOG0035204	109	1422	4	0	0	4	46	4	42	63	0	1
N5.HOG0035251	167	1500	10	0	0	10	60	2	58	99	0	1
N5.HOG0035275	148	2607.0	22	0	0	22	68	6	62	64	0	1
N5.HOG0035277	98	996.0	2	2	0	4	34	3	31	63	0	1
N5.HOG0035280	118	1159.5	11	0	0	11	50	5	45	62	0	1
N5.HOG0035281	102	1084.5	2	0	0	2	42	2	40	60	0	1
N5.HOG0035298	111	600	2	0	0	2	55	2	53	56	1	1
N5.HOG0035302	229	1122	27	0	0	27	101	10	91	111	1	1
N5.HOG0035413	184	1584.0	7	0	0	7	76	2	74	103	0	1
N5.HOG0035415	109	957	10	0	0	10	41	4	37	62	0	1
N5.HOG0035416	88	1536.0	16	0	0	16	38	9	29	43	0	1
N5.HOG0035451	142	768.0	1	0	0	1	60	0	60	81	0	1
N5.HOG0035481	117	465	0	0	0	0	46	0	46	71	0	1
N5.HOG0035483	95	456	0	0	0	0	48	0	48	47	0	1
N5.HOG0035510	83	1542	0	0	0	0	28	0	28	55	0	1
N5.HOG0035532	132	1645.5	25	0	0	25	65	11	54	53	1	1
N5.HOG0035533	97	732	0	0	0	0	38	0	38	59	0	1
N5.HOG0035534	129	729	2	0	0	2	52	1	51	76	1	1
N5.HOG0035591	110	1443.0	3	0	0	3	46	1	45	62	0	1
N5.HOG0035592	111	1524	4	0	0	4	52	1	51	56	0	1
N5.HOG0035631	200	1462.5	6	0	0	6	84	1	83	111	0	1
N5.HOG0035667	132	522.0	0	0	0	0	45	0	45	87	0	1
N5.HOG0035679	112	3304.5	25	0	0	25	53	8	45	42	0	1
N5.HOG0035715	108	1314.0	5	0	0	5	40	3	37	66	0	1
N5.HOG0035716	104	1368.0	2	0	0	2	46	1	45	57	0	1
N5.HOG0035751	115	1428	0	0	0	0	39	0	39	76	0	1
N5.HOG0035798	110	879.0	2	0	0	2	44	0	44	64	0	1
N5.HOG0035799	107	861	0	0	0	0	47	0	47	60	0	1
N5.HOG0035805	89	1257	5	0	0	5	41	3	38	46	1	1
N5.HOG0035885	97	1089	1	0	0	1	39	0	39	57	0	1
N5.HOG0035891	97	1074	6	0	0	6	38	3	35	56	0	1
N5.HOG0035900	97	1539	3	0	0	3	43	0	43	51	0	1
N5.HOG0035901	109	1524	0	0	0	0	44	0	44	65	0	1
N5.HOG0035902	98	1345.5	11	0	0	11	45	5	40	47	0	1
N5.HOG0035905	86	1341.0	5	0	0	5	44	2	42	39	1	1
N5.HOG0035913	99	966	0	0	0	0	38	0	38	61	0	1
N5.HOG0035915	108	936.0	6	0	0	6	47	1	46	56	0	1
N5.HOG0035922	220	1150.5	9	0	0	9	93	4	89	122	0	1
N5.HOG0035924	131	1548	37	0	0	37	47	17	30	64	0	1
N5.HOG0035952	113	1587	12	2	0	12	57	9	48	53	0	1
N5.HOG0035987	97	1533	9	0	0	9	40	2	38	50	0	1
N5.HOG0035988	102	1134.0	14	0	0	14	38	1	37	51	0	1
N5.HOG0035993	101	2457	29	0	0	29	49	12	37	35	0	1
N5.HOG0036003	86	969.0	0	0	0	0	46	0	46	40	0	1
N5.HOG0036053	118	1528.5	5	0	0	5	44	0	44	69	0	1
N5.HOG0036054	224	516.0	1	0	0	1	109	1	108	115	0	1
N5.HOG0036058	132	855.0	7	0	0	7	57	6	51	74	0	1
N5.HOG0036119	220	1728.0	21	0	0	21	76	2	74	125	0	1
N5.HOG0036120	147	1908	17	0	0	17	73	5	68	62	0	1
N5.HOG0036146	195	3177	53	0	0	53	72	17	55	87	0	1
N5.HOG0036148	143	1260	4	0	0	4	59	2	57	82	1	1
N5.HOG0036161	150	1131.0	8	0	0	8	60	3	57	85	0	1
N5.HOG0036183	144	1114.5	9	0	0	9	74	8	66	69	0	1
N5.HOG0036234	128	1182.0	3	0	0	3	48	0	48	77	0	1
N5.HOG0036235	105	642	1	0	0	1	44	1	43	61	0	1
N5.HOG0036236	90	2364.0	16	0	0	16	35	4	31	43	0	1
N5.HOG0036243	104	657.0	0	0	0	0	42	0	42	62	0	1
N5.HOG0036245	187	1332	24	0	0	24	53	5	48	115	0	1
N5.HOG0036247	109	825	1	0	0	1	45	1	44	64	1	1
N5.HOG0036249	100	711.0	0	0	0	0	42	0	42	58	0	1
N5.HOG0036254	117	393	0	2	0	2	42	0	42	73	0	1
N5.HOG0036281	107	1842	4	0	0	4	43	0	43	60	0	1
N5.HOG0036282	113	1761	6	0	0	6	47	3	44	63	0	1
N5.HOG0036331	113	576	0	0	0	0	47	0	47	66	0	1
N5.HOG0036332	104	612.0	0	0	0	0	42	0	42	62	0	1
N5.HOG0036359	110	855.0	0	0	0	0	44	0	44	66	0	1
N5.HOG0036365	142	1461.0	3	0	0	3	50	0	50	89	0	1
N5.HOG0036366	209	1878	17	0	0	17	122	14	108	84	0	1
N5.HOG0036390	89	1551	13	0	0	13	42	10	32	44	0	1
N5.HOG0036452	105	1098	5	0	0	5	45	3	42	58	0	1
N5.HOG0036453	107	1104	10	0	0	10	45	3	42	55	0	1
N5.HOG0036455	129	933	1	0	0	1	63	1	62	66	0	1
N5.HOG0036458	84	765.0	0	0	0	0	37	0	37	47	0	1
N5.HOG0036466	184	2409.0	20	0	0	20	76	7	69	95	1	1
N5.HOG0036485	179	1155	1	0	0	1	74	0	74	104	0	1
N5.HOG0036569	127	2043	1	0	0	1	59	0	59	67	0	1
N5.HOG0036576	85	666	2	0	0	2	37	1	36	47	0	1
N5.HOG0036577	112	666.0	3	3	0	6	45	2	43	63	0	1
N5.HOG0036634	140	2469.0	36	0	0	36	69	22	47	57	1	1
N5.HOG0036636	220	1080.0	36	0	0	36	104	24	80	104	0	1
N5.HOG0036697	110	840.0	7	0	0	7	41	2	39	64	1	1
N5.HOG0036698	209	3630	54	0	0	54	103	33	70	85	0	1
N5.HOG0036747	87	1281	7	0	0	7	40	5	35	45	0	1
N5.HOG0036749	104	1284.0	2	0	0	2	45	0	45	57	0	1
N5.HOG0036765	122	1137.0	5	0	0	5	46	1	45	72	0	1
N5.HOG0036769	121	684	1	0	0	1	56	0	56	64	0	1
N5.HOG0036803	117	819	1	0	0	1	49	1	48	68	0	1
N5.HOG0036877	204	804.0	28	0	0	28	97	11	86	90	0	1
N5.HOG0036879	105	696	0	0	0	0	42	0	42	63	0	1
N5.HOG0036883	98	927.0	2	0	0	2	40	0	40	56	0	1
N5.HOG0036918	107	753	1	0	0	1	49	0	49	57	0	1
N5.HOG0036940	136	1323.0	15	0	0	15	55	1	54	67	0	1
N5.HOG0036996	102	1107.0	3	0	0	3	41	0	41	58	0	1
N5.HOG0037023	105	1104	3	0	0	3	44	3	41	61	0	1
N5.HOG0037028	104	1950.0	10	0	0	10	44	3	41	53	0	1
N5.HOG0037109	135	2835	14	0	0	14	64	4	60	61	0	1
N5.HOG0037135	204	1450.5	20	0	0	20	95	14	81	103	0	1
N5.HOG0037178	214	2127.0	18	0	0	18	92	6	86	110	0	1
N5.HOG0037186	81	2001	16	0	0	16	34	10	24	41	0	1
N5.HOG0037219	102	1512.0	8	0	0	8	44	2	42	52	0	1
N5.HOG0037220	107	1491	3	0	0	3	43	1	42	62	0	1
N5.HOG0037251	119	1503	2	0	0	2	45	1	44	73	1	1
N5.HOG0037252	198	1521.0	8	0	0	8	78	0	78	112	0	1
N5.HOG0037286	112	912.0	3	0	0	3	47	1	46	63	0	1
N5.HOG0037303	90	843.0	3	0	0	3	48	2	46	41	0	1
N5.HOG0037304	103	1275	19	0	0	19	49	10	39	45	0	1
N5.HOG0037316	93	1233	4	0	0	4	39	2	37	52	0	1
N5.HOG0037317	117	1605	2	0	0	2	48	1	47	68	0	1
N5.HOG0037322	155	3033	47	0	0	47	78	36	42	66	1	1
N5.HOG0037341	143	4707	26	2	0	26	50	7	43	74	0	1
N5.HOG0037347	114	1257.0	1	0	0	1	46	0	46	67	0	1
N5.HOG0037359	113	996	1	0	0	1	48	1	47	65	0	1
N5.HOG0037360	96	1317.0	8	0	0	8	42	7	35	53	0	1
N5.HOG0037388	162	1605.0	36	0	0	36	80	18	62	64	0	1
N5.HOG0037427	178	1492.5	28	0	0	28	80	13	67	83	0	1
N5.HOG0037429	148	1341.0	25	0	0	25	79	20	59	64	1	1
N5.HOG0037430	199	4434	20	0	0	20	86	10	76	103	0	1
N5.HOG0037546	121	597	0	0	0	0	46	0	46	75	0	1
N5.HOG0037547	93	1173	16	0	0	16	39	4	35	42	0	1
N5.HOG0037551	115	1809	6	2	0	8	55	1	54	53	0	1
N5.HOG0037563	150	2343.0	37	0	0	37	73	21	52	61	0	1
N5.HOG0037565	198	4500.0	14	0	0	14	86	10	76	108	1	1
N5.HOG0037632	88	651.0	0	0	0	0	38	0	38	50	0	1
N5.HOG0037665	112	681.0	0	0	0	0	49	0	49	63	0	1
N5.HOG0037690	114	1464.0	10	0	0	10	47	1	46	58	0	1
N5.HOG0037691	92	1482.0	2	2	0	4	34	1	33	55	0	1
N5.HOG0037693	175	1746	13	0	0	13	84	6	78	84	0	1
N5.HOG0037735	91	1581	0	0	0	0	42	0	42	49	0	1
N5.HOG0037741	193	2838	3	12	0	15	88	7	81	97	0	1
N5.HOG0037745	137	2004	22	0	0	22	56	5	51	64	0	1
N5.HOG0037747	106	817.5	0	0	0	0	47	0	47	59	0	1
N5.HOG0037748	101	795	0	0	0	0	43	0	43	58	0	1
N5.HOG0037759	98	957.0	3	0	0	3	40	0	40	55	0	1
N5.HOG0037760	108	951.0	1	0	0	1	44	0	44	63	0	1
N5.HOG0037767	110	483.0	0	0	0	0	47	0	47	63	0	1
N5.HOG0037768	103	483	1	0	0	1	44	0	44	58	0	1
N5.HOG0037770	108	1410.0	20	0	0	20	55	11	44	44	1	1
N5.HOG0037817	98	1218.0	6	0	0	6	57	5	52	40	1	1
N5.HOG0037823	179	1998	14	2	0	14	62	6	56	109	0	1
N5.HOG0037858	96	978.0	0	0	0	0	41	0	41	55	0	1
N5.HOG0037859	111	897	3	0	0	3	42	1	41	67	1	1
N5.HOG0037868	147	3027	33	0	0	33	66	15	51	63	0	1
N5.HOG0037873	113	2448	29	0	0	29	47	18	29	55	1	1
N5.HOG0037875	96	1113.0	1	0	0	1	39	0	39	56	0	1
N5.HOG0037878	99	1032	5	0	0	5	45	2	43	51	0	1
N5.HOG0037955	105	363	0	0	0	0	43	0	43	62	0	1
N5.HOG0037962	178	1344.0	12	0	0	12	86	6	80	86	0	1
N5.HOG0038014	173	2943	22	0	0	22	63	11	52	99	1	1
N5.HOG0038050	120	573.0	0	0	0	0	48	0	48	72	0	1
N5.HOG0038056	162	1351.5	20	0	0	20	73	10	63	79	0	1
N5.HOG0038057	181	1302	38	4	0	39	72	8	64	78	0	1
N5.HOG0038061	94	861.0	1	0	0	1	38	1	37	56	0	1
N5.HOG0038121	186	2077.5	21	7	0	28	84	12	72	86	1	1
N5.HOG0038243	104	1128.0	0	0	0	0	43	0	43	61	0	1
N5.HOG0038280	150	1506.0	39	0	0	39	68	18	50	61	1	1
N5.HOG0038324	102	1272.0	0	0	0	0	40	0	40	62	0	1
N5.HOG0038377	184	2856.0	6	0	0	6	82	3	79	99	0	1
N5.HOG0038418	201	3561	6	0	0	6	88	1	87	108	0	1
N5.HOG0038423	134	1815.0	6	0	0	6	56	1	55	73	0	1
N5.HOG0038436	98	933.0	4	0	0	4	47	3	44	50	0	1
N5.HOG0038444	93	1104	0	0	0	0	41	0	41	52	0	1
N5.HOG0038448	99	1206	1	0	0	1	42	1	41	57	0	1
N5.HOG0038471	99	606	0	0	0	0	41	0	41	58	0	1
N5.HOG0038477	101	2172	0	0	0	0	42	0	42	59	0	1
N5.HOG0038490	96	747.0	0	0	0	0	42	0	42	54	0	1
N5.HOG0038491	111	786	1	0	0	1	48	1	47	63	0	1
N5.HOG0038506	83	435	0	0	0	0	35	0	35	48	0	1
N5.HOG0038544	114	1689.0	16	0	0	16	47	7	40	58	0	1
N5.HOG0038592	111	645	7	0	0	7	39	1	38	66	0	1
N5.HOG0038628	141	1263	4	0	0	4	66	4	62	75	0	1
N5.HOG0038631	92	1072.5	3	0	0	3	39	0	39	50	0	1
N5.HOG0038632	86	1083.0	4	0	0	4	34	3	31	51	0	1
N5.HOG0038634	97	363	0	0	0	0	40	0	40	57	0	1
N5.HOG0038636	113	1308	7	0	0	7	44	4	40	66	0	1
N5.HOG0038686	171	2523	30	2	0	32	48	5	43	96	1	1
N5.HOG0038691	154	1770.0	41	2	0	43	68	26	42	69	0	1
N5.HOG0038692	145	1341	44	0	0	44	50	30	20	81	0	1
N5.HOG0038717	105	906	0	0	0	0	44	0	44	61	0	1
N5.HOG0038910	192	3868.5	42	0	0	42	83	11	72	78	1	1
N5.HOG0038912	205	2778	37	0	0	37	105	18	87	81	1	1
N5.HOG0038916	167	1086	69	0	0	69	79	36	43	55	1	1
N5.HOG0038918	158	2059.5	37	0	0	37	71	7	64	57	0	1
N5.HOG0038921	150	3625.5	20	0	0	20	51	8	43	87	1	1
N5.HOG0039027	103	1173	15	0	0	15	39	8	31	57	0	1
N5.HOG0039078	112	3196.5	32	0	0	32	35	13	22	58	0	1
N5.HOG0039080	94	306.0	0	0	0	0	43	0	43	51	0	1
N5.HOG0039081	105	306	0	0	0	0	44	0	44	61	0	1
N5.HOG0039115	93	1776	6	0	0	6	40	4	36	51	0	1
N5.HOG0039158	204	783.0	14	0	0	14	71	6	65	125	0	1
N5.HOG0039261	201	762	0	2	0	2	85	0	85	114	0	1
N5.HOG0039262	84	300.0	0	0	0	0	39	0	39	45	0	1
N5.HOG0039263	111	300	0	0	0	0	51	0	51	60	0	1
N5.HOG0039285	83	1116	1	0	0	1	44	0	44	38	0	1
N5.HOG0039287	99	1152	3	0	0	3	36	2	34	62	0	1
N5.HOG0039289	165	1062	21	2	0	21	86	15	71	73	0	1
N5.HOG0039290	202	615.0	2	2	0	4	84	2	82	116	0	1
N5.HOG0039357	121	708	8	0	0	8	49	6	43	70	0	1
N5.HOG0039358	83	654	1	0	0	1	30	0	30	52	0	1
N5.HOG0039360	113	717	4	0	0	4	46	2	44	65	0	1
N5.HOG0039393	164	1527.0	23	0	0	23	85	19	66	75	0	1
N5.HOG0039409	205	1494	41	0	0	41	71	11	60	104	0	1
N5.HOG0039412	140	1653.0	5	0	0	5	80	2	78	57	0	1
N5.HOG0039422	167	2040	19	0	0	19	72	12	60	88	1	1
N5.HOG0039445	100	1348.5	16	0	0	16	43	9	34	50	1	1
N5.HOG0039457	117	951	0	0	0	0	47	0	47	70	0	1
N5.HOG0039484	184	2830.5	9	0	0	9	76	5	71	104	0	1
N5.HOG0039544	114	735.0	1	0	0	1	46	0	46	67	0	1
N5.HOG0039545	81	723	4	0	0	4	30	0	30	47	0	1
N5.HOG0039595	106	525.0	0	0	0	0	41	0	41	65	0	1
N5.HOG0039727	117	1347	36	0	0	36	61	24	37	44	1	1
N5.HOG0039799	90	492.0	0	0	0	0	42	0	42	48	0	1
N5.HOG0039803	131	324	3	0	0	3	46	2	44	84	1	1
N5.HOG0039805	197	528	1	0	0	1	86	1	85	111	0	1
N5.HOG0039806	104	399.0	0	0	0	0	43	0	43	61	0	1
N5.HOG0039807	95	372	0	0	0	0	42	0	42	53	0	1
N5.HOG0039848	103	471	1	0	0	1	40	0	40	62	0	1
N5.HOG0039879	98	1197.0	5	0	0	5	41	3	38	55	0	1
N5.HOG0039882	161	990	20	0	0	20	80	11	69	72	0	1
N5.HOG0039885	194	2688.0	1	0	0	1	83	0	83	110	0	1
N5.HOG0039934	139	663	12	0	0	12	66	5	61	66	0	1
N5.HOG0039959	107	1458	6	0	0	6	45	1	44	57	0	1
N5.HOG0039961	170	3727.5	41	0	0	41	76	27	49	80	1	1
N5.HOG0039973	123	1998	12	0	0	12	52	4	48	63	1	1
N5.HOG0039977	195	1404	66	0	0	66	70	20	50	79	0	1
N5.HOG0040013	150	3708.0	15	0	0	15	65	7	58	77	0	1
N5.HOG0040014	193	999	12	0	0	12	122	9	113	68	0	1
N5.HOG0040030	198	1275.0	42	0	0	42	76	18	58	98	0	1
N5.HOG0040133	153	780	9	0	0	9	70	5	65	79	0	1
N5.HOG0040150	191	1620	2	0	0	2	81	1	80	109	0	1
N5.HOG0040152	198	1647.0	39	2	0	41	80	21	59	98	0	1
N5.HOG0040178	199	1323	40	0	0	40	74	11	63	96	0	1
N5.HOG0040185	99	888	5	0	0	5	44	2	42	52	0	1
N5.HOG0040211	104	1425.0	7	0	0	7	39	3	36	61	0	1
N5.HOG0040213	169	3771	21	0	0	21	64	4	60	88	0	1
N5.HOG0040215	108	873.0	2	0	0	2	42	0	42	64	0	1
N5.HOG0040216	85	987	2	0	0	2	46	1	45	38	0	1
N5.HOG0040254	166	2010.0	23	0	0	23	59	11	48	95	0	1
N5.HOG0040278	132	2908.5	34	0	0	34	50	16	34	64	0	1
N5.HOG0040346	167	2712	2	0	0	2	68	2	66	99	0	1
N5.HOG0040381	192	2175.0	51	0	0	51	75	20	55	86	1	1
N5.HOG0040387	98	1509.0	5	0	0	5	36	1	35	58	0	1
N5.HOG0040419	135	1425	27	0	0	27	64	16	48	60	1	1
N5.HOG0040420	110	510.0	1	0	0	1	49	0	49	60	0	1
N5.HOG0040421	86	456.0	4	0	0	4	38	1	37	45	0	1
N5.HOG0040468	115	1962	25	0	0	25	48	14	34	56	1	1
N5.HOG0040534	173	1089	26	2	0	28	71	15	56	89	0	1
N5.HOG0040579	92	573.0	0	0	0	0	45	0	45	47	0	1
N5.HOG0040581	100	438.0	0	0	0	0	42	0	42	58	0	1
N5.HOG0040582	89	516	1	0	0	1	42	1	41	47	0	1
N5.HOG0040619	150	2776.5	14	2	0	16	79	9	70	64	1	1
N5.HOG0040654	195	513	0	0	0	0	81	0	81	114	0	1
N5.HOG0040749	134	2829.0	23	0	0	23	40	4	36	75	0	1
N5.HOG0040774	121	2844	25	0	0	25	60	5	55	41	1	1
N5.HOG0040776	127	1350	22	0	0	22	37	8	29	76	0	1
N5.HOG0040779	172	1641.0	2	0	0	2	67	0	67	103	0	1
N5.HOG0040788	130	2394.0	36	0	0	36	56	23	33	61	1	1
N5.HOG0040824	110	1593.0	2	0	0	2	48	2	46	62	0	1
N5.HOG0040825	125	1683	26	0	0	26	44	11	33	66	0	1
N5.HOG0040938	166	1248.0	8	0	0	8	63	0	63	95	0	1
N5.HOG0040942	198	603.0	6	0	0	6	91	4	87	105	0	1
N5.HOG0040944	166	1275.0	12	2	0	12	68	5	63	91	0	1
N5.HOG0040947	164	1071.0	16	0	0	16	77	5	72	76	1	1
N5.HOG0040969	110	3595.5	6	0	0	6	43	5	38	66	0	1
N5.HOG0041015	102	456.0	0	0	0	0	44	0	44	58	0	1
N5.HOG0041032	175	771	9	0	0	9	82	7	75	91	0	1
N5.HOG0041065	92	691.5	0	0	0	0	31	0	31	61	0	1
N5.HOG0041068	195	1218	28	0	0	28	76	6	70	97	1	1
N5.HOG0041097	156	1857.0	34	0	0	34	63	11	52	70	0	1
N5.HOG0041122	131	1230	17	0	0	17	80	11	69	45	1	1
N5.HOG0041159	101	1215	0	0	0	0	44	0	44	57	0	1
N5.HOG0041195	193	921	32	0	0	32	50	7	43	118	0	1
N5.HOG0041229	146	1633.5	30	0	0	30	68	13	55	61	0	1
N5.HOG0041237	126	2088.0	29	0	0	29	49	20	29	68	0	1
N5.HOG0041239	85	756	5	0	0	5	34	2	32	48	0	1
N5.HOG0041240	107	738	0	0	0	0	51	0	51	56	0	1
N5.HOG0041303	114	1017.0	6	0	0	6	47	1	46	62	0	1
N5.HOG0041350	83	645	0	0	0	0	29	0	29	54	0	1
N5.HOG0041352	89	651	0	0	0	0	30	0	30	59	0	1
N5.HOG0041381	195	687	0	2	0	2	86	0	86	107	0	1
N5.HOG0041383	162	922.5	11	0	0	11	79	4	75	76	0	1
N5.HOG0041410	198	4618.5	38	0	0	38	82	20	62	98	0	1
N5.HOG0041445	96	940.5	2	0	0	2	35	0	35	59	0	1
N5.HOG0041449	113	1761	5	0	0	5	45	1	44	64	0	1
N5.HOG0041454	184	1786.5	25	0	0	25	77	13	64	95	0	1
N5.HOG0041507	92	576.0	0	0	0	0	38	0	38	54	0	1
N5.HOG0041508	97	705	0	0	0	0	42	0	42	55	0	1
N5.HOG0041511	102	1041.0	0	0	0	0	42	0	42	60	0	1
N5.HOG0041512	88	951.0	6	0	0	6	31	3	28	54	1	1
N5.HOG0041541	147	2520	13	0	0	13	54	4	50	84	0	1
N5.HOG0041569	193	1173	51	0	0	51	87	27	60	82	1	1
N5.HOG0041634	129	2715	2	0	0	2	73	1	72	55	0	1
N5.HOG0041640	118	396.0	0	0	0	0	44	0	44	74	0	1
N5.HOG0041643	146	1401.0	34	0	0	34	78	18	60	52	1	1
N5.HOG0041645	196	654.0	0	0	0	0	79	0	79	117	0	1
N5.HOG0041646	98	1137.0	5	0	0	5	41	1	40	53	1	1
N5.HOG0041647	98	1108.5	11	0	0	11	40	6	34	53	0	1
N5.HOG0041752	99	879	15	0	0	15	59	8	51	33	0	1
N5.HOG0041782	121	1134	5	0	0	5	49	1	48	68	0	1
N5.HOG0041792	112	1161.0	2	0	0	2	49	1	48	62	0	1
N5.HOG0041797	100	1918.5	23	0	0	23	46	12	34	43	0	1
N5.HOG0041902	104	693.0	0	0	0	0	41	0	41	63	0	1
N5.HOG0041908	93	420	1	0	0	1	35	1	34	58	0	1
N5.HOG0041909	97	408	0	0	0	0	38	0	38	59	0	1
N5.HOG0041911	106	879.0	3	0	0	3	43	2	41	62	0	1
N5.HOG0041971	167	1695	21	0	0	21	62	8	54	92	0	1
N5.HOG0041972	78	615.0	1	0	0	1	27	1	26	51	0	1
N5.HOG0041973	100	600.0	0	0	0	0	33	0	33	67	0	1
N5.HOG0041998	187	1164	5	0	0	5	78	0	78	104	0	1
N5.HOG0042034	115	2031	6	0	0	6	52	1	51	58	0	1
N5.HOG0042081	108	447.0	0	0	0	0	47	0	47	61	0	1
N5.HOG0042107	183	858	7	0	0	7	62	3	59	117	0	1
N5.HOG0042108	113	900	4	0	0	4	49	1	48	61	1	1
N5.HOG0042170	135	2877	22	2	0	22	61	7	54	59	0	1
N5.HOG0042193	191	696	32	0	0	32	67	3	64	95	0	1
N5.HOG0042198	122	393.0	0	0	0	0	43	0	43	79	0	1
N5.HOG0042217	152	1971.0	23	0	0	23	69	13	56	73	1	1
N5.HOG0042219	175	594	1	0	0	1	74	0	74	100	0	1
N5.HOG0042271	122	1957.5	13	0	0	13	46	2	44	65	0	1
N5.HOG0042328	185	2148	16	0	0	16	67	4	63	106	0	1
N5.HOG0042348	98	1056.0	6	0	0	6	45	4	41	51	0	1
N5.HOG0042379	175	2052	4	0	0	4	73	0	73	98	0	1
N5.HOG0042392	180	1590.0	42	0	0	42	83	28	55	83	0	1
N5.HOG0042415	132	471.0	0	2	0	2	54	0	54	76	0	1
N5.HOG0042485	183	3342	5	0	0	5	68	1	67	111	0	1
N5.HOG0042489	116	1557.0	31	0	0	31	45	14	31	54	0	1
N5.HOG0042491	176	582.0	2	0	0	2	80	0	80	94	0	1
N5.HOG0042527	162	1756.5	15	0	0	15	63	4	59	88	0	1
N5.HOG0042539	160	2196.0	40	0	0	40	76	23	53	67	0	1
N5.HOG0042584	112	2445.0	24	0	0	24	55	8	47	41	0	1
N5.HOG0042586	183	828	15	0	0	15	54	6	48	120	0	1
N5.HOG0042587	184	1420.5	5	0	0	5	70	1	69	110	0	1
N5.HOG0042660	114	4804.5	16	0	0	16	43	11	32	66	0	1
N5.HOG0042689	108	954.0	5	2	0	6	42	2	40	62	0	1
N5.HOG0042691	175	495	1	0	0	1	52	1	51	123	1	1
N5.HOG0042718	184	795.0	0	0	0	0	72	0	72	112	0	1
N5.HOG0042791	129	2550	33	0	0	33	53	10	43	53	0	1
N5.HOG0042792	152	1756.5	12	0	0	12	71	7	64	76	0	1
N5.HOG0042801	90	2115.0	12	0	0	12	45	4	41	37	1	1
N5.HOG0042822	186	975.0	4	0	0	4	105	4	101	81	0	1
N5.HOG0042863	107	2667	19	0	0	19	56	7	49	39	0	1
N5.HOG0042892	93	1656	19	0	0	19	39	10	29	45	0	1
N5.HOG0042919	109	1173	4	0	0	4	47	0	47	58	0	1
N5.HOG0042922	122	1524.0	1	9	0	10	48	0	48	64	0	1
N5.HOG0042940	97	717	0	0	0	0	47	0	47	50	0	1
N5.HOG0042953	98	3114.0	1	0	0	1	54	0	54	43	0	1
N5.HOG0043007	144	1371.0	2	2	0	4	59	3	56	84	1	1
N5.HOG0043020	121	564	0	0	0	0	56	0	56	65	0	1
N5.HOG0043022	142	1626.0	12	6	0	18	58	9	49	75	0	1
N5.HOG0043101	182	1176.0	45	0	0	45	91	24	67	70	1	1
N5.HOG0043118	96	2052.0	32	0	0	32	43	20	23	41	1	1
N5.HOG0043153	133	1710	24	0	0	24	63	15	48	61	0	1
N5.HOG0043156	102	1609.5	16	0	0	16	39	8	31	55	0	1
N5.HOG0043163	161	1737	9	0	0	9	69	3	66	86	0	1
N5.HOG0043172	175	2229	3	0	0	3	77	1	76	96	0	1
N5.HOG0043175	110	1398.0	14	0	0	14	44	6	38	58	0	1
N5.HOG0043273	87	387	0	0	0	0	42	0	42	45	0	1
N5.HOG0043274	144	1392.0	7	0	0	7	64	5	59	78	0	1
N5.HOG0043353	126	948.0	1	0	0	1	71	1	70	55	0	1
N5.HOG0043377	120	810.0	35	0	0	35	57	15	42	43	0	1
N5.HOG0043408	174	615.0	0	0	0	0	76	0	76	98	0	1
N5.HOG0043513	170	2046.0	1	0	0	1	86	0	86	83	0	1
N5.HOG0043542	161	1566	17	9	0	26	66	11	55	80	0	1
N5.HOG0043645	111	4074	20	0	0	20	56	8	48	43	1	1
N5.HOG0043648	80	453.0	0	0	0	0	42	0	42	38	0	1
N5.HOG0043649	100	444.0	0	0	0	0	42	0	42	58	0	1
N5.HOG0043730	110	2410.5	23	0	0	23	49	14	35	52	0	1
N5.HOG0043744	179	669	32	0	0	32	70	10	60	87	0	1
N5.HOG0043746	108	363.0	0	0	0	0	43	0	43	65	0	1
N5.HOG0043747	141	2184	39	0	0	39	65	15	50	52	1	1
N5.HOG0043756	173	1182	16	0	0	16	74	5	69	88	0	1
N5.HOG0043801	108	1414.5	11	0	0	11	42	7	35	62	0	1
N5.HOG0043841	163	1290	8	0	0	8	111	3	108	47	0	1
N5.HOG0043875	176	1284.0	2	0	0	2	79	1	78	96	0	1
N5.HOG0043955	88	2047.5	11	0	0	11	36	5	31	46	0	1
N5.HOG0043966	181	456	0	0	0	0	87	0	87	94	0	1
N5.HOG0043967	174	1455.0	7	2	0	9	60	5	55	110	0	1
N5.HOG0043968	176	1413.0	41	0	0	41	65	13	52	83	0	1
N5.HOG0044023	180	384.0	0	0	0	0	112	0	112	68	0	1
N5.HOG0044030	121	2406	26	0	0	26	56	13	43	52	1	1
N5.HOG0044104	176	2544.0	18	0	0	18	64	7	57	101	0	1
N5.HOG0044105	88	1197.0	7	0	0	7	37	5	32	49	0	1
N5.HOG0044112	154	1222.5	23	0	0	23	73	7	66	65	0	1
N5.HOG0044150	138	2131.5	17	0	0	17	47	6	41	80	0	1
N5.HOG0044216	94	438.0	0	0	0	0	39	0	39	55	0	1
N5.HOG0044226	124	618.0	2	0	0	2	53	2	51	71	0	1
N5.HOG0044266	175	2559	9	0	0	9	78	1	77	89	0	1
N5.HOG0044303	118	1873.5	24	0	0	24	37	10	27	67	0	1
N5.HOG0044310	112	1365.0	23	0	0	23	47	6	41	48	1	1
N5.HOG0044323	107	801	1	0	0	1	44	0	44	62	0	1
N5.HOG0044325	179	1143	6	0	0	6	84	3	81	92	0	1
N5.HOG0044336	183	729	2	0	0	2	111	2	109	72	0	1
N5.HOG0044339	155	2853	42	0	0	42	69	21	48	65	0	1
N5.HOG0044350	182	1129.5	17	0	0	17	104	10	94	71	1	1
N5.HOG0044354	84	970.5	3	0	0	3	43	0	43	38	0	1
N5.HOG0044361	177	1311	28	2	0	30	70	7	63	84	0	1
N5.HOG0044395	128	1536.0	10	2	0	12	74	7	67	49	0	1
N5.HOG0044423	103	714	0	0	0	0	45	0	45	58	0	1
N5.HOG0044434	110	1392.0	7	0	0	7	46	4	42	61	0	1
N5.HOG0044445	129	768	0	0	0	0	57	0	57	72	0	1
N5.HOG0044522	145	2856	9	0	0	9	56	4	52	84	1	1
N5.HOG0044523	161	1209	20	0	0	20	68	14	54	87	0	1
N5.HOG0044549	165	1410	11	0	0	11	67	4	63	91	0	1
N5.HOG0044576	163	618	2	0	0	2	70	1	69	92	0	1
N5.HOG0044594	182	372.0	0	0	0	0	76	0	76	106	0	1
N5.HOG0044603	151	1149	4	0	0	4	53	3	50	97	0	1
N5.HOG0044620	134	3354.0	24	0	0	24	54	12	42	68	1	1
N5.HOG0044635	91	1920	11	0	0	11	40	6	34	46	0	1
N5.HOG0044638	85	609	0	0	0	0	37	0	37	48	0	1
N5.HOG0044639	86	882.0	0	0	0	0	35	0	35	51	0	1
N5.HOG0044640	175	1038	0	0	0	0	78	0	78	97	0	1
N5.HOG0044645	121	3927	23	0	0	23	56	12	44	54	1	1
N5.HOG0044684	102	1851.0	23	0	0	23	29	13	16	63	0	1
N5.HOG0044706	178	825.0	10	0	0	10	70	6	64	104	0	1
N5.HOG0044717	152	2220.0	17	0	0	17	63	7	56	79	1	1
N5.HOG0044755	119	7032	18	0	0	18	50	5	45	56	0	1
N5.HOG0044921	147	900	3	0	0	3	65	2	63	81	0	1
N5.HOG0044924	149	2097	1	0	0	1	58	0	58	90	0	1
N5.HOG0044946	146	1621.5	34	0	0	34	70	20	50	62	0	1
N5.HOG0044950	135	3882	27	0	0	27	72	16	56	52	0	1
N5.HOG0044954	171	1932	27	0	0	27	67	8	59	85	0	1
N5.HOG0044957	153	1242	20	0	0	20	74	7	67	66	0	1
N5.HOG0044961	129	1533	23	0	0	23	59	15	44	62	0	1
N5.HOG0044966	122	774.0	1	0	0	1	45	0	45	76	0	1
N5.HOG0045002	172	1230.0	1	0	0	1	64	0	64	107	0	1
N5.HOG0045142	110	1857.0	14	0	0	14	58	5	53	43	1	1
N5.HOG0045170	92	2349.0	5	0	0	5	40	2	38	49	0	1
N5.HOG0045177	114	975.0	23	0	0	23	47	11	36	55	0	1
N5.HOG0045197	116	1020.0	10	0	0	10	28	4	24	82	1	1
N5.HOG0045202	131	1638	28	0	0	28	74	19	55	48	1	1
N5.HOG0045216	153	840	0	0	0	0	75	0	75	78	0	1
N5.HOG0045251	111	2811	12	0	0	12	48	8	40	59	1	1
N5.HOG0045291	137	1524	6	0	0	6	74	2	72	59	0	1
N5.HOG0045308	173	921	4	0	0	4	82	2	80	89	0	1
N5.HOG0045323	128	5466.0	29	0	0	29	53	8	45	54	0	1
N5.HOG0045324	98	1305.0	7	0	0	7	39	3	36	55	0	1
N5.HOG0045350	89	1383	12	0	0	12	33	5	28	49	0	1
N5.HOG0045378	174	1075.5	25	0	0	25	88	13	75	74	0	1
N5.HOG0045379	174	1677.0	17	0	0	17	87	10	77	80	0	1
N5.HOG0045385	136	780.0	5	0	0	5	66	5	61	70	0	1
N5.HOG0045407	130	849.0	0	0	0	0	50	0	50	80	0	1
N5.HOG0045452	172	450.0	0	0	0	0	74	0	74	98	0	1
N5.HOG0045460	172	1038.0	19	0	0	19	59	3	56	97	0	1
N5.HOG0045479	166	2322.0	4	0	0	4	62	3	59	103	0	1
N5.HOG0045483	142	1489.5	7	0	0	7	64	4	60	75	0	1
N5.HOG0045485	128	432.0	0	0	0	0	57	0	57	71	0	1
N5.HOG0045486	105	696	0	0	0	0	38	0	38	67	0	1
N5.HOG0045491	102	1563.0	0	0	0	0	42	0	42	60	0	1
N5.HOG0045582	96	1488.0	23	0	0	23	42	8	34	39	0	1
N5.HOG0045598	173	723	9	0	0	9	74	5	69	95	0	1
N5.HOG0045622	136	1572.0	1	0	0	1	52	0	52	83	0	1
N5.HOG0045623	168	4273.5	25	0	0	25	65	6	59	84	0	1
N5.HOG0045696	164	2643.0	19	0	0	19	66	3	63	82	1	1
N5.HOG0045699	171	1704	1	0	0	1	67	0	67	103	0	1
N5.HOG0045716	131	1176	4	0	0	4	56	0	56	71	0	1
N5.HOG0045802	162	1269.0	6	0	0	6	84	4	80	76	0	1
N5.HOG0045812	99	2046	29	0	0	29	36	15	21	49	0	1
N5.HOG0045838	108	861.0	3	0	0	3	50	0	50	55	0	1
N5.HOG0045856	165	495	4	0	0	4	66	2	64	97	0	1
N5.HOG0045876	174	603.0	0	0	0	0	85	0	85	89	0	1
N5.HOG0045895	103	1008	17	0	0	17	46	8	38	48	0	1
N5.HOG0045918	174	828.0	10	0	0	10	77	1	76	88	0	1
N5.HOG0045921	112	1269.0	9	0	0	9	56	2	54	49	0	1
N5.HOG0045924	164	816.0	19	2	0	21	74	8	66	77	0	1
N5.HOG0045945	174	1291.5	10	0	0	10	60	4	56	108	0	1
N5.HOG0045960	168	2661.0	24	0	0	24	67	16	51	93	0	1
N5.HOG0045962	149	2535	6	0	0	6	70	3	67	76	0	1
N5.HOG0045990	102	3628.5	23	0	0	23	46	8	38	41	1	1
N5.HOG0045995	134	2913.0	32	2	0	34	61	13	48	52	0	1
N5.HOG0046050	136	2322.0	14	2	0	16	59	9	50	70	0	1
N5.HOG0046082	113	843	0	0	0	0	45	0	45	68	0	1
N5.HOG0046103	160	1326.0	6	0	0	6	73	3	70	84	0	1
N5.HOG0046136	167	3381	0	0	0	0	70	0	70	97	0	1
N5.HOG0046137	169	2022	21	0	0	21	78	12	66	82	0	1
N5.HOG0046144	171	744	19	2	0	21	69	8	61	89	0	1
N5.HOG0046173	172	483.0	0	0	0	0	82	0	82	90	0	1
N5.HOG0046175	157	1668	36	0	0	36	76	21	55	66	0	1
N5.HOG0046224	113	1704	34	0	0	34	42	15	27	52	1	1
N5.HOG0046245	115	627	0	0	0	0	45	0	45	70	0	1
N5.HOG0046247	171	444	0	0	0	0	76	0	76	95	0	1
N5.HOG0046250	131	4434	20	0	0	20	57	8	49	62	0	1
N5.HOG0046252	155	1566	13	0	0	13	61	1	60	82	0	1
N5.HOG0046265	160	3318.0	10	9	0	19	64	8	56	85	0	1
N5.HOG0046293	156	2118.0	34	0	0	34	83	24	59	63	0	1
N5.HOG0046305	92	807.0	1	0	0	1	41	1	40	51	0	1
N5.HOG0046377	150	3663.0	17	0	0	17	62	2	60	73	0	1
N5.HOG0046378	127	624	2	0	0	2	60	1	59	66	0	1
N5.HOG0046381	168	1650.0	0	0	0	0	79	0	79	89	0	1
N5.HOG0046390	92	1566.0	24	0	0	24	36	15	21	47	0	1
N5.HOG0046401	139	3789	38	0	0	38	62	21	41	60	0	1
N5.HOG0046429	169	1374	27	0	0	27	57	4	53	89	0	1
N5.HOG0046465	119	1257	3	0	0	3	50	1	49	67	0	1
N5.HOG0046539	145	879	11	2	0	13	68	6	62	70	0	1
N5.HOG0046563	104	1881.0	1	4	0	5	36	0	36	63	0	1
N5.HOG0046568	160	3858.0	52	0	0	52	83	39	44	64	0	1
N5.HOG0046571	126	1362.0	8	2	0	10	44	0	44	72	0	1
N5.HOG0046610	110	1819.5	21	0	0	21	43	10	33	56	1	1
N5.HOG0046621	86	801.0	2	0	0	2	35	2	33	51	0	1
N5.HOG0046623	102	420.0	0	0	0	0	39	0	39	63	0	1
N5.HOG0046641	120	3216.0	16	0	0	16	65	8	57	47	0	1
N5.HOG0046680	142	1158.0	14	2	0	16	56	6	50	76	0	1
N5.HOG0046771	137	522	2	0	0	2	54	1	53	82	0	1
N5.HOG0046775	167	525	0	0	0	0	79	0	79	88	0	1
N5.HOG0046788	147	1047	3	0	0	3	53	0	53	91	0	1
N5.HOG0046830	120	3579.0	24	0	0	24	55	14	41	55	1	1
N5.HOG0046839	169	2766	51	0	0	51	74	27	47	71	0	1
N5.HOG0046868	91	687	7	0	0	7	35	4	31	53	0	1
N5.HOG0046871	169	975	1	0	0	1	69	0	69	99	0	1
N5.HOG0046872	167	411	0	0	0	0	71	0	71	96	0	1
N5.HOG0046894	86	330.0	0	0	0	0	31	0	31	55	0	1
N5.HOG0046897	105	2337	31	2	0	32	39	11	28	45	0	1
N5.HOG0046925	153	3627	38	0	0	38	64	21	43	72	1	1
N5.HOG0046935	128	852.0	14	0	0	14	39	0	39	75	0	1
N5.HOG0046964	113	642	1	0	0	1	43	0	43	69	0	1
N5.HOG0046985	168	594.0	1	0	0	1	76	0	76	91	0	1
N5.HOG0047033	171	816	8	0	0	8	91	4	87	76	0	1
N5.HOG0047052	164	1545.0	13	0	0	13	84	9	75	76	0	1
N5.HOG0047107	169	945	2	0	0	2	79	0	79	88	0	1
N5.HOG0047142	156	1996.5	39	0	0	39	68	19	49	68	0	1
N5.HOG0047145	150	1329.0	1	0	0	1	62	0	62	87	0	1
N5.HOG0047146	101	1479	6	0	0	6	40	1	39	56	0	1
N5.HOG0047150	153	5112	35	0	0	35	61	13	48	70	1	1
N5.HOG0047152	164	651.0	5	0	0	5	79	4	75	84	1	1
N5.HOG0047157	130	2832.0	29	0	0	29	63	11	52	49	0	1
N5.HOG0047183	115	6294	14	0	0	14	45	4	41	60	1	1
N5.HOG0047199	150	531.0	2	0	0	2	48	2	46	102	1	1
N5.HOG0047200	158	1245.0	0	0	0	0	73	0	73	85	0	1
N5.HOG0047206	104	357.0	0	0	0	0	42	0	42	62	0	1
N5.HOG0047291	164	363.0	2	0	0	2	85	2	83	79	0	1
N5.HOG0047292	166	1981.5	40	0	0	40	77	22	55	71	1	1
N5.HOG0047326	98	1443.0	29	0	0	29	41	15	26	43	1	1
N5.HOG0047329	116	1239.0	18	0	0	18	55	6	49	49	0	1
N5.HOG0047340	167	468	1	0	0	1	63	0	63	103	0	1
N5.HOG0047352	167	1188	9	0	0	9	67	1	66	92	0	1
N5.HOG0047356	164	447.0	0	0	0	0	69	0	69	95	0	1
N5.HOG0047402	89	1698	17	0	0	17	28	9	19	53	0	1
N5.HOG0047407	94	1333.5	2	0	0	2	45	0	45	47	0	1
N5.HOG0047415	147	1365	16	0	0	16	70	7	63	68	0	1
N5.HOG0047418	166	763.5	1	0	0	1	69	0	69	96	0	1
N5.HOG0047447	96	933.0	8	0	0	8	36	4	32	56	0	1
N5.HOG0047487	82	402.0	0	0	0	0	31	0	31	51	0	1
N5.HOG0047500	152	817.5	6	0	0	6	65	0	65	81	0	1
N5.HOG0047525	126	1155.0	23	0	0	23	58	9	49	54	1	1
N5.HOG0047568	108	769.5	3	0	0	3	46	0	46	59	0	1
N5.HOG0047576	163	861	33	2	0	34	65	13	52	77	0	1
N5.HOG0047579	145	3174	26	0	0	26	60	11	49	70	0	1
N5.HOG0047590	115	3858	27	0	0	27	33	10	23	65	0	1
N5.HOG0047617	162	997.5	27	0	0	27	74	13	61	74	0	1
N5.HOG0047628	167	891	6	0	0	6	89	5	84	77	0	1
N5.HOG0047632	138	1971.0	35	0	0	35	73	23	50	53	0	1
N5.HOG0047662	128	2241.0	23	0	0	23	50	15	35	70	1	1
N5.HOG0047663	164	1153.5	15	0	0	15	66	4	62	87	0	1
N5.HOG0047664	167	1260	23	0	0	23	64	11	53	91	1	1
N5.HOG0047681	158	2073.0	25	0	0	25	64	7	57	76	1	1
N5.HOG0047683	156	1389.0	19	0	0	19	64	10	54	83	1	1
N5.HOG0047758	132	1170.0	31	0	0	31	55	20	35	66	0	1
N5.HOG0047797	129	609	3	0	0	3	52	1	51	75	1	1
N5.HOG0047829	90	591.0	0	0	0	0	31	0	31	59	0	1
N5.HOG0047837	135	2031	16	0	0	16	55	2	53	66	0	1
N5.HOG0047839	163	1395	30	0	0	30	75	16	59	74	0	1
N5.HOG0047848	127	624	0	0	0	0	50	0	50	77	0	1
N5.HOG0047855	84	1725.0	18	0	0	18	40	7	33	33	0	1
N5.HOG0047895	134	1651.5	24	2	0	26	55	14	41	67	0	1
N5.HOG0047928	88	972.0	4	0	0	4	39	3	36	48	0	1
N5.HOG0047935	83	435	0	0	0	0	43	0	43	40	0	1
N5.HOG0047946	121	621	0	0	0	0	42	0	42	79	0	1
N5.HOG0047947	158	1428.0	4	0	0	4	64	3	61	93	0	1
N5.HOG0048044	139	2604	13	0	0	13	62	5	57	69	1	1
N5.HOG0048063	113	633	0	0	0	0	61	0	61	52	0	1
N5.HOG0048096	119	2094	26	0	0	26	49	18	31	62	1	1
N5.HOG0048112	126	1465.5	22	0	0	22	41	6	35	69	0	1
N5.HOG0048186	96	1395.0	0	0	0	0	40	0	40	56	0	1
N5.HOG0048189	159	1953	39	0	0	39	64	13	51	69	0	1
N5.HOG0048201	128	2109.0	13	2	0	15	41	5	36	77	0	1
N5.HOG0048225	166	1309.5	33	0	0	33	47	16	31	102	0	1
N5.HOG0048271	159	1206	7	2	0	9	78	3	75	75	0	1
N5.HOG0048274	107	960	0	0	0	0	44	0	44	63	0	1
N5.HOG0048306	160	1071.0	5	0	0	5	68	1	67	88	0	1
N5.HOG0048321	158	1935.0	8	0	0	8	49	0	49	101	0	1
N5.HOG0048336	96	1497.0	13	0	0	13	38	4	34	49	0	1
N5.HOG0048337	162	1542.0	13	0	0	13	80	5	75	74	1	1
N5.HOG0048349	151	1335	3	0	0	3	61	2	59	89	0	1
N5.HOG0048399	164	615.0	0	0	0	0	74	0	74	90	0	1
N5.HOG0048400	162	1317.0	11	2	0	11	63	5	58	93	1	1
N5.HOG0048435	162	1549.5	40	0	0	40	65	15	50	72	0	1
N5.HOG0048453	147	1989	26	0	0	26	51	4	47	74	1	1
N5.HOG0048454	131	1308	23	0	0	23	59	7	52	56	0	1
N5.HOG0048462	110	2398.5	30	0	0	30	49	26	23	57	0	1
N5.HOG0048466	146	1572.0	5	0	0	5	46	0	46	95	0	1
N5.HOG0048489	112	1752.0	32	0	0	32	38	9	29	51	0	1
N5.HOG0048496	110	1008.0	3	0	0	3	48	1	47	60	0	1
N5.HOG0048497	161	1623	24	0	0	24	63	11	52	85	0	1
N5.HOG0048515	153	603	0	0	0	0	61	0	61	92	0	1
N5.HOG0048529	134	1693.5	18	0	0	18	55	11	44	72	0	1
N5.HOG0048531	159	1101	25	0	0	25	68	10	58	76	0	1
N5.HOG0048540	113	3192	24	0	0	24	44	5	39	50	0	1
N5.HOG0048551	142	1254.0	19	0	0	19	64	8	56	67	0	1
N5.HOG0048571	152	3678.0	27	0	0	27	75	19	56	69	1	1
N5.HOG0048590	155	759	9	0	0	9	75	7	68	78	1	1
N5.HOG0048599	112	1632.0	20	0	0	20	57	12	45	47	0	1
N5.HOG0048619	161	1053	5	1	0	6	83	6	77	78	0	1
N5.HOG0048621	131	1227	21	9	0	30	64	19	45	56	0	1
N5.HOG0048622	101	2196	11	0	0	11	27	6	21	69	0	1
N5.HOG0048626	114	1863.0	30	0	0	30	47	13	34	50	1	1
N5.HOG0048666	141	660	6	0	0	6	73	2	71	64	0	1
N5.HOG0048721	128	3223.5	37	0	0	37	66	26	40	51	0	1
N5.HOG0048724	141	3786	25	0	0	25	53	8	45	71	0	1
N5.HOG0048737	153	1542	0	0	0	0	72	0	72	81	0	1
N5.HOG0048760	122	3435.0	10	0	0	10	48	1	47	65	0	1
N5.HOG0048764	104	1816.5	15	0	0	15	45	6	39	50	0	1
N5.HOG0048833	149	1239	2	0	0	2	56	1	55	92	1	1
N5.HOG0048857	120	882.0	1	0	0	1	49	0	49	70	0	1
N5.HOG0048867	127	2220	32	0	0	32	56	12	44	51	1	1
N5.HOG0048870	133	762	22	0	0	22	63	17	46	65	0	1
N5.HOG0048881	80	3835.5	10	0	0	10	35	7	28	42	0	1
N5.HOG0048900	105	798	0	0	0	0	41	0	41	64	0	1
N5.HOG0048918	135	1599	40	0	0	40	60	19	41	54	0	1
N5.HOG0048919	161	729	14	0	0	14	67	8	59	88	0	1
N5.HOG0048939	159	822	6	1	0	7	77	2	75	77	0	1
N5.HOG0048982	146	1308.0	8	0	0	8	56	2	54	84	1	1
N5.HOG0048984	153	852	6	0	0	6	48	0	48	99	0	1
N5.HOG0049006	157	1581	15	6	0	21	83	12	71	65	1	1
N5.HOG0049044	107	1089	12	0	0	12	58	5	53	42	0	1
N5.HOG0049061	105	1149	2	0	0	2	42	1	41	62	0	1
N5.HOG0049066	120	1107.0	1	0	0	1	49	0	49	70	0	1
N5.HOG0049072	163	843	15	0	0	15	64	2	62	86	0	1
N5.HOG0049119	146	1591.5	12	0	0	12	61	7	54	80	0	1
N5.HOG0049127	112	1737.0	13	0	0	13	47	5	42	57	1	1
N5.HOG0049132	114	1788.0	19	0	0	19	47	3	44	51	0	1
N5.HOG0049191	108	1458.0	0	0	0	0	45	0	45	63	0	1
N5.HOG0049214	145	2001	20	0	0	20	48	4	44	81	0	1
N5.HOG0049216	158	2587.5	36	0	0	36	63	12	51	71	0	1
N5.HOG0049220	118	1191.0	6	0	0	6	48	0	48	64	0	1
N5.HOG0049247	132	2805.0	41	0	0	41	58	25	33	58	0	1
N5.HOG0049256	145	1512	9	0	0	9	60	6	54	82	1	1
N5.HOG0049261	157	954	20	0	0	20	66	9	57	80	0	1
N5.HOG0049268	104	1158.0	8	0	0	8	46	5	41	55	0	1
N5.HOG0049269	159	774	5	0	0	5	64	2	62	92	0	1
N5.HOG0049287	157	906	16	2	0	18	70	9	61	78	0	1
N5.HOG0049325	92	1581.0	15	0	0	15	41	5	36	41	1	1
N5.HOG0049336	158	1053.0	11	0	0	11	76	4	72	75	0	1
N5.HOG0049348	132	1323.0	12	2	0	12	64	9	55	65	0	1
N5.HOG0049391	127	1869	6	0	0	6	51	3	48	73	0	1
N5.HOG0049395	113	2853	3	0	0	3	44	0	44	66	0	1
N5.HOG0049403	141	1011	5	2	0	7	53	1	52	82	0	1
N5.HOG0049457	127	2259	15	0	0	15	52	6	46	66	0	1
N5.HOG0049459	83	711	2	0	0	2	33	2	31	50	1	1
N5.HOG0049461	149	1587	33	0	0	33	69	16	53	63	0	1
N5.HOG0049463	163	2052	7	0	0	7	80	3	77	79	1	1
N5.HOG0049464	161	1566	15	0	0	15	57	6	51	95	1	1
N5.HOG0049528	103	2100	0	0	0	0	41	0	41	62	0	1
N5.HOG0049530	156	546.0	0	0	0	0	57	0	57	99	0	1
N5.HOG0049531	97	2436	23	0	0	23	35	7	28	46	0	1
N5.HOG0049543	100	3081.0	16	0	0	16	37	7	30	54	1	1
N5.HOG0049549	150	1332.0	16	0	0	16	56	2	54	80	0	1
N5.HOG0049551	129	315	0	2	0	2	71	2	69	58	0	1
N5.HOG0049555	89	1710	1	0	0	1	39	0	39	49	0	1
N5.HOG0049627	102	2271.0	20	0	0	20	45	10	35	47	1	1
N5.HOG0049680	132	2922.0	10	0	0	10	62	3	59	63	0	1
N5.HOG0049689	119	1380	19	0	0	19	54	8	46	54	1	1
N5.HOG0049735	150	3790.5	19	0	0	19	61	10	51	80	1	1
N5.HOG0049736	159	786	6	0	0	6	63	2	61	92	0	1
N5.HOG0049745	155	399	0	0	0	0	64	0	64	91	0	1
N5.HOG0049747	146	1288.5	5	0	0	5	63	1	62	79	0	1
N5.HOG0049749	121	1014	15	0	0	15	51	2	49	57	0	1
N5.HOG0049750	157	1269	34	0	0	34	63	12	51	72	0	1
N5.HOG0049780	156	888.0	5	5	0	10	58	4	54	92	0	1
N5.HOG0049782	111	1185	7	0	0	7	49	2	47	57	0	1
N5.HOG0049819	158	1363.5	19	0	0	19	68	6	62	77	0	1
N5.HOG0049830	150	939.0	19	0	0	19	56	7	49	82	1	1
N5.HOG0049835	154	1101.0	25	0	0	25	71	14	57	72	0	1
N5.HOG0049836	158	667.5	6	0	0	6	66	2	64	88	0	1
N5.HOG0049837	142	1758.0	18	0	0	18	52	5	47	77	0	1
N5.HOG0049877	129	873	6	0	0	6	47	2	45	78	1	1
N5.HOG0049883	120	2520.0	25	0	0	25	50	12	38	57	1	1
N5.HOG0049887	146	1269.0	25	0	0	25	61	11	50	71	0	1
N5.HOG0049889	160	1218.0	32	0	0	32	73	11	62	66	0	1
N5.HOG0049897	160	918.0	7	0	0	7	67	6	61	92	0	1
N5.HOG0049906	100	456.0	0	0	0	0	43	0	43	57	0	1
N5.HOG0049932	92	744.0	3	0	0	3	39	1	38	51	0	1
N5.HOG0049936	155	741	10	0	0	10	66	7	59	86	0	1
N5.HOG0049938	134	1476.0	19	0	0	19	60	7	53	62	0	1
N5.HOG0049961	158	1008.0	2	0	0	2	65	0	65	91	0	1
N5.HOG0049977	124	471.0	1	0	0	1	50	0	50	73	0	1
N5.HOG0050017	124	1144.5	11	0	0	11	47	6	41	72	0	1
N5.HOG0050021	106	1798.5	5	0	0	5	51	2	49	52	0	1
N5.HOG0050049	93	1044	8	0	0	8	41	3	38	47	1	1
N5.HOG0050057	158	1653.0	35	0	0	35	71	7	64	59	1	1
N5.HOG0050077	151	1575	1	4	0	5	64	0	64	82	0	1
N5.HOG0050079	151	1287	12	0	0	12	57	0	57	82	0	1
N5.HOG0050080	155	663	4	2	0	6	68	1	67	82	0	1
N5.HOG0050081	154	795.0	11	0	0	11	74	9	65	78	0	1
N5.HOG0050090	154	840.0	6	0	0	6	55	2	53	95	0	1
N5.HOG0050115	146	663.0	5	0	0	5	80	1	79	62	0	1
N5.HOG0050122	109	2535	16	0	0	16	37	8	29	64	0	1
N5.HOG0050136	131	2259	12	0	0	12	51	3	48	71	1	1
N5.HOG0050138	118	2340.0	21	0	0	21	50	5	45	52	1	1
N5.HOG0050149	125	1623	13	0	0	13	47	5	42	70	0	1
N5.HOG0050158	149	666	3	0	0	3	64	2	62	84	0	1
N5.HOG0050206	101	2385	27	0	0	27	36	15	21	53	1	1
N5.HOG0050208	151	864	5	0	0	5	69	2	67	79	0	1
N5.HOG0050233	153	906	5	0	0	5	54	0	54	94	0	1
N5.HOG0050249	137	2085	12	0	0	12	53	2	51	74	0	1
N5.HOG0050252	119	3756	17	0	0	17	45	3	42	60	0	1
N5.HOG0050266	87	2007	24	0	0	24	42	12	30	33	0	1
N5.HOG0050270	156	2118.0	37	0	0	37	67	19	48	71	0	1
N5.HOG0050287	155	1158	2	0	0	2	65	0	65	88	0	1
N5.HOG0050327	150	354.0	0	0	0	0	76	0	76	74	0	1
N5.HOG0050331	101	1413	30	0	0	30	38	8	30	41	0	1
N5.HOG0050334	106	2206.5	12	0	0	12	48	4	44	50	1	1
N5.HOG0050338	131	1332	12	0	0	12	52	7	45	74	0	1
N5.HOG0050374	94	2284.5	18	0	0	18	45	14	31	45	0	1
N5.HOG0050388	143	1731	8	0	0	8	53	2	51	84	1	1
N5.HOG0050397	150	1398.0	15	0	0	15	61	7	54	81	1	1
N5.HOG0050425	152	1144.5	11	0	0	11	61	3	58	83	1	1
N5.HOG0050433	149	2637	8	3	0	11	54	2	52	86	0	1
N5.HOG0050457	113	2127	10	0	0	10	51	5	46	57	0	1
N5.HOG0050479	102	2424.0	29	0	0	29	43	16	27	46	0	1
N5.HOG0050507	125	2361	10	0	0	10	51	6	45	70	1	1
N5.HOG0050514	142	2149.5	13	2	0	15	54	5	49	78	0	1
N5.HOG0050518	147	1605	32	0	0	32	64	15	49	66	0	1
N5.HOG0050520	88	766.5	7	0	0	7	38	5	33	48	0	1
N5.HOG0050523	124	1212.0	10	0	0	10	58	4	54	60	0	1
N5.HOG0050545	147	1551	5	0	0	5	58	0	58	84	0	1
N5.HOG0050592	94	2016.0	10	0	0	10	39	3	36	48	0	1
N5.HOG0050600	116	1185.0	1	0	0	1	59	1	58	57	0	1
N5.HOG0050625	156	1513.5	41	0	0	41	70	21	49	66	0	1
N5.HOG0050681	105	2289	20	0	0	20	44	4	40	45	1	1
N5.HOG0050687	151	669	0	2	0	2	63	2	61	88	0	1
N5.HOG0050688	154	1545.0	22	0	0	22	66	12	54	78	0	1
N5.HOG0050702	129	3234	14	2	0	16	45	6	39	74	0	1
N5.HOG0050755	110	1966.5	24	0	0	24	40	9	31	55	0	1
N5.HOG0050757	152	501.0	0	0	0	0	67	0	67	85	0	1
N5.HOG0050758	156	364.5	1	0	0	1	79	0	79	76	0	1
N5.HOG0050759	153	717	0	0	0	0	60	0	60	93	0	1
N5.HOG0050864	131	2025	22	1	0	23	55	9	46	62	0	1
N5.HOG0050866	142	576.0	0	0	0	0	63	0	63	79	0	1
N5.HOG0050867	142	1014.0	18	0	0	18	58	5	53	71	0	1
N5.HOG0050873	107	909	0	0	0	0	54	0	54	53	0	1
N5.HOG0050887	108	2184.0	14	0	0	14	48	2	46	48	0	1
N5.HOG0050919	150	1243.5	24	0	0	24	66	9	57	69	0	1
N5.HOG0050932	146	2166.0	17	2	0	19	53	3	50	77	0	1
N5.HOG0050934	136	1696.5	11	0	0	11	46	4	42	83	0	1
N5.HOG0050954	113	1146	0	0	0	0	49	0	49	64	0	1
N5.HOG0050967	121	2463	2	0	0	2	49	0	49	70	0	1
N5.HOG0050968	104	3288.0	12	0	0	12	55	9	46	46	1	1
N5.HOG0050970	152	1173.0	24	0	0	24	48	2	46	82	0	1
N5.HOG0050971	137	495	1	0	0	1	52	1	51	85	0	1
N5.HOG0050975	137	1041	10	0	0	10	46	0	46	81	0	1
N5.HOG0050976	121	1500	3	0	0	3	48	0	48	70	0	1
N5.HOG0050986	86	1494.0	18	0	0	18	38	10	28	40	1	1
N5.HOG0051006	111	1734	0	0	0	0	52	0	52	59	0	1
N5.HOG0051022	157	894	30	0	0	30	76	16	60	67	0	1
N5.HOG0051023	115	1278	3	2	0	4	47	3	44	67	0	1
N5.HOG0051038	154	1282.5	30	0	0	30	63	12	51	73	1	1
N5.HOG0051039	149	468	1	0	0	1	75	1	74	74	0	1
N5.HOG0051040	135	2289	1	0	0	1	48	0	48	86	0	1
N5.HOG0051043	125	1068	9	0	0	9	49	4	45	71	0	1
N5.HOG0051052	139	1452	2	0	0	2	69	2	67	70	1	1
N5.HOG0051078	100	1785.0	14	0	0	14	53	8	45	41	0	1
N5.HOG0051107	85	1071	7	0	0	7	39	2	37	41	0	1
N5.HOG0051110	135	1623	12	0	0	12	71	4	67	56	1	1
N5.HOG0051130	115	1530	3	0	0	3	51	2	49	63	0	1
N5.HOG0051178	121	2007	14	0	0	14	46	4	42	65	0	1
N5.HOG0051187	150	2844.0	20	1	0	21	57	11	46	83	1	1
N5.HOG0051200	116	2253.0	27	0	0	27	50	13	37	52	1	1
N5.HOG0051202	151	642	3	0	0	3	67	0	67	81	0	1
N5.HOG0051228	151	3210	36	0	0	36	58	13	45	70	0	1
N5.HOG0051281	103	429	0	0	0	0	42	0	42	61	0	1
N5.HOG0051314	150	2694.0	46	0	0	46	60	17	43	61	1	1
N5.HOG0051317	114	4287.0	8	0	0	8	46	1	45	61	0	1
N5.HOG0051318	121	3042	25	0	0	25	59	9	50	46	0	1
N5.HOG0051320	156	2485.5	29	0	0	29	74	16	58	69	1	1
N5.HOG0051341	121	2232	21	0	0	21	72	9	63	37	0	1
N5.HOG0051360	145	1170	26	0	0	26	58	8	50	69	0	1
N5.HOG0051429	141	1431	19	0	0	19	54	3	51	71	0	1
N5.HOG0051432	135	2205	7	0	0	7	60	3	57	71	1	1
N5.HOG0051442	143	522	0	0	0	0	46	0	46	97	0	1
N5.HOG0051445	121	1683	40	0	0	40	63	25	38	43	0	1
N5.HOG0051460	123	1956	16	0	0	16	57	11	46	61	1	1
N5.HOG0051469	154	1344.0	25	0	0	25	68	11	57	72	0	1
N5.HOG0051488	144	1461.0	33	0	0	33	66	21	45	66	1	1
N5.HOG0051491	127	1533	9	0	0	9	57	5	52	66	0	1
N5.HOG0051492	80	1260.0	0	0	0	0	41	0	41	39	0	1
N5.HOG0051516	152	1039.5	9	0	0	9	66	7	59	84	0	1
N5.HOG0051546	150	864.0	5	0	0	5	59	1	58	87	1	1
N5.HOG0051548	113	1287	18	5	0	20	45	8	37	56	0	1
N5.HOG0051567	112	2077.5	20	0	0	20	53	6	47	45	0	1
N5.HOG0051569	147	1215	14	0	0	14	57	3	54	79	0	1
N5.HOG0051614	99	399	0	0	0	0	37	0	37	62	0	1
N5.HOG0051615	115	744	2	0	0	2	46	0	46	67	0	1
N5.HOG0051631	132	3415.5	23	0	0	23	56	11	45	64	0	1
N5.HOG0051633	148	1089.0	32	0	0	32	57	14	43	73	0	1
N5.HOG0051640	112	1908.0	6	0	0	6	45	4	41	65	1	1
N5.HOG0051646	137	768	2	0	0	2	65	1	64	71	0	1
N5.HOG0051649	110	2395.5	40	0	0	40	47	21	26	44	1	1
N5.HOG0051682	118	1711.5	24	1	0	25	52	14	38	55	0	1
N5.HOG0051689	95	3048	0	0	0	0	39	0	39	56	0	1
N5.HOG0051707	120	3051.0	32	0	0	32	51	14	37	51	1	1
N5.HOG0051720	145	1386	13	3	0	14	64	8	56	75	0	1
N5.HOG0051722	103	2661	9	0	0	9	49	2	47	47	0	1
N5.HOG0051756	104	1209.0	0	0	0	0	43	0	43	61	0	1
N5.HOG0051764	144	1698.0	39	0	0	39	59	15	44	61	1	1
N5.HOG0051785	149	2214	26	2	0	28	55	10	45	76	1	1
N5.HOG0051812	149	4263	27	0	0	27	55	9	46	76	0	1
N5.HOG0051834	151	2103	6	0	0	6	71	5	66	79	0	1
N5.HOG0051838	131	1095	17	0	0	17	53	4	49	65	0	1
N5.HOG0051863	144	963.0	9	2	0	11	68	4	64	69	0	1
N5.HOG0051864	150	610.5	0	0	0	0	58	0	58	92	0	1
N5.HOG0051865	148	1236.0	0	0	0	0	78	0	78	70	0	1
N5.HOG0051879	112	543.0	0	0	0	0	45	0	45	67	0	1
N5.HOG0051895	111	1863	1	0	0	1	59	0	59	51	0	1
N5.HOG0051917	138	1323.0	4	0	0	4	55	2	53	81	0	1
N5.HOG0051940	142	1099.5	29	2	0	31	58	13	45	66	0	1
N5.HOG0051989	151	798	2	0	0	2	62	0	62	87	0	1
N5.HOG0051990	115	774	2	0	0	2	49	1	48	65	0	1
N5.HOG0051992	153	564	0	0	0	0	78	0	78	75	0	1
N5.HOG0052079	134	1089.0	3	0	0	3	50	1	49	82	0	1
N5.HOG0052114	127	1209	21	2	0	23	52	8	44	60	0	1
N5.HOG0052115	151	1023	21	0	0	21	65	15	50	80	0	1
N5.HOG0052124	129	1212	12	0	0	12	51	4	47	70	0	1
N5.HOG0052135	139	447	1	0	0	1	69	0	69	69	0	1
N5.HOG0052138	96	1852.5	19	0	0	19	50	15	35	42	0	1
N5.HOG0052156	110	573.0	0	0	0	0	43	0	43	67	0	1
N5.HOG0052157	144	624.0	0	0	0	0	54	0	54	90	0	1
N5.HOG0052180	145	1194	6	0	0	6	61	0	61	78	0	1
N5.HOG0052184	146	1425.0	14	0	0	14	67	9	58	74	0	1
N5.HOG0052201	115	324	0	0	0	0	46	0	46	69	0	1
N5.HOG0052206	148	1219.5	21	3	0	24	62	11	51	73	0	1
N5.HOG0052216	148	1698.0	16	0	0	16	65	9	56	76	1	1
N5.HOG0052330	145	1305	15	0	0	15	70	8	62	68	0	1
N5.HOG0052367	121	1173	4	0	0	4	46	3	43	74	0	1
N5.HOG0052375	87	1131	0	0	0	0	43	0	43	44	0	1
N5.HOG0052378	145	1383	4	0	0	4	53	0	53	88	0	1
N5.HOG0052379	146	1029.0	2	0	0	2	56	2	54	90	1	1
N5.HOG0052384	147	954	9	0	0	9	52	4	48	90	0	1
N5.HOG0052387	106	1906.5	19	0	0	19	49	9	40	47	1	1
N5.HOG0052390	113	2427	29	0	0	29	54	15	39	45	0	1
N5.HOG0052434	148	1773.0	2	0	0	2	67	2	65	81	0	1
N5.HOG0052438	143	1668	11	0	0	11	63	3	60	72	0	1
N5.HOG0052479	136	1365.0	3	0	0	3	59	2	57	76	1	1
N5.HOG0052481	147	921	7	0	0	7	55	3	52	88	1	1
N5.HOG0052489	97	3432	14	2	0	14	35	5	30	53	1	1
N5.HOG0052497	114	1411.5	21	3	0	24	46	14	32	58	0	1
N5.HOG0052500	134	1713.0	6	0	0	6	62	3	59	69	0	1
N5.HOG0052515	130	1045.5	1	0	0	1	52	1	51	78	0	1
N5.HOG0052519	143	1821	12	0	0	12	52	1	51	80	0	1
N5.HOG0052535	148	657.0	0	0	0	0	58	0	58	90	0	1
N5.HOG0052536	145	2943	38	0	0	38	66	19	47	60	0	1
N5.HOG0052627	123	1320	3	0	0	3	51	0	51	69	0	1
N5.HOG0052662	117	825	5	0	0	5	44	1	43	69	0	1
N5.HOG0052673	98	2379.0	13	0	0	13	37	7	30	55	0	1
N5.HOG0052677	108	1990.5	19	0	0	19	45	8	37	52	1	1
N5.HOG0052687	105	1374	7	0	0	7	53	4	49	49	0	1
N5.HOG0052715	112	603.0	0	0	0	0	49	0	49	63	0	1
N5.HOG0052726	138	2820.0	18	0	0	18	52	7	45	75	0	1
N5.HOG0052727	145	654	3	0	0	3	55	2	53	89	0	1
N5.HOG0052733	100	2491.5	4	0	0	4	54	1	53	43	0	1
N5.HOG0052746	97	5052	0	0	0	0	39	0	39	58	0	1
N5.HOG0052764	132	2019.0	17	0	0	17	52	4	48	67	0	1
N5.HOG0052799	145	786	3	2	0	5	66	2	64	76	0	1
N5.HOG0052852	148	885.0	5	0	0	5	77	3	74	69	0	1
N5.HOG0052853	143	846	5	0	0	5	60	2	58	80	0	1
N5.HOG0052855	105	1341	0	0	0	0	45	0	45	60	0	1
N5.HOG0052897	144	1836.0	17	2	0	19	62	11	51	74	0	1
N5.HOG0052901	128	2421.0	11	0	0	11	45	2	43	74	0	1
N5.HOG0052947	135	1263	1	0	0	1	58	0	58	76	0	1
N5.HOG0052976	97	1338	0	0	0	0	51	0	51	46	0	1
N5.HOG0053011	149	936	4	0	0	4	69	2	67	78	0	1
N5.HOG0053081	145	426	0	0	0	0	67	0	67	78	0	1
N5.HOG0053089	146	1356.0	5	0	0	5	63	2	61	80	0	1
N5.HOG0053090	145	1488	23	1	0	24	57	8	49	72	0	1
N5.HOG0053107	139	621	3	0	0	3	63	2	61	75	0	1
N5.HOG0053135	121	2043	16	0	0	16	47	11	36	69	0	1
N5.HOG0053152	142	864.0	5	0	0	5	63	1	62	75	0	1
N5.HOG0053153	125	1107	1	2	0	3	55	2	53	69	0	1
N5.HOG0053164	110	2001.0	17	0	0	17	43	13	30	63	1	1
N5.HOG0053188	113	1686	12	0	0	12	48	5	43	58	0	1
N5.HOG0053190	140	1299.0	11	0	0	11	54	8	46	83	0	1
N5.HOG0053191	141	1080	2	0	0	2	54	1	53	86	1	1
N5.HOG0053192	143	1671	15	0	0	15	61	8	53	75	1	1
N5.HOG0053197	145	342	0	0	0	0	67	0	67	78	0	1
N5.HOG0053198	142	2167.5	32	2	0	33	57	12	45	64	0	1
N5.HOG0053203	126	2970.0	23	0	0	23	52	15	37	66	0	1
N5.HOG0053205	148	2109.0	7	0	0	7	58	2	56	85	0	1
N5.HOG0053223	144	693.0	3	0	0	3	61	0	61	80	0	1
N5.HOG0053276	120	2586.0	6	0	0	6	53	5	48	66	0	1
N5.HOG0053277	106	2446.5	15	2	0	17	55	11	44	45	0	1
N5.HOG0053294	128	2143.5	13	0	0	13	50	7	43	72	0	1
N5.HOG0053352	137	771	5	0	0	5	58	4	54	78	0	1
N5.HOG0053389	89	1611	6	1	0	7	52	4	48	34	0	1
N5.HOG0053398	145	1083	4	0	0	4	62	2	60	81	0	1
N5.HOG0053439	134	609.0	2	0	0	2	53	0	53	79	0	1
N5.HOG0053474	97	2052	1	0	0	1	49	0	49	47	0	1
N5.HOG0053477	104	3024.0	16	0	0	16	51	9	42	46	0	1
N5.HOG0053505	97	1056	3	0	0	3	52	2	50	44	0	1
N5.HOG0053508	122	2925.0	17	0	0	17	49	4	45	60	1	1
N5.HOG0053523	107	615	1	0	0	1	52	0	52	54	0	1
N5.HOG0053539	146	765.0	1	0	0	1	56	1	55	90	1	1
N5.HOG0053541	106	939.0	10	0	0	10	47	3	44	52	0	1
N5.HOG0053542	145	873	15	0	0	15	60	6	54	76	0	1
N5.HOG0053553	136	1944.0	3	0	0	3	54	1	53	80	0	1
N5.HOG0053555	99	1071	0	0	0	0	42	0	42	57	0	1
N5.HOG0053556	138	1083.0	14	0	0	14	71	9	62	62	0	1
N5.HOG0053557	142	1095.0	18	0	0	18	54	3	51	73	0	1
N5.HOG0053568	96	987.0	8	0	0	8	39	5	34	54	0	1
N5.HOG0053611	145	678	3	0	0	3	60	0	60	82	0	1
N5.HOG0053612	142	2103.0	8	2	0	10	68	9	59	73	0	1
N5.HOG0053613	147	1659	12	0	0	12	55	1	54	81	0	1
N5.HOG0053629	140	1008.0	15	2	0	17	72	14	58	65	0	1
N5.HOG0053643	92	2316.0	6	0	0	6	51	6	45	41	1	1
N5.HOG0053654	142	594.0	4	2	0	6	64	6	58	78	0	1
N5.HOG0053657	134	1476.0	1	0	0	1	49	1	48	85	0	1
N5.HOG0053694	90	636.0	0	0	0	0	33	0	33	57	0	1
N5.HOG0053700	139	1224	3	0	0	3	55	1	54	82	0	1
N5.HOG0053702	117	1710	6	0	0	6	45	0	45	66	0	1
N5.HOG0053703	138	1482.0	15	0	0	15	51	8	43	80	0	1
N5.HOG0053704	126	1992.0	6	0	0	6	54	2	52	68	1	1
N5.HOG0053718	88	2208.0	10	0	0	10	42	1	41	37	0	1
N5.HOG0053742	143	2616	19	0	0	19	58	7	51	73	0	1
N5.HOG0053753	100	2272.5	15	0	0	15	50	4	46	39	0	1
N5.HOG0053762	144	2020.5	16	0	0	16	52	5	47	81	0	1
N5.HOG0053763	132	978.0	3	0	0	3	56	3	53	76	0	1
N5.HOG0053766	133	1023	15	0	0	15	53	4	49	69	0	1
N5.HOG0053777	139	558	0	0	0	0	58	0	58	81	0	1
N5.HOG0053780	139	756	3	0	0	3	62	1	61	75	0	1
N5.HOG0053781	125	690	2	1	0	3	54	1	53	69	0	1
N5.HOG0053785	119	1035	1	0	0	1	37	0	37	81	0	1
N5.HOG0053800	132	1527.0	20	0	0	20	44	9	35	77	0	1
N5.HOG0053803	108	1371.0	15	0	0	15	52	9	43	50	0	1
N5.HOG0053805	143	1068	10	52	0	61	56	21	35	47	0	1
N5.HOG0053809	143	1461	0	1	0	1	66	1	65	77	0	1
N5.HOG0053820	136	867.0	0	0	0	0	69	0	69	67	0	1
N5.HOG0053823	128	2322.0	4	1	0	5	58	3	55	68	0	1
N5.HOG0053825	93	1962	6	0	0	6	51	5	46	41	0	1
N5.HOG0053831	111	2667	20	0	0	20	41	4	37	54	0	1
N5.HOG0053864	138	724.5	13	0	0	13	62	7	55	70	0	1
N5.HOG0053865	144	886.5	1	0	0	1	57	0	57	86	0	1
N5.HOG0053931	133	1770	0	0	0	0	52	0	52	81	0	1
N5.HOG0053943	116	1014.0	5	0	0	5	60	2	58	53	0	1
N5.HOG0053947	134	1263.0	21	0	0	21	55	9	46	67	0	1
N5.HOG0053951	108	984.0	2	0	0	2	60	0	60	46	0	1
N5.HOG0053952	145	1149	3	0	0	3	63	3	60	82	0	1
N5.HOG0053953	135	2376	29	0	0	29	56	11	45	61	1	1
N5.HOG0054003	122	2580.0	4	0	0	4	54	2	52	66	1	1
N5.HOG0054004	121	1326	0	0	0	0	49	0	49	72	0	1
N5.HOG0054006	141	1020	19	0	0	19	63	12	51	71	0	1
N5.HOG0054007	127	1881	15	0	0	15	47	5	42	70	1	1
N5.HOG0054026	144	954.0	4	0	0	4	61	4	57	83	0	1
N5.HOG0054027	140	1600.5	35	0	0	35	56	21	35	70	0	1
N5.HOG0054028	142	1131.0	7	3	0	10	63	1	62	70	0	1
N5.HOG0054029	139	1044	5	2	0	7	63	4	59	73	0	1
N5.HOG0054057	109	924	3	0	0	3	49	1	48	58	0	1
N5.HOG0054060	136	1315.5	5	0	0	5	51	0	51	80	0	1
N5.HOG0054061	144	486.0	2	0	0	2	62	0	62	80	0	1
N5.HOG0054062	116	1489.5	10	0	0	10	49	2	47	59	0	1
N5.HOG0054064	135	1380	6	0	0	6	50	1	49	80	0	1
N5.HOG0054084	128	1071.0	4	0	0	4	52	0	52	72	0	1
N5.HOG0054094	144	1725.0	25	0	0	25	69	15	54	65	0	1
N5.HOG0054095	143	1581	9	0	0	9	67	4	63	71	0	1
N5.HOG0054097	89	444	1	0	0	1	40	1	39	49	1	1
N5.HOG0054098	142	708.0	10	0	0	10	64	5	59	73	0	1
N5.HOG0054100	137	771	1	0	0	1	51	0	51	85	0	1
N5.HOG0054101	140	1242.0	17	0	0	17	53	6	47	76	1	1
N5.HOG0054121	140	1341.0	2	0	0	2	67	1	66	72	0	1
N5.HOG0054123	130	993.0	3	0	0	3	53	2	51	76	0	1
N5.HOG0054135	125	1716	33	0	0	33	55	10	45	47	0	1
N5.HOG0054138	99	1035	2	0	0	2	46	0	46	51	0	1
N5.HOG0054173	104	933.0	1	0	0	1	44	1	43	60	0	1
N5.HOG0054176	128	1692.0	17	0	0	17	47	4	43	68	0	1
N5.HOG0054177	137	1317	2	0	0	2	45	1	44	91	0	1
N5.HOG0054209	142	825.0	7	0	0	7	63	4	59	76	0	1
N5.HOG0054210	144	432.0	0	0	0	0	69	0	69	75	0	1
N5.HOG0054213	128	1500.0	11	0	0	11	49	2	47	70	0	1
N5.HOG0054225	119	2007	21	0	0	21	49	8	41	57	0	1
N5.HOG0054227	142	2806.5	34	0	0	34	53	10	43	65	1	1
N5.HOG0054232	142	796.5	1	2	0	3	64	1	63	76	0	1
N5.HOG0054283	143	1005	6	0	0	6	71	2	69	68	0	1
N5.HOG0054285	120	2673.0	17	0	0	17	43	7	36	67	0	1
N5.HOG0054294	118	687.0	0	0	0	0	47	0	47	71	0	1
N5.HOG0054296	138	751.5	19	1	0	20	63	9	54	64	0	1
N5.HOG0054356	112	807.0	6	0	0	6	51	3	48	58	1	1
N5.HOG0054359	112	900.0	0	0	0	0	50	0	50	62	0	1
N5.HOG0054369	139	861	1	0	0	1	61	1	60	78	0	1
N5.HOG0054370	138	921.0	4	0	0	4	55	3	52	82	0	1
N5.HOG0054371	128	816.0	3	0	0	3	57	3	54	71	0	1
N5.HOG0054387	97	1659	22	2	0	22	42	8	34	41	1	1
N5.HOG0054388	137	2169	19	0	0	19	51	2	49	69	1	1
N5.HOG0054389	143	1800	15	0	0	15	58	6	52	76	1	1
N5.HOG0054393	124	1038.0	4	0	0	4	55	1	54	66	0	1
N5.HOG0054397	113	1725	29	0	0	29	43	9	34	50	0	1
N5.HOG0054399	136	1401.0	13	0	0	13	46	3	43	80	0	1
N5.HOG0054403	94	1182.0	3	0	0	3	39	0	39	52	0	1
N5.HOG0054404	141	636	5	0	0	5	64	0	64	72	0	1
N5.HOG0054405	133	936	5	3	0	8	50	2	48	77	1	1
N5.HOG0054408	107	1197	2	0	0	2	48	0	48	57	0	1
N5.HOG0054409	139	2100	24	0	0	24	56	9	47	68	0	1
N5.HOG0054414	123	1797	13	2	0	13	55	7	48	62	0	1
N5.HOG0054434	125	1428	8	0	0	8	54	3	51	66	0	1
N5.HOG0054452	96	1101.0	6	0	0	6	39	0	39	51	0	1
N5.HOG0054457	100	2437.5	6	0	0	6	44	5	39	55	1	1
N5.HOG0054480	138	1239.0	0	0	0	0	59	0	59	79	0	1
N5.HOG0054488	140	1059.0	9	0	0	9	64	4	60	71	0	1
N5.HOG0054502	96	2110.5	3	0	0	3	46	0	46	47	0	1
N5.HOG0054505	117	1323	10	0	0	10	43	5	38	69	0	1
N5.HOG0054507	138	1810.5	32	0	0	32	58	16	42	64	0	1
N5.HOG0054511	89	3807	3	0	0	3	45	1	44	42	0	1
N5.HOG0054524	118	690.0	5	0	0	5	45	1	44	69	0	1
N5.HOG0054577	138	1024.5	30	0	0	30	43	9	34	74	0	1
N5.HOG0054578	139	1062	12	0	0	12	62	7	55	72	0	1
N5.HOG0054633	138	1392.0	12	0	0	12	50	1	49	77	0	1
N5.HOG0054637	122	2214.0	32	0	0	32	60	21	39	51	0	1
N5.HOG0054638	143	1053	9	0	0	9	53	1	52	82	1	1
N5.HOG0054640	121	1449	11	0	0	11	49	5	44	66	1	1
N5.HOG0054642	147	1407	10	0	0	10	46	4	42	95	1	1
N5.HOG0054713	110	1983.0	3	0	0	3	48	1	47	60	1	1
N5.HOG0054716	136	1384.5	35	0	0	35	59	20	39	62	0	1
N5.HOG0054717	145	741	9	3	0	9	70	6	64	72	0	1
N5.HOG0054726	141	936	9	0	0	9	56	5	51	81	0	1
N5.HOG0054727	132	807.0	2	0	0	2	60	1	59	71	0	1
N5.HOG0054746	137	798	1	0	0	1	56	0	56	80	0	1
N5.HOG0054752	138	984.0	13	0	0	13	57	7	50	75	1	1
N5.HOG0054785	98	1302.0	8	0	0	8	49	5	44	46	1	1
N5.HOG0054791	123	1104	14	0	0	14	77	8	69	40	1	1
N5.HOG0054795	127	1353	0	0	0	0	52	0	52	75	0	1
N5.HOG0054831	134	1014.0	6	0	0	6	60	4	56	72	0	1
N5.HOG0054832	143	486	0	0	0	0	53	0	53	90	0	1
N5.HOG0054842	109	1206	1	0	0	1	47	0	47	61	0	1
N5.HOG0054845	123	1134	19	0	0	19	52	6	46	58	0	1
N5.HOG0054849	118	1578.0	11	0	0	11	46	2	44	63	0	1
N5.HOG0054857	117	1962	13	0	0	13	45	4	41	63	1	1
N5.HOG0054866	129	555	1	0	0	1	51	0	51	77	0	1
N5.HOG0054874	141	540	1	4	0	5	54	3	51	85	0	1
N5.HOG0054876	124	960.0	3	0	0	3	56	2	54	67	0	1
N5.HOG0054877	140	1215.0	0	0	0	0	56	0	56	84	0	1
N5.HOG0054884	139	3135	10	0	0	10	51	0	51	78	0	1
N5.HOG0054889	141	390	0	0	0	0	68	0	68	73	0	1
N5.HOG0054901	123	1242	7	0	0	7	43	0	43	73	0	1
N5.HOG0054903	112	978.0	1	3	0	4	53	3	50	58	0	1
N5.HOG0054910	97	1407	0	0	0	0	38	0	38	59	0	1
N5.HOG0054912	142	660.0	1	0	0	1	57	0	57	84	0	1
N5.HOG0054916	138	1245.0	17	0	0	17	54	4	50	71	0	1
N5.HOG0054919	106	1722.0	11	0	0	11	37	3	34	61	0	1
N5.HOG0054940	124	2217.0	19	0	0	19	55	9	46	59	0	1
N5.HOG0054954	122	2133.0	11	0	0	11	45	1	44	67	0	1
N5.HOG0054956	125	1590	34	0	0	34	46	12	34	57	1	1
N5.HOG0054967	131	1557	25	0	0	25	58	10	48	58	0	1
N5.HOG0054988	107	1821	7	0	0	7	47	4	43	57	0	1
N5.HOG0054990	139	927	6	0	0	6	63	5	58	75	0	1
N5.HOG0054991	141	417	0	0	0	0	58	0	58	83	0	1
N5.HOG0054992	139	858	10	0	0	10	55	4	51	78	0	1
N5.HOG0054993	142	543.0	1	0	0	1	54	0	54	87	0	1
N5.HOG0054994	131	2445	14	0	0	14	51	5	46	71	1	1
N5.HOG0055000	128	1849.5	32	2	0	32	51	18	33	63	0	1
N5.HOG0055003	140	933.0	7	0	0	7	65	1	64	69	0	1
N5.HOG0055004	141	1203	14	0	0	14	58	6	52	75	0	1
N5.HOG0055014	140	1465.5	31	0	0	31	73	18	55	54	0	1
N5.HOG0055044	80	1509.0	6	0	0	6	36	4	32	42	1	1
N5.HOG0055046	143	1107	4	0	0	4	58	1	57	82	0	1
N5.HOG0055047	118	999.0	3	0	0	3	45	1	44	71	0	1
N5.HOG0055064	145	1464	46	0	0	46	62	24	38	61	0	1
N5.HOG0055067	113	1218	7	0	0	7	46	2	44	62	0	1
N5.HOG0055068	139	429	0	0	0	0	52	0	52	87	0	1
N5.HOG0055082	101	1656	5	0	0	5	44	0	44	52	0	1
N5.HOG0055126	142	1866.0	32	0	0	32	66	17	49	61	1	1
N5.HOG0055127	133	1257	3	0	0	3	59	3	56	74	0	1
N5.HOG0055131	97	807	1	0	0	1	47	0	47	49	0	1
N5.HOG0055132	137	2307	3	0	0	3	51	1	50	84	1	1
N5.HOG0055145	101	2691	24	0	0	24	43	8	35	42	1	1
N5.HOG0055149	134	3211.5	22	0	0	22	53	6	47	65	0	1
N5.HOG0055151	118	2410.5	4	0	0	4	48	3	45	69	0	1
N5.HOG0055154	115	1803	17	0	0	17	49	8	41	57	0	1
N5.HOG0055160	98	1050.0	2	0	0	2	45	0	45	51	0	1
N5.HOG0055171	135	1329	19	0	0	19	53	6	47	69	1	1
N5.HOG0055182	137	696	5	0	0	5	68	4	64	68	0	1
N5.HOG0055183	136	3346.5	16	0	0	16	54	5	49	71	0	1
N5.HOG0055205	122	1810.5	10	0	0	10	49	2	47	65	0	1
N5.HOG0055225	93	1710	19	0	0	19	39	9	30	44	0	1
N5.HOG0055266	139	1617	11	0	0	11	54	2	52	76	1	1
N5.HOG0055287	139	576	0	3	0	3	60	3	57	79	0	1
N5.HOG0055288	131	1092	8	0	0	8	41	2	39	84	0	1
N5.HOG0055290	139	1227	9	0	0	9	55	5	50	80	0	1
N5.HOG0055293	121	3951	29	2	0	31	58	21	37	53	0	1
N5.HOG0055302	139	480	2	0	0	2	69	2	67	70	1	1
N5.HOG0055311	138	594.0	0	0	0	0	59	0	59	79	0	1
N5.HOG0055312	140	1281.0	5	0	0	5	65	2	63	72	0	1
N5.HOG0055313	124	1924.5	30	0	0	30	54	15	39	55	1	1
N5.HOG0055326	86	658.5	4	0	0	4	40	3	37	45	0	1
N5.HOG0055387	100	1497.0	5	0	0	5	32	1	31	64	0	1
N5.HOG0055389	132	1914.0	14	0	0	14	53	7	46	72	0	1
N5.HOG0055394	124	1125.0	3	0	0	3	51	1	50	71	0	1
N5.HOG0055398	131	906	7	0	0	7	44	3	41	83	1	1
N5.HOG0055401	120	2259.0	11	0	0	11	50	3	47	62	0	1
N5.HOG0055409	139	837	14	2	0	14	53	7	46	79	0	1
N5.HOG0055414	139	813	6	0	0	6	51	1	50	83	0	1
N5.HOG0055417	130	1362.0	8	0	0	8	59	4	55	67	0	1
N5.HOG0055420	118	2616.0	6	8	0	14	49	8	41	63	0	1
N5.HOG0055449	140	1872.0	31	0	0	31	48	7	41	68	0	1
N5.HOG0055451	120	1875.0	4	0	0	4	46	0	46	70	0	1
N5.HOG0055459	129	588	1	0	0	1	50	0	50	78	0	1
N5.HOG0055466	139	642	6	0	0	6	54	1	53	80	0	1
N5.HOG0055468	86	3009.0	6	0	0	6	43	2	41	39	0	1
N5.HOG0055471	95	3018	9	0	0	9	35	4	31	55	0	1
N5.HOG0055480	113	3324	19	0	0	19	40	4	36	58	0	1
N5.HOG0055488	106	3306.0	13	0	0	13	52	9	43	50	0	1
N5.HOG0055502	138	915.0	6	0	0	6	59	2	57	75	0	1
N5.HOG0055518	119	1647	3	0	0	3	45	0	45	71	0	1
N5.HOG0055552	137	1062	3	0	0	3	56	2	54	80	0	1
N5.HOG0055553	136	1068.0	22	0	0	22	55	10	45	69	0	1
N5.HOG0055569	139	1296	29	0	0	29	62	17	45	65	1	1
N5.HOG0055571	110	2347.5	8	0	0	8	42	0	42	60	0	1
N5.HOG0055575	92	2730.0	1	0	0	1	34	0	34	57	0	1
N5.HOG0055578	136	1557.0	13	0	0	13	57	6	51	72	0	1
N5.HOG0055614	132	1446.0	0	0	0	0	59	0	59	73	0	1
N5.HOG0055615	136	522.0	0	0	0	0	45	0	45	91	0	1
N5.HOG0055649	123	1008	1	0	0	1	56	0	56	66	0	1
N5.HOG0055650	139	1110	32	0	0	32	52	10	42	65	0	1
N5.HOG0055655	114	1332.0	17	0	0	17	50	13	37	60	0	1
N5.HOG0055679	136	1120.5	26	0	0	26	71	16	55	55	0	1
N5.HOG0055690	138	828.0	0	0	0	0	48	0	48	90	0	1
N5.HOG0055703	94	1545.0	18	0	0	18	40	1	39	37	1	1
N5.HOG0055721	138	444.0	0	0	0	0	52	0	52	86	0	1
N5.HOG0055735	131	690	16	0	0	16	50	2	48	67	0	1
N5.HOG0055749	111	1644	19	0	0	19	56	11	45	47	0	1
N5.HOG0055752	105	1887	5	0	0	5	59	3	56	44	0	1
N5.HOG0055763	133	363	0	0	0	0	56	0	56	77	0	1
N5.HOG0055770	84	1105.5	17	0	0	17	34	9	25	42	0	1
N5.HOG0055772	134	1140.0	12	0	0	12	49	2	47	75	1	1
N5.HOG0055785	133	642	0	0	0	0	43	0	43	90	0	1
N5.HOG0055796	133	2394	17	27	0	40	52	8	44	49	1	1
N5.HOG0055802	126	913.5	2	0	0	2	51	0	51	73	0	1
N5.HOG0055808	92	1611.0	8	0	0	8	40	2	38	46	0	1
N5.HOG0055811	122	1825.5	8	0	0	8	48	2	46	68	0	1
N5.HOG0055823	113	1530	8	0	0	8	44	4	40	65	0	1
N5.HOG0055858	131	1737	10	0	0	10	55	4	51	70	1	1
N5.HOG0055866	120	576.0	0	0	0	0	58	0	58	62	0	1
N5.HOG0055868	139	387	0	0	0	0	57	0	57	82	0	1
N5.HOG0055903	133	1317	13	0	0	13	57	5	52	68	0	1
N5.HOG0055910	128	702.0	3	0	0	3	62	3	59	66	0	1
N5.HOG0055912	137	1296	19	0	0	19	53	8	45	73	0	1
N5.HOG0055915	133	1278	23	0	0	23	56	20	36	74	0	1
N5.HOG0055917	134	810.0	3	0	0	3	56	1	55	76	1	1
N5.HOG0055918	118	2859.0	26	0	0	26	48	11	37	55	0	1
N5.HOG0055932	135	1581	17	0	0	17	58	6	52	66	1	1
N5.HOG0055934	116	1708.5	17	0	0	17	46	8	38	61	0	1
N5.HOG0055963	135	786	2	0	0	2	48	0	48	85	0	1
N5.HOG0055998	134	2325.0	37	0	0	37	60	18	42	55	1	1
N5.HOG0056015	117	1677	4	0	0	4	44	0	44	69	0	1
N5.HOG0056016	137	552	1	2	0	3	57	0	57	77	0	1
N5.HOG0056017	138	354.0	0	0	0	0	58	0	58	80	0	1
N5.HOG0056026	135	816	1	0	0	1	59	1	58	76	0	1
N5.HOG0056033	139	1077	2	21	0	23	52	6	46	70	0	1
N5.HOG0056051	124	1506.0	7	0	0	7	53	7	46	71	1	1
N5.HOG0056052	137	453	0	0	0	0	58	0	58	79	0	1
N5.HOG0056066	126	2500.5	18	0	0	18	51	6	45	63	1	1
N5.HOG0056077	104	1560.0	7	0	0	7	44	1	43	54	0	1
N5.HOG0056082	113	2088	5	0	0	5	44	0	44	64	0	1
N5.HOG0056084	121	2349	5	0	0	5	46	2	44	72	0	1
N5.HOG0056086	133	1302	26	0	0	26	50	8	42	65	0	1
N5.HOG0056120	110	2319.0	3	0	0	3	44	0	44	63	0	1
N5.HOG0056121	132	643.5	2	0	0	2	57	1	56	74	0	1
N5.HOG0056124	120	1347.0	1	0	0	1	54	0	54	65	0	1
N5.HOG0056125	139	1389	11	0	0	11	52	3	49	79	0	1
N5.HOG0056126	135	840	4	3	0	7	66	7	59	69	0	1
N5.HOG0056136	111	1590	11	0	0	11	43	5	38	62	0	1
N5.HOG0056138	137	1482	21	0	0	21	57	6	51	65	0	1
N5.HOG0056151	128	1641.0	7	0	0	7	53	5	48	73	0	1
N5.HOG0056154	101	2745	5	0	0	5	44	1	43	53	0	1
N5.HOG0056160	91	2592	6	0	0	6	42	1	41	44	1	1
N5.HOG0056206	130	1131.0	1	0	0	1	48	1	47	82	0	1
N5.HOG0056207	131	2415	27	0	0	27	51	8	43	61	0	1
N5.HOG0056217	119	3078	6	0	0	6	46	1	45	68	0	1
N5.HOG0056219	132	1053.0	2	0	0	2	61	1	60	70	0	1
N5.HOG0056235	126	1611.0	10	0	0	10	46	0	46	70	0	1
N5.HOG0056241	115	1767	15	0	0	15	52	5	47	53	0	1
N5.HOG0056258	93	1815	8	0	0	8	45	3	42	43	1	1
N5.HOG0056264	128	1050.0	0	0	0	0	53	0	53	75	0	1
N5.HOG0056278	95	1380	12	0	0	12	37	2	35	48	0	1
N5.HOG0056284	107	909	1	0	0	1	39	1	38	68	0	1
N5.HOG0056287	137	981	30	0	0	30	54	9	45	62	0	1
N5.HOG0056303	142	462.0	1	0	0	1	44	1	43	98	0	1
N5.HOG0056305	130	2754.0	9	0	0	9	52	1	51	70	1	1
N5.HOG0056308	121	2484	12	0	0	12	45	2	43	66	1	1
N5.HOG0056317	135	720	1	0	0	1	49	0	49	85	0	1
N5.HOG0056319	123	1200	0	0	0	0	50	0	50	73	0	1
N5.HOG0056322	107	384	0	0	0	0	50	0	50	57	0	1
N5.HOG0056345	138	2496.0	14	0	0	14	53	2	51	73	0	1
N5.HOG0056356	114	2098.5	28	0	0	28	54	17	37	49	0	1
N5.HOG0056382	137	645	0	0	0	0	59	0	59	78	0	1
N5.HOG0056414	113	1302	7	0	0	7	48	4	44	62	0	1
N5.HOG0056432	134	855.0	4	0	0	4	49	0	49	81	0	1
N5.HOG0056441	132	1152.0	0	0	0	0	62	0	62	70	0	1
N5.HOG0056464	82	804.0	1	0	0	1	38	0	38	43	0	1
N5.HOG0056474	130	2167.5	18	0	0	18	55	11	44	68	0	1
N5.HOG0056496	123	1752	4	0	0	4	57	2	55	64	0	1
N5.HOG0056501	137	408	1	0	0	1	50	0	50	86	0	1
N5.HOG0056509	122	2014.5	9	0	0	9	51	4	47	66	0	1
N5.HOG0056527	138	624.0	2	0	0	2	64	2	62	74	0	1
N5.HOG0056628	93	2328	16	0	0	16	47	6	41	36	1	1
N5.HOG0056631	129	981	2	0	0	2	46	0	46	81	0	1
N5.HOG0056632	130	1971.0	11	0	0	11	51	5	46	73	0	1
N5.HOG0056650	127	1407	12	0	0	12	52	5	47	68	0	1
N5.HOG0056665	116	1855.5	4	0	0	4	44	1	43	69	0	1
N5.HOG0056667	104	985.5	7	0	0	7	48	2	46	51	0	1
N5.HOG0056679	107	1572	12	0	0	12	45	3	42	53	1	1
N5.HOG0056681	102	1716.0	10	0	0	10	51	1	50	42	1	1
N5.HOG0056694	98	1320.0	5	0	0	5	34	1	33	60	0	1
N5.HOG0056707	131	1011	2	0	0	2	56	1	55	74	0	1
N5.HOG0056708	124	1476.0	3	0	0	3	49	1	48	73	0	1
N5.HOG0056733	136	594.0	2	0	0	2	60	1	59	75	0	1
N5.HOG0056734	128	1521.0	12	0	0	12	52	6	46	70	0	1
N5.HOG0056745	133	1506	5	0	0	5	56	2	54	74	0	1
N5.HOG0056757	130	723.0	0	0	0	0	55	0	55	75	0	1
N5.HOG0056765	109	2058	13	2	0	15	48	5	43	51	0	1
N5.HOG0056767	129	1623	6	0	0	6	53	3	50	73	1	1
N5.HOG0056768	109	834	10	0	0	10	69	10	59	40	0	1
N5.HOG0056774	131	1440	10	0	0	10	59	8	51	70	0	1
N5.HOG0056796	134	645.0	2	0	0	2	54	1	53	79	1	1
N5.HOG0056811	96	1950.0	18	0	0	18	46	4	42	36	0	1
N5.HOG0056816	126	882.0	11	0	0	11	50	2	48	67	1	1
N5.HOG0056839	115	1221	0	0	0	0	46	0	46	69	0	1
N5.HOG0056840	128	1443.0	16	0	0	16	51	7	44	68	0	1
N5.HOG0056841	137	510	0	0	0	0	61	0	61	76	0	1
N5.HOG0056859	130	1405.5	7	0	0	7	52	4	48	75	0	1
N5.HOG0056864	137	906	8	0	0	8	47	1	46	83	0	1
N5.HOG0056872	129	888	6	0	0	6	53	2	51	72	0	1
N5.HOG0056874	133	1287	16	0	0	16	51	5	46	71	0	1
N5.HOG0056875	82	3276.0	1	0	0	1	40	1	39	42	1	1
N5.HOG0056923	131	822	6	0	0	6	55	0	55	70	0	1
N5.HOG0056928	127	1809	11	0	0	11	47	3	44	72	0	1
N5.HOG0056975	133	1659	21	2	0	22	58	13	45	66	1	1
N5.HOG0056976	133	1284	13	0	0	13	56	5	51	69	0	1
N5.HOG0056991	130	906.0	0	0	0	0	50	0	50	80	0	1
N5.HOG0056995	136	2017.5	25	0	0	25	55	11	44	67	0	1
N5.HOG0056996	135	585	4	0	0	4	62	3	59	72	0	1
N5.HOG0057006	110	3381.0	5	0	0	5	42	0	42	63	0	1
N5.HOG0057039	131	306	0	0	0	0	57	0	57	74	0	1
N5.HOG0057040	133	531	0	0	0	0	61	0	61	72	0	1
N5.HOG0057059	115	1002	1	0	0	1	56	0	56	58	0	1
N5.HOG0057070	136	1132.5	8	1	0	9	57	4	53	74	0	1
N5.HOG0057074	103	891	6	2	0	6	45	4	41	56	0	1
N5.HOG0057096	134	876.0	14	0	0	14	50	2	48	72	0	1
N5.HOG0057097	132	1719.0	21	2	0	23	54	9	45	64	0	1
N5.HOG0057109	134	765.0	7	0	0	7	50	2	48	79	0	1
N5.HOG0057122	135	759	4	0	0	4	58	2	56	75	0	1
N5.HOG0057127	130	1117.5	23	0	0	23	47	10	37	70	0	1
N5.HOG0057128	129	1095	2	0	0	2	56	0	56	71	0	1
N5.HOG0057145	114	2829.0	5	0	0	5	48	3	45	64	0	1
N5.HOG0057147	123	1095	20	0	0	20	46	8	38	65	0	1
N5.HOG0057154	113	927	11	0	0	11	43	4	39	63	0	1
N5.HOG0057161	123	1143	2	0	0	2	46	2	44	77	0	1
N5.HOG0057164	111	1353	8	0	0	8	47	1	46	57	0	1
N5.HOG0057165	132	738.0	0	0	0	0	65	0	65	67	0	1
N5.HOG0057166	133	1194	3	0	0	3	53	0	53	77	0	1
N5.HOG0057177	101	2937	12	0	0	12	39	4	35	54	0	1
N5.HOG0057186	133	1926	15	0	0	15	51	6	45	73	1	1
N5.HOG0057187	129	705	3	0	0	3	53	1	52	74	0	1
N5.HOG0057203	131	1131	14	2	0	16	54	5	49	66	0	1
N5.HOG0057204	131	2256	7	0	0	7	59	7	52	72	0	1
N5.HOG0057205	117	1062	2	0	0	2	51	0	51	64	0	1
N5.HOG0057213	138	1230.0	25	0	0	25	59	14	45	68	1	1
N5.HOG0057217	124	807.0	2	0	0	2	55	0	55	67	0	1
N5.HOG0057220	87	4203	6	0	0	6	40	3	37	44	0	1
N5.HOG0057234	134	1678.5	13	0	0	13	55	7	48	73	0	1
N5.HOG0057253	134	537.0	1	0	0	1	57	0	57	76	0	1
N5.HOG0057278	117	768	2	0	0	2	52	2	50	65	0	1
N5.HOG0057280	95	2010	11	0	0	11	51	7	44	40	0	1
N5.HOG0057284	116	711.0	4	0	0	4	53	0	53	59	0	1
N5.HOG0057294	125	1593	19	0	0	19	47	7	40	66	0	1
N5.HOG0057304	127	726	1	0	0	1	47	0	47	79	0	1
N5.HOG0057305	134	1329.0	21	0	0	21	62	14	48	65	0	1
N5.HOG0057311	132	1044.0	2	0	0	2	58	1	57	73	0	1
N5.HOG0057312	126	1020.0	5	0	0	5	48	1	47	74	0	1
N5.HOG0057319	104	478.5	1	0	0	1	41	0	41	62	0	1
N5.HOG0057327	107	1110	0	0	0	0	43	0	43	64	0	1
N5.HOG0057329	129	948	1	0	0	1	57	0	57	71	0	1
N5.HOG0057347	128	435.0	0	0	0	0	53	0	53	75	0	1
N5.HOG0057377	129	966	5	0	0	5	47	0	47	77	0	1
N5.HOG0057379	84	2982.0	5	0	0	5	42	1	41	38	0	1
N5.HOG0057386	120	1749.0	3	0	0	3	51	0	51	66	0	1
N5.HOG0057400	133	852	7	0	0	7	59	1	58	68	0	1
N5.HOG0057412	120	1522.5	27	0	0	27	51	10	41	52	1	1
N5.HOG0057421	134	549.0	0	0	0	0	45	0	45	89	0	1
N5.HOG0057422	123	1278	5	0	0	5	50	0	50	68	0	1
N5.HOG0057436	123	1710	12	0	0	12	45	3	42	69	0	1
N5.HOG0057439	98	630.0	0	0	0	0	37	0	37	61	0	1
N5.HOG0057441	92	1290.0	7	0	0	7	50	3	47	38	0	1
N5.HOG0057448	106	2053.5	9	0	0	9	43	2	41	56	0	1
N5.HOG0057451	97	2712	6	0	0	6	48	3	45	46	1	1
N5.HOG0057469	107	669	3	0	0	3	43	2	41	63	0	1
N5.HOG0057472	100	1650.0	4	0	0	4	51	2	49	47	0	1
N5.HOG0057477	134	345.0	0	0	0	0	54	0	54	80	0	1
N5.HOG0057479	87	1689	12	0	0	12	26	7	19	56	0	1
N5.HOG0057490	132	1134.0	0	0	0	0	55	0	55	77	0	1
N5.HOG0057495	134	2079.0	29	0	0	29	61	13	48	57	0	1
N5.HOG0057498	121	1029	17	0	0	17	51	8	43	61	0	1
N5.HOG0057499	135	1065	2	0	0	2	61	0	61	72	0	1
N5.HOG0057500	123	600	1	0	0	1	51	0	51	71	0	1
N5.HOG0057506	128	1132.5	24	0	0	24	53	11	42	62	0	1
N5.HOG0057508	90	2694.0	9	0	0	9	43	3	40	41	1	1
N5.HOG0057509	132	939.0	4	0	0	4	54	2	52	76	0	1
N5.HOG0057516	129	1413	3	0	0	3	49	0	49	77	0	1
N5.HOG0057517	102	3366.0	9	0	0	9	44	5	39	54	0	1
N5.HOG0057534	86	1068.0	5	0	0	5	42	1	41	40	0	1
N5.HOG0057575	127	2223	22	0	0	22	51	8	43	62	0	1
N5.HOG0057598	134	1641.0	8	0	0	8	55	4	51	75	0	1
N5.HOG0057607	100	2556.0	4	0	0	4	46	1	45	51	0	1
N5.HOG0057631	114	591.0	1	0	0	1	44	0	44	69	0	1
N5.HOG0057660	119	783	5	0	0	5	43	2	41	73	0	1
N5.HOG0057661	135	1182	39	0	0	39	62	22	40	56	1	1
N5.HOG0057663	104	873.0	4	0	0	4	58	2	56	44	0	1
N5.HOG0057681	116	2046.0	1	0	0	1	50	0	50	65	0	1
N5.HOG0057688	128	1822.5	14	0	0	14	53	6	47	67	0	1
N5.HOG0057689	132	1059.0	12	0	0	12	58	6	52	68	0	1
N5.HOG0057690	132	531.0	1	0	0	1	59	1	58	73	0	1
N5.HOG0057691	125	1578	6	0	0	6	52	2	50	69	0	1
N5.HOG0057692	124	1714.5	8	0	0	8	50	5	45	71	0	1
N5.HOG0057702	113	888	0	0	0	0	47	0	47	66	0	1
N5.HOG0057703	125	1521	14	0	0	14	54	5	49	62	1	1
N5.HOG0057707	108	2895.0	17	0	0	17	36	6	30	61	0	1
N5.HOG0057714	129	1398	2	0	0	2	59	1	58	69	1	1
N5.HOG0057715	129	456	0	0	0	0	62	0	62	67	0	1
N5.HOG0057716	118	390.0	0	0	0	0	52	0	52	66	0	1
N5.HOG0057723	103	1386	6	0	0	6	40	2	38	59	1	1
N5.HOG0057725	126	1458.0	3	0	0	3	54	3	51	72	0	1
N5.HOG0057726	133	369	0	0	0	0	59	0	59	74	0	1
N5.HOG0057728	110	2448.0	27	0	0	27	48	11	37	46	0	1
N5.HOG0057729	127	1533	2	0	0	2	54	0	54	71	0	1
N5.HOG0057731	125	888	5	0	0	5	50	3	47	73	0	1
N5.HOG0057738	108	618.0	0	0	0	0	47	0	47	61	0	1
N5.HOG0057740	135	1125	22	3	0	22	66	14	52	61	0	1
N5.HOG0057743	122	1519.5	3	0	0	3	50	0	50	69	0	1
N5.HOG0057746	122	1251.0	6	0	0	6	48	0	48	68	0	1
N5.HOG0057765	124	1104.0	7	0	0	7	51	5	46	71	0	1
N5.HOG0057768	107	1731	12	0	0	12	46	6	40	55	0	1
N5.HOG0057771	112	1117.5	19	0	0	19	47	5	42	51	0	1
N5.HOG0057778	133	714	1	0	0	1	59	0	59	73	0	1
N5.HOG0057801	120	1986.0	16	0	0	16	50	8	42	62	0	1
N5.HOG0057807	104	1321.5	24	0	0	24	42	13	29	51	0	1
N5.HOG0057809	96	1152.0	1	0	0	1	34	0	34	61	0	1
N5.HOG0057813	129	672	2	0	0	2	49	1	48	79	0	1
N5.HOG0057814	134	1303.5	20	0	0	20	63	12	51	63	0	1
N5.HOG0057815	111	2391	8	0	0	8	44	2	42	61	0	1
N5.HOG0057820	106	4344.0	7	0	0	7	44	3	41	58	0	1
N5.HOG0057827	130	612.0	1	0	0	1	64	1	63	66	0	1
N5.HOG0057845	108	2892.0	1	0	0	1	44	1	43	64	0	1
N5.HOG0057846	122	2025.0	6	0	0	6	48	2	46	70	0	1
N5.HOG0057851	127	1476	21	0	0	21	54	12	42	64	0	1
N5.HOG0057856	132	1819.5	19	0	0	19	55	9	46	67	0	1
N5.HOG0057868	111	1212	12	0	0	12	44	5	39	60	0	1
N5.HOG0057876	133	1017	10	0	0	10	57	6	51	72	0	1
N5.HOG0057879	114	2106.0	11	0	0	11	47	3	44	59	1	1
N5.HOG0057899	133	591	1	0	0	1	58	1	57	75	0	1
N5.HOG0057900	133	1497	38	0	0	38	62	22	40	55	0	1
N5.HOG0057901	121	1731	4	0	0	4	48	1	47	70	0	1
N5.HOG0057903	108	2760.0	5	0	0	5	44	2	42	61	0	1
N5.HOG0057913	130	930.0	5	0	0	5	56	0	56	69	0	1
N5.HOG0057922	91	1347	19	3	0	21	41	10	31	39	1	1
N5.HOG0057941	129	1191	16	2	0	16	50	4	46	67	1	1
N5.HOG0057948	98	1695.0	2	0	0	2	48	0	48	48	0	1
N5.HOG0057950	131	1170	7	0	0	7	52	5	47	77	0	1
N5.HOG0057966	130	990.0	9	0	0	9	47	1	46	75	0	1
N5.HOG0057967	135	1020	10	2	0	12	48	5	43	80	0	1
N5.HOG0057969	105	1536	15	0	0	15	41	6	35	55	0	1
N5.HOG0057973	131	864	18	0	0	18	58	7	51	62	0	1
N5.HOG0057974	133	1029	9	0	0	9	45	3	42	82	0	1
N5.HOG0057977	117	2499	5	0	0	5	47	0	47	65	0	1
N5.HOG0057979	114	633.0	1	0	0	1	44	0	44	69	0	1
N5.HOG0057991	129	477	0	0	0	0	48	0	48	81	0	1
N5.HOG0057994	102	1215.0	2	0	0	2	47	1	46	54	0	1
N5.HOG0057997	120	648.0	2	0	0	2	49	0	49	69	0	1
N5.HOG0058002	115	2211	4	0	0	4	49	0	49	62	0	1
N5.HOG0058004	120	1872.0	3	0	0	3	48	0	48	69	0	1
N5.HOG0058044	123	1032	2	0	0	2	55	1	54	67	0	1
N5.HOG0058046	127	3138	21	0	0	21	58	11	47	59	1	1
N5.HOG0058052	100	1788.0	8	0	0	8	43	5	38	54	0	1
N5.HOG0058053	127	2070	12	0	0	12	45	2	43	72	0	1
N5.HOG0058055	125	1740	6	0	0	6	44	0	44	75	0	1
N5.HOG0058056	131	1092	7	0	0	7	53	2	51	73	0	1
N5.HOG0058078	115	2010	19	0	0	19	55	16	39	57	0	1
N5.HOG0058080	134	951.0	8	0	0	8	52	2	50	76	0	1
N5.HOG0058097	114	798.0	6	0	0	6	45	0	45	63	0	1
N5.HOG0058105	116	1362.0	10	0	0	10	48	4	44	62	0	1
N5.HOG0058106	128	648.0	3	0	0	3	53	1	52	73	0	1
N5.HOG0058107	134	562.5	1	0	0	1	60	1	59	74	1	1
N5.HOG0058108	133	798	7	0	0	7	48	1	47	79	0	1
N5.HOG0058113	130	795.0	8	0	0	8	50	1	49	73	0	1
N5.HOG0058114	129	1743	22	0	0	22	57	11	46	61	0	1
N5.HOG0058118	131	594	0	0	0	0	56	0	56	75	0	1
N5.HOG0058119	113	747	5	0	0	5	47	2	45	63	0	1
N5.HOG0058131	127	1722	31	0	0	31	56	13	43	53	1	1
N5.HOG0058137	129	1242	13	1	0	14	48	2	46	69	0	1
N5.HOG0058140	125	1008	7	0	0	7	56	6	50	68	0	1
N5.HOG0058149	129	1917	13	0	0	13	53	7	46	70	1	1
N5.HOG0058166	94	1483.5	9	0	0	9	34	5	29	56	0	1
N5.HOG0058167	128	1005.0	8	0	0	8	52	3	49	71	0	1
N5.HOG0058170	128	534.0	0	1	0	1	55	0	55	72	0	1
N5.HOG0058193	130	1485.0	9	0	0	9	57	2	55	66	0	1
N5.HOG0058205	112	750.0	0	0	0	0	44	0	44	68	0	1
N5.HOG0058206	126	2490.0	10	0	0	10	48	2	46	70	0	1
N5.HOG0058214	127	1509	13	2	0	15	56	7	49	63	0	1
N5.HOG0058215	127	1311	5	0	0	5	50	3	47	75	1	1
N5.HOG0058223	117	1605	19	0	0	19	46	8	38	60	0	1
N5.HOG0058226	124	756.0	1	0	0	1	50	0	50	73	0	1
N5.HOG0058239	99	462	0	0	0	0	44	0	44	55	0	1
N5.HOG0058242	100	2064.0	2	0	0	2	43	1	42	56	0	1
N5.HOG0058262	91	1479	0	0	0	0	49	0	49	42	0	1
N5.HOG0058276	92	1353.0	4	0	0	4	39	3	36	52	1	1
N5.HOG0058287	103	1857	19	0	0	19	41	3	38	46	0	1
N5.HOG0058294	105	1440	4	0	0	4	46	1	45	56	0	1
N5.HOG0058303	91	1938	12	0	0	12	38	6	32	47	0	1
N5.HOG0058310	99	1728	17	0	0	17	43	5	38	44	0	1
N5.HOG0058311	125	2376	6	0	0	6	52	1	51	68	0	1
N5.HOG0058328	108	717.0	1	0	0	1	41	1	40	67	0	1
N5.HOG0058333	107	2097	6	0	0	6	44	0	44	57	0	1
N5.HOG0058334	111	2316	7	0	0	7	43	2	41	63	0	1
N5.HOG0058337	116	930.0	4	0	0	4	37	2	35	77	1	1
N5.HOG0058341	105	933	8	0	0	8	39	7	32	65	0	1
N5.HOG0058342	129	1044	18	0	0	18	49	7	42	69	0	1
N5.HOG0058355	128	843.0	10	0	0	10	54	4	50	68	0	1
N5.HOG0058356	120	2722.5	6	0	0	6	48	0	48	66	0	1
N5.HOG0058371	134	1753.5	33	0	0	33	60	19	41	60	0	1
N5.HOG0058372	132	537.0	0	0	0	0	50	0	50	82	0	1
N5.HOG0058392	125	1959	16	0	0	16	49	9	40	69	0	1
N5.HOG0058408	118	1980.0	1	0	0	1	47	1	46	71	0	1
N5.HOG0058409	131	327	0	0	0	0	50	0	50	81	0	1
N5.HOG0058419	120	1605.0	2	0	0	2	52	0	52	66	0	1
N5.HOG0058420	121	1815	10	0	0	10	51	4	47	64	1	1
N5.HOG0058431	122	1038.0	6	0	0	6	47	1	46	70	0	1
N5.HOG0058434	130	546.0	0	0	0	0	55	0	55	75	0	1
N5.HOG0058435	127	948	0	0	0	0	49	0	49	78	0	1
N5.HOG0058468	81	411	2	0	0	2	31	1	30	49	0	1
N5.HOG0058481	127	426	0	0	0	0	49	0	49	78	0	1
N5.HOG0058484	130	459.0	0	0	0	0	54	0	54	76	0	1
N5.HOG0058485	130	2499.0	16	0	0	16	44	3	41	73	0	1
N5.HOG0058486	131	480	2	0	0	2	54	1	53	76	0	1
N5.HOG0058487	131	540	0	0	0	0	54	0	54	77	0	1
N5.HOG0058489	106	1518.0	0	0	0	0	43	0	43	63	0	1
N5.HOG0058490	118	951.0	3	0	0	3	50	0	50	65	0	1
N5.HOG0058493	84	2469.0	2	0	0	2	40	1	39	43	1	1
N5.HOG0058494	123	726	7	0	0	7	49	3	46	70	0	1
N5.HOG0058510	100	2811.0	12	0	0	12	39	6	33	55	0	1
N5.HOG0058513	95	1710	1	0	0	1	46	0	46	48	0	1
N5.HOG0058514	114	1731.0	1	0	0	1	44	0	44	69	0	1
N5.HOG0058518	130	1203.0	5	0	0	5	61	0	61	64	0	1
N5.HOG0058519	130	1185.0	6	0	0	6	48	1	47	77	1	1
N5.HOG0058528	115	1722	6	0	0	6	47	3	44	65	0	1
N5.HOG0058531	114	2884.5	9	0	0	9	48	4	44	61	0	1
N5.HOG0058537	98	1161.0	0	0	0	0	37	0	37	61	0	1
N5.HOG0058539	132	3280.5	21	1	0	21	56	11	45	66	0	1
N5.HOG0058553	119	1248	1	0	0	1	46	0	46	72	0	1
N5.HOG0058554	128	1287.0	3	0	0	3	58	0	58	67	0	1
N5.HOG0058556	119	1380	0	0	0	0	46	0	46	73	0	1
N5.HOG0058560	116	2799.0	5	0	0	5	48	2	46	65	0	1
N5.HOG0058563	130	1573.5	28	0	0	28	59	17	42	60	1	1
N5.HOG0058570	124	1876.5	6	0	0	6	49	1	48	70	0	1
N5.HOG0058585	86	729.0	6	0	0	6	41	1	40	40	0	1
N5.HOG0058590	117	1557	8	0	0	8	47	1	46	63	0	1
N5.HOG0058592	126	1275.0	23	0	0	23	67	12	55	48	0	1
N5.HOG0058602	131	375	1	0	0	1	48	1	47	83	0	1
N5.HOG0058604	113	3441	7	0	0	7	44	0	44	62	0	1
N5.HOG0058609	126	1228.5	26	0	0	26	54	13	41	59	0	1
N5.HOG0058625	127	1134	2	2	0	3	53	3	50	74	0	1
N5.HOG0058633	117	741	1	0	0	1	50	1	49	67	0	1
N5.HOG0058647	113	2103	3	0	0	3	45	0	45	65	0	1
N5.HOG0058656	131	1221	10	0	0	10	54	4	50	71	0	1
N5.HOG0058657	131	447	0	0	0	0	43	0	43	88	0	1
N5.HOG0058658	130	444.0	0	0	0	0	53	0	53	77	0	1
N5.HOG0058667	127	1080	6	0	0	6	57	4	53	68	0	1
N5.HOG0058669	117	777	1	0	0	1	43	1	42	74	0	1
N5.HOG0058670	125	666	3	0	0	3	51	1	50	72	0	1
N5.HOG0058671	126	1908.0	10	0	0	10	54	5	49	67	0	1
N5.HOG0058672	131	870	6	0	0	6	51	1	50	75	0	1
N5.HOG0058673	133	1221	15	3	0	18	63	13	50	65	0	1
N5.HOG0058674	134	472.5	2	0	0	2	51	1	50	82	0	1
N5.HOG0058676	78	651.0	0	0	0	0	42	0	42	36	0	1
N5.HOG0058690	129	1119	4	0	0	4	54	0	54	71	0	1
N5.HOG0058706	130	1017.0	2	0	0	2	52	0	52	76	0	1
N5.HOG0058715	123	855	11	0	0	11	53	7	46	66	1	1
N5.HOG0058734	121	1530	8	0	0	8	51	1	50	63	0	1
N5.HOG0058742	122	1518.0	4	0	0	4	49	0	49	69	0	1
N5.HOG0058744	131	834	4	0	0	4	48	1	47	80	0	1
N5.HOG0058753	125	2229	25	0	0	25	54	10	44	56	1	1
N5.HOG0058754	125	2370	12	0	0	12	53	3	50	63	1	1
N5.HOG0058762	105	1698	3	0	0	3	44	0	44	58	0	1
N5.HOG0058764	123	2217	2	0	0	2	51	2	49	72	1	1
N5.HOG0058774	118	1716.0	3	0	0	3	49	1	48	67	0	1
N5.HOG0058776	114	699.0	0	0	0	0	42	0	42	72	0	1
N5.HOG0058793	106	1683.0	2	0	0	2	42	0	42	62	0	1
N5.HOG0058806	130	1566.0	11	0	0	11	60	6	54	65	1	1
N5.HOG0058808	117	963	5	0	0	5	46	3	43	69	0	1
N5.HOG0058815	113	1530	4	0	0	4	45	3	42	67	0	1
N5.HOG0058817	122	558.0	0	0	0	0	46	0	46	76	0	1
N5.HOG0058825	93	1011	0	0	0	0	55	0	55	38	0	1
N5.HOG0058829	102	1809.0	1	0	0	1	47	0	47	54	0	1
N5.HOG0058857	122	1521.0	10	0	0	10	49	3	46	66	0	1
N5.HOG0058864	102	1083.0	6	0	0	6	36	4	32	64	1	1
N5.HOG0058865	127	1098	13	0	0	13	51	6	45	69	0	1
N5.HOG0058866	127	549	2	2	0	4	46	1	45	78	0	1
N5.HOG0058895	96	1576.5	15	0	0	15	47	10	37	44	1	1
N5.HOG0058896	131	1782	18	2	0	19	52	5	47	65	0	1
N5.HOG0058897	135	609	2	0	0	2	57	0	57	76	0	1
N5.HOG0058930	99	1014	0	0	0	0	35	0	35	64	0	1
N5.HOG0058941	129	864	6	0	0	6	56	2	54	69	0	1
N5.HOG0058942	112	1806.0	11	0	0	11	44	2	42	59	0	1
N5.HOG0058959	129	327	0	0	0	0	48	0	48	81	0	1
N5.HOG0058967	115	1461	1	0	0	1	50	0	50	64	0	1
N5.HOG0058968	129	1449	25	0	0	25	53	8	45	59	0	1
N5.HOG0058972	126	654.0	5	0	0	5	52	2	50	71	0	1
N5.HOG0058973	114	1293.0	6	2	0	8	47	3	44	62	0	1
N5.HOG0058975	128	1455.0	16	0	0	16	49	2	47	65	0	1
N5.HOG0058976	129	1197	15	0	0	15	50	5	45	69	0	1
N5.HOG0058977	124	1701.0	8	0	0	8	50	4	46	70	0	1
N5.HOG0058978	130	762.0	11	0	0	11	47	2	45	74	0	1
N5.HOG0058985	125	711	3	0	0	3	45	0	45	77	0	1
N5.HOG0058990	116	1411.5	5	0	0	5	44	1	43	68	0	1
N5.HOG0058991	131	654	0	0	0	0	51	0	51	80	0	1
N5.HOG0058999	132	1131.0	7	0	0	7	58	6	52	73	1	1
N5.HOG0059005	125	1152	29	0	0	29	65	19	46	50	1	1
N5.HOG0059007	122	882.0	3	0	0	3	51	2	49	70	0	1
N5.HOG0059011	108	558.0	0	0	0	0	43	0	43	65	0	1
N5.HOG0059015	102	1552.5	8	0	0	8	35	1	34	60	0	1
N5.HOG0059018	118	2100.0	33	0	0	33	50	22	28	57	0	1
N5.HOG0059023	129	1263	11	0	0	11	52	4	48	70	0	1
N5.HOG0059024	125	2070	5	2	0	7	60	5	55	63	0	1
N5.HOG0059043	126	789.0	9	0	0	9	53	4	49	68	0	1
N5.HOG0059044	113	1791	0	0	0	0	49	0	49	64	0	1
N5.HOG0059046	95	1680	4	0	0	4	49	1	48	43	0	1
N5.HOG0059059	126	1804.5	6	0	0	6	49	2	47	73	0	1
N5.HOG0059063	94	1677.0	4	0	0	4	39	2	37	53	1	1
N5.HOG0059065	123	1218	8	0	0	8	49	4	45	70	0	1
N5.HOG0059066	123	1080	2	0	0	2	47	2	45	76	0	1
N5.HOG0059069	109	1314	8	0	0	8	44	2	42	59	0	1
N5.HOG0059107	123	1218	7	0	0	7	51	0	51	65	0	1
N5.HOG0059145	125	2076	7	0	0	7	51	1	50	68	0	1
N5.HOG0059160	116	1624.5	2	0	0	2	44	1	43	71	0	1
N5.HOG0059162	124	654.0	1	0	0	1	54	0	54	69	0	1
N5.HOG0059163	125	1641	10	0	0	10	46	1	45	70	0	1
N5.HOG0059172	106	1974.0	2	0	0	2	45	0	45	59	0	1
N5.HOG0059174	125	1965	6	0	0	6	51	2	49	70	0	1
N5.HOG0059180	102	1584.0	0	0	0	0	42	0	42	60	0	1
N5.HOG0059184	93	2196	18	2	0	20	39	11	28	45	1	1
N5.HOG0059185	127	357	0	0	0	0	51	0	51	76	0	1
N5.HOG0059186	127	2148	16	0	0	16	60	9	51	60	0	1
N5.HOG0059188	112	2514.0	2	2	0	4	46	1	45	63	0	1
N5.HOG0059189	124	598.5	0	0	0	0	57	0	57	67	0	1
N5.HOG0059196	95	612	0	0	0	0	51	0	51	44	0	1
N5.HOG0059203	131	672	5	0	0	5	55	4	51	75	1	1
N5.HOG0059204	128	1560.0	9	6	0	11	48	1	47	70	0	1
N5.HOG0059232	112	1443.0	4	0	0	4	46	3	43	65	0	1
N5.HOG0059233	129	489	1	0	0	1	57	0	57	71	0	1
N5.HOG0059234	102	1551.0	6	0	0	6	45	3	42	54	0	1
N5.HOG0059237	121	1860	14	0	0	14	50	6	44	63	1	1
N5.HOG0059260	105	1467	9	0	0	9	43	2	41	55	1	1
N5.HOG0059269	114	1846.5	22	0	0	22	42	9	33	59	1	1
N5.HOG0059271	112	2616.0	0	0	0	0	46	0	46	66	0	1
N5.HOG0059274	109	2826	4	0	0	4	43	2	41	64	0	1
N5.HOG0059279	105	1722	3	0	0	3	47	1	46	56	0	1
N5.HOG0059302	128	687.0	2	7	0	9	53	4	49	70	0	1
N5.HOG0059303	130	807.0	8	0	0	8	52	5	47	75	0	1
N5.HOG0059304	89	1824	10	0	0	10	40	3	37	42	0	1
N5.HOG0059331	127	1164	6	0	0	6	56	3	53	68	0	1
N5.HOG0059332	128	999.0	8	0	0	8	52	1	51	69	0	1
N5.HOG0059333	125	2112	8	0	0	8	57	7	50	67	0	1
N5.HOG0059335	110	1968.0	2	0	0	2	43	0	43	65	0	1
N5.HOG0059337	120	1905.0	18	0	0	18	51	5	46	56	0	1
N5.HOG0059353	125	834	3	0	0	3	49	1	48	74	0	1
N5.HOG0059354	125	969	4	0	0	4	52	1	51	70	0	1
N5.HOG0059359	111	861	6	0	0	6	48	5	43	62	0	1
N5.HOG0059384	115	654	1	0	0	1	48	1	47	67	0	1
N5.HOG0059386	119	1275	6	0	0	6	52	4	48	65	0	1
N5.HOG0059388	124	2235.0	12	0	0	12	55	8	47	65	0	1
N5.HOG0059399	127	699	1	0	0	1	52	0	52	74	0	1
N5.HOG0059401	125	1047	4	0	0	4	54	3	51	70	0	1
N5.HOG0059402	122	1242.0	2	0	0	2	47	0	47	73	0	1
N5.HOG0059411	113	1458	12	0	0	12	46	7	39	62	1	1
N5.HOG0059416	91	2481	2	0	0	2	44	0	44	45	0	1
N5.HOG0059419	130	960.0	11	0	0	11	58	9	49	70	0	1
N5.HOG0059423	120	846.0	1	0	0	1	50	0	50	69	0	1
N5.HOG0059425	120	978.0	0	0	0	0	50	0	50	70	0	1
N5.HOG0059440	126	1437.0	1	0	0	1	51	0	51	74	0	1
N5.HOG0059455	129	1443	9	0	0	9	55	3	52	68	0	1
N5.HOG0059457	125	1011	2	0	0	2	50	0	50	73	0	1
N5.HOG0059484	127	1419	12	0	0	12	54	6	48	67	0	1
N5.HOG0059492	96	1978.5	19	0	0	19	38	15	23	54	0	1
N5.HOG0059518	128	622.5	0	0	0	0	58	0	58	70	0	1
N5.HOG0059519	125	1281	22	0	0	22	51	9	42	61	0	1
N5.HOG0059540	103	1473	13	0	0	13	44	8	36	54	1	1
N5.HOG0059552	125	1659	16	0	0	16	48	7	41	68	0	1
N5.HOG0059567	93	774	4	0	0	4	45	1	44	45	0	1
N5.HOG0059574	110	2310.0	2	0	0	2	47	1	46	62	0	1
N5.HOG0059577	105	1539	10	0	0	10	35	3	32	63	0	1
N5.HOG0059579	112	2328.0	0	0	0	0	48	0	48	64	0	1
N5.HOG0059590	118	1977.0	9	0	0	9	49	3	46	63	0	1
N5.HOG0059592	126	1008.0	18	0	0	18	49	8	41	67	0	1
N5.HOG0059596	126	1257.0	7	0	0	7	48	1	47	72	0	1
N5.HOG0059647	112	1902.0	5	0	0	5	43	0	43	64	0	1
N5.HOG0059649	124	1611.0	25	0	0	25	58	18	40	59	0	1
N5.HOG0059660	118	1620.0	10	0	0	10	53	6	47	61	1	1
N5.HOG0059668	124	2454.0	7	0	0	7	46	2	44	73	0	1
N5.HOG0059669	126	1473.0	10	0	0	10	55	6	49	67	0	1
N5.HOG0059670	127	537	0	0	0	0	55	0	55	72	0	1
N5.HOG0059678	108	840.0	1	0	0	1	51	0	51	56	0	1
N5.HOG0059680	123	654	5	0	0	5	50	4	46	72	0	1
N5.HOG0059685	102	2067.0	0	0	0	0	35	0	35	67	0	1
N5.HOG0059689	87	735	2	0	0	2	37	1	36	49	0	1
N5.HOG0059691	122	2071.5	6	0	0	6	50	2	48	68	0	1
N5.HOG0059707	116	1812.0	3	0	0	3	45	2	43	70	0	1
N5.HOG0059708	126	540.0	0	0	0	0	53	0	53	73	0	1
N5.HOG0059709	128	426.0	0	0	0	0	51	0	51	77	0	1
N5.HOG0059715	126	1713.0	7	0	0	7	48	2	46	73	0	1
N5.HOG0059719	127	1386	0	0	0	0	57	0	57	70	0	1
N5.HOG0059732	117	1377	4	0	0	4	47	3	44	69	0	1
N5.HOG0059743	127	576	0	0	0	0	49	0	49	78	0	1
N5.HOG0059749	125	435	0	0	0	0	52	0	52	73	0	1
N5.HOG0059751	101	1188	5	0	0	5	53	2	51	45	0	1
N5.HOG0059760	125	1014	3	0	0	3	49	1	48	74	0	1
N5.HOG0059761	130	870.0	6	0	0	6	54	3	51	73	0	1
N5.HOG0059763	117	1899	6	0	0	6	50	1	49	62	0	1
N5.HOG0059764	128	1042.5	3	0	0	3	44	1	43	82	0	1
N5.HOG0059766	113	1275	4	0	0	4	43	1	42	67	0	1
N5.HOG0059768	124	1993.5	32	0	0	32	42	8	34	58	1	1
N5.HOG0059769	124	834.0	1	0	0	1	53	0	53	70	0	1
N5.HOG0059792	106	1185.0	2	0	0	2	44	2	42	62	0	1
N5.HOG0059794	127	1167	4	0	0	4	50	2	48	75	0	1
N5.HOG0059795	122	999.0	9	4	0	10	49	2	47	65	0	1
N5.HOG0059796	125	1299	19	0	0	19	51	7	44	62	0	1
N5.HOG0059805	123	969	11	0	0	11	52	6	46	66	1	1
N5.HOG0059806	121	1374	4	0	0	4	43	3	40	77	0	1
N5.HOG0059807	127	360	0	0	0	0	48	0	48	79	0	1
N5.HOG0059811	124	828.0	2	0	0	2	53	2	51	71	0	1
N5.HOG0059812	127	1656	17	0	0	17	54	9	45	65	1	1
N5.HOG0059819	125	930	15	0	0	15	50	6	44	66	0	1
N5.HOG0059821	119	561	0	0	0	0	45	0	45	74	0	1
N5.HOG0059828	123	2871	5	0	0	5	46	1	45	73	0	1
N5.HOG0059831	108	1521.0	7	0	0	7	45	3	42	59	1	1
N5.HOG0059833	124	684.0	1	0	0	1	44	0	44	79	0	1
N5.HOG0059834	121	1551	1	0	0	1	47	0	47	73	0	1
N5.HOG0059839	115	1599	2	0	0	2	43	0	43	70	0	1
N5.HOG0059840	127	891	6	0	0	6	52	1	51	70	0	1
N5.HOG0059841	112	1764.0	9	2	0	10	42	1	41	61	0	1
N5.HOG0059850	128	729.0	6	0	0	6	49	2	47	75	0	1
N5.HOG0059855	100	1824.0	13	0	0	13	42	7	35	52	0	1
N5.HOG0059867	126	1134.0	10	0	0	10	57	3	54	62	0	1
N5.HOG0059868	126	1452.0	4	0	0	4	47	2	45	77	0	1
N5.HOG0059878	124	324.0	0	0	0	0	48	0	48	76	0	1
N5.HOG0059934	127	1032	6	0	0	6	50	3	47	74	0	1
N5.HOG0059939	121	600	0	0	0	0	53	0	53	68	0	1
N5.HOG0059941	126	873.0	7	0	0	7	50	0	50	69	0	1
N5.HOG0059945	127	435	1	0	0	1	61	1	60	66	0	1
N5.HOG0059968	85	1572	2	0	0	2	45	1	44	39	0	1
N5.HOG0059970	129	672	3	0	0	3	65	1	64	62	0	1
N5.HOG0059985	123	2526	12	0	0	12	49	4	45	66	0	1
N5.HOG0059986	127	1317	15	0	0	15	53	5	48	64	0	1
N5.HOG0059987	128	696.0	5	0	0	5	51	2	49	74	0	1
N5.HOG0059995	120	702.0	2	0	0	2	43	0	43	75	0	1
N5.HOG0059996	118	912.0	13	0	0	13	49	2	47	58	0	1
N5.HOG0059998	127	432	0	0	0	0	59	0	59	68	0	1
N5.HOG0059999	127	1209	9	0	0	9	56	6	50	68	0	1
N5.HOG0060010	125	1554	12	0	0	12	51	4	47	66	0	1
N5.HOG0060021	121	879	17	0	0	17	53	8	45	59	0	1
N5.HOG0060022	124	1332.0	31	0	0	31	51	10	41	52	1	1
N5.HOG0060023	125	1044	7	0	0	7	49	2	47	71	0	1
N5.HOG0060026	93	1764	10	0	0	10	42	8	34	49	0	1
N5.HOG0060028	120	1102.5	6	0	0	6	50	3	47	67	0	1
N5.HOG0060031	115	2139	1	0	0	1	46	0	46	68	0	1
N5.HOG0060034	116	2176.5	27	0	0	27	52	16	36	53	0	1
N5.HOG0060035	126	1245.0	15	0	0	15	49	11	38	73	1	1
N5.HOG0060039	124	888.0	2	0	0	2	49	0	49	73	0	1
N5.HOG0060047	91	1170	7	0	0	7	45	2	43	41	1	1
N5.HOG0060049	117	1335	3	0	0	3	49	0	49	65	0	1
N5.HOG0060061	98	2052.0	16	0	0	16	40	9	31	51	0	1
N5.HOG0060062	125	1155	5	0	0	5	51	2	49	71	1	1
N5.HOG0060063	123	1689	32	0	0	32	49	11	38	53	1	1
N5.HOG0060065	114	1620.0	4	0	0	4	44	0	44	66	0	1
N5.HOG0060067	123	1365	2	0	0	2	54	0	54	67	0	1
N5.HOG0060069	95	1461	15	0	0	15	36	9	27	53	0	1
N5.HOG0060071	99	1569	16	0	0	16	38	3	35	48	0	1
N5.HOG0060075	114	1734.0	9	2	0	11	45	5	40	63	0	1
N5.HOG0060084	124	2098.5	24	0	0	24	47	3	44	56	0	1
N5.HOG0060089	119	1158	9	0	0	9	40	2	38	72	0	1
N5.HOG0060091	126	681.0	2	0	0	2	50	0	50	74	0	1
N5.HOG0060098	125	1434	15	0	0	15	48	1	47	63	0	1
N5.HOG0060099	118	1395.0	3	0	0	3	48	1	47	68	0	1
N5.HOG0060100	126	688.5	6	0	0	6	52	4	48	72	0	1
N5.HOG0060112	126	897.0	6	0	0	6	53	3	50	70	0	1
N5.HOG0060113	120	1650.0	5	0	0	5	50	4	46	69	0	1
N5.HOG0060132	128	876.0	5	0	0	5	52	2	50	73	0	1
N5.HOG0060133	123	1059	12	0	0	12	48	3	45	66	0	1
N5.HOG0060134	125	1377	17	0	0	17	56	14	42	66	1	1
N5.HOG0060137	115	708	1	0	0	1	49	1	48	66	0	1
N5.HOG0060138	125	1266	34	0	0	34	58	20	38	53	1	1
N5.HOG0060139	124	1104.0	7	0	0	7	57	4	53	64	0	1
N5.HOG0060142	104	465.0	0	0	0	0	41	0	41	63	0	1
N5.HOG0060147	123	930	1	0	0	1	50	0	50	72	0	1
N5.HOG0060149	127	2370	33	0	0	33	55	16	39	55	1	1
N5.HOG0060151	121	603	0	0	0	0	48	0	48	73	0	1
N5.HOG0060153	89	1875	29	0	0	29	41	22	19	41	0	1
N5.HOG0060155	113	2583	13	0	0	13	48	9	39	61	0	1
N5.HOG0060157	102	873.0	0	2	0	2	42	0	42	58	0	1
N5.HOG0060161	120	954.0	23	0	0	23	52	7	45	52	1	1
N5.HOG0060186	128	780.0	12	0	0	12	51	3	48	68	0	1
N5.HOG0060198	124	894.0	18	2	0	18	57	11	46	60	0	1
N5.HOG0060199	126	834.0	8	0	0	8	53	3	50	68	1	1
N5.HOG0060203	101	2925	8	0	0	8	44	2	42	51	1	1
N5.HOG0060215	124	951.0	2	0	0	2	50	1	49	73	0	1
N5.HOG0060216	127	1002	4	0	0	4	49	0	49	74	0	1
N5.HOG0060258	125	543	0	0	0	0	53	0	53	72	0	1
N5.HOG0060266	126	654.0	4	0	0	4	53	2	51	71	0	1
N5.HOG0060267	125	1350	13	0	0	13	55	9	46	66	1	1
N5.HOG0060268	115	1530	30	0	0	30	50	12	38	47	1	1
N5.HOG0060283	125	1806	6	0	0	6	48	2	46	73	0	1
N5.HOG0060290	125	540	23	0	0	23	56	5	51	51	1	1
N5.HOG0060292	116	1059.0	6	0	0	6	46	3	43	67	0	1
N5.HOG0060293	122	489.0	0	0	0	0	50	0	50	72	0	1
N5.HOG0060294	125	477	0	0	0	0	57	0	57	68	0	1
N5.HOG0060295	121	867	19	0	0	19	43	3	40	62	0	1
N5.HOG0060298	124	2500.5	24	0	0	24	55	15	40	60	1	1
N5.HOG0060299	125	765	1	0	0	1	50	0	50	74	0	1
N5.HOG0060301	122	1152.0	3	0	0	3	55	1	54	65	0	1
N5.HOG0060302	127	453	0	0	0	0	52	0	52	75	0	1
N5.HOG0060303	123	1035	2	0	0	2	49	2	47	74	0	1
N5.HOG0060304	124	651.0	2	0	0	2	50	0	50	72	0	1
N5.HOG0060306	111	1839	2	0	0	2	42	1	41	68	0	1
N5.HOG0060311	123	618	1	0	0	1	51	1	50	72	0	1
N5.HOG0060348	121	357	1	0	0	1	44	0	44	76	0	1
N5.HOG0060349	126	804.0	13	0	0	13	52	7	45	68	0	1
N5.HOG0060350	128	1179.0	8	0	0	8	67	8	59	61	0	1
N5.HOG0060351	118	1246.5	6	0	0	6	42	0	42	70	0	1
N5.HOG0060355	119	981	6	0	0	6	50	1	49	64	0	1
N5.HOG0060374	121	1956	2	0	0	2	53	1	52	67	0	1
N5.HOG0060376	121	990	2	0	0	2	47	1	46	73	0	1
N5.HOG0060390	117	1203	5	0	0	5	50	1	49	63	0	1
N5.HOG0060391	125	819	2	0	0	2	46	1	45	78	0	1
N5.HOG0060392	125	1866	29	0	0	29	47	9	38	58	0	1
N5.HOG0060393	120	2097.0	5	0	0	5	52	2	50	65	0	1
N5.HOG0060394	124	1327.5	3	0	0	3	51	1	50	71	1	1
N5.HOG0060412	110	1272.0	1	0	0	1	47	1	46	63	0	1
N5.HOG0060413	117	2463	24	0	0	24	47	11	36	57	0	1
N5.HOG0060414	119	1278	11	0	0	11	51	6	45	63	0	1
N5.HOG0060415	123	1092	20	0	0	20	58	11	47	56	0	1
N5.HOG0060417	113	1365	2	0	0	2	47	0	47	64	0	1
N5.HOG0060435	123	597	0	0	0	0	49	0	49	74	0	1
N5.HOG0060437	94	1065.0	3	2	0	3	41	1	40	51	0	1
N5.HOG0060438	126	522.0	1	0	0	1	51	0	51	74	0	1
N5.HOG0060439	107	2004	15	0	0	15	46	4	42	50	1	1
N5.HOG0060449	113	1095	0	0	0	0	43	0	43	70	0	1
N5.HOG0060450	125	525	0	0	0	0	50	0	50	75	0	1
N5.HOG0060452	117	579	0	0	0	0	48	0	48	69	0	1
N5.HOG0060455	98	1104.0	4	0	0	4	44	1	43	51	0	1
N5.HOG0060457	108	687.0	0	0	0	0	46	0	46	62	0	1
N5.HOG0060459	108	699.0	1	0	0	1	43	0	43	64	0	1
N5.HOG0060460	114	2511.0	8	0	0	8	45	3	42	64	0	1
N5.HOG0060467	125	1188	4	0	0	4	46	1	45	76	0	1
N5.HOG0060472	121	1212	6	0	0	6	46	0	46	69	0	1
N5.HOG0060473	125	978	3	0	0	3	60	0	60	62	0	1
N5.HOG0060475	105	2910	6	0	0	6	44	1	43	56	0	1
N5.HOG0060478	106	594.0	1	0	0	1	38	0	38	67	0	1
N5.HOG0060481	117	1392	5	0	0	5	47	1	46	66	0	1
N5.HOG0060504	85	594	0	0	0	0	44	0	44	41	0	1
N5.HOG0060505	125	729	1	0	0	1	58	0	58	66	0	1
N5.HOG0060507	126	786.0	6	0	0	6	45	2	43	77	0	1
N5.HOG0060515	124	648.0	0	0	0	0	51	0	51	73	0	1
N5.HOG0060519	99	1845	5	0	0	5	44	2	42	52	1	1
N5.HOG0060530	125	1188	5	0	0	5	51	0	51	69	0	1
N5.HOG0060531	88	1578.0	3	0	0	3	45	1	44	41	0	1
N5.HOG0060533	117	1911	4	0	0	4	55	3	52	61	1	1
N5.HOG0060545	109	2688	0	0	0	0	43	0	43	66	0	1
N5.HOG0060546	124	741.0	0	0	0	0	52	0	52	72	0	1
N5.HOG0060547	121	1185	10	0	0	10	50	3	47	64	0	1
N5.HOG0060548	126	336.0	1	0	0	1	55	0	55	70	0	1
N5.HOG0060549	117	1722	6	0	0	6	47	0	47	64	0	1
N5.HOG0060551	112	1614.0	0	0	0	0	47	0	47	65	0	1
N5.HOG0060563	121	1260	11	0	0	11	49	4	45	65	0	1
N5.HOG0060564	126	1018.5	13	0	0	13	52	3	49	64	0	1
N5.HOG0060567	113	1908	10	0	0	10	50	6	44	59	0	1
N5.HOG0060582	121	1158	22	0	0	22	51	12	39	60	1	1
N5.HOG0060598	124	660.0	0	0	0	0	53	0	53	71	0	1
N5.HOG0060628	113	1134	6	0	0	6	42	1	41	66	0	1
N5.HOG0060652	116	912.0	3	0	0	3	56	2	54	59	0	1
N5.HOG0060653	123	1332	4	2	0	6	49	2	47	70	0	1
N5.HOG0060671	124	420.0	0	2	0	2	48	0	48	74	0	1
N5.HOG0060672	120	948.0	1	0	0	1	44	0	44	75	0	1
N5.HOG0060695	88	363.0	0	0	0	0	35	0	35	53	0	1
N5.HOG0060704	117	1767	19	0	0	19	51	10	41	57	1	1
N5.HOG0060720	114	2455.5	5	3	0	8	49	6	43	63	0	1
N5.HOG0060731	97	1791	5	0	0	5	40	4	36	56	0	1
N5.HOG0060742	119	414	0	0	0	0	46	0	46	73	0	1
N5.HOG0060751	112	1512.0	17	0	0	17	47	6	41	54	1	1
N5.HOG0060752	122	1341.0	5	0	0	5	52	4	48	69	0	1
N5.HOG0060775	105	1050	2	0	0	2	39	0	39	64	0	1
N5.HOG0060778	119	1068	0	0	0	0	53	0	53	66	0	1
N5.HOG0060793	97	1503	10	0	0	10	44	4	40	47	0	1
N5.HOG0060801	127	780	2	0	0	2	51	1	50	75	0	1
N5.HOG0060803	106	1029.0	1	0	0	1	43	0	43	62	0	1
N5.HOG0060805	120	882.0	0	0	0	0	45	0	45	75	0	1
N5.HOG0060834	118	2131.5	6	0	0	6	48	1	47	65	0	1
N5.HOG0060835	125	1434	22	0	0	22	50	10	40	63	1	1
N5.HOG0060859	122	2367.0	5	0	0	5	50	1	49	68	0	1
N5.HOG0060863	125	1389	2	0	0	2	52	2	50	73	0	1
N5.HOG0060864	111	2181	24	0	0	24	43	11	32	55	1	1
N5.HOG0060868	123	2022	17	0	0	17	54	12	42	64	0	1
N5.HOG0060874	120	1233.0	4	0	0	4	49	1	48	68	1	1
N5.HOG0060875	122	763.5	3	0	0	3	53	2	51	68	0	1
N5.HOG0060876	121	483	0	0	0	0	46	0	46	75	0	1
N5.HOG0060880	122	1321.5	5	0	0	5	49	0	49	68	0	1
N5.HOG0060881	124	630.0	3	0	0	3	53	2	51	70	0	1
N5.HOG0060886	95	996	5	0	0	5	44	0	44	46	0	1
N5.HOG0060899	126	2788.5	16	0	0	16	50	2	48	62	0	1
N5.HOG0060904	116	1533.0	2	0	0	2	48	1	47	67	0	1
N5.HOG0060905	125	1926	11	0	0	11	56	3	53	61	0	1
N5.HOG0060907	118	1612.5	11	2	0	11	53	6	47	60	0	1
N5.HOG0060910	110	2091.0	12	0	0	12	45	7	38	60	1	1
N5.HOG0060912	124	1078.5	30	0	0	30	51	10	41	53	0	1
N5.HOG0060917	121	999	0	0	0	0	49	0	49	72	0	1
N5.HOG0060919	121	1773	13	0	0	13	48	5	43	65	0	1
N5.HOG0060923	114	1260.0	0	0	0	0	47	0	47	67	0	1
N5.HOG0060927	114	1749.0	1	0	0	1	42	0	42	71	0	1
N5.HOG0060928	123	2556	9	0	0	9	45	2	43	71	0	1
N5.HOG0060929	118	1323.0	12	0	0	12	50	5	45	61	0	1
N5.HOG0060932	118	1606.5	9	0	0	9	54	6	48	61	0	1
N5.HOG0060933	111	1173	1	0	0	1	51	1	50	60	0	1
N5.HOG0060936	128	786.0	3	0	0	3	52	3	49	76	0	1
N5.HOG0060959	122	1836.0	1	0	0	1	54	0	54	67	0	1
N5.HOG0060967	124	759.0	2	0	0	2	52	1	51	71	0	1
N5.HOG0060968	124	3216.0	1	0	0	1	58	1	57	66	1	1
N5.HOG0060970	107	2724	0	0	0	0	46	0	46	61	0	1
N5.HOG0060971	123	1551	28	0	0	28	54	13	41	54	0	1
N5.HOG0060972	123	1176	1	0	0	1	54	0	54	68	0	1
N5.HOG0060973	122	843.0	3	0	0	3	45	0	45	74	0	1
N5.HOG0060981	128	822.0	4	0	0	4	61	3	58	66	0	1
N5.HOG0060982	126	453.0	1	0	0	1	47	0	47	78	0	1
N5.HOG0060983	111	2148	6	0	0	6	48	1	47	58	0	1
N5.HOG0060993	80	1587.0	19	0	0	19	44	8	36	25	0	1
N5.HOG0060995	122	1363.5	17	0	0	17	54	8	46	59	1	1
N5.HOG0060999	117	891	3	0	0	3	49	0	49	65	0	1
N5.HOG0061002	96	2004.0	7	0	0	7	43	1	42	47	0	1
N5.HOG0061004	128	639.0	1	0	0	1	55	0	55	72	0	1
N5.HOG0061071	114	561.0	0	0	0	0	49	0	49	65	0	1
N5.HOG0061073	128	390.0	1	0	0	1	55	0	55	72	0	1
N5.HOG0061083	119	1281	0	0	0	0	51	0	51	68	0	1
N5.HOG0061084	120	648.0	2	0	0	2	49	0	49	69	0	1
N5.HOG0061085	126	483.0	1	0	0	1	54	0	54	71	0	1
N5.HOG0061089	124	402.0	0	0	0	0	59	0	59	65	0	1
N5.HOG0061090	120	1179.0	14	0	0	14	51	9	42	64	0	1
N5.HOG0061093	100	2551.5	24	0	0	24	44	18	26	50	0	1
N5.HOG0061094	121	1389	13	0	0	13	50	7	43	65	0	1
N5.HOG0061098	103	2097	7	0	0	7	45	2	43	53	0	1
N5.HOG0061099	122	2649.0	0	0	0	0	55	0	55	67	0	1
N5.HOG0061100	123	708	3	0	0	3	47	0	47	73	0	1
N5.HOG0061103	87	2460	4	0	0	4	42	0	42	41	0	1
N5.HOG0061105	128	1203.0	15	0	0	15	56	7	49	64	0	1
N5.HOG0061106	121	405	0	0	0	0	50	0	50	71	0	1
N5.HOG0061132	111	663	1	0	0	1	49	0	49	61	0	1
N5.HOG0061151	120	1434.0	0	0	0	0	49	0	49	71	0	1
N5.HOG0061161	112	558.0	0	0	0	0	48	0	48	64	0	1
N5.HOG0061162	121	504	1	0	0	1	51	1	50	70	1	1
N5.HOG0061163	127	948	28	0	0	28	70	14	56	43	0	1
N5.HOG0061171	121	1038	1	0	0	1	44	0	44	76	0	1
N5.HOG0061173	123	1302	15	0	0	15	47	4	43	65	0	1
N5.HOG0061177	123	330	0	0	0	0	52	0	52	71	0	1
N5.HOG0061178	122	1579.5	13	0	0	13	47	3	44	65	0	1
N5.HOG0061186	117	975	14	0	0	14	49	6	43	60	0	1
N5.HOG0061194	121	834	1	0	0	1	47	0	47	73	0	1
N5.HOG0061195	114	582.0	2	0	0	2	44	0	44	68	0	1
N5.HOG0061196	124	537.0	1	0	0	1	50	0	50	73	0	1
N5.HOG0061197	121	1374	7	0	0	7	48	1	47	67	0	1
N5.HOG0061198	124	534.0	0	0	0	0	54	0	54	70	0	1
N5.HOG0061199	120	759.0	2	0	0	2	43	0	43	75	0	1
N5.HOG0061210	120	2061.0	8	0	0	8	49	3	46	66	0	1
N5.HOG0061213	91	1410	1	0	0	1	42	1	41	49	1	1
N5.HOG0061223	121	2907	10	0	0	10	50	6	44	67	1	1
N5.HOG0061225	115	1137	0	0	0	0	49	0	49	66	0	1
N5.HOG0061227	110	1000.5	1	0	0	1	45	0	45	64	0	1
N5.HOG0061236	92	2662.5	2	0	0	2	35	0	35	55	0	1
N5.HOG0061238	121	1389	3	0	0	3	48	2	46	72	0	1
N5.HOG0061239	125	1002	7	0	0	7	51	1	50	68	0	1
N5.HOG0061240	118	531.0	0	0	0	0	48	0	48	70	0	1
N5.HOG0061242	125	648	0	0	0	0	55	0	55	70	0	1
N5.HOG0061248	124	1053.0	13	0	0	13	51	4	47	64	0	1
N5.HOG0061264	119	435	0	0	0	0	45	0	45	74	0	1
N5.HOG0061265	104	2001.0	10	0	0	10	43	4	39	55	0	1
N5.HOG0061267	122	1137.0	10	0	0	10	48	0	48	64	0	1
N5.HOG0061294	110	2631.0	1	0	0	1	44	0	44	65	0	1
N5.HOG0061323	124	654.0	2	0	0	2	47	1	46	76	0	1
N5.HOG0061334	122	402.0	0	0	0	0	47	0	47	75	0	1
N5.HOG0061347	122	1638.0	11	0	0	11	58	4	54	57	0	1
N5.HOG0061348	117	765	1	0	0	1	46	0	46	70	0	1
N5.HOG0061350	122	711.0	7	0	0	7	54	6	48	67	0	1
N5.HOG0061352	91	1161	5	0	0	5	44	1	43	43	0	1
N5.HOG0061358	121	1146	17	0	0	17	55	7	48	56	0	1
N5.HOG0061359	120	633.0	1	0	0	1	51	1	50	69	0	1
N5.HOG0061360	124	369.0	0	0	0	0	54	0	54	70	0	1
N5.HOG0061365	113	978	6	0	0	6	44	1	43	64	0	1
N5.HOG0061366	108	1629.0	17	0	0	17	42	5	37	54	1	1
N5.HOG0061368	123	459	0	0	0	0	55	0	55	68	0	1
N5.HOG0061369	123	1215	1	0	0	1	51	0	51	71	0	1
N5.HOG0061374	120	984.0	1	0	0	1	45	0	45	74	0	1
N5.HOG0061377	115	546	0	0	0	0	48	0	48	67	0	1
N5.HOG0061421	124	1431.0	15	0	0	15	50	3	47	62	1	1
N5.HOG0061422	118	546.0	1	0	0	1	51	0	51	66	0	1
N5.HOG0061428	116	1170.0	6	0	0	6	48	2	46	64	1	1
N5.HOG0061430	121	1155	6	0	0	6	52	5	47	68	0	1
N5.HOG0061431	112	1150.5	15	0	0	15	43	5	38	59	0	1
N5.HOG0061432	118	879.0	4	0	0	4	46	0	46	68	0	1
N5.HOG0061436	96	1863.0	4	0	0	4	36	1	35	57	0	1
N5.HOG0061437	117	741	5	0	0	5	58	2	56	56	0	1
N5.HOG0061438	120	1713.0	6	0	0	6	58	6	52	62	0	1
N5.HOG0061449	111	1764	5	0	0	5	47	2	45	61	0	1
N5.HOG0061462	123	1290	6	0	0	6	49	3	46	71	0	1
N5.HOG0061464	118	528.0	1	0	0	1	46	1	45	72	0	1
N5.HOG0061465	123	465	0	2	0	2	49	2	47	74	0	1
N5.HOG0061466	116	901.5	1	0	0	1	44	0	44	71	0	1
N5.HOG0061468	119	1221	2	0	0	2	50	2	48	69	0	1
N5.HOG0061469	125	678	12	0	0	12	50	2	48	65	0	1
N5.HOG0061491	103	423	0	0	0	0	47	0	47	56	0	1
N5.HOG0061495	103	849	3	0	0	3	43	0	43	57	0	1
N5.HOG0061498	108	1585.5	2	0	0	2	45	0	45	61	0	1
N5.HOG0061501	115	633	0	0	0	0	51	0	51	64	0	1
N5.HOG0061509	118	585.0	0	0	0	0	48	0	48	70	0	1
N5.HOG0061511	122	1761.0	15	0	0	15	51	5	46	61	0	1
N5.HOG0061514	107	3165	5	0	0	5	43	1	42	60	1	1
N5.HOG0061532	113	930	3	0	0	3	45	1	44	66	0	1
N5.HOG0061541	120	429.0	0	0	0	0	51	0	51	69	0	1
N5.HOG0061542	121	936	0	0	0	0	48	0	48	73	0	1
N5.HOG0061544	114	1263.0	18	0	0	18	49	5	44	52	0	1
N5.HOG0061554	89	1257	8	0	0	8	45	5	40	41	0	1
N5.HOG0061557	123	1902	21	0	0	21	61	14	47	55	0	1
N5.HOG0061558	123	651	0	0	0	0	52	0	52	71	0	1
N5.HOG0061587	122	1425.0	5	0	0	5	48	0	48	69	0	1
N5.HOG0061589	115	1092	0	0	0	0	48	0	48	67	0	1
N5.HOG0061590	122	747.0	0	0	0	0	45	0	45	77	0	1
N5.HOG0061595	123	1791	21	0	0	21	41	5	36	66	0	1
N5.HOG0061604	123	1194	5	0	0	5	49	0	49	69	0	1
N5.HOG0061605	121	789	1	0	0	1	49	0	49	71	0	1
N5.HOG0061630	104	702.0	0	0	0	0	44	0	44	60	0	1
N5.HOG0061631	107	1185	7	0	0	7	48	3	45	55	0	1
N5.HOG0061633	123	1152	1	0	0	1	49	1	48	74	0	1
N5.HOG0061634	116	1527.0	8	0	0	8	48	2	46	62	0	1
N5.HOG0061635	119	822	6	0	0	6	45	0	45	68	0	1
N5.HOG0061638	83	1191	2	0	0	2	44	2	42	39	1	1
N5.HOG0061639	122	1671.0	19	2	0	19	47	6	41	62	0	1
N5.HOG0061648	123	348	0	0	0	0	48	0	48	75	0	1
N5.HOG0061649	125	381	0	0	0	0	55	0	55	70	0	1
N5.HOG0061650	124	1434.0	4	0	0	4	55	3	52	68	0	1
N5.HOG0061654	122	816.0	0	0	0	0	54	0	54	68	0	1
N5.HOG0061655	120	669.0	4	0	0	4	47	0	47	69	0	1
N5.HOG0061656	122	1986.0	12	0	0	12	46	4	42	68	0	1
N5.HOG0061657	123	756	7	0	0	7	51	1	50	66	0	1
N5.HOG0061666	116	1455.0	3	0	0	3	46	2	44	69	0	1
N5.HOG0061678	123	912	8	2	0	10	50	3	47	66	0	1
N5.HOG0061679	85	543	0	0	0	0	44	0	44	41	0	1
N5.HOG0061682	109	1623	3	0	0	3	43	1	42	64	1	1
N5.HOG0061683	121	1584	32	0	0	32	49	19	30	59	0	1
N5.HOG0061684	123	1032	3	0	0	3	50	2	48	72	0	1
N5.HOG0061685	112	1729.5	16	0	0	16	48	8	40	56	0	1
N5.HOG0061687	123	792	5	0	0	5	52	0	52	66	0	1
N5.HOG0061692	110	1539.0	9	0	0	9	49	6	43	58	0	1
N5.HOG0061696	122	831.0	3	0	0	3	51	1	50	69	0	1
N5.HOG0061697	123	936	0	0	0	0	52	0	52	71	0	1
N5.HOG0061700	105	654	1	0	0	1	44	1	43	61	0	1
N5.HOG0061703	106	1062.0	3	0	0	3	44	0	44	59	0	1
N5.HOG0061708	111	591	1	0	0	1	47	0	47	63	0	1
N5.HOG0061709	117	1338	8	0	0	8	44	1	43	66	0	1
N5.HOG0061710	123	579	0	0	0	0	49	0	49	74	0	1
N5.HOG0061715	123	567	1	0	0	1	51	0	51	71	0	1
N5.HOG0061717	107	1254	3	0	0	3	42	0	42	62	0	1
N5.HOG0061744	97	1419	6	0	0	6	46	0	46	45	0	1
N5.HOG0061750	112	1509.0	2	0	0	2	48	1	47	63	0	1
N5.HOG0061757	121	609	0	0	0	0	51	0	51	70	0	1
N5.HOG0061758	122	1008.0	4	0	0	4	45	1	44	74	0	1
N5.HOG0061759	119	546	0	0	0	0	43	0	43	76	0	1
N5.HOG0061769	123	687	1	0	0	1	56	1	55	67	0	1
N5.HOG0061780	89	1524	0	0	0	0	34	0	34	55	0	1
N5.HOG0061840	122	2599.5	11	0	0	11	49	2	47	64	1	1
N5.HOG0061863	120	457.5	3	0	0	3	48	1	47	70	1	1
N5.HOG0061867	117	777	1	0	0	1	48	1	47	69	0	1
N5.HOG0061868	120	516.0	0	0	0	0	46	0	46	74	0	1
N5.HOG0061870	113	1749	4	0	0	4	47	3	44	65	0	1
N5.HOG0061871	120	1776.0	22	0	0	22	47	9	38	60	0	1
N5.HOG0061872	119	1080	10	1	0	11	51	8	43	65	1	1
N5.HOG0061873	122	597.0	0	0	0	0	47	0	47	75	0	1
N5.HOG0061891	120	1033.5	15	0	0	15	47	4	43	62	0	1
N5.HOG0061892	121	534	0	0	0	0	49	0	49	72	0	1
N5.HOG0061896	106	2730.0	0	0	0	0	43	0	43	63	0	1
N5.HOG0061898	117	1224	1	0	0	1	48	0	48	68	0	1
N5.HOG0061901	85	504	0	0	0	0	38	0	38	47	0	1
N5.HOG0061902	122	486.0	0	0	0	0	48	0	48	74	0	1
N5.HOG0061909	115	990	21	0	0	21	54	9	45	49	0	1
N5.HOG0061916	122	693.0	2	0	0	2	57	0	57	63	0	1
N5.HOG0061921	100	1269.0	4	0	0	4	40	2	38	58	0	1
N5.HOG0061934	120	1743.0	11	0	0	11	50	6	44	65	0	1
N5.HOG0061940	89	1458	15	0	0	15	37	9	28	46	0	1
N5.HOG0061944	120	654.0	0	0	0	0	49	0	49	71	0	1
N5.HOG0061946	116	1674.0	4	0	0	4	50	3	47	65	0	1
N5.HOG0061947	119	1398	5	0	0	5	53	3	50	64	0	1
N5.HOG0061948	119	1506	15	0	0	15	51	11	40	64	0	1
N5.HOG0061950	115	2253	3	0	0	3	46	0	46	66	0	1
N5.HOG0061951	122	549.0	0	0	0	0	53	0	53	69	0	1
N5.HOG0061956	84	1605.0	6	0	0	6	39	4	35	43	1	1
N5.HOG0061965	88	1602.0	2	0	0	2	47	1	46	40	1	1
N5.HOG0061968	121	645	1	0	0	1	53	0	53	67	0	1
N5.HOG0061991	104	2733.0	9	0	0	9	40	3	37	58	0	1
N5.HOG0062007	121	1062	9	0	0	9	56	8	48	64	0	1
N5.HOG0062008	119	723	2	0	0	2	55	2	53	64	0	1
N5.HOG0062014	122	474.0	0	0	0	0	50	0	50	72	0	1
N5.HOG0062043	120	819.0	0	0	0	0	52	0	52	68	0	1
N5.HOG0062044	117	852	5	0	0	5	52	5	47	65	0	1
N5.HOG0062052	118	552.0	0	0	0	0	52	0	52	66	0	1
N5.HOG0062054	116	690.0	1	0	0	1	46	1	45	70	0	1
N5.HOG0062057	80	1293.0	5	0	0	5	38	3	35	40	0	1
N5.HOG0062076	97	1770	14	0	0	14	43	2	41	42	0	1
N5.HOG0062078	118	1743.0	3	0	0	3	51	3	48	67	0	1
N5.HOG0062079	114	591.0	0	0	0	0	48	0	48	66	0	1
N5.HOG0062089	113	1326	4	0	0	4	46	1	45	64	0	1
N5.HOG0062091	110	1575.0	0	0	0	0	48	0	48	62	0	1
N5.HOG0062093	119	564	0	0	0	0	48	0	48	71	0	1
N5.HOG0062094	120	1074.0	8	0	0	8	51	5	46	66	0	1
N5.HOG0062095	127	426	1	0	0	1	62	1	61	65	1	1
N5.HOG0062096	110	1260.0	0	0	0	0	48	0	48	62	0	1
N5.HOG0062098	87	1557	4	0	0	4	46	1	45	38	0	1
N5.HOG0062106	115	678	1	0	0	1	45	0	45	69	0	1
N5.HOG0062108	119	717	1	0	0	1	46	1	45	73	0	1
N5.HOG0062109	122	642.0	1	0	0	1	58	1	57	64	0	1
N5.HOG0062116	97	1461	0	0	0	0	42	0	42	55	0	1
N5.HOG0062141	117	2400	0	0	0	0	57	0	57	60	0	1
N5.HOG0062144	121	1548	36	0	0	36	51	18	33	52	1	1
N5.HOG0062145	122	1293.0	9	0	0	9	50	1	49	64	0	1
N5.HOG0062146	120	1518.0	1	0	0	1	50	0	50	69	0	1
N5.HOG0062147	121	639	5	0	0	5	49	1	48	68	0	1
N5.HOG0062148	121	375	0	0	0	0	50	0	50	71	0	1
N5.HOG0062149	124	621.0	0	0	0	0	50	0	50	74	0	1
N5.HOG0062152	102	637.5	2	2	0	4	48	3	45	53	1	1
N5.HOG0062153	120	597.0	0	0	0	0	50	0	50	70	0	1
N5.HOG0062154	122	657.0	2	0	0	2	54	1	53	67	0	1
N5.HOG0062155	118	351.0	0	0	0	0	49	0	49	69	0	1
N5.HOG0062156	115	1110	0	0	0	0	45	0	45	70	0	1
N5.HOG0062158	122	711.0	0	0	0	0	45	0	45	77	0	1
N5.HOG0062159	119	1002	3	0	0	3	47	2	45	71	0	1
N5.HOG0062160	117	465	1	0	0	1	49	1	48	68	0	1
N5.HOG0062161	120	619.5	1	0	0	1	52	0	52	67	0	1
N5.HOG0062162	120	519.0	0	0	0	0	47	0	47	73	0	1
N5.HOG0062163	120	910.5	4	0	0	4	50	0	50	66	0	1
N5.HOG0062164	106	1353.0	1	0	0	1	45	1	44	61	0	1
N5.HOG0062169	96	1867.5	1	0	0	1	37	0	37	58	0	1
N5.HOG0062185	107	591	0	0	0	0	49	0	49	58	0	1
N5.HOG0062187	119	759	0	0	0	0	47	0	47	72	0	1
N5.HOG0062188	115	726	3	0	0	3	45	2	43	69	0	1
N5.HOG0062191	93	1545	4	0	0	4	34	1	33	56	0	1
N5.HOG0062194	117	417	0	0	0	0	51	0	51	66	0	1
N5.HOG0062257	123	609	1	0	0	1	49	0	49	73	0	1
N5.HOG0062266	119	1443	6	0	0	6	45	0	45	68	0	1
N5.HOG0062267	116	1656.0	2	0	0	2	47	2	45	69	1	1
N5.HOG0062313	99	1443	9	0	0	9	40	5	35	55	1	1
N5.HOG0062315	122	453.0	1	0	0	1	48	0	48	73	0	1
N5.HOG0062316	119	1653	22	0	0	22	47	7	40	57	0	1
N5.HOG0062317	115	957	0	0	0	0	43	0	43	72	0	1
N5.HOG0062328	122	652.5	10	0	0	10	48	1	47	65	0	1
N5.HOG0062329	119	1635	7	0	0	7	54	5	49	63	0	1
N5.HOG0062342	120	660.0	0	0	0	0	44	0	44	76	0	1
N5.HOG0062343	112	825.0	1	0	0	1	44	0	44	67	0	1
N5.HOG0062345	109	1227	1	0	0	1	43	0	43	65	0	1
N5.HOG0062362	114	819.0	3	0	0	3	52	2	50	61	1	1
N5.HOG0062364	109	1365	1	0	0	1	51	1	50	58	0	1
N5.HOG0062377	123	1128	11	0	0	11	47	2	45	67	0	1
N5.HOG0062387	121	1449	0	0	0	0	53	0	53	68	0	1
N5.HOG0062389	113	849	6	0	0	6	46	4	42	65	0	1
N5.HOG0062390	118	2238.0	6	0	0	6	47	0	47	65	0	1
N5.HOG0062400	115	1053	6	0	0	6	49	1	48	61	0	1
N5.HOG0062408	81	1653	17	0	0	17	36	12	24	40	0	1
N5.HOG0062411	117	972	4	0	0	4	47	1	46	67	0	1
N5.HOG0062413	103	1680	3	0	0	3	41	0	41	59	0	1
N5.HOG0062421	121	1611	8	0	0	8	50	3	47	66	0	1
N5.HOG0062422	119	588	0	2	0	2	53	2	51	66	0	1
N5.HOG0062425	96	1896.0	4	0	0	4	50	1	49	43	0	1
N5.HOG0062437	114	2325.0	17	1	0	17	47	7	40	57	0	1
N5.HOG0062446	115	1272	7	0	0	7	48	6	42	66	0	1
N5.HOG0062451	120	768.0	2	0	0	2	50	1	49	69	0	1
N5.HOG0062452	122	654.0	4	0	0	4	50	2	48	70	0	1
N5.HOG0062453	120	1761.0	3	0	0	3	50	1	49	68	1	1
N5.HOG0062454	115	687	3	0	0	3	49	1	48	64	0	1
N5.HOG0062455	123	1404	2	0	0	2	51	1	50	71	0	1
N5.HOG0062456	117	1416	0	0	0	0	48	0	48	69	0	1
N5.HOG0062472	90	2397.0	0	0	0	0	45	0	45	45	0	1
N5.HOG0062473	115	984	3	0	0	3	51	1	50	62	0	1
N5.HOG0062475	115	2271	9	0	0	9	49	2	47	59	0	1
N5.HOG0062477	112	1251.0	6	0	0	6	43	2	41	65	1	1
N5.HOG0062479	101	2406	8	0	0	8	44	6	38	55	1	1
N5.HOG0062480	121	843	5	0	0	5	53	3	50	66	0	1
N5.HOG0062483	94	1659.0	11	0	0	11	35	1	34	49	0	1
N5.HOG0062486	110	2202.0	3	0	0	3	46	0	46	61	0	1
N5.HOG0062487	118	1242.0	2	0	0	2	46	1	45	71	1	1
N5.HOG0062488	98	2067.0	1	0	0	1	43	0	43	54	0	1
N5.HOG0062492	113	1959	0	0	0	0	42	0	42	71	0	1
N5.HOG0062493	115	1875	13	0	0	13	46	2	44	58	0	1
N5.HOG0062494	121	810	6	0	0	6	55	3	52	63	0	1
N5.HOG0062495	115	567	0	0	0	0	46	0	46	69	0	1
N5.HOG0062498	112	1098.0	5	0	0	5	48	2	46	61	0	1
N5.HOG0062499	120	318.0	0	0	0	0	49	0	49	71	0	1
N5.HOG0062507	116	1683.0	5	0	0	5	43	0	43	68	0	1
N5.HOG0062516	108	1494.0	9	0	0	9	46	6	40	59	0	1
N5.HOG0062522	118	1038.0	2	2	0	4	47	2	45	69	0	1
N5.HOG0062528	116	1611.0	4	0	0	4	49	2	47	65	0	1
N5.HOG0062537	112	1438.5	10	0	0	10	52	3	49	53	0	1
N5.HOG0062544	123	813	4	0	0	4	48	2	46	73	0	1
N5.HOG0062545	113	630	4	0	0	4	43	0	43	66	0	1
N5.HOG0062546	120	1395.0	5	0	0	5	44	1	43	72	0	1
N5.HOG0062547	116	984.0	1	0	0	1	52	1	51	64	0	1
N5.HOG0062553	121	1380	9	0	0	9	50	2	48	64	0	1
N5.HOG0062557	109	1851	1	0	0	1	46	0	46	62	0	1
N5.HOG0062558	113	1659	0	0	0	0	50	0	50	63	0	1
N5.HOG0062559	117	1266	5	0	0	5	43	2	41	71	1	1
N5.HOG0062561	117	2427	3	0	0	3	47	0	47	67	0	1
N5.HOG0062564	98	495.0	0	0	0	0	39	0	39	59	0	1
N5.HOG0062570	120	552.0	0	0	0	0	48	0	48	72	0	1
N5.HOG0062576	100	1422.0	11	4	0	13	47	9	38	49	0	1
N5.HOG0062578	118	1944.0	0	0	0	0	42	0	42	76	0	1
N5.HOG0062579	116	568.5	0	0	0	0	50	0	50	66	0	1
N5.HOG0062581	114	2086.5	7	0	0	7	46	1	45	62	0	1
N5.HOG0062582	112	1860.0	0	0	0	0	44	0	44	68	0	1
N5.HOG0062605	121	576	2	0	0	2	45	0	45	74	0	1
N5.HOG0062606	121	1251	10	0	0	10	47	0	47	64	0	1
N5.HOG0062610	112	921.0	8	0	0	8	48	3	45	59	0	1
N5.HOG0062619	120	1545.0	14	0	0	14	48	6	42	64	1	1
N5.HOG0062620	120	511.5	0	0	0	0	46	0	46	74	0	1
N5.HOG0062621	106	2809.5	3	0	0	3	43	2	41	62	0	1
N5.HOG0062638	121	780	1	0	0	1	46	0	46	74	0	1
N5.HOG0062641	105	1008	2	0	0	2	43	1	42	61	0	1
N5.HOG0062661	121	1254	9	0	0	9	54	5	49	63	1	1
N5.HOG0062664	115	1572	1	0	0	1	48	1	47	67	0	1
N5.HOG0062672	114	1396.5	15	0	0	15	44	9	35	64	0	1
N5.HOG0062673	108	1104.0	7	0	0	7	45	1	44	57	0	1
N5.HOG0062678	118	1786.5	6	0	0	6	48	3	45	67	0	1
N5.HOG0062680	115	741	0	0	0	0	41	0	41	74	0	1
N5.HOG0062687	120	912.0	0	0	0	0	49	0	49	71	0	1
N5.HOG0062698	116	1329.0	1	0	0	1	47	0	47	68	0	1
N5.HOG0062699	119	894	2	0	0	2	46	0	46	71	0	1
N5.HOG0062701	89	1845	27	0	0	27	39	15	24	38	0	1
N5.HOG0062754	115	795	7	0	0	7	56	6	50	58	0	1
N5.HOG0062758	101	642	0	0	0	0	46	0	46	55	0	1
N5.HOG0062759	119	2262	9	0	0	9	56	5	51	59	0	1
N5.HOG0062760	114	1563.0	21	0	0	21	62	6	56	37	0	1
N5.HOG0062761	121	1911	34	0	0	34	63	18	45	42	1	1
N5.HOG0062762	110	1635.0	9	0	0	9	44	4	40	61	1	1
N5.HOG0062764	117	627	0	0	0	0	44	0	44	73	0	1
N5.HOG0062765	119	1062	4	0	0	4	47	1	46	69	1	1
N5.HOG0062768	96	1707.0	11	0	0	11	45	9	36	49	0	1
N5.HOG0062769	116	1650.0	7	0	0	7	50	4	46	63	0	1
N5.HOG0062770	100	2187.0	5	0	0	5	43	1	42	53	0	1
N5.HOG0062779	95	1332	15	0	0	15	38	7	31	49	1	1
N5.HOG0062780	119	3051	13	0	0	13	50	6	44	62	0	1
N5.HOG0062782	117	831	3	0	0	3	49	0	49	65	0	1
N5.HOG0062787	121	900	7	0	0	7	59	3	56	58	1	1
N5.HOG0062788	115	2649	5	0	0	5	47	1	46	64	0	1
N5.HOG0062789	119	537	0	0	0	0	52	0	52	67	0	1
N5.HOG0062791	88	1704.0	12	0	0	12	43	2	41	35	1	1
N5.HOG0062806	121	414	2	0	0	2	50	2	48	71	0	1
N5.HOG0062807	121	1383	25	0	0	25	52	6	46	50	0	1
N5.HOG0062808	117	1920	2	0	0	2	49	0	49	66	0	1
N5.HOG0062830	89	822	2	0	0	2	33	1	32	55	0	1
N5.HOG0062843	119	528	1	0	0	1	49	0	49	69	0	1
N5.HOG0062851	109	1524	1	0	0	1	46	1	45	63	0	1
N5.HOG0062862	116	1002.0	3	0	0	3	49	1	48	65	0	1
N5.HOG0062863	120	489.0	2	0	0	2	51	2	49	69	0	1
N5.HOG0062867	110	1269.0	0	0	0	0	42	0	42	68	0	1
N5.HOG0062868	114	1200.0	3	0	0	3	49	1	48	63	0	1
N5.HOG0062869	122	774.0	4	0	0	4	51	3	48	70	0	1
N5.HOG0062876	88	1563.0	7	0	0	7	41	2	39	42	1	1
N5.HOG0062891	116	1551.0	23	0	0	23	48	11	37	56	0	1
N5.HOG0062894	81	1041	0	0	0	0	41	0	41	40	0	1
N5.HOG0062899	123	636	1	0	0	1	47	1	46	76	1	1
N5.HOG0062909	113	2412	9	0	0	9	48	4	44	60	0	1
N5.HOG0062912	110	900.0	1	0	0	1	45	0	45	64	0	1
N5.HOG0062917	119	945	8	0	0	8	44	1	43	68	0	1
N5.HOG0062920	120	390.0	0	0	0	0	49	0	49	71	0	1
N5.HOG0062921	120	423.0	0	0	0	0	52	0	52	68	0	1
N5.HOG0062926	117	831	6	0	0	6	56	2	54	57	0	1
N5.HOG0062927	119	1227	9	0	0	9	50	4	46	64	0	1
N5.HOG0062928	119	1899	6	0	0	6	48	2	46	67	0	1
N5.HOG0062931	118	1350.0	6	0	0	6	49	3	46	66	0	1
N5.HOG0062932	120	483.0	1	0	0	1	57	1	56	63	0	1
N5.HOG0062936	121	537	1	0	0	1	50	1	49	71	1	1
N5.HOG0062939	116	972.0	5	0	0	5	51	2	49	62	0	1
N5.HOG0062941	118	567.0	2	0	0	2	44	0	44	72	0	1
N5.HOG0062942	120	588.0	0	0	0	0	53	0	53	67	0	1
N5.HOG0062943	110	2455.5	9	0	0	9	45	2	43	58	1	1
N5.HOG0062953	115	3120	1	0	0	1	46	1	45	69	0	1
N5.HOG0062961	117	1770	18	0	0	18	49	6	43	56	1	1
N5.HOG0062969	110	564.0	0	0	0	0	47	0	47	63	0	1
N5.HOG0062974	122	1642.5	11	2	0	13	51	8	43	66	0	1
N5.HOG0062977	102	405.0	0	0	0	0	47	0	47	55	0	1
N5.HOG0062993	117	549	0	0	0	0	46	0	46	71	0	1
N5.HOG0062994	110	1302.0	0	0	0	0	46	0	46	64	0	1
N5.HOG0062996	120	1254.0	6	0	0	6	46	0	46	68	0	1
N5.HOG0062998	119	1188	14	2	0	16	49	7	42	61	0	1
N5.HOG0063001	118	786.0	6	0	0	6	52	3	49	63	0	1
N5.HOG0063009	119	1428	13	0	0	13	56	8	48	58	0	1
N5.HOG0063010	120	1636.5	12	0	0	12	55	6	49	59	0	1
N5.HOG0063012	114	1506.0	14	0	0	14	51	8	43	57	0	1
N5.HOG0063014	101	1482	6	0	0	6	36	4	32	63	0	1
N5.HOG0063015	109	651	0	0	0	0	42	0	42	67	0	1
N5.HOG0063017	118	618.0	0	0	0	0	44	0	44	74	0	1
N5.HOG0063038	86	933.0	6	0	0	6	40	2	38	42	1	1
N5.HOG0063040	121	1071	11	0	0	11	51	4	47	63	0	1
N5.HOG0063047	112	690.0	1	0	0	1	44	0	44	67	0	1
N5.HOG0063056	117	711	8	0	0	8	49	4	45	64	0	1
N5.HOG0063058	114	1422.0	5	0	0	5	44	1	43	66	0	1
N5.HOG0063062	117	1026	8	0	0	8	44	1	43	66	0	1
N5.HOG0063064	103	897	6	0	0	6	45	4	41	56	0	1
N5.HOG0063065	116	2541.0	3	0	0	3	46	0	46	67	0	1
N5.HOG0063066	115	1452	0	0	0	0	48	0	48	67	0	1
N5.HOG0063067	119	777	4	0	0	4	51	2	49	66	0	1
N5.HOG0063074	103	963	2	0	0	2	46	1	45	56	0	1
N5.HOG0063077	108	1797.0	5	0	0	5	42	1	41	62	0	1
N5.HOG0063079	117	1746	17	0	0	17	44	5	39	61	0	1
N5.HOG0063080	120	609.0	0	0	0	0	47	0	47	73	0	1
N5.HOG0063083	114	1689.0	4	0	0	4	50	3	47	63	0	1
N5.HOG0063084	116	1107.0	6	0	0	6	41	1	40	70	0	1
N5.HOG0063085	119	651	1	0	0	1	53	1	52	66	1	1
N5.HOG0063086	91	1446	16	0	0	16	37	8	29	46	0	1
N5.HOG0063088	118	987.0	0	0	0	0	45	0	45	73	0	1
N5.HOG0063092	119	576	0	0	0	0	43	0	43	76	0	1
N5.HOG0063134	113	741	2	0	0	2	48	1	47	64	0	1
N5.HOG0063135	115	810	0	0	0	0	46	0	46	69	0	1
N5.HOG0063136	119	891	5	0	0	5	44	1	43	71	0	1
N5.HOG0063137	112	1378.5	7	0	0	7	54	3	51	54	0	1
N5.HOG0063138	120	1540.5	27	0	0	27	48	8	40	53	0	1
N5.HOG0063147	118	1266.0	5	0	0	5	55	2	53	60	0	1
N5.HOG0063148	121	648	4	0	0	4	50	0	50	67	0	1
N5.HOG0063149	113	534	1	0	0	1	45	1	44	68	0	1
N5.HOG0063150	119	990	2	0	0	2	45	1	44	73	0	1
N5.HOG0063162	96	1434.0	12	0	0	12	39	6	33	51	0	1
N5.HOG0063166	100	547.5	0	0	0	0	47	0	47	53	0	1
N5.HOG0063167	116	828.0	0	0	0	0	46	0	46	70	0	1
N5.HOG0063168	117	615	0	0	0	0	52	0	52	65	0	1
N5.HOG0063169	88	2145.0	1	0	0	1	45	1	44	43	0	1
N5.HOG0063178	119	909	2	0	0	2	47	0	47	70	0	1
N5.HOG0063188	114	657.0	0	0	0	0	45	0	45	69	0	1
N5.HOG0063189	118	804.0	1	0	0	1	49	0	49	68	0	1
N5.HOG0063190	118	1953.0	3	2	0	5	48	1	47	66	1	1
N5.HOG0063191	113	1422	3	0	0	3	48	1	47	63	0	1
N5.HOG0063193	120	1449.0	5	0	0	5	49	4	45	70	0	1
N5.HOG0063194	118	912.0	12	2	0	14	53	10	43	61	0	1
N5.HOG0063195	118	375.0	0	0	0	0	52	0	52	66	0	1
N5.HOG0063198	114	675.0	1	0	0	1	42	0	42	71	0	1
N5.HOG0063199	112	1113.0	2	0	0	2	48	2	46	64	0	1
N5.HOG0063204	112	684.0	0	0	0	0	46	0	46	66	0	1
N5.HOG0063205	112	1920.0	9	0	0	9	47	5	42	61	0	1
N5.HOG0063207	116	1206.0	0	0	0	0	46	0	46	70	0	1
N5.HOG0063219	114	888.0	16	0	0	16	47	9	38	60	0	1
N5.HOG0063224	119	819	4	0	0	4	48	1	47	68	0	1
N5.HOG0063234	105	1932	2	0	0	2	42	0	42	61	0	1
N5.HOG0063238	88	966.0	3	0	0	3	45	1	44	41	0	1
N5.HOG0063241	114	861.0	2	0	0	2	49	0	49	63	0	1
N5.HOG0063242	114	1338.0	11	0	0	11	48	7	41	62	0	1
N5.HOG0063243	118	597.0	0	0	0	0	50	0	50	68	0	1
N5.HOG0063248	111	855	0	0	0	0	47	0	47	64	0	1
N5.HOG0063254	115	1167	2	0	0	2	45	1	44	69	0	1
N5.HOG0063255	116	1329.0	13	0	0	13	48	5	43	60	1	1
N5.HOG0063256	119	915	0	0	0	0	49	0	49	70	0	1
N5.HOG0063257	115	2253	3	0	0	3	45	0	45	67	0	1
N5.HOG0063258	117	612	0	0	0	0	50	0	50	67	0	1
N5.HOG0063259	119	585	1	0	0	1	48	0	48	70	0	1
N5.HOG0063260	115	1530	23	0	0	23	51	15	36	56	0	1
N5.HOG0063261	116	681.0	3	0	0	3	50	1	49	64	0	1
N5.HOG0063267	117	2001	12	0	0	12	45	2	43	62	0	1
N5.HOG0063283	117	489	0	0	0	0	45	0	45	72	0	1
N5.HOG0063294	116	615.0	0	0	0	0	48	0	48	68	0	1
N5.HOG0063295	120	708.0	0	0	0	0	52	0	52	68	0	1
N5.HOG0063296	119	1140	4	0	0	4	45	2	43	72	1	1
N5.HOG0063297	109	1467	0	0	0	0	45	0	45	64	0	1
N5.HOG0063298	119	1020	5	0	0	5	48	1	47	67	0	1
N5.HOG0063301	86	978.0	1	0	0	1	43	1	42	43	0	1
N5.HOG0063310	93	1500	2	0	0	2	32	1	31	60	0	1
N5.HOG0063314	107	693	0	0	0	0	44	0	44	63	0	1
N5.HOG0063315	109	1608	6	0	0	6	42	0	42	61	0	1
N5.HOG0063316	119	597	1	0	0	1	50	0	50	68	0	1
N5.HOG0063317	119	870	2	0	0	2	50	1	49	68	1	1
N5.HOG0063318	119	714	0	0	0	0	43	0	43	76	0	1
N5.HOG0063319	117	603	0	0	0	0	46	0	46	71	0	1
N5.HOG0063326	114	597.0	1	0	0	1	43	0	43	70	0	1
N5.HOG0063328	119	1563	18	0	0	18	45	5	40	61	0	1
N5.HOG0063329	117	1560	8	0	0	8	49	4	45	64	0	1
N5.HOG0063336	115	3777	10	0	0	10	51	8	43	62	1	1
N5.HOG0063339	98	396.0	0	0	0	0	45	0	45	53	0	1
N5.HOG0063350	89	1932	21	0	0	21	43	14	29	39	0	1
N5.HOG0063356	84	477.0	0	0	0	0	45	0	45	39	0	1
N5.HOG0063357	113	543	0	0	0	0	49	0	49	64	0	1
N5.HOG0063361	92	336.0	0	0	0	0	42	0	42	50	0	1
N5.HOG0063363	119	657	4	0	0	4	41	0	41	74	0	1
N5.HOG0063377	113	1482	14	0	0	14	53	10	43	56	0	1
N5.HOG0063378	115	1068	6	0	0	6	45	0	45	64	0	1
N5.HOG0063379	119	705	0	0	0	0	47	0	47	72	0	1
N5.HOG0063380	118	771.0	2	0	0	2	49	0	49	67	0	1
N5.HOG0063391	118	1278.0	8	0	0	8	52	5	47	63	0	1
N5.HOG0063395	115	1449	3	0	0	3	46	1	45	67	0	1
N5.HOG0063412	119	444	0	0	0	0	48	0	48	71	0	1
N5.HOG0063414	107	1911	4	0	0	4	44	2	42	61	0	1
N5.HOG0063418	116	997.5	8	0	0	8	48	4	44	64	1	1
N5.HOG0063419	118	564.0	0	0	0	0	46	0	46	72	0	1
N5.HOG0063421	110	753.0	2	0	0	2	44	1	43	65	0	1
N5.HOG0063422	123	636	0	0	0	0	52	0	52	71	0	1
N5.HOG0063423	116	459.0	0	0	0	0	45	0	45	71	0	1
N5.HOG0063424	113	1947	5	0	0	5	46	0	46	62	0	1
N5.HOG0063430	108	930.0	0	0	0	0	45	0	45	63	0	1
N5.HOG0063432	119	1116	12	0	0	12	52	4	48	59	0	1
N5.HOG0063433	109	1716	2	0	0	2	43	0	43	64	0	1
N5.HOG0063434	117	1125	14	0	0	14	49	6	43	60	0	1
N5.HOG0063435	117	1650	7	0	0	7	45	2	43	67	0	1
N5.HOG0063436	117	717	0	0	0	0	52	0	52	65	0	1
N5.HOG0063452	115	831	1	0	0	1	45	0	45	69	0	1
N5.HOG0063466	91	1755	19	0	0	19	36	12	24	48	0	1
N5.HOG0063487	104	2592.0	0	0	0	0	45	0	45	59	0	1
N5.HOG0063488	117	1194	0	0	0	0	50	0	50	67	0	1
N5.HOG0063496	113	1710	21	0	0	21	45	9	36	56	0	1
N5.HOG0063497	118	1032.0	0	0	0	0	48	0	48	70	0	1
N5.HOG0063501	101	669	1	0	0	1	40	1	39	61	0	1
N5.HOG0063503	93	1950	2	0	0	2	34	1	33	58	0	1
N5.HOG0063506	103	1209	5	0	0	5	44	2	42	56	0	1
N5.HOG0063515	116	552.0	0	0	0	0	51	0	51	65	0	1
N5.HOG0063516	118	930.0	0	0	0	0	54	0	54	64	0	1
N5.HOG0063525	102	1713.0	0	0	0	0	42	0	42	60	0	1
N5.HOG0063526	115	576	0	0	0	0	45	0	45	70	0	1
N5.HOG0063527	116	1419.0	2	2	0	4	49	4	45	67	0	1
N5.HOG0063533	113	1041	1	0	0	1	43	0	43	69	0	1
N5.HOG0063534	118	1344.0	3	0	0	3	52	3	49	66	0	1
N5.HOG0063535	120	672.0	1	0	0	1	66	0	66	53	0	1
N5.HOG0063536	119	453	0	0	0	0	52	0	52	67	0	1
N5.HOG0063537	114	1782.0	0	0	0	0	46	0	46	68	0	1
N5.HOG0063542	118	1179.0	5	0	0	5	50	1	49	64	0	1
N5.HOG0063543	117	588	2	0	0	2	46	0	46	69	0	1
N5.HOG0063548	117	972	11	0	0	11	45	6	39	67	0	1
N5.HOG0063557	119	531	0	0	0	0	49	0	49	70	0	1
N5.HOG0063558	119	855	3	0	0	3	47	0	47	69	0	1
N5.HOG0063559	103	2211	7	0	0	7	41	2	39	57	0	1
N5.HOG0063561	118	1659.0	5	0	0	5	42	0	42	71	0	1
N5.HOG0063562	118	655.5	2	0	0	2	53	1	52	64	0	1
N5.HOG0063563	109	567	0	0	0	0	45	0	45	64	0	1
N5.HOG0063565	107	570	0	0	0	0	42	0	42	65	0	1
N5.HOG0063567	104	1086.0	2	0	0	2	43	0	43	59	0	1
N5.HOG0063586	106	841.5	3	0	0	3	43	2	41	62	0	1
N5.HOG0063587	115	753	3	0	0	3	48	1	47	65	0	1
N5.HOG0063588	114	1362.0	1	0	0	1	46	0	46	67	0	1
N5.HOG0063594	119	573	1	0	0	1	57	0	57	61	0	1
N5.HOG0063597	116	936.0	0	0	0	0	48	0	48	68	0	1
N5.HOG0063598	117	1713	10	0	0	10	52	7	45	62	1	1
N5.HOG0063599	116	1140.0	8	0	0	8	43	3	40	68	0	1
N5.HOG0063600	115	1458	7	0	0	7	45	2	43	65	1	1
N5.HOG0063608	116	1221.0	4	0	0	4	45	2	43	69	0	1
N5.HOG0063609	118	636.0	3	0	0	3	48	1	47	68	0	1
N5.HOG0063621	117	684	1	0	0	1	47	0	47	69	0	1
N5.HOG0063623	115	315	0	0	0	0	45	0	45	70	0	1
N5.HOG0063635	116	468.0	0	0	0	0	45	0	45	71	0	1
N5.HOG0063636	119	1092	3	0	0	3	47	0	47	69	0	1
N5.HOG0063637	117	1032	8	0	0	8	46	2	44	65	0	1
N5.HOG0063645	111	444	0	0	0	0	49	0	49	62	0	1
N5.HOG0063646	107	2019	2	0	0	2	43	2	41	64	0	1
N5.HOG0063648	116	1554.0	0	0	0	0	50	0	50	66	0	1
N5.HOG0063649	115	831	6	0	0	6	49	4	45	64	1	1
N5.HOG0063650	119	1884	20	0	0	20	48	3	45	54	0	1
N5.HOG0063651	118	474.0	0	0	0	0	54	0	54	64	0	1
N5.HOG0063653	99	960	5	0	0	5	40	1	39	55	0	1
N5.HOG0063655	115	1218	3	0	0	3	43	0	43	69	0	1
N5.HOG0063656	117	843	8	0	0	8	50	4	46	63	1	1
N5.HOG0063659	102	1456.5	22	0	0	22	35	12	23	57	0	1
N5.HOG0063660	118	1086.0	11	0	0	11	48	2	46	61	0	1
N5.HOG0063661	112	1017.0	0	0	0	0	43	0	43	69	0	1
N5.HOG0063677	116	1533.0	0	0	0	0	51	0	51	65	0	1
N5.HOG0063678	114	1227.0	0	0	0	0	49	0	49	65	0	1
N5.HOG0063683	117	477	0	0	0	0	50	0	50	67	0	1
N5.HOG0063686	94	1284.0	0	0	0	0	48	0	48	46	0	1
N5.HOG0063700	117	711	0	0	0	0	44	0	44	73	0	1
N5.HOG0063703	101	339	0	0	0	0	42	0	42	59	0	1
N5.HOG0063704	117	624	1	0	0	1	44	0	44	72	0	1
N5.HOG0063705	113	1269	6	0	0	6	44	1	43	64	0	1
N5.HOG0063706	113	2307	8	2	0	10	47	6	41	62	0	1
N5.HOG0063712	115	603	0	0	0	0	46	0	46	69	0	1
N5.HOG0063719	116	684.0	0	0	0	0	46	0	46	70	0	1
N5.HOG0063733	96	1740.0	15	0	0	15	46	9	37	44	0	1
N5.HOG0063734	116	1764.0	5	0	0	5	49	2	47	64	0	1
N5.HOG0063735	117	747	1	0	0	1	47	1	46	70	1	1
N5.HOG0063743	111	981	0	0	0	0	42	0	42	69	0	1
N5.HOG0063744	114	1704.0	5	0	0	5	44	0	44	65	0	1
N5.HOG0063745	115	1131	3	0	0	3	48	1	47	65	0	1
N5.HOG0063746	113	1224	0	0	0	0	51	0	51	62	0	1
N5.HOG0063749	113	576	0	2	0	2	50	0	50	61	0	1
N5.HOG0063750	118	1011.0	10	2	0	12	52	7	45	61	0	1
N5.HOG0063751	118	1437.0	8	0	0	8	49	4	45	65	1	1
N5.HOG0063760	116	552.0	2	0	0	2	47	0	47	67	0	1
N5.HOG0063761	118	759.0	3	0	0	3	44	0	44	71	0	1
N5.HOG0063771	114	1650.0	12	0	0	12	49	8	41	61	0	1
N5.HOG0063782	94	1564.5	14	0	0	14	31	2	29	51	0	1
N5.HOG0063784	108	2745.0	1	0	0	1	46	1	45	62	0	1
N5.HOG0063786	104	1023.0	7	0	0	7	42	3	39	58	1	1
N5.HOG0063794	115	1014	9	0	0	9	54	5	49	57	0	1
N5.HOG0063795	116	1353.0	8	0	0	8	46	2	44	64	1	1
N5.HOG0063796	114	474.0	0	0	0	0	47	0	47	67	0	1
N5.HOG0063804	115	1404	6	0	0	6	44	4	40	69	0	1
N5.HOG0063809	114	910.5	10	3	0	12	48	6	42	60	1	1
N5.HOG0063839	114	984.0	7	0	0	7	51	5	46	61	0	1
N5.HOG0063840	111	1218	1	0	0	1	44	0	44	66	0	1
N5.HOG0063846	109	1287	1	0	0	1	44	0	44	64	0	1
N5.HOG0063849	108	642.0	0	0	0	0	49	0	49	59	0	1
N5.HOG0063854	117	831	3	0	0	3	46	0	46	68	0	1
N5.HOG0063855	116	789.0	1	0	0	1	50	0	50	65	0	1
N5.HOG0063867	94	2766.0	0	0	0	0	30	0	30	64	0	1
N5.HOG0063875	113	1329	6	0	0	6	45	3	42	65	0	1
N5.HOG0063876	117	1197	2	0	0	2	50	1	49	66	0	1
N5.HOG0063877	114	492.0	0	0	0	0	45	0	45	69	0	1
N5.HOG0063878	113	1062	3	0	0	3	44	1	43	67	0	1
N5.HOG0063879	113	900	1	0	0	1	43	0	43	69	0	1
N5.HOG0063880	117	369	0	0	0	0	50	0	50	67	0	1
N5.HOG0063881	114	1818.0	5	0	0	5	46	0	46	63	0	1
N5.HOG0063882	117	930	11	0	0	11	44	3	41	65	0	1
N5.HOG0063884	105	768	4	0	0	4	43	0	43	58	0	1
N5.HOG0063895	116	348.0	0	0	0	0	46	0	46	70	0	1
N5.HOG0063897	106	1296.0	7	0	0	7	46	3	43	56	0	1
N5.HOG0063898	114	1281.0	6	0	0	6	49	2	47	61	0	1
N5.HOG0063902	98	666.0	2	0	0	2	40	0	40	56	0	1
N5.HOG0063921	117	1245	18	0	0	18	45	4	41	58	0	1
N5.HOG0063924	98	1722.0	12	0	0	12	41	5	36	50	0	1
N5.HOG0063925	108	660.0	0	0	0	0	43	0	43	65	0	1
N5.HOG0063926	113	1170	0	0	0	0	47	0	47	66	0	1
N5.HOG0063927	115	780	2	0	0	2	47	1	46	67	0	1
N5.HOG0063928	117	852	2	0	0	2	52	0	52	63	0	1
N5.HOG0063929	117	1251	11	0	0	11	45	1	44	62	0	1
N5.HOG0063932	107	1812	0	0	0	0	44	0	44	63	0	1
N5.HOG0063933	115	420	0	0	0	0	46	0	46	69	0	1
N5.HOG0063934	117	708	0	0	0	0	51	0	51	66	0	1
N5.HOG0063940	115	981	2	0	0	2	45	0	45	68	0	1
N5.HOG0063941	115	624	0	0	0	0	52	0	52	63	0	1
N5.HOG0063942	120	504.0	0	0	0	0	50	0	50	70	0	1
N5.HOG0063943	114	1119.0	5	0	0	5	47	3	44	65	0	1
N5.HOG0063944	105	1389	3	0	0	3	41	0	41	61	0	1
N5.HOG0063947	103	2076	2	0	0	2	42	0	42	59	0	1
N5.HOG0063948	115	534	1	0	0	1	48	1	47	67	1	1
N5.HOG0063949	117	1170	1	0	0	1	53	1	52	64	0	1
N5.HOG0063950	116	540.0	1	0	0	1	46	1	45	70	1	1
N5.HOG0063951	95	621	0	0	0	0	45	0	45	50	0	1
N5.HOG0063959	115	2406	7	0	0	7	50	5	45	63	0	1
N5.HOG0063962	108	1297.5	2	0	0	2	43	0	43	63	0	1
N5.HOG0063963	116	654.0	0	0	0	0	50	0	50	66	0	1
N5.HOG0063965	111	2232	2	0	0	2	49	2	47	62	1	1
N5.HOG0063967	114	954.0	8	2	0	10	49	2	47	57	0	1
N5.HOG0063971	116	831.0	2	0	0	2	48	1	47	67	0	1
N5.HOG0063972	116	1800.0	0	0	0	0	43	0	43	73	0	1
N5.HOG0063973	117	609	0	0	0	0	51	0	51	66	0	1
N5.HOG0063975	110	978.0	3	0	0	3	48	0	48	59	0	1
N5.HOG0063976	115	1140	3	0	0	3	51	2	49	63	0	1
N5.HOG0063977	114	441.0	0	0	0	0	42	0	42	72	0	1
N5.HOG0063978	114	1108.5	25	0	0	25	50	16	34	55	1	1
N5.HOG0063980	87	2313	3	0	0	3	45	0	45	39	0	1
N5.HOG0063982	115	1719	4	0	0	4	47	1	46	65	1	1
N5.HOG0063994	116	636.0	0	0	0	0	47	0	47	69	0	1
N5.HOG0063995	113	597	0	0	0	0	44	0	44	69	0	1
N5.HOG0064002	96	960.0	0	0	0	0	48	0	48	48	0	1
N5.HOG0064007	114	1009.5	0	0	0	0	47	0	47	67	0	1
N5.HOG0064008	112	1887.0	0	0	0	0	48	0	48	64	0	1
N5.HOG0064009	112	1266.0	0	0	0	0	47	0	47	65	0	1
N5.HOG0064013	116	1488.0	5	0	0	5	48	3	45	66	0	1
N5.HOG0064014	117	660	1	0	0	1	48	0	48	68	0	1
N5.HOG0064018	116	478.5	0	0	0	0	46	0	46	70	0	1
N5.HOG0064019	103	1845	1	0	0	1	43	1	42	60	0	1
N5.HOG0064022	119	1509	26	0	0	26	52	11	41	52	1	1
N5.HOG0064023	118	666.0	3	0	0	3	43	0	43	72	0	1
N5.HOG0064025	112	1089.0	1	0	0	1	45	0	45	66	0	1
N5.HOG0064026	120	631.5	3	0	0	3	44	2	42	75	1	1
N5.HOG0064035	115	1314	5	0	0	5	47	2	45	65	0	1
N5.HOG0064036	116	651.0	1	0	0	1	43	0	43	72	0	1
N5.HOG0064039	108	585.0	0	0	0	0	44	0	44	64	0	1
N5.HOG0064040	111	879	0	0	0	0	45	0	45	66	0	1
N5.HOG0064052	115	1845	8	0	0	8	48	4	44	63	0	1
N5.HOG0064064	115	2067	5	0	0	5	44	0	44	66	0	1
N5.HOG0064078	109	1500	16	0	0	16	44	7	37	56	1	1
N5.HOG0064079	107	1029	0	0	0	0	46	0	46	61	0	1
N5.HOG0064080	117	1215	8	0	0	8	48	1	47	62	1	1
N5.HOG0064081	116	1272.0	9	0	0	9	51	7	44	63	1	1
N5.HOG0064082	114	795.0	2	0	0	2	44	0	44	68	0	1
N5.HOG0064083	117	663	6	0	0	6	44	0	44	67	0	1
N5.HOG0064085	106	1206.0	11	0	0	11	48	3	45	50	0	1
N5.HOG0064086	114	915.0	1	0	0	1	44	0	44	69	0	1
N5.HOG0064087	115	1440	0	0	0	0	48	0	48	67	0	1
N5.HOG0064088	116	2754.0	9	0	0	9	49	3	46	61	0	1
N5.HOG0064089	117	660	2	0	0	2	47	1	46	69	0	1
N5.HOG0064092	115	1305	0	0	0	0	44	0	44	71	0	1
N5.HOG0064093	111	966	4	0	0	4	47	3	44	63	0	1
N5.HOG0064094	115	432	0	0	0	0	48	0	48	67	0	1
N5.HOG0064102	116	2562.0	8	0	0	8	48	3	45	63	0	1
N5.HOG0064103	115	546	0	0	0	0	46	0	46	69	0	1
N5.HOG0064111	107	1323	0	0	0	0	44	0	44	63	0	1
N5.HOG0064112	116	552.0	0	0	0	0	52	0	52	64	0	1
N5.HOG0064119	101	315	0	0	0	0	43	0	43	58	0	1
N5.HOG0064126	114	921.0	6	0	0	6	45	1	44	64	0	1
N5.HOG0064130	97	1290	4	0	0	4	46	2	44	49	0	1
N5.HOG0064134	97	1245	3	0	0	3	40	0	40	54	0	1
N5.HOG0064135	109	1230	1	0	0	1	45	0	45	63	0	1
N5.HOG0064136	120	864.0	14	0	0	14	55	2	53	53	0	1
N5.HOG0064138	110	882.0	2	0	0	2	46	2	44	64	0	1
N5.HOG0064139	113	1461	0	0	0	0	48	0	48	65	0	1
N5.HOG0064140	117	1875	2	0	0	2	48	1	47	68	0	1
N5.HOG0064141	116	507.0	0	0	0	0	47	0	47	69	0	1
N5.HOG0064144	118	697.5	5	0	0	5	49	5	44	69	0	1
N5.HOG0064145	109	930	3	0	0	3	45	1	44	62	0	1
N5.HOG0064147	116	1026.0	1	0	0	1	43	0	43	72	0	1
N5.HOG0064150	91	1398	15	0	0	15	37	8	29	47	0	1
N5.HOG0064153	117	1131	27	0	0	27	49	11	38	52	0	1
N5.HOG0064154	116	1956.0	12	0	0	12	45	3	42	62	0	1
N5.HOG0064156	117	1248	6	0	0	6	49	3	46	65	0	1
N5.HOG0064160	115	987	5	0	0	5	46	2	44	66	0	1
N5.HOG0064161	115	768	2	0	0	2	46	1	45	68	0	1
N5.HOG0064174	115	591	1	0	0	1	47	0	47	67	0	1
N5.HOG0064176	108	909.0	0	0	0	0	45	0	45	63	0	1
N5.HOG0064191	112	477.0	2	0	0	2	43	0	43	67	0	1
N5.HOG0064195	117	1053	9	0	0	9	53	2	51	57	0	1
N5.HOG0064199	114	567.0	0	0	0	0	47	0	47	67	0	1
N5.HOG0064200	113	2181	16	0	0	16	49	11	38	59	0	1
N5.HOG0064201	113	1974	8	0	0	8	48	3	45	60	0	1
N5.HOG0064202	113	1422	9	0	0	9	46	4	42	62	1	1
N5.HOG0064203	112	687.0	2	0	0	2	43	0	43	67	0	1
N5.HOG0064206	91	1743	4	0	0	4	49	3	46	41	1	1
N5.HOG0064207	113	1095	2	2	0	4	46	2	44	65	0	1
N5.HOG0064217	103	1509	1	0	0	1	43	0	43	59	0	1
N5.HOG0064222	114	2338.5	3	0	0	3	48	1	47	64	0	1
N5.HOG0064230	107	900	0	0	0	0	44	0	44	63	0	1
N5.HOG0064231	112	1341.0	10	3	0	12	49	7	42	58	0	1
N5.HOG0064241	115	978	7	0	0	7	48	3	45	63	0	1
N5.HOG0064242	117	2136	17	0	0	17	50	11	39	61	0	1
N5.HOG0064243	113	1107	2	0	0	2	46	0	46	65	0	1
N5.HOG0064244	116	1068.0	9	0	0	9	47	2	45	62	0	1
N5.HOG0064262	113	1230	4	0	0	4	45	1	44	65	0	1
N5.HOG0064263	110	1921.5	3	0	0	3	48	2	46	61	0	1
N5.HOG0064264	116	381.0	0	0	0	0	48	0	48	68	0	1
N5.HOG0064265	112	339.0	0	0	0	0	46	0	46	66	0	1
N5.HOG0064284	108	1203.0	2	0	0	2	45	0	45	61	0	1
N5.HOG0064287	91	945	1	0	0	1	40	0	40	50	0	1
N5.HOG0064288	116	625.5	4	0	0	4	50	0	50	62	0	1
N5.HOG0064289	116	450.0	3	0	0	3	46	1	45	68	1	1
N5.HOG0064290	107	573	0	0	0	0	45	0	45	62	0	1
N5.HOG0064303	107	1179	1	0	0	1	44	1	43	63	0	1
N5.HOG0064307	94	1740.0	2	0	0	2	43	2	41	51	0	1
N5.HOG0064308	114	711.0	2	0	0	2	42	0	42	70	0	1
N5.HOG0064309	110	960.0	3	0	0	3	46	1	45	62	0	1
N5.HOG0064311	113	2121	2	0	0	2	49	1	48	63	0	1
N5.HOG0064325	115	588	1	0	0	1	51	1	50	64	0	1
N5.HOG0064326	112	750.0	1	0	0	1	46	0	46	65	0	1
N5.HOG0064327	108	342.0	0	0	0	0	44	0	44	64	0	1
N5.HOG0064328	114	1026.0	4	0	0	4	48	2	46	64	0	1
N5.HOG0064329	113	2223	4	0	0	4	50	2	48	61	0	1
N5.HOG0064330	114	1059.0	3	0	0	3	49	1	48	63	0	1
N5.HOG0064331	116	1227.0	5	0	0	5	53	3	50	61	1	1
N5.HOG0064332	118	483.0	0	0	0	0	46	0	46	72	0	1
N5.HOG0064339	110	1704.0	4	0	0	4	48	3	45	61	0	1
N5.HOG0064340	109	543	0	0	0	0	46	0	46	63	0	1
N5.HOG0064341	116	1044.0	2	0	0	2	44	1	43	71	0	1
N5.HOG0064348	106	1209.0	3	0	0	3	46	2	44	59	0	1
N5.HOG0064358	113	1017	6	0	0	6	50	2	48	59	0	1
N5.HOG0064359	115	939	2	0	0	2	49	1	48	65	0	1
N5.HOG0064373	116	438.0	0	0	0	0	48	0	48	68	0	1
N5.HOG0064374	117	1560	7	0	0	7	49	3	46	64	0	1
N5.HOG0064375	117	924	1	0	0	1	51	0	51	65	0	1
N5.HOG0064376	116	741.0	1	0	0	1	58	0	58	57	0	1
N5.HOG0064382	111	963	6	0	0	6	50	2	48	57	0	1
N5.HOG0064387	95	1050	3	0	0	3	33	3	30	62	0	1
N5.HOG0064389	99	1005	4	0	0	4	48	1	47	48	0	1
N5.HOG0064414	115	837	1	0	0	1	48	0	48	66	0	1
N5.HOG0064415	116	1266.0	3	0	0	3	66	2	64	49	0	1
N5.HOG0064417	109	696	0	0	0	0	46	0	46	63	0	1
N5.HOG0064418	116	2139.0	9	0	0	9	46	3	43	64	0	1
N5.HOG0064442	112	1011.0	2	0	0	2	46	2	44	66	0	1
N5.HOG0064443	115	414	0	0	0	0	50	0	50	65	0	1
N5.HOG0064448	111	1005	2	0	0	2	48	0	48	61	0	1
N5.HOG0064449	116	847.5	10	0	0	10	56	9	47	59	0	1
N5.HOG0064450	118	1831.5	10	0	0	10	51	9	42	66	1	1
N5.HOG0064451	114	1548.0	0	0	0	0	48	0	48	66	0	1
N5.HOG0064455	105	1341	0	0	0	0	46	0	46	59	0	1
N5.HOG0064456	115	474	0	0	0	0	46	0	46	69	0	1
N5.HOG0064457	117	1074	11	0	0	11	45	5	40	66	0	1
N5.HOG0064458	101	3087	2	4	0	6	42	0	42	53	0	1
N5.HOG0064466	115	837	0	0	0	0	47	0	47	68	0	1
N5.HOG0064468	102	1068.0	1	0	0	1	43	1	42	59	0	1
N5.HOG0064470	109	1275	1	0	0	1	48	1	47	61	0	1
N5.HOG0064478	110	2154.0	2	0	0	2	45	1	44	64	0	1
N5.HOG0064479	114	1470.0	6	2	0	8	44	2	42	64	0	1
N5.HOG0064480	109	618	0	0	0	0	42	0	42	67	0	1
N5.HOG0064482	113	558	0	0	0	0	52	0	52	61	0	1
N5.HOG0064485	103	750	6	2	0	8	41	2	39	56	0	1
N5.HOG0064486	111	744	0	0	0	0	45	0	45	66	0	1
N5.HOG0064490	87	1863	24	0	0	24	40	15	25	38	1	1
N5.HOG0064492	115	2214	20	0	0	20	54	15	39	56	0	1
N5.HOG0064493	113	933	0	0	0	0	47	0	47	66	0	1
N5.HOG0064495	110	1431.0	0	0	0	0	46	0	46	64	0	1
N5.HOG0064514	110	426.0	2	0	0	2	46	1	45	63	0	1
N5.HOG0064555	114	1273.5	3	0	0	3	45	0	45	66	0	1
N5.HOG0064556	112	603.0	0	0	0	0	48	0	48	64	0	1
N5.HOG0064557	113	399	0	0	0	0	45	0	45	68	0	1
N5.HOG0064559	111	858	1	0	0	1	46	1	45	65	0	1
N5.HOG0064566	96	1158.0	2	0	0	2	36	0	36	58	0	1
N5.HOG0064575	115	546	0	0	0	0	48	0	48	67	0	1
N5.HOG0064583	112	1323.0	9	2	0	11	46	4	42	59	0	1
N5.HOG0064585	109	1617	8	0	0	8	46	4	42	59	0	1
N5.HOG0064596	108	798.0	2	0	0	2	46	1	45	61	0	1
N5.HOG0064597	112	918.0	2	0	0	2	46	1	45	65	0	1
N5.HOG0064598	115	510	1	0	0	1	44	0	44	70	0	1
N5.HOG0064599	112	1066.5	1	0	0	1	47	0	47	64	0	1
N5.HOG0064600	114	1117.5	3	0	0	3	46	1	45	66	0	1
N5.HOG0064601	115	915	4	0	0	4	45	1	44	67	0	1
N5.HOG0064602	116	1047.0	15	0	0	15	49	7	42	59	0	1
N5.HOG0064604	109	1044	0	0	0	0	44	0	44	65	0	1
N5.HOG0064605	113	825	0	0	0	0	47	0	47	66	0	1
N5.HOG0064616	103	906	1	0	0	1	42	1	41	61	0	1
N5.HOG0064617	112	1251.0	3	0	0	3	49	1	48	61	0	1
N5.HOG0064619	108	1890.0	0	0	0	0	44	0	44	64	0	1
N5.HOG0064620	108	477.0	0	0	0	0	46	0	46	62	0	1
N5.HOG0064624	106	637.5	0	0	0	0	47	0	47	59	0	1
N5.HOG0064625	116	936.0	2	0	0	2	53	2	51	63	0	1
N5.HOG0064627	86	804.0	1	2	0	3	35	0	35	48	0	1
N5.HOG0064629	105	1848	1	0	0	1	45	1	44	60	0	1
N5.HOG0064631	108	1158.0	0	0	0	0	47	0	47	61	0	1
N5.HOG0064632	109	597	0	0	0	0	44	0	44	65	0	1
N5.HOG0064634	114	885.0	0	0	0	0	48	0	48	66	0	1
N5.HOG0064642	113	1317	10	0	0	10	45	2	43	60	0	1
N5.HOG0064644	113	630	0	0	0	0	46	0	46	67	0	1
N5.HOG0064647	102	1318.5	9	0	0	9	41	3	38	55	0	1
N5.HOG0064651	111	732	2	0	0	2	43	0	43	66	0	1
N5.HOG0064666	115	1710	38	0	0	38	55	21	34	43	0	1
N5.HOG0064669	114	631.5	3	0	0	3	45	1	44	67	0	1
N5.HOG0064670	114	1002.0	1	0	0	1	48	0	48	65	0	1
N5.HOG0064671	112	657.0	0	0	0	0	45	0	45	67	0	1
N5.HOG0064673	102	1384.5	13	0	0	13	44	7	37	52	0	1
N5.HOG0064674	104	484.5	1	0	0	1	47	1	46	57	0	1
N5.HOG0064675	112	681.0	2	0	0	2	47	0	47	63	0	1
N5.HOG0064678	93	1347	5	0	0	5	37	2	35	53	1	1
N5.HOG0064681	98	1593.0	1	0	0	1	43	0	43	54	0	1
N5.HOG0064682	114	882.0	5	0	0	5	45	2	43	66	0	1
N5.HOG0064688	114	1092.0	3	0	0	3	45	1	44	67	0	1
N5.HOG0064689	108	1332.0	5	0	0	5	44	2	42	61	0	1
N5.HOG0064698	110	627.0	0	0	0	0	47	0	47	63	0	1
N5.HOG0064699	116	354.0	0	0	0	0	44	0	44	72	0	1
N5.HOG0064700	115	855	4	0	0	4	44	0	44	67	0	1
N5.HOG0064701	114	414.0	0	0	0	0	45	0	45	69	0	1
N5.HOG0064702	115	357	0	0	0	0	52	0	52	63	0	1
N5.HOG0064703	115	621	0	0	0	0	49	0	49	66	0	1
N5.HOG0064704	111	1236	8	0	0	8	48	5	43	60	0	1
N5.HOG0064705	109	1518	2	0	0	2	50	0	50	57	0	1
N5.HOG0064707	119	762	6	0	0	6	45	1	44	69	1	1
N5.HOG0064708	116	381.0	0	0	0	0	48	0	48	68	0	1
N5.HOG0064718	114	549.0	0	0	0	0	46	0	46	68	0	1
N5.HOG0064719	113	432	0	0	0	0	47	0	47	66	0	1
N5.HOG0064720	114	1002.0	4	0	0	4	46	1	45	65	0	1
N5.HOG0064725	117	588	0	0	0	0	48	0	48	69	0	1
N5.HOG0064726	113	891	1	0	0	1	48	0	48	64	0	1
N5.HOG0064727	83	1962	22	0	0	22	41	12	29	32	0	1
N5.HOG0064737	110	958.5	2	0	0	2	46	1	45	63	0	1
N5.HOG0064739	109	696	1	0	0	1	47	1	46	62	0	1
N5.HOG0064744	113	618	0	0	0	0	47	0	47	66	0	1
N5.HOG0064745	115	948	5	0	0	5	45	3	42	68	1	1
N5.HOG0064746	105	465	0	0	0	0	42	0	42	63	0	1
N5.HOG0064747	115	1395	11	0	0	11	47	6	41	63	0	1
N5.HOG0064751	114	2730.0	7	0	0	7	50	4	46	61	0	1
N5.HOG0064756	107	1140	0	0	0	0	44	0	44	63	0	1
N5.HOG0064758	114	906.0	2	0	0	2	46	1	45	67	0	1
N5.HOG0064759	110	1953.0	1	0	0	1	44	1	43	66	0	1
N5.HOG0064761	110	1974.0	0	0	0	0	44	0	44	66	0	1
N5.HOG0064765	113	699	3	0	0	3	48	1	47	63	1	1
N5.HOG0064766	104	1714.5	4	0	0	4	43	3	40	60	0	1
N5.HOG0064768	116	720.0	3	0	0	3	52	1	51	62	0	1
N5.HOG0064769	111	1365	0	0	0	0	44	0	44	67	0	1
N5.HOG0064770	114	390.0	0	0	0	0	51	0	51	63	0	1
N5.HOG0064775	116	687.0	2	0	0	2	45	0	45	69	0	1
N5.HOG0064776	114	559.5	0	0	0	0	49	0	49	65	0	1
N5.HOG0064777	115	2352	5	0	0	5	45	2	43	67	0	1
N5.HOG0064779	105	2208	3	0	0	3	45	2	43	59	0	1
N5.HOG0064780	116	1230.0	3	0	0	3	46	0	46	67	0	1
N5.HOG0064781	103	321	1	0	0	1	43	0	43	59	0	1
N5.HOG0064784	101	642	1	0	0	1	49	1	48	52	0	1
N5.HOG0064785	113	1464	0	0	0	0	52	0	52	61	0	1
N5.HOG0064786	112	996.0	4	0	0	4	45	0	45	63	0	1
N5.HOG0064787	115	666	1	0	0	1	45	1	44	70	0	1
N5.HOG0064788	117	660	2	0	0	2	54	2	52	63	0	1
N5.HOG0064789	112	1155.0	3	0	0	3	45	2	43	66	1	1
N5.HOG0064812	117	1965	6	0	0	6	48	3	45	66	0	1
N5.HOG0064813	113	297	0	0	0	0	46	0	46	67	0	1
N5.HOG0064814	112	594.0	0	0	0	0	47	0	47	65	0	1
N5.HOG0064819	114	927.0	0	0	0	0	45	0	45	69	0	1
N5.HOG0064820	113	774	4	0	0	4	48	3	45	64	1	1
N5.HOG0064821	113	1572	4	0	0	4	48	2	46	63	0	1
N5.HOG0064828	90	537.0	0	0	0	0	46	0	46	44	0	1
N5.HOG0064829	113	468	0	0	0	0	52	0	52	61	0	1
N5.HOG0064830	116	1572.0	15	0	0	15	48	4	44	57	1	1
N5.HOG0064831	113	636	2	0	0	2	46	1	45	66	0	1
N5.HOG0064838	113	831	0	0	0	0	48	0	48	65	0	1
N5.HOG0064839	110	510.0	0	0	0	0	49	0	49	61	0	1
N5.HOG0064840	112	1374.0	2	0	0	2	46	0	46	64	0	1
N5.HOG0064844	113	615	0	0	0	0	47	0	47	66	0	1
N5.HOG0064845	114	1350.0	6	0	0	6	51	3	48	60	0	1
N5.HOG0064846	110	1077.0	4	0	0	4	51	3	48	58	0	1
N5.HOG0064848	110	1135.5	2	0	0	2	49	1	48	60	0	1
N5.HOG0064850	96	1651.5	22	0	0	22	43	16	27	47	1	1
N5.HOG0064851	114	510.0	1	0	0	1	47	0	47	66	0	1
N5.HOG0064852	113	1113	8	0	0	8	48	1	47	58	0	1
N5.HOG0064856	111	1398	0	0	0	0	43	0	43	68	0	1
N5.HOG0064857	108	1254.0	0	0	0	0	45	0	45	63	0	1
N5.HOG0064859	108	324.0	0	0	0	0	46	0	46	62	0	1
N5.HOG0064867	114	1126.5	4	0	0	4	43	0	43	67	0	1
N5.HOG0064868	118	540.0	0	0	0	0	62	0	62	56	0	1
N5.HOG0064869	111	1446	3	0	0	3	46	2	44	64	0	1
N5.HOG0064883	115	927	2	0	0	2	49	0	49	64	0	1
N5.HOG0064884	114	808.5	2	0	0	2	52	0	52	60	0	1
N5.HOG0064887	113	657	0	0	0	0	47	0	47	66	0	1
N5.HOG0064888	114	711.0	1	0	0	1	49	0	49	64	0	1
N5.HOG0064895	114	1170.0	0	0	0	0	47	0	47	67	0	1
N5.HOG0064896	114	417.0	0	2	0	2	49	2	47	65	0	1
N5.HOG0064899	94	1422.0	2	0	0	2	39	1	38	54	1	1
N5.HOG0064901	114	1647.0	5	0	0	5	44	1	43	66	0	1
N5.HOG0064906	115	708	4	0	0	4	44	0	44	67	0	1
N5.HOG0064907	109	375	0	0	0	0	46	0	46	63	0	1
N5.HOG0064912	112	1918.5	4	0	0	4	47	4	43	65	0	1
N5.HOG0064916	114	657.0	1	0	0	1	51	1	50	63	0	1
N5.HOG0064922	114	720.0	5	0	0	5	52	1	51	58	0	1
N5.HOG0064926	98	1773.0	18	2	0	20	46	9	37	41	1	1
N5.HOG0064928	101	1401	3	0	0	3	42	1	41	57	0	1
N5.HOG0064930	110	1014.0	7	0	0	7	47	4	43	60	0	1
N5.HOG0064931	106	483.0	0	0	0	0	44	0	44	62	0	1
N5.HOG0064932	112	1878.0	1	0	0	1	46	0	46	65	0	1
N5.HOG0064934	100	2127.0	6	0	0	6	41	2	39	55	0	1
N5.HOG0064935	111	1365	17	2	0	19	44	9	35	57	0	1
N5.HOG0064936	111	459	0	0	0	0	42	0	42	69	0	1
N5.HOG0064941	98	912.0	2	0	0	2	44	0	44	52	0	1
N5.HOG0064947	107	627	0	0	0	0	44	0	44	63	0	1
N5.HOG0064953	104	1128.0	1	0	0	1	40	0	40	63	0	1
N5.HOG0064955	94	531.0	0	0	0	0	40	0	40	54	0	1
N5.HOG0064957	111	1446	2	0	0	2	46	1	45	64	0	1
N5.HOG0064958	115	417	0	0	0	0	53	0	53	62	0	1
N5.HOG0064962	116	1479.0	35	0	0	35	46	12	34	47	0	1
N5.HOG0064963	108	2223.0	3	0	0	3	45	2	43	62	0	1
N5.HOG0064978	98	789.0	4	0	0	4	42	4	38	56	0	1
N5.HOG0064980	114	894.0	3	0	0	3	50	2	48	63	0	1
N5.HOG0064987	112	918.0	0	0	0	0	46	0	46	66	0	1
N5.HOG0064996	114	654.0	0	0	0	0	52	0	52	62	0	1
N5.HOG0064997	114	1116.0	0	0	0	0	52	0	52	62	0	1
N5.HOG0064999	112	750.0	0	0	0	0	48	0	48	64	0	1
N5.HOG0065000	104	807.0	0	0	0	0	45	0	45	59	0	1
N5.HOG0065002	115	477	0	0	0	0	51	0	51	64	0	1
N5.HOG0065016	107	648	0	0	0	0	43	0	43	64	0	1
N5.HOG0065031	82	3273.0	4	0	0	4	40	2	38	40	0	1
N5.HOG0065039	109	744	0	0	0	0	42	0	42	67	0	1
N5.HOG0065042	86	2388.0	21	0	0	21	37	8	29	36	0	1
N5.HOG0065043	115	474	1	0	0	1	50	0	50	64	0	1
N5.HOG0065045	107	1380	1	0	0	1	45	0	45	61	0	1
N5.HOG0065049	106	519.0	0	0	0	0	42	0	42	64	0	1
N5.HOG0065050	114	426.0	2	0	0	2	43	1	42	70	0	1
N5.HOG0065051	112	783.0	1	0	0	1	47	0	47	64	0	1
N5.HOG0065052	111	1626	2	0	0	2	43	0	43	66	0	1
N5.HOG0065053	114	1401.0	2	0	0	2	50	0	50	62	0	1
N5.HOG0065054	113	741	7	0	0	7	44	4	40	66	0	1
N5.HOG0065056	95	1542	3	0	0	3	35	2	33	59	0	1
N5.HOG0065057	104	1788.0	2	0	0	2	42	1	41	61	0	1
N5.HOG0065058	113	414	0	0	0	0	49	0	49	64	0	1
N5.HOG0065059	115	480	0	0	0	0	42	0	42	73	0	1
N5.HOG0065060	114	522.0	1	0	0	1	45	1	44	69	0	1
N5.HOG0065061	114	1293.0	18	0	0	18	46	5	41	55	0	1
N5.HOG0065063	103	1314	2	0	0	2	42	1	41	60	0	1
N5.HOG0065064	113	447	0	0	0	0	44	0	44	69	0	1
N5.HOG0065065	113	1038	13	0	0	13	45	4	41	59	1	1
N5.HOG0065080	112	1083.0	0	0	0	0	43	0	43	69	0	1
N5.HOG0065081	113	738	1	0	0	1	51	0	51	61	0	1
N5.HOG0065084	92	1329.0	0	0	0	0	36	0	36	56	0	1
N5.HOG0065085	113	603	0	0	0	0	43	0	43	70	0	1
N5.HOG0065092	106	3510.0	1	0	0	1	42	0	42	63	0	1
N5.HOG0065094	116	537.0	3	0	0	3	45	3	42	71	0	1
N5.HOG0065095	112	1824.0	7	0	0	7	44	4	40	65	0	1
N5.HOG0065096	115	414	0	0	0	0	52	0	52	63	0	1
N5.HOG0065097	115	954	7	0	0	7	53	5	48	60	0	1
N5.HOG0065101	111	738	1	0	0	1	45	1	44	66	0	1
N5.HOG0065108	109	1161	5	0	0	5	46	2	44	60	0	1
N5.HOG0065109	110	711.0	0	0	0	0	45	0	45	65	0	1
N5.HOG0065110	109	1836	2	0	0	2	48	2	46	61	0	1
N5.HOG0065111	107	2145	8	0	0	8	41	2	39	60	0	1
N5.HOG0065116	96	1522.5	25	0	0	25	42	14	28	43	0	1
N5.HOG0065130	113	987	6	0	0	6	38	2	36	71	0	1
N5.HOG0065143	112	1134.0	13	0	0	13	32	3	29	70	0	1
N5.HOG0065147	111	522	1	2	0	3	48	2	46	62	0	1
N5.HOG0065148	111	888	2	0	0	2	47	2	45	64	0	1
N5.HOG0065177	112	576.0	0	0	0	0	47	0	47	65	0	1
N5.HOG0065178	111	864	4	0	0	4	46	2	44	63	0	1
N5.HOG0065179	110	1282.5	3	0	0	3	47	2	45	62	0	1
N5.HOG0065184	96	438.0	0	0	0	0	41	0	41	55	0	1
N5.HOG0065185	111	1254	11	0	0	11	52	6	46	54	1	1
N5.HOG0065186	113	537	0	0	0	0	48	0	48	65	0	1
N5.HOG0065187	111	663	2	0	0	2	44	0	44	65	0	1
N5.HOG0065191	110	525.0	1	0	0	1	45	1	44	65	0	1
N5.HOG0065192	102	723.0	0	0	0	0	43	0	43	59	0	1
N5.HOG0065195	113	1122	6	0	0	6	47	6	41	66	0	1
N5.HOG0065204	111	645	1	0	0	1	47	0	47	63	0	1
N5.HOG0065229	105	1203	3	0	0	3	46	2	44	58	0	1
N5.HOG0065231	112	567.0	0	0	0	0	43	0	43	69	0	1
N5.HOG0065243	109	507	0	0	0	0	46	0	46	63	0	1
N5.HOG0065244	116	960.0	3	0	0	3	48	1	47	66	0	1
N5.HOG0065263	106	804.0	0	0	0	0	44	0	44	62	0	1
N5.HOG0065265	117	1440	11	0	0	11	45	3	42	64	0	1
N5.HOG0065268	82	2382.0	1	0	0	1	44	0	44	37	0	1
N5.HOG0065269	112	354.0	0	0	0	0	47	0	47	65	0	1
N5.HOG0065275	87	861	0	0	0	0	46	0	46	41	0	1
N5.HOG0065276	112	903.0	1	0	0	1	49	0	49	62	0	1
N5.HOG0065278	107	720	5	0	0	5	46	3	43	59	0	1
N5.HOG0065283	109	1515	3	0	0	3	45	1	44	62	0	1
N5.HOG0065284	114	742.5	4	0	0	4	47	2	45	65	0	1
N5.HOG0065285	108	2830.5	0	0	0	0	43	0	43	65	0	1
N5.HOG0065286	114	742.5	3	0	0	3	47	1	46	65	0	1
N5.HOG0065289	106	1203.0	1	0	0	1	45	0	45	60	0	1
N5.HOG0065307	113	609	1	0	0	1	42	0	42	70	0	1
N5.HOG0065308	111	1512	6	0	0	6	49	5	44	61	0	1
N5.HOG0065309	112	930.0	8	0	0	8	46	0	46	58	0	1
N5.HOG0065310	113	984	5	0	0	5	47	2	45	63	1	1
N5.HOG0065312	94	1465.5	6	0	0	6	45	2	43	45	1	1
N5.HOG0065314	112	1770.0	11	0	0	11	49	9	40	61	0	1
N5.HOG0065315	113	594	2	0	0	2	44	1	43	68	0	1
N5.HOG0065317	105	1176	0	0	0	0	42	0	42	63	0	1
N5.HOG0065326	87	591	0	0	0	0	46	0	46	41	0	1
N5.HOG0065327	112	687.0	3	0	0	3	47	1	46	63	0	1
N5.HOG0065328	110	576.0	0	0	0	0	45	0	45	65	0	1
N5.HOG0065329	113	456	0	0	0	0	47	0	47	66	0	1
N5.HOG0065330	117	1059	7	0	0	7	50	3	47	63	0	1
N5.HOG0065331	113	1545	4	0	0	4	47	3	44	65	0	1
N5.HOG0065339	113	336	1	0	0	1	49	1	48	64	1	1
N5.HOG0065340	106	1389.0	6	0	0	6	42	4	38	62	1	1
N5.HOG0065344	112	754.5	1	0	0	1	47	1	46	65	0	1
N5.HOG0065347	111	876	4	0	0	4	43	0	43	64	0	1
N5.HOG0065353	107	1047	2	0	0	2	45	0	45	60	0	1
N5.HOG0065359	110	858.0	2	0	0	2	44	0	44	64	0	1
N5.HOG0065364	112	714.0	0	0	0	0	45	0	45	67	0	1
N5.HOG0065368	96	2664.0	1	0	0	1	42	0	42	53	0	1
N5.HOG0065369	113	390	0	0	0	0	46	0	46	67	0	1
N5.HOG0065378	110	909.0	2	0	0	2	43	0	43	65	0	1
N5.HOG0065379	111	972	1	0	0	1	48	0	48	62	0	1
N5.HOG0065380	101	861	3	0	0	3	43	2	41	57	1	1
N5.HOG0065406	110	1305.0	0	0	0	0	47	0	47	63	0	1
N5.HOG0065408	107	1014	2	0	0	2	43	0	43	62	0	1
N5.HOG0065409	107	1128	5	0	0	5	46	2	44	58	0	1
N5.HOG0065410	109	1179	6	0	0	6	48	5	43	60	1	1
N5.HOG0065417	111	951	1	0	0	1	44	0	44	66	0	1
N5.HOG0065425	113	960	2	0	0	2	46	2	44	67	0	1
N5.HOG0065426	113	474	0	0	0	0	47	0	47	66	0	1
N5.HOG0065427	110	327.0	0	0	0	0	44	0	44	66	0	1
N5.HOG0065428	114	312.0	0	0	0	0	48	0	48	66	0	1
N5.HOG0065429	111	486	2	0	0	2	44	1	43	66	0	1
N5.HOG0065434	112	1353.0	14	0	0	14	50	8	42	56	0	1
N5.HOG0065437	97	1482	3	0	0	3	40	1	39	55	1	1
N5.HOG0065442	102	903.0	1	0	0	1	41	1	40	61	0	1
N5.HOG0065452	82	1494.0	4	0	0	4	39	0	39	39	0	1
N5.HOG0065455	106	1179.0	6	0	0	6	44	3	41	59	1	1
N5.HOG0065458	107	1047	13	0	0	13	41	4	37	57	0	1
N5.HOG0065479	107	1233	2	0	0	2	45	2	43	62	0	1
N5.HOG0065483	105	924	6	0	0	6	46	5	41	58	0	1
N5.HOG0065489	104	885.0	0	0	0	0	45	0	45	59	0	1
N5.HOG0065499	103	1014	1	0	0	1	43	0	43	59	0	1
N5.HOG0065500	109	393	0	0	0	0	42	0	42	67	0	1
N5.HOG0065501	110	1149.0	2	0	0	2	44	1	43	65	0	1
N5.HOG0065502	109	654	1	0	0	1	47	1	46	62	0	1
N5.HOG0065517	113	795	1	0	0	1	46	0	46	66	0	1
N5.HOG0065518	113	1299	14	0	0	14	50	5	45	54	0	1
N5.HOG0065522	100	957.0	7	0	0	7	45	4	41	52	0	1
N5.HOG0065525	113	495	1	0	0	1	42	1	41	71	0	1
N5.HOG0065526	112	828.0	0	0	0	0	43	0	43	69	0	1
N5.HOG0065529	88	1798.5	1	0	0	1	31	1	30	57	0	1
N5.HOG0065531	110	687.0	0	0	0	0	47	0	47	63	0	1
N5.HOG0065532	111	1284	5	0	0	5	45	4	41	65	0	1
N5.HOG0065534	98	576.0	0	0	0	0	42	0	42	56	0	1
N5.HOG0065535	114	345.0	0	0	0	0	47	0	47	67	0	1
N5.HOG0065544	110	894.0	0	0	0	0	46	0	46	64	0	1
N5.HOG0065545	113	981	1	0	0	1	46	0	46	66	0	1
N5.HOG0065546	113	621	2	0	0	2	45	0	45	66	0	1
N5.HOG0065547	110	1150.5	16	0	0	16	47	5	42	52	0	1
N5.HOG0065548	115	1173	9	0	0	9	45	3	42	64	0	1
N5.HOG0065550	99	759	2	0	0	2	39	1	38	59	0	1
N5.HOG0065553	81	1620	1	0	0	1	43	0	43	37	0	1
N5.HOG0065556	105	1881	2	0	0	2	43	1	42	61	0	1
N5.HOG0065557	113	777	0	0	0	0	45	0	45	68	0	1
N5.HOG0065561	93	813	8	0	0	8	41	3	38	47	0	1
N5.HOG0065580	116	801.0	9	0	0	9	48	4	44	63	0	1
N5.HOG0065632	108	1549.5	5	0	0	5	46	4	42	61	0	1
N5.HOG0065633	112	789.0	1	0	0	1	47	0	47	64	0	1
N5.HOG0065634	111	387	0	0	0	0	47	0	47	64	0	1
N5.HOG0065635	112	1245.0	2	0	0	2	43	1	42	68	0	1
N5.HOG0065640	110	951.0	1	0	0	1	46	0	46	63	0	1
N5.HOG0065641	112	780.0	4	0	0	4	49	1	48	60	0	1
N5.HOG0065652	107	1365	2	0	0	2	44	1	43	62	0	1
N5.HOG0065653	112	540.0	0	0	0	0	47	0	47	65	0	1
N5.HOG0065656	106	1305.0	3	0	0	3	49	1	48	55	0	1
N5.HOG0065657	109	975	0	0	0	0	45	0	45	64	0	1
N5.HOG0065659	107	639	0	0	0	0	43	0	43	64	0	1
N5.HOG0065660	111	870	2	0	0	2	47	2	45	64	0	1
N5.HOG0065667	115	1422	17	0	0	17	48	7	41	57	0	1
N5.HOG0065672	112	1185.0	0	0	0	0	50	0	50	62	0	1
N5.HOG0065673	109	984	4	0	0	4	45	3	42	63	0	1
N5.HOG0065674	109	609	0	0	0	0	44	0	44	65	0	1
N5.HOG0065675	109	522	0	0	0	0	48	0	48	61	0	1
N5.HOG0065677	109	642	0	0	0	0	47	0	47	62	0	1
N5.HOG0065678	108	1006.5	5	0	0	5	44	1	43	60	0	1
N5.HOG0065681	112	945.0	0	0	0	0	48	0	48	64	0	1
N5.HOG0065683	110	1143.0	9	0	0	9	45	7	38	63	0	1
N5.HOG0065684	109	426	0	0	0	0	43	0	43	66	0	1
N5.HOG0065687	106	843.0	3	0	0	3	44	2	42	61	0	1
N5.HOG0065688	113	1833	0	0	0	0	45	0	45	68	0	1
N5.HOG0065689	111	1326	8	0	0	8	47	5	42	61	0	1
N5.HOG0065690	113	333	0	0	0	0	48	0	48	65	0	1
N5.HOG0065691	112	1227.0	5	0	0	5	50	5	45	62	0	1
N5.HOG0065692	110	2658.0	0	0	0	0	48	0	48	62	0	1
N5.HOG0065695	97	1212	12	0	0	12	39	7	32	53	0	1
N5.HOG0065696	105	687	0	0	0	0	45	0	45	60	0	1
N5.HOG0065697	111	876	1	0	0	1	46	0	46	64	0	1
N5.HOG0065709	114	951.0	6	0	0	6	45	2	43	65	0	1
N5.HOG0065710	100	1884.0	1	0	0	1	42	0	42	57	0	1
N5.HOG0065715	107	693	0	0	0	0	50	0	50	57	0	1
N5.HOG0065717	110	666.0	1	0	0	1	44	0	44	65	0	1
N5.HOG0065718	110	456.0	0	0	0	0	45	0	45	65	0	1
N5.HOG0065725	110	531.0	0	0	0	0	43	0	43	67	0	1
N5.HOG0065726	109	1602	3	0	0	3	45	1	44	62	0	1
N5.HOG0065727	112	1203.0	2	0	0	2	44	0	44	66	0	1
N5.HOG0065728	110	480.0	0	0	0	0	43	0	43	67	0	1
N5.HOG0065729	112	1416.0	17	0	0	17	47	6	41	54	0	1
N5.HOG0065734	111	762	4	0	0	4	43	1	42	65	0	1
N5.HOG0065736	104	1581.0	3	0	0	3	45	3	42	59	1	1
N5.HOG0065737	110	963.0	1	0	0	1	45	0	45	64	0	1
N5.HOG0065742	110	999.0	1	0	0	1	48	0	48	61	0	1
N5.HOG0065743	107	738	0	0	0	0	43	0	43	64	0	1
N5.HOG0065747	111	372	0	0	0	0	40	0	40	71	0	1
N5.HOG0065749	104	1245.0	3	0	0	3	42	2	40	61	0	1
N5.HOG0065763	107	654	0	0	0	0	46	0	46	61	0	1
N5.HOG0065764	104	717.0	1	0	0	1	44	0	44	59	0	1
N5.HOG0065766	107	1005	1	0	0	1	43	1	42	64	0	1
N5.HOG0065767	112	963.0	2	0	0	2	44	1	43	67	1	1
N5.HOG0065768	112	840.0	9	0	0	9	44	3	41	62	0	1
N5.HOG0065769	110	1200.0	2	0	0	2	43	1	42	66	0	1
N5.HOG0065770	109	1143	0	0	0	0	45	0	45	64	0	1
N5.HOG0065771	113	459	1	0	0	1	49	1	48	64	0	1
N5.HOG0065788	111	1260	6	0	0	6	48	5	43	62	0	1
N5.HOG0065789	111	1032	3	0	0	3	49	0	49	59	0	1
N5.HOG0065790	112	1038.0	2	0	0	2	44	1	43	67	0	1
N5.HOG0065791	112	918.0	0	0	0	0	47	0	47	65	0	1
N5.HOG0065792	112	708.0	3	0	0	3	56	1	55	54	0	1
N5.HOG0065793	112	750.0	0	0	0	0	44	0	44	68	0	1
N5.HOG0065795	107	1437	3	0	0	3	44	1	43	61	0	1
N5.HOG0065796	111	1176	1	0	0	1	46	0	46	64	0	1
N5.HOG0065797	110	486.0	0	0	0	0	46	0	46	64	0	1
N5.HOG0065811	112	561.0	0	0	0	0	50	0	50	62	0	1
N5.HOG0065812	109	1221	7	0	0	7	46	3	43	59	1	1
N5.HOG0065818	112	984.0	5	0	0	5	45	0	45	62	0	1
N5.HOG0065824	110	525.0	0	0	0	0	46	0	46	64	0	1
N5.HOG0065826	107	828	0	0	0	0	42	0	42	65	0	1
N5.HOG0065827	108	1086.0	4	0	0	4	45	2	43	61	0	1
N5.HOG0065829	96	1033.5	15	0	0	15	49	10	39	42	0	1
N5.HOG0065831	106	1332.0	0	0	0	0	45	0	45	61	0	1
N5.HOG0065833	108	2419.5	4	0	0	4	44	1	43	61	0	1
N5.HOG0065834	114	435.0	2	0	0	2	54	1	53	59	1	1
N5.HOG0065835	105	669	0	0	0	0	44	0	44	61	0	1
N5.HOG0065838	107	1038	2	0	0	2	46	2	44	61	0	1
N5.HOG0065839	111	606	0	0	0	0	44	0	44	67	0	1
N5.HOG0065840	111	987	0	0	0	0	48	0	48	63	0	1
N5.HOG0065841	112	960.0	0	0	0	0	49	0	49	63	0	1
N5.HOG0065842	109	1206	3	0	0	3	49	1	48	58	0	1
N5.HOG0065844	108	996.0	4	0	0	4	45	2	43	61	1	1
N5.HOG0065847	94	1587.0	0	0	0	0	37	0	37	57	0	1
N5.HOG0065849	109	768	0	0	0	0	48	0	48	61	0	1
N5.HOG0065850	112	519.0	1	0	0	1	48	1	47	64	0	1
N5.HOG0065851	112	1762.5	26	0	0	26	48	16	32	54	0	1
N5.HOG0065852	110	1170.0	2	0	0	2	46	0	46	62	0	1
N5.HOG0065866	103	948	1	0	0	1	42	1	41	61	0	1
N5.HOG0065868	97	1425	4	0	0	4	40	2	38	55	0	1
N5.HOG0065869	110	636.0	0	0	0	0	46	0	46	64	0	1
N5.HOG0065877	111	738	0	0	0	0	48	0	48	63	0	1
N5.HOG0065878	109	852	1	0	0	1	45	1	44	64	1	1
N5.HOG0065879	112	819.0	6	0	0	6	44	2	42	64	0	1
N5.HOG0065880	109	783	2	0	0	2	45	1	44	63	1	1
N5.HOG0065881	112	1401.0	1	0	0	1	47	1	46	65	0	1
N5.HOG0065882	111	663	1	0	0	1	44	0	44	66	0	1
N5.HOG0065891	101	1662	10	0	0	10	43	5	38	53	0	1
N5.HOG0065892	108	336.0	0	0	0	0	44	0	44	64	0	1
N5.HOG0065893	108	547.5	0	0	0	0	43	0	43	65	0	1
N5.HOG0065894	108	885.0	7	0	0	7	45	1	44	57	0	1
N5.HOG0065929	106	531.0	0	0	0	0	44	0	44	62	0	1
N5.HOG0065939	108	2721.0	3	0	0	3	46	3	43	62	0	1
N5.HOG0065940	108	726.0	0	2	0	2	46	2	44	62	0	1
N5.HOG0065941	111	324	0	0	0	0	45	0	45	66	0	1
N5.HOG0065942	112	1038.0	2	0	0	2	44	0	44	66	0	1
N5.HOG0065943	109	1050	4	0	0	4	48	3	45	60	0	1
N5.HOG0065944	105	825	2	0	0	2	43	1	42	61	0	1
N5.HOG0065952	108	2103.0	3	0	0	3	43	0	43	62	0	1
N5.HOG0065953	110	1050.0	1	0	0	1	46	1	45	64	0	1
N5.HOG0065954	112	1029.0	0	0	0	0	44	0	44	68	0	1
N5.HOG0065955	111	3003	2	0	0	2	42	0	42	67	0	1
N5.HOG0065958	93	1086	1	0	0	1	41	0	41	51	0	1
N5.HOG0065960	111	987	1	0	0	1	43	0	43	67	0	1
N5.HOG0065961	104	1245.0	0	0	0	0	44	0	44	60	0	1
N5.HOG0065963	109	330	0	0	0	0	43	0	43	66	0	1
N5.HOG0065964	113	435	1	0	0	1	47	0	47	65	0	1
N5.HOG0065965	108	615.0	0	0	0	0	43	0	43	65	0	1
N5.HOG0065966	110	531.0	2	2	0	4	46	2	44	62	0	1
N5.HOG0065967	109	435	0	0	0	0	46	0	46	63	0	1
N5.HOG0065969	104	1194.0	5	0	0	5	44	3	41	58	1	1
N5.HOG0065970	108	1398.0	4	0	0	4	45	1	44	60	0	1
N5.HOG0065971	108	486.0	0	0	0	0	43	0	43	65	0	1
N5.HOG0065972	110	549.0	0	0	0	0	48	0	48	62	0	1
N5.HOG0065978	111	366	0	0	0	0	51	0	51	60	0	1
N5.HOG0065988	111	435	0	0	0	0	44	0	44	67	0	1
N5.HOG0065989	111	945	1	0	0	1	46	0	46	64	0	1
N5.HOG0065991	104	1179.0	2	0	0	2	41	0	41	61	0	1
N5.HOG0065993	111	1023	3	0	0	3	49	2	47	61	0	1
N5.HOG0065995	99	894	19	0	0	19	39	8	31	49	0	1
N5.HOG0065997	98	2652.0	5	0	0	5	41	4	37	56	0	1
N5.HOG0066009	105	1851	5	0	0	5	45	3	42	58	0	1
N5.HOG0066010	103	1332	4	0	0	4	41	0	41	58	0	1
N5.HOG0066015	108	1764.0	9	0	0	9	44	5	39	60	0	1
N5.HOG0066016	110	369.0	0	0	0	0	43	0	43	67	0	1
N5.HOG0066017	111	546	2	0	0	2	48	1	47	62	0	1
N5.HOG0066018	109	1287	1	0	0	1	42	0	42	66	0	1
N5.HOG0066020	99	774	2	0	0	2	39	1	38	59	0	1
N5.HOG0066021	111	1761	4	0	0	4	44	2	42	65	0	1
N5.HOG0066022	109	2205	0	0	0	0	44	0	44	65	0	1
N5.HOG0066023	107	528	1	0	0	1	42	1	41	65	0	1
N5.HOG0066024	109	1179	3	0	0	3	48	2	46	60	0	1
N5.HOG0066031	93	747	1	0	0	1	46	0	46	46	0	1
N5.HOG0066032	110	555.0	1	0	0	1	48	1	47	62	0	1
N5.HOG0066034	86	381.0	0	0	0	0	40	0	40	46	0	1
N5.HOG0066036	100	1156.5	4	0	0	4	39	1	38	58	1	1
N5.HOG0066040	110	468.0	0	0	0	0	41	0	41	69	0	1
N5.HOG0066041	110	690.0	0	0	0	0	44	0	44	66	0	1
N5.HOG0066042	109	753	0	0	0	0	42	0	42	67	0	1
N5.HOG0066043	111	1074	5	0	0	5	43	0	43	63	0	1
N5.HOG0066044	111	804	1	0	0	1	43	0	43	67	0	1
N5.HOG0066045	111	927	0	0	0	0	45	0	45	66	0	1
N5.HOG0066046	111	1317	3	0	0	3	47	3	44	64	0	1
N5.HOG0066048	93	648	0	0	0	0	42	0	42	51	0	1
N5.HOG0066050	111	2058	20	2	0	22	61	10	51	38	0	1
N5.HOG0066051	111	1335	0	0	0	0	46	0	46	65	0	1
N5.HOG0066052	111	1050	8	0	0	8	45	3	42	61	0	1
N5.HOG0066053	106	624.0	0	0	0	0	42	0	42	64	0	1
N5.HOG0066058	84	444.0	0	0	0	0	45	0	45	39	0	1
N5.HOG0066061	87	363	0	0	0	0	33	0	33	54	0	1
N5.HOG0066064	112	456.0	0	0	0	0	47	0	47	65	0	1
N5.HOG0066065	110	609.0	1	0	0	1	45	0	45	64	0	1
N5.HOG0066066	107	624	5	2	0	5	51	5	46	56	1	1
N5.HOG0066067	108	435.0	0	0	0	0	46	0	46	62	0	1
N5.HOG0066068	104	1206.0	1	0	0	1	47	0	47	56	0	1
N5.HOG0066069	110	1398.0	3	0	0	3	44	1	43	64	0	1
N5.HOG0066074	105	1758	2	0	0	2	44	0	44	59	0	1
N5.HOG0066080	108	1545.0	4	0	0	4	46	0	46	58	0	1
N5.HOG0066081	112	1155.0	8	0	0	8	48	4	44	60	0	1
N5.HOG0066082	109	567	0	0	0	0	44	0	44	65	0	1
N5.HOG0066083	111	426	0	0	0	0	47	0	47	64	0	1
N5.HOG0066084	111	606	1	0	0	1	45	1	44	66	0	1
N5.HOG0066085	109	348	0	0	0	0	46	0	46	63	0	1
N5.HOG0066086	110	1212.0	4	0	0	4	44	1	43	63	0	1
N5.HOG0066087	103	2163	3	0	0	3	44	2	42	58	0	1
N5.HOG0066088	109	1296	1	0	0	1	44	1	43	65	0	1
N5.HOG0066089	111	1137	2	0	0	2	44	1	43	66	0	1
N5.HOG0066090	108	1287.0	13	0	0	13	37	8	29	66	0	1
N5.HOG0066091	111	426	0	2	0	2	44	0	44	65	0	1
N5.HOG0066096	111	1023	1	2	0	3	45	0	45	63	0	1
N5.HOG0066098	101	666	0	0	0	0	42	0	42	59	0	1
N5.HOG0066099	112	390.0	0	0	0	0	46	0	46	66	0	1
N5.HOG0066100	112	783.0	2	0	0	2	42	1	41	69	0	1
N5.HOG0066101	109	540	0	0	0	0	44	0	44	65	0	1
N5.HOG0066102	110	1962.0	4	0	0	4	42	0	42	64	0	1
N5.HOG0066103	108	951.0	6	0	0	6	43	2	41	61	0	1
N5.HOG0066104	112	537.0	0	0	0	0	43	0	43	69	0	1
N5.HOG0066105	109	843	2	0	0	2	46	0	46	61	0	1
N5.HOG0066106	108	633.0	2	0	0	2	45	0	45	61	0	1
N5.HOG0066107	108	2373.0	4	0	0	4	42	1	41	63	0	1
N5.HOG0066115	110	657.0	3	0	0	3	44	1	43	64	0	1
N5.HOG0066116	111	801	3	0	0	3	41	0	41	67	0	1
N5.HOG0066117	109	1029	0	0	0	0	52	0	52	57	0	1
N5.HOG0066124	109	567	0	0	0	0	46	0	46	63	0	1
N5.HOG0066125	110	1713.0	2	0	0	2	46	0	46	62	0	1
N5.HOG0066131	109	2205	0	0	0	0	42	0	42	67	0	1
N5.HOG0066132	90	1002.0	5	0	0	5	42	0	42	43	0	1
N5.HOG0066135	109	483	0	0	0	0	46	0	46	63	0	1
N5.HOG0066140	109	942	6	0	0	6	43	1	42	61	0	1
N5.HOG0066142	104	813.0	1	0	0	1	44	0	44	59	0	1
N5.HOG0066152	107	603	0	0	0	0	43	0	43	64	0	1
N5.HOG0066153	109	591	0	0	0	0	45	0	45	64	0	1
N5.HOG0066154	110	771.0	0	0	0	0	44	0	44	66	0	1
N5.HOG0066155	109	1761	0	0	0	0	45	0	45	64	0	1
N5.HOG0066171	111	1059	0	0	0	0	46	0	46	65	0	1
N5.HOG0066172	112	577.5	3	0	0	3	44	0	44	65	0	1
N5.HOG0066174	107	1014	0	0	0	0	48	0	48	59	0	1
N5.HOG0066175	109	477	0	0	0	0	44	0	44	65	0	1
N5.HOG0066176	110	955.5	4	0	0	4	44	0	44	62	0	1
N5.HOG0066184	109	426	0	0	0	0	45	0	45	64	0	1
N5.HOG0066187	103	1236	1	0	0	1	46	1	45	57	0	1
N5.HOG0066212	90	1780.5	10	0	0	10	30	4	26	54	0	1
N5.HOG0066240	108	567.0	0	0	0	0	46	0	46	62	0	1
N5.HOG0066247	104	2316.0	0	0	0	0	42	0	42	62	0	1
N5.HOG0066248	110	405.0	1	2	0	3	46	0	46	61	0	1
N5.HOG0066263	93	648	3	0	0	3	39	0	39	51	0	1
N5.HOG0066276	108	894.0	1	0	0	1	42	0	42	65	0	1
N5.HOG0066283	82	957.0	0	0	0	0	42	0	42	40	0	1
N5.HOG0066285	110	636.0	1	0	0	1	45	0	45	64	0	1
N5.HOG0066286	105	1338	3	0	0	3	45	1	44	58	0	1
N5.HOG0066287	111	1245	3	0	0	3	43	0	43	65	0	1
N5.HOG0066289	83	1149	13	0	0	13	33	6	27	43	0	1
N5.HOG0066290	112	756.0	6	0	0	6	48	4	44	62	1	1
N5.HOG0066291	110	940.5	0	0	0	0	46	0	46	64	0	1
N5.HOG0066292	110	936.0	3	0	0	3	46	2	44	63	0	1
N5.HOG0066293	109	1722	1	0	0	1	47	1	46	62	0	1
N5.HOG0066294	109	594	1	0	0	1	43	0	43	65	0	1
N5.HOG0066295	96	2028.0	0	0	0	0	38	0	38	58	0	1
N5.HOG0066297	111	855	2	0	0	2	50	0	50	59	0	1
N5.HOG0066298	107	585	1	0	0	1	45	0	45	61	0	1
N5.HOG0066300	109	2295	8	0	0	8	45	4	41	60	0	1
N5.HOG0066301	110	903.0	1	0	0	1	43	1	42	67	0	1
N5.HOG0066311	110	972.0	4	0	0	4	47	3	44	62	0	1
N5.HOG0066312	109	1068	12	0	0	12	44	3	41	56	0	1
N5.HOG0066320	105	1110	3	0	0	3	45	1	44	58	0	1
N5.HOG0066321	110	627.0	0	0	0	0	46	0	46	64	0	1
N5.HOG0066322	109	1497	0	0	0	0	43	0	43	66	0	1
N5.HOG0066324	105	1419	1	0	0	1	45	0	45	59	0	1
N5.HOG0066325	110	495.0	0	0	0	0	46	0	46	64	0	1
N5.HOG0066326	109	375	1	0	0	1	49	0	49	59	0	1
N5.HOG0066327	111	555	0	0	0	0	44	0	44	67	0	1
N5.HOG0066328	107	1239	1	0	0	1	43	0	43	63	0	1
N5.HOG0066329	106	1017.0	8	0	0	8	51	3	48	50	0	1
N5.HOG0066330	109	321	1	0	0	1	45	1	44	64	1	1
N5.HOG0066331	110	849.0	4	0	0	4	45	1	44	62	0	1
N5.HOG0066332	109	927	0	0	0	0	45	0	45	64	0	1
N5.HOG0066334	86	1501.5	11	0	0	11	45	5	40	35	1	1
N5.HOG0066342	110	549.0	1	0	0	1	44	0	44	65	0	1
N5.HOG0066344	110	352.5	0	0	0	0	49	0	49	61	0	1
N5.HOG0066345	111	576	1	0	0	1	44	0	44	66	0	1
N5.HOG0066346	110	621.0	0	0	0	0	46	0	46	64	0	1
N5.HOG0066347	110	348.0	0	0	0	0	44	0	44	66	0	1
N5.HOG0066352	104	564.0	0	0	0	0	43	0	43	61	0	1
N5.HOG0066353	111	1065	13	0	0	13	50	8	42	56	0	1
N5.HOG0066354	112	1381.5	28	0	0	28	57	14	43	41	0	1
N5.HOG0066367	110	495.0	1	0	0	1	49	0	49	60	0	1
N5.HOG0066368	108	657.0	4	0	0	4	47	3	44	60	0	1
N5.HOG0066369	108	1347.0	2	0	0	2	45	2	43	63	0	1
N5.HOG0066384	110	1116.0	4	0	0	4	45	1	44	62	1	1
N5.HOG0066390	106	987.0	12	0	0	12	42	3	39	55	0	1
N5.HOG0066391	102	1503.0	0	0	0	0	43	0	43	59	0	1
N5.HOG0066394	106	1308.0	1	0	0	1	42	0	42	63	0	1
N5.HOG0066395	109	414	0	0	0	0	44	0	44	65	0	1
N5.HOG0066396	110	501.0	2	0	0	2	43	1	42	66	0	1
N5.HOG0066397	109	885	1	0	0	1	43	0	43	65	0	1
N5.HOG0066398	106	504.0	0	0	0	0	42	0	42	64	0	1
N5.HOG0066400	94	1182.0	0	0	0	0	39	0	39	55	0	1
N5.HOG0066404	103	1122	2	0	0	2	46	0	46	55	0	1
N5.HOG0066405	110	849.0	2	0	0	2	42	1	41	67	0	1
N5.HOG0066407	103	1227	0	0	0	0	41	0	41	62	0	1
N5.HOG0066408	110	672.0	0	0	0	0	44	0	44	66	0	1
N5.HOG0066409	105	1587	1	0	0	1	42	0	42	62	0	1
N5.HOG0066411	107	1335	4	0	0	4	44	0	44	59	0	1
N5.HOG0066412	106	813.0	2	0	0	2	43	0	43	61	0	1
N5.HOG0066413	108	1389.0	2	2	0	4	45	3	42	62	0	1
N5.HOG0066414	108	942.0	0	0	0	0	45	0	45	63	0	1
N5.HOG0066415	110	423.0	0	0	0	0	45	0	45	65	0	1
N5.HOG0066418	85	1449	7	0	0	7	41	5	36	42	0	1
N5.HOG0066422	106	885.0	0	0	0	0	43	0	43	63	0	1
N5.HOG0066424	109	1389	10	0	0	10	40	1	39	60	0	1
N5.HOG0066425	110	648.0	1	0	0	1	42	1	41	68	0	1
N5.HOG0066433	84	1347.0	9	0	0	9	30	6	24	51	1	1
N5.HOG0066436	99	894	2	0	0	2	42	2	40	57	0	1
N5.HOG0066444	109	501	0	0	0	0	43	0	43	66	0	1
N5.HOG0066447	109	1347	1	0	0	1	43	0	43	65	0	1
N5.HOG0066451	110	705.0	3	0	0	3	46	1	45	62	0	1
N5.HOG0066453	106	1653.0	1	0	0	1	44	0	44	61	0	1
N5.HOG0066454	111	1032	0	0	0	0	49	0	49	62	0	1
N5.HOG0066463	107	1839	0	0	0	0	43	0	43	64	0	1
N5.HOG0066464	108	603.0	1	0	0	1	48	1	47	60	0	1
N5.HOG0066468	99	987	4	0	0	4	39	3	36	59	0	1
N5.HOG0066470	100	780.0	2	0	0	2	42	1	41	57	0	1
N5.HOG0066471	110	486.0	0	0	0	0	41	0	41	69	0	1
N5.HOG0066472	110	555.0	0	0	0	0	47	0	47	63	0	1
N5.HOG0066478	111	702	0	0	0	0	47	0	47	64	0	1
N5.HOG0066482	109	1035	3	0	0	3	49	3	46	60	0	1
N5.HOG0066483	110	450.0	0	0	0	0	44	0	44	66	0	1
N5.HOG0066484	105	843	1	0	0	1	41	0	41	63	0	1
N5.HOG0066486	109	450	0	0	0	0	43	0	43	66	0	1
N5.HOG0066488	107	1263	0	0	0	0	42	0	42	65	0	1
N5.HOG0066489	111	897	3	0	0	3	49	2	47	61	0	1
N5.HOG0066490	109	1194	0	0	0	0	45	0	45	64	0	1
N5.HOG0066491	110	2082.0	22	0	0	22	43	8	35	53	0	1
N5.HOG0066492	108	2220.0	2	0	0	2	44	2	42	64	0	1
N5.HOG0066493	109	1806	3	0	0	3	42	1	41	65	0	1
N5.HOG0066497	112	678.0	2	0	0	2	48	2	46	64	0	1
N5.HOG0066498	109	1068	7	0	0	7	43	3	40	62	0	1
N5.HOG0066500	95	2340	1	0	0	1	43	0	43	51	0	1
N5.HOG0066501	110	978.0	0	0	0	0	46	0	46	64	0	1
N5.HOG0066504	109	549	0	0	0	0	50	0	50	59	0	1
N5.HOG0066505	110	606.0	0	0	0	0	46	0	46	64	0	1
N5.HOG0066512	109	672	3	0	0	3	47	3	44	62	1	1
N5.HOG0066513	110	921.0	1	0	0	1	43	1	42	67	0	1
N5.HOG0066518	109	675	1	0	0	1	45	0	45	63	0	1
N5.HOG0066519	107	639	1	0	0	1	43	1	42	64	0	1
N5.HOG0066524	110	666.0	0	0	0	0	43	0	43	67	0	1
N5.HOG0066553	108	549.0	0	0	0	0	45	0	45	63	0	1
N5.HOG0066554	110	771.0	5	0	0	5	48	2	46	59	0	1
N5.HOG0066556	106	915.0	0	0	0	0	45	0	45	61	0	1
N5.HOG0066562	103	2142	0	0	0	0	43	0	43	60	0	1
N5.HOG0066564	110	612.0	4	0	0	4	48	2	46	60	1	1
N5.HOG0066565	107	2508	8	0	0	8	47	7	40	59	0	1
N5.HOG0066566	108	840.0	1	0	0	1	43	0	43	64	0	1
N5.HOG0066567	107	744	0	0	0	0	45	0	45	62	0	1
N5.HOG0066569	102	924.0	0	0	0	0	41	0	41	61	0	1
N5.HOG0066570	108	2176.5	3	0	0	3	44	1	43	62	0	1
N5.HOG0066571	110	405.0	0	0	0	0	41	0	41	69	0	1
N5.HOG0066573	105	651	1	0	0	1	46	1	45	59	0	1
N5.HOG0066576	103	555	0	0	0	0	42	0	42	61	0	1
N5.HOG0066577	106	1129.5	2	0	0	2	43	0	43	61	0	1
N5.HOG0066578	103	873	3	0	0	3	43	1	42	58	0	1
N5.HOG0066580	107	648	1	0	0	1	43	0	43	63	0	1
N5.HOG0066599	106	486.0	0	0	0	0	44	0	44	62	0	1
N5.HOG0066600	109	1113	7	0	0	7	45	3	42	60	0	1
N5.HOG0066602	99	1395	9	0	0	9	39	4	35	55	0	1
N5.HOG0066603	108	531.0	0	0	0	0	42	0	42	66	0	1
N5.HOG0066604	109	888	1	0	0	1	47	0	47	61	0	1
N5.HOG0066605	108	930.0	0	0	0	0	42	0	42	66	0	1
N5.HOG0066615	106	1212.0	2	0	0	2	47	1	46	58	0	1
N5.HOG0066616	107	1317	3	0	0	3	45	1	44	60	0	1
N5.HOG0066618	97	1263	0	0	0	0	38	0	38	59	0	1
N5.HOG0066620	108	555.0	1	0	0	1	49	0	49	58	0	1
N5.HOG0066621	107	366	0	0	0	0	45	0	45	62	0	1
N5.HOG0066624	86	321.0	0	0	0	0	47	0	47	39	0	1
N5.HOG0066626	105	1365	0	0	0	0	42	0	42	63	0	1
N5.HOG0066627	109	699	0	0	0	0	44	0	44	65	0	1
N5.HOG0066635	89	1272	2	0	0	2	34	1	33	54	1	1
N5.HOG0066636	113	369	0	0	0	0	61	0	61	52	0	1
N5.HOG0066638	101	1488	1	0	0	1	41	0	41	59	0	1
N5.HOG0066639	108	1191.0	1	0	0	1	43	0	43	64	0	1
N5.HOG0066640	114	1410.0	3	0	0	3	52	1	51	60	1	1
N5.HOG0066641	102	471.0	0	0	0	0	41	0	41	61	0	1
N5.HOG0066643	103	762	2	0	0	2	43	0	43	58	0	1
N5.HOG0066645	110	579.0	4	0	0	4	44	0	44	62	0	1
N5.HOG0066646	108	339.0	0	0	0	0	47	0	47	61	0	1
N5.HOG0066647	108	900.0	2	0	0	2	42	0	42	64	0	1
N5.HOG0066654	106	1311.0	4	0	0	4	40	0	40	62	0	1
N5.HOG0066666	110	606.0	0	0	0	0	45	0	45	65	0	1
N5.HOG0066667	108	843.0	0	0	0	0	42	0	42	66	0	1
N5.HOG0066668	110	535.5	1	0	0	1	52	1	51	58	1	1
N5.HOG0066673	108	603.0	0	0	0	0	45	0	45	63	0	1
N5.HOG0066685	108	873.0	4	0	0	4	50	3	47	57	0	1
N5.HOG0066693	111	1233	12	0	0	12	46	4	42	57	0	1
N5.HOG0066695	105	675	0	0	0	0	40	0	40	65	0	1
N5.HOG0066696	109	1524	25	0	0	25	46	14	32	52	0	1
N5.HOG0066697	109	855	2	0	0	2	43	2	41	66	0	1
N5.HOG0066701	107	333	0	0	0	0	45	0	45	62	0	1
N5.HOG0066702	107	1200	4	0	0	4	42	0	42	61	0	1
N5.HOG0066703	105	612	1	0	0	1	42	1	41	63	0	1
N5.HOG0066707	111	885	6	5	0	11	49	2	47	53	0	1
N5.HOG0066710	110	459.0	0	0	0	0	44	0	44	66	0	1
N5.HOG0066714	104	945.0	3	0	0	3	42	0	42	59	0	1
N5.HOG0066715	110	1567.5	24	0	0	24	47	9	38	48	0	1
N5.HOG0066716	105	1206	9	0	0	9	38	4	34	62	0	1
N5.HOG0066719	90	1575.0	0	0	0	0	41	0	41	49	0	1
N5.HOG0066720	107	1152	0	0	0	0	43	0	43	64	0	1
N5.HOG0066721	103	903	1	0	0	1	44	1	43	59	0	1
N5.HOG0066723	109	750	1	0	0	1	49	0	49	59	0	1
N5.HOG0066724	101	975	9	0	0	9	47	7	40	52	0	1
N5.HOG0066725	107	795	0	0	0	0	46	0	46	61	0	1
N5.HOG0066726	107	909	4	0	0	4	42	2	40	63	0	1
N5.HOG0066729	89	1782	2	0	0	2	46	1	45	42	0	1
N5.HOG0066730	107	438	0	0	0	0	43	0	43	64	0	1
N5.HOG0066733	98	2091.0	2	0	0	2	41	0	41	55	0	1
N5.HOG0066734	107	819	3	0	0	3	44	2	42	62	0	1
N5.HOG0066735	107	546	0	0	0	0	46	0	46	61	0	1
N5.HOG0066738	103	1038	0	0	0	0	43	0	43	60	0	1
N5.HOG0066739	106	657.0	0	0	0	0	43	0	43	63	0	1
N5.HOG0066741	104	1281.0	2	0	0	2	44	1	43	59	0	1
N5.HOG0066745	98	1008.0	5	0	0	5	42	0	42	51	0	1
N5.HOG0066746	108	750.0	4	0	0	4	44	1	43	61	0	1
N5.HOG0066754	105	501	0	0	0	0	42	0	42	63	0	1
N5.HOG0066755	110	1260.0	9	0	0	9	46	3	43	58	0	1
N5.HOG0066756	108	702.0	3	0	0	3	45	2	43	62	0	1
N5.HOG0066757	108	1152.0	1	0	0	1	44	0	44	63	0	1
N5.HOG0066765	112	906.0	1	0	0	1	46	0	46	65	0	1
N5.HOG0066766	108	351.0	0	0	0	0	46	0	46	62	0	1
N5.HOG0066812	103	1344	23	0	0	23	40	12	28	52	0	1
N5.HOG0066838	108	561.0	0	0	0	0	44	0	44	64	0	1
N5.HOG0066839	110	420.0	1	0	0	1	56	1	55	54	0	1
N5.HOG0066840	107	1083	0	0	0	0	45	0	45	62	0	1
N5.HOG0066845	109	519	1	0	0	1	52	0	52	56	0	1
N5.HOG0066846	97	543	0	0	0	0	43	0	43	54	0	1
N5.HOG0066848	106	441.0	0	0	0	0	44	0	44	62	0	1
N5.HOG0066849	107	1188	1	2	0	3	43	0	43	61	0	1
N5.HOG0066850	107	1326	3	0	0	3	45	1	44	60	0	1
N5.HOG0066861	108	1224.0	4	0	0	4	44	2	42	62	0	1
N5.HOG0066862	109	570	0	0	0	0	43	0	43	66	0	1
N5.HOG0066867	108	354.0	0	0	0	0	48	0	48	60	0	1
N5.HOG0066873	105	897	0	0	0	0	44	0	44	61	0	1
N5.HOG0066874	108	1002.0	1	0	0	1	45	0	45	62	0	1
N5.HOG0066875	108	348.0	0	0	0	0	46	0	46	62	0	1
N5.HOG0066880	104	1215.0	2	0	0	2	43	1	42	60	0	1
N5.HOG0066881	107	681	1	0	0	1	42	0	42	64	0	1
N5.HOG0066882	109	1443	1	0	0	1	43	0	43	65	0	1
N5.HOG0066883	108	597.0	0	0	0	0	44	0	44	64	0	1
N5.HOG0066884	104	1641.0	1	0	0	1	43	0	43	60	0	1
N5.HOG0066885	108	1092.0	14	0	0	14	52	5	47	47	0	1
N5.HOG0066886	108	837.0	3	0	0	3	49	1	48	57	0	1
N5.HOG0066888	106	411.0	0	0	0	0	43	0	43	63	0	1
N5.HOG0066904	108	1360.5	5	0	0	5	46	3	43	60	0	1
N5.HOG0066905	105	1602	1	0	0	1	45	0	45	59	0	1
N5.HOG0066907	106	1764.0	0	0	0	0	43	0	43	63	0	1
N5.HOG0066908	108	1407.0	2	0	0	2	46	2	44	62	0	1
N5.HOG0066909	100	1830.0	1	0	0	1	42	1	41	58	0	1
N5.HOG0066912	96	1077.0	9	0	0	9	37	5	32	55	1	1
N5.HOG0066914	107	450	0	0	0	0	42	0	42	65	0	1
N5.HOG0066915	106	456.0	1	0	0	1	42	1	41	64	1	1
N5.HOG0066916	107	585	1	0	0	1	45	1	44	62	0	1
N5.HOG0066928	101	507	0	0	0	0	45	0	45	56	0	1
N5.HOG0066929	106	1350.0	6	0	0	6	44	3	41	59	1	1
N5.HOG0066930	108	954.0	1	0	0	1	43	1	42	65	0	1
N5.HOG0066931	105	489	0	0	0	0	46	0	46	59	0	1
N5.HOG0066933	99	969	1	0	0	1	42	0	42	56	0	1
N5.HOG0066934	105	1803	1	0	0	1	47	1	46	58	0	1
N5.HOG0066935	107	675	1	0	0	1	44	0	44	62	0	1
N5.HOG0066936	106	1314.0	3	0	0	3	44	2	42	61	0	1
N5.HOG0066940	109	381	0	0	0	0	43	0	43	66	0	1
N5.HOG0066941	108	2106.0	5	0	0	5	47	3	44	59	0	1
N5.HOG0066942	107	567	1	0	0	1	47	1	46	60	1	1
N5.HOG0066943	110	969.0	5	0	0	5	47	5	42	63	0	1
N5.HOG0066959	108	831.0	9	0	0	9	46	3	43	56	0	1
N5.HOG0066967	108	852.0	0	0	0	0	43	0	43	65	0	1
N5.HOG0066968	108	660.0	0	0	0	0	42	0	42	66	0	1
N5.HOG0066969	106	1500.0	2	0	0	2	46	1	45	59	0	1
N5.HOG0066970	107	858	4	0	0	4	45	3	42	61	0	1
N5.HOG0066971	101	1398	2	0	0	2	40	0	40	59	0	1
N5.HOG0066973	107	882	0	0	0	0	43	0	43	64	0	1
N5.HOG0066974	106	774.0	0	0	0	0	41	0	41	65	0	1
N5.HOG0066979	106	465.0	0	0	0	0	43	0	43	63	0	1
N5.HOG0066980	99	633	0	0	0	0	41	0	41	58	0	1
N5.HOG0066981	104	570.0	1	0	0	1	43	1	42	61	0	1
N5.HOG0066982	108	609.0	0	0	0	0	47	0	47	61	0	1
N5.HOG0066983	107	456	0	0	0	0	45	0	45	62	0	1
N5.HOG0066984	108	525.0	0	0	0	0	44	0	44	64	0	1
N5.HOG0066986	106	945.0	0	0	0	0	42	0	42	64	0	1
N5.HOG0066987	108	357.0	0	0	0	0	43	0	43	65	0	1
N5.HOG0066988	106	870.0	3	1	0	3	46	3	43	60	0	1
N5.HOG0066989	105	303	0	0	0	0	41	0	41	64	0	1
N5.HOG0066990	106	609.0	3	0	0	3	46	1	45	58	0	1
N5.HOG0066991	108	564.0	0	0	0	0	49	0	49	59	0	1
N5.HOG0066992	105	570	0	0	0	0	46	0	46	59	0	1
N5.HOG0066993	104	915.0	1	0	0	1	42	0	42	61	0	1
N5.HOG0066994	105	963	2	0	0	2	46	1	45	58	0	1
N5.HOG0066995	105	600	0	0	0	0	42	0	42	63	0	1
N5.HOG0066996	108	1155.0	2	0	0	2	45	0	45	61	0	1
N5.HOG0066997	111	1251	8	0	0	8	49	6	43	60	0	1
N5.HOG0066998	99	816	1	0	0	1	41	0	41	57	0	1
N5.HOG0066999	105	726	3	0	0	3	48	1	47	55	0	1
N5.HOG0067000	108	900.0	2	0	0	2	41	0	41	65	0	1
N5.HOG0067001	101	759	3	0	0	3	36	2	34	64	0	1
N5.HOG0067003	108	1944.0	0	0	0	0	47	0	47	61	0	1
N5.HOG0067006	88	1594.5	4	2	0	6	42	1	41	41	1	1
N5.HOG0067029	101	855	0	0	0	0	43	0	43	58	0	1
N5.HOG0067031	105	447	0	0	0	0	43	0	43	62	0	1
N5.HOG0067032	106	693.0	0	0	0	0	43	0	43	63	0	1
N5.HOG0067033	108	1665.0	2	0	0	2	44	0	44	62	0	1
N5.HOG0067035	101	1155	3	0	0	3	49	3	46	52	0	1
N5.HOG0067036	105	663	0	0	0	0	42	0	42	63	0	1
N5.HOG0067037	108	471.0	0	0	0	0	45	0	45	63	0	1
N5.HOG0067038	107	639	0	0	0	0	43	0	43	64	0	1
N5.HOG0067039	107	435	0	0	0	0	42	0	42	65	0	1
N5.HOG0067048	109	729	2	0	0	2	42	0	42	65	0	1
N5.HOG0067049	107	735	1	0	0	1	47	1	46	60	0	1
N5.HOG0067050	106	1117.5	2	0	0	2	40	0	40	64	0	1
N5.HOG0067055	107	717	0	0	0	0	42	0	42	65	0	1
N5.HOG0067060	109	516	4	0	0	4	31	2	29	76	0	1
N5.HOG0067061	108	1266.0	8	0	0	8	45	5	40	60	0	1
N5.HOG0067102	109	624	1	0	0	1	46	0	46	62	0	1
N5.HOG0067103	107	498	0	0	0	0	47	0	47	60	0	1
N5.HOG0067104	107	1329	2	0	0	2	43	1	42	63	0	1
N5.HOG0067105	107	501	0	0	0	0	42	0	42	65	0	1
N5.HOG0067106	111	804	18	0	0	18	49	14	35	58	0	1
N5.HOG0067110	107	1140	2	0	0	2	43	1	42	63	0	1
N5.HOG0067111	106	813.0	0	0	0	0	45	0	45	61	0	1
N5.HOG0067112	106	348.0	0	0	0	0	45	0	45	61	0	1
N5.HOG0067125	109	456	0	0	0	0	44	0	44	65	0	1
N5.HOG0067132	105	780	6	0	0	6	45	4	41	58	0	1
N5.HOG0067133	101	339	0	0	0	0	43	0	43	58	0	1
N5.HOG0067134	108	709.5	0	0	0	0	49	0	49	59	0	1
N5.HOG0067145	104	483.0	0	0	0	0	46	0	46	58	0	1
N5.HOG0067146	107	384	0	0	0	0	46	0	46	61	0	1
N5.HOG0067147	102	654.0	0	0	0	0	44	0	44	58	0	1
N5.HOG0067148	82	1923.0	0	0	0	0	42	0	42	40	0	1
N5.HOG0067150	107	1329	1	0	0	1	42	0	42	64	0	1
N5.HOG0067152	100	1245.0	1	0	0	1	42	1	41	58	0	1
N5.HOG0067153	104	996.0	5	0	0	5	43	1	42	57	0	1
N5.HOG0067154	106	816.0	3	0	0	3	45	3	42	61	0	1
N5.HOG0067160	106	1101.0	1	0	0	1	44	0	44	61	0	1
N5.HOG0067161	105	762	0	0	0	0	47	0	47	58	0	1
N5.HOG0067162	107	582	1	0	0	1	43	0	43	63	0	1
N5.HOG0067165	82	1098.0	0	0	0	0	40	0	40	42	0	1
N5.HOG0067168	107	750	2	0	0	2	44	2	42	63	0	1
N5.HOG0067169	106	513.0	0	0	0	0	43	0	43	63	0	1
N5.HOG0067172	94	1470.0	3	0	0	3	45	2	43	48	0	1
N5.HOG0067173	106	1866.0	3	0	0	3	42	1	41	62	0	1
N5.HOG0067174	108	507.0	0	0	0	0	45	0	45	63	0	1
N5.HOG0067175	105	1482	0	0	0	0	45	0	45	60	0	1
N5.HOG0067182	104	1971.0	0	0	0	0	42	0	42	62	0	1
N5.HOG0067183	105	864	2	0	0	2	43	0	43	60	0	1
N5.HOG0067184	104	756.0	1	0	0	1	44	1	43	60	0	1
N5.HOG0067185	103	786	13	0	0	13	48	10	38	52	0	1
N5.HOG0067186	107	642	2	0	0	2	43	0	43	62	0	1
N5.HOG0067187	107	468	0	0	0	0	44	0	44	63	0	1
N5.HOG0067188	105	834	1	0	0	1	45	1	44	60	0	1
N5.HOG0067189	107	636	2	0	0	2	42	0	42	63	0	1
N5.HOG0067190	106	417.0	0	0	0	0	48	0	48	58	0	1
N5.HOG0067191	106	1618.5	7	0	0	7	41	1	40	59	0	1
N5.HOG0067196	98	729.0	1	0	0	1	43	1	42	55	0	1
N5.HOG0067197	106	594.0	0	0	0	0	44	0	44	62	0	1
N5.HOG0067198	106	384.0	0	0	0	0	42	0	42	64	0	1
N5.HOG0067199	105	1161	7	0	0	7	47	5	42	56	1	1
N5.HOG0067203	106	1161.0	0	0	0	0	41	0	41	65	0	1
N5.HOG0067204	104	981.0	1	0	0	1	43	1	42	61	1	1
N5.HOG0067205	106	1549.5	4	0	0	4	45	1	44	58	0	1
N5.HOG0067206	106	624.0	1	0	0	1	42	0	42	63	0	1
N5.HOG0067213	101	648	3	0	0	3	43	0	43	55	0	1
N5.HOG0067214	107	636	0	0	0	0	44	0	44	63	0	1
N5.HOG0067217	99	1038	0	0	0	0	44	0	44	55	0	1
N5.HOG0067218	107	444	0	0	0	0	46	0	46	61	0	1
N5.HOG0067220	104	639.0	0	0	0	0	42	0	42	62	0	1
N5.HOG0067221	95	1335	3	0	0	3	45	0	45	47	0	1
N5.HOG0067223	106	826.5	5	0	0	5	40	1	39	62	0	1
N5.HOG0067224	108	444.0	0	0	0	0	44	0	44	64	0	1
N5.HOG0067228	107	1002	2	0	0	2	43	2	41	64	0	1
N5.HOG0067229	107	1011	2	0	0	2	42	0	42	63	0	1
N5.HOG0067230	105	573	0	0	0	0	42	0	42	63	0	1
N5.HOG0067231	109	507	0	0	0	0	40	0	40	69	0	1
N5.HOG0067232	106	484.5	0	0	0	0	46	0	46	60	0	1
N5.HOG0067233	107	1092	1	0	0	1	45	1	44	62	1	1
N5.HOG0067234	104	975.0	0	0	0	0	41	0	41	63	0	1
N5.HOG0067235	104	828.0	2	0	0	2	43	1	42	60	0	1
N5.HOG0067236	106	1251.0	0	0	0	0	43	0	43	63	0	1
N5.HOG0067239	98	846.0	0	0	0	0	40	0	40	58	0	1
N5.HOG0067244	108	657.0	2	0	0	2	48	1	47	59	0	1
N5.HOG0067250	88	1533.0	3	0	0	3	41	0	41	44	0	1
N5.HOG0067251	107	2355	3	0	0	3	42	0	42	62	0	1
N5.HOG0067255	106	1209.0	1	0	0	1	47	1	46	59	0	1
N5.HOG0067260	106	616.5	1	0	0	1	43	1	42	63	0	1
N5.HOG0067261	108	454.5	0	0	0	0	42	0	42	66	0	1
N5.HOG0067262	108	942.0	1	0	0	1	44	1	43	64	0	1
N5.HOG0067263	107	1035	1	0	0	1	41	0	41	65	0	1
N5.HOG0067264	107	999	1	0	0	1	41	0	41	65	0	1
N5.HOG0067265	106	603.0	0	0	0	0	44	0	44	62	0	1
N5.HOG0067267	107	654	1	0	0	1	43	0	43	63	0	1
N5.HOG0067268	108	813.0	1	0	0	1	44	0	44	63	0	1
N5.HOG0067269	107	1215	13	0	0	13	49	7	42	52	0	1
N5.HOG0067270	104	330.0	0	0	0	0	40	0	40	64	0	1
N5.HOG0067283	107	786	1	0	0	1	44	0	44	62	0	1
N5.HOG0067285	107	480	0	0	0	0	46	0	46	61	0	1
N5.HOG0067286	105	636	0	0	0	0	44	0	44	61	0	1
N5.HOG0067288	80	1167.0	1	0	0	1	43	1	42	37	1	1
N5.HOG0067290	105	1410	3	0	0	3	43	1	42	60	0	1
N5.HOG0067291	106	1110.0	0	0	0	0	46	0	46	60	0	1
N5.HOG0067292	87	1059	0	0	0	0	42	0	42	45	0	1
N5.HOG0067295	107	1731	4	0	0	4	42	0	42	61	0	1
N5.HOG0067302	108	813.0	3	0	0	3	44	1	43	62	0	1
N5.HOG0067306	105	540	0	0	0	0	43	0	43	62	0	1
N5.HOG0067308	101	1200	0	0	0	0	41	0	41	60	0	1
N5.HOG0067319	106	1120.5	4	0	0	4	43	1	42	60	0	1
N5.HOG0067320	95	1230	7	0	0	7	28	2	26	62	0	1
N5.HOG0067322	102	1725.0	13	0	0	13	45	7	38	51	0	1
N5.HOG0067323	103	843	1	0	0	1	37	0	37	65	0	1
N5.HOG0067335	105	1350	1	0	0	1	42	0	42	62	0	1
N5.HOG0067336	105	933	0	0	0	0	44	0	44	61	0	1
N5.HOG0067337	103	1614	1	0	0	1	45	1	44	58	0	1
N5.HOG0067338	106	1764.0	0	0	0	0	45	0	45	61	0	1
N5.HOG0067339	105	2166	1	0	0	1	45	0	45	59	0	1
N5.HOG0067343	103	375	0	0	0	0	43	0	43	60	0	1
N5.HOG0067344	103	549	1	0	0	1	41	0	41	61	0	1
N5.HOG0067348	91	1722	17	0	0	17	37	6	31	43	1	1
N5.HOG0067349	106	1258.5	5	0	0	5	42	2	40	61	0	1
N5.HOG0067350	105	324	0	0	0	0	49	0	49	56	0	1
N5.HOG0067355	106	330.0	0	0	0	0	46	0	46	60	0	1
N5.HOG0067356	104	798.0	0	0	0	0	43	0	43	61	0	1
N5.HOG0067357	104	555.0	0	0	0	0	45	0	45	59	0	1
N5.HOG0067358	106	498.0	1	0	0	1	46	1	45	60	0	1
N5.HOG0067359	105	1287	0	0	0	0	45	0	45	60	0	1
N5.HOG0067365	105	351	0	0	0	0	45	0	45	60	0	1
N5.HOG0067366	105	297	0	0	0	0	43	0	43	62	0	1
N5.HOG0067367	105	312	0	0	0	0	47	0	47	58	0	1
N5.HOG0067376	105	561	0	0	0	0	43	0	43	62	0	1
N5.HOG0067377	105	315	0	0	0	0	42	0	42	63	0	1
N5.HOG0067382	106	330.0	0	0	0	0	43	0	43	63	0	1
N5.HOG0067383	105	1611	3	0	0	3	43	1	42	60	0	1
N5.HOG0067384	105	1635	0	0	0	0	42	0	42	63	0	1
N5.HOG0067385	105	1221	2	0	0	2	44	0	44	59	0	1
N5.HOG0067400	94	750.0	0	0	0	0	39	0	39	55	0	1
N5.HOG0067401	107	555	1	0	0	1	47	0	47	59	0	1
N5.HOG0067402	107	729	2	0	0	2	47	0	47	58	0	1
N5.HOG0067403	107	399	0	0	0	0	44	0	44	63	0	1
N5.HOG0067404	105	636	0	0	0	0	44	0	44	61	0	1
N5.HOG0067406	104	627.0	1	0	0	1	40	0	40	63	0	1
N5.HOG0067408	82	975.0	0	0	0	0	42	0	42	40	0	1
N5.HOG0067410	102	489.0	0	0	0	0	43	0	43	59	0	1
N5.HOG0067411	106	633.0	0	0	0	0	47	0	47	59	0	1
N5.HOG0067412	106	429.0	0	0	0	0	42	0	42	64	0	1
N5.HOG0067415	91	426	0	0	0	0	43	0	43	48	0	1
N5.HOG0067416	100	834.0	4	0	0	4	35	3	32	64	0	1
N5.HOG0067417	101	429	0	0	0	0	43	0	43	58	0	1
N5.HOG0067418	106	442.5	0	0	0	0	42	0	42	64	0	1
N5.HOG0067419	105	621	1	0	0	1	43	0	43	61	0	1
N5.HOG0067420	106	1218.0	0	0	0	0	43	0	43	63	0	1
N5.HOG0067421	105	882	0	0	0	0	44	0	44	61	0	1
N5.HOG0067423	97	1134	0	0	0	0	39	0	39	58	0	1
N5.HOG0067424	104	744.0	1	0	0	1	42	0	42	61	0	1
N5.HOG0067425	106	501.0	0	0	0	0	44	0	44	62	0	1
N5.HOG0067426	104	993.0	2	0	0	2	41	0	41	61	0	1
N5.HOG0067427	103	858	0	0	0	0	44	0	44	59	0	1
N5.HOG0067429	104	702.0	0	0	0	0	43	0	43	61	0	1
N5.HOG0067432	82	1452.0	0	0	0	0	42	0	42	40	0	1
N5.HOG0067434	106	450.0	0	0	0	0	43	0	43	63	0	1
N5.HOG0067438	106	324.0	0	0	0	0	44	0	44	62	0	1
N5.HOG0067440	99	585	0	0	0	0	43	0	43	56	0	1
N5.HOG0067443	105	711	1	0	0	1	43	1	42	62	0	1
N5.HOG0067444	101	762	0	0	0	0	41	0	41	60	0	1
N5.HOG0067445	101	336	0	0	0	0	43	0	43	58	0	1
N5.HOG0067446	106	441.0	0	0	0	0	46	0	46	60	0	1
N5.HOG0067451	109	306	1	0	0	1	49	0	49	59	0	1
N5.HOG0067453	92	597.0	0	0	0	0	44	0	44	48	0	1
N5.HOG0067456	91	1623	0	0	0	0	40	0	40	51	0	1
N5.HOG0067459	106	498.0	0	0	0	0	47	0	47	59	0	1
N5.HOG0067460	107	849	0	0	0	0	44	0	44	63	0	1
N5.HOG0067461	104	735.0	1	0	0	1	43	0	43	60	0	1
N5.HOG0067462	104	513.0	0	0	0	0	42	0	42	62	0	1
N5.HOG0067463	104	1996.5	4	0	0	4	44	2	42	58	0	1
N5.HOG0067464	103	726	0	0	0	0	45	0	45	58	0	1
N5.HOG0067465	107	477	0	0	0	0	41	0	41	66	0	1
N5.HOG0067466	107	606	0	0	0	0	43	0	43	64	0	1
N5.HOG0067467	107	1071	6	0	0	6	42	1	41	60	0	1
N5.HOG0067468	104	333.0	0	0	0	0	42	0	42	62	0	1
N5.HOG0067469	105	918	6	0	0	6	44	2	42	57	0	1
N5.HOG0067472	105	609	7	0	0	7	36	0	36	62	0	1
N5.HOG0067475	105	570	0	0	0	0	45	0	45	60	0	1
N5.HOG0067476	104	909.0	4	0	0	4	43	3	40	60	0	1
N5.HOG0067477	106	651.0	0	0	0	0	47	0	47	59	0	1
N5.HOG0067479	106	1143.0	2	0	0	2	42	0	42	62	0	1
N5.HOG0067480	103	471	0	0	0	0	33	0	33	70	0	1
N5.HOG0067481	103	891	2	0	0	2	44	2	42	59	0	1
N5.HOG0067482	106	351.0	0	0	0	0	43	0	43	63	0	1
N5.HOG0067483	106	1230.0	1	0	0	1	45	1	44	61	0	1
N5.HOG0067515	102	750.0	4	0	0	4	36	1	35	63	0	1
N5.HOG0067529	102	531.0	1	0	0	1	35	0	35	66	0	1
N5.HOG0067533	81	1038	4	0	0	4	39	1	38	39	0	1
N5.HOG0067534	105	645	4	0	0	4	46	1	45	56	0	1
N5.HOG0067535	107	714	3	2	0	5	43	1	42	60	0	1
N5.HOG0067536	105	558	0	0	0	0	45	0	45	60	0	1
N5.HOG0067537	105	669	2	0	0	2	47	1	46	57	0	1
N5.HOG0067542	104	1638.0	0	0	0	0	44	0	44	60	0	1
N5.HOG0067543	104	528.0	0	0	0	0	46	0	46	58	0	1
N5.HOG0067544	103	585	0	0	0	0	42	0	42	61	0	1
N5.HOG0067552	105	432	0	0	0	0	45	0	45	60	0	1
N5.HOG0067555	105	474	0	0	0	0	44	0	44	61	0	1
N5.HOG0067556	105	1272	1	0	0	1	44	0	44	60	0	1
N5.HOG0067557	104	789.0	2	0	0	2	41	0	41	61	0	1
N5.HOG0067560	95	2379	1	0	0	1	42	0	42	52	0	1
N5.HOG0067567	102	1002.0	0	0	0	0	43	0	43	59	0	1
N5.HOG0067568	105	996	0	0	0	0	42	0	42	63	0	1
N5.HOG0067569	105	381	2	0	0	2	42	1	41	62	0	1
N5.HOG0067570	101	441	0	0	0	0	41	0	41	60	0	1
N5.HOG0067571	101	477	0	0	0	0	42	0	42	59	0	1
N5.HOG0067579	102	426.0	0	0	0	0	41	0	41	61	0	1
N5.HOG0067588	105	318	0	0	0	0	42	0	42	63	0	1
N5.HOG0067589	105	555	0	0	0	0	41	0	41	64	0	1
N5.HOG0067590	104	738.0	0	0	0	0	43	0	43	61	0	1
N5.HOG0067601	105	522	0	0	0	0	47	0	47	58	0	1
N5.HOG0067602	104	447.0	0	0	0	0	42	0	42	62	0	1
N5.HOG0067603	104	795.0	1	0	0	1	44	0	44	59	0	1
N5.HOG0067604	103	507	0	0	0	0	43	0	43	60	0	1
N5.HOG0067605	108	681.0	2	0	0	2	42	1	41	65	0	1
N5.HOG0067606	105	1062	10	0	0	10	41	2	39	56	0	1
N5.HOG0067612	105	381	0	0	0	0	41	0	41	64	0	1
N5.HOG0067613	105	453	0	0	0	0	41	0	41	64	0	1
N5.HOG0067619	104	321.0	0	0	0	0	42	0	42	62	0	1
N5.HOG0067628	105	336	0	0	0	0	43	0	43	62	0	1
N5.HOG0067629	104	615.0	0	0	0	0	41	0	41	63	0	1
N5.HOG0067630	104	1332.0	0	0	0	0	44	0	44	60	0	1
N5.HOG0067631	101	300	0	0	0	0	43	0	43	58	0	1
N5.HOG0067632	105	828	5	0	0	5	38	1	37	63	0	1
N5.HOG0067633	94	507.0	0	0	0	0	37	0	37	57	0	1
N5.HOG0067635	105	768	0	0	0	0	45	0	45	60	0	1
N5.HOG0067636	105	525	1	0	0	1	42	1	41	63	0	1
N5.HOG0067637	105	456	0	0	0	0	43	0	43	62	0	1
N5.HOG0067638	106	558.0	0	0	0	0	43	0	43	63	0	1
N5.HOG0067639	105	786	0	0	0	0	43	0	43	62	0	1
N5.HOG0067640	105	435	0	0	0	0	42	0	42	63	0	1
N5.HOG0067641	103	678	0	0	0	0	43	0	43	60	0	1
N5.HOG0067643	102	456.0	0	0	0	0	41	0	41	61	0	1
N5.HOG0067644	103	543	0	0	0	0	42	0	42	61	0	1
N5.HOG0067645	108	522.0	0	0	0	0	47	0	47	61	0	1
N5.HOG0067646	104	453.0	0	0	0	0	46	0	46	58	0	1
N5.HOG0067647	104	339.0	0	0	0	0	44	0	44	60	0	1
N5.HOG0067648	102	816.0	0	0	0	0	42	0	42	60	0	1
N5.HOG0067650	101	567	1	0	0	1	41	1	40	60	1	1
N5.HOG0067651	105	1062	1	0	0	1	44	1	43	61	0	1
N5.HOG0067653	102	924.0	3	0	0	3	42	0	42	57	0	1
N5.HOG0067654	103	1377	0	0	0	0	43	0	43	60	0	1
N5.HOG0067655	104	564.0	1	0	0	1	42	0	42	61	0	1
N5.HOG0067656	105	396	0	0	0	0	44	0	44	61	0	1
N5.HOG0067657	101	840	17	0	0	17	40	5	35	49	0	1
N5.HOG0067658	104	435.0	0	0	0	0	42	0	42	62	0	1
N5.HOG0067659	104	1158.0	0	0	0	0	45	0	45	59	0	1
N5.HOG0067660	105	1074	2	0	0	2	45	1	44	59	0	1
N5.HOG0067662	100	864.0	0	0	0	0	37	0	37	63	0	1
N5.HOG0067663	104	999.0	1	0	0	1	42	0	42	61	0	1
N5.HOG0067675	105	333	0	0	0	0	43	0	43	62	0	1
N5.HOG0067677	101	585	0	0	0	0	44	0	44	57	0	1
N5.HOG0067678	104	387.0	1	0	0	1	43	0	43	60	0	1
N5.HOG0067679	104	705.0	1	0	0	1	43	0	43	60	0	1
N5.HOG0067680	105	1248	0	0	0	0	44	0	44	61	0	1
N5.HOG0067681	104	531.0	0	0	0	0	41	0	41	63	0	1
N5.HOG0067682	104	1191.0	0	0	0	0	41	0	41	63	0	1
N5.HOG0067683	104	391.5	1	0	0	1	46	0	46	57	0	1
N5.HOG0067684	105	405	0	0	0	0	45	0	45	60	0	1
N5.HOG0067685	105	351	0	0	0	0	46	0	46	59	0	1
N5.HOG0067686	105	789	0	0	0	0	44	0	44	61	0	1
N5.HOG0067687	107	540	0	0	0	0	46	0	46	61	0	1
N5.HOG0067688	103	633	1	0	0	1	44	1	43	59	0	1
N5.HOG0067689	104	1020.0	4	0	0	4	42	2	40	60	0	1
N5.HOG0067690	106	1261.5	18	0	0	18	53	14	39	49	1	1
N5.HOG0067691	106	513.0	0	0	0	0	45	0	45	61	0	1
N5.HOG0067692	100	678.0	1	0	0	1	42	1	41	58	0	1
N5.HOG0067700	104	432.0	0	0	0	0	38	0	38	66	0	1
N5.HOG0067702	105	765	5	0	0	5	40	4	36	64	0	1
N5.HOG0067711	96	975.0	5	0	0	5	29	0	29	62	0	1
N5.HOG0067719	102	402.0	0	0	0	0	41	0	41	61	0	1
N5.HOG0067720	104	1324.5	2	0	0	2	43	1	42	60	0	1
N5.HOG0067730	103	648	0	0	0	0	44	0	44	59	0	1
N5.HOG0067731	102	1395.0	0	0	0	0	41	0	41	61	0	1
N5.HOG0067732	105	1317	0	0	0	0	42	0	42	63	0	1
N5.HOG0067734	98	1302.0	0	0	0	0	41	0	41	57	0	1
N5.HOG0067744	105	567	0	0	0	0	44	0	44	61	0	1
N5.HOG0067745	104	954.0	0	0	0	0	44	0	44	60	0	1
N5.HOG0067746	101	603	1	0	0	1	41	1	40	60	1	1
N5.HOG0067747	104	450.0	0	0	0	0	44	0	44	60	0	1
N5.HOG0067748	105	306	0	0	0	0	43	0	43	62	0	1
N5.HOG0067752	105	552	1	0	0	1	42	0	42	62	0	1
N5.HOG0067754	104	585.0	0	0	0	0	45	0	45	59	0	1
N5.HOG0067758	104	682.5	1	0	0	1	45	1	44	59	0	1
N5.HOG0067765	103	750	1	0	0	1	44	0	44	58	0	1
N5.HOG0067767	100	345.0	0	0	0	0	40	0	40	60	0	1
N5.HOG0067768	104	432.0	0	0	0	0	43	0	43	61	0	1
N5.HOG0067769	104	525.0	1	0	0	1	44	0	44	59	0	1
N5.HOG0067770	104	1329.0	0	0	0	0	41	0	41	63	0	1
N5.HOG0067771	97	963	1	0	0	1	39	1	38	58	0	1
N5.HOG0067772	103	1110	8	0	0	8	43	2	41	54	0	1
N5.HOG0067777	101	501	0	0	0	0	42	0	42	59	0	1
N5.HOG0067790	89	1605	12	0	0	12	40	5	35	42	0	1
N5.HOG0067793	101	1515	0	0	0	0	42	0	42	59	0	1
N5.HOG0067795	101	921	3	0	0	3	45	2	43	55	0	1
N5.HOG0067798	106	387.0	0	0	0	0	43	0	43	63	0	1
N5.HOG0067809	105	345	0	0	0	0	45	0	45	60	0	1
N5.HOG0067810	104	1011.0	3	0	0	3	43	1	42	59	0	1
N5.HOG0067811	102	1089.0	1	0	0	1	41	0	41	60	0	1
N5.HOG0067813	104	468.0	0	0	0	0	44	0	44	60	0	1
N5.HOG0067814	102	786.0	2	0	0	2	42	1	41	59	1	1
N5.HOG0067815	105	600	1	0	0	1	43	1	42	62	1	1
N5.HOG0067817	99	1197	0	0	0	0	42	0	42	57	0	1
N5.HOG0067818	102	621.0	0	0	0	0	43	0	43	59	0	1
N5.HOG0067822	106	1635.0	9	0	0	9	47	2	45	52	0	1
N5.HOG0067824	96	972.0	0	0	0	0	39	0	39	57	0	1
N5.HOG0067825	105	483	1	0	0	1	42	0	42	62	0	1
N5.HOG0067826	105	528	0	0	0	0	44	0	44	61	0	1
N5.HOG0067827	104	708.0	0	0	0	0	44	0	44	60	0	1
N5.HOG0067828	104	300.0	0	0	0	0	42	0	42	62	0	1
N5.HOG0067830	104	918.0	0	0	0	0	43	0	43	61	0	1
N5.HOG0067831	90	1146.0	1	0	0	1	33	1	32	57	0	1
N5.HOG0067834	102	366.0	0	0	0	0	43	0	43	59	0	1
N5.HOG0067835	103	1485	5	0	0	5	44	3	41	57	0	1
N5.HOG0067836	102	507.0	0	0	0	0	42	0	42	60	0	1
N5.HOG0067848	105	1122	16	0	0	16	46	10	36	53	1	1
N5.HOG0067849	104	738.0	0	0	0	0	44	0	44	60	0	1
N5.HOG0067850	102	1245.0	9	0	0	9	43	4	39	54	0	1
N5.HOG0067851	103	915	3	0	0	3	44	0	44	56	0	1
N5.HOG0067852	103	1020	0	0	0	0	42	0	42	61	0	1
N5.HOG0067853	104	468.0	0	0	0	0	40	0	40	64	0	1
N5.HOG0067863	92	1363.5	3	0	0	3	39	1	38	51	0	1
N5.HOG0067867	105	861	3	0	0	3	42	1	41	61	0	1
N5.HOG0067868	103	381	0	0	0	0	43	0	43	60	0	1
N5.HOG0067869	104	882.0	2	0	0	2	45	1	44	58	0	1
N5.HOG0067870	104	762.0	0	0	0	0	46	0	46	58	0	1
N5.HOG0067871	103	369	1	0	0	1	41	1	40	62	0	1
N5.HOG0067872	104	819.0	0	0	0	0	41	0	41	63	0	1
N5.HOG0067879	88	912.0	6	0	0	6	32	1	31	51	0	1
N5.HOG0067886	103	747	1	0	0	1	45	0	45	57	0	1
N5.HOG0067887	102	520.5	0	0	0	0	44	0	44	58	0	1
N5.HOG0067895	103	567	1	0	0	1	41	0	41	61	0	1
N5.HOG0067900	104	1191.0	16	0	0	16	47	7	40	48	0	1
N5.HOG0067901	103	702	0	0	0	0	46	0	46	57	0	1
N5.HOG0067907	103	375	1	0	0	1	43	1	42	60	1	1
N5.HOG0067915	101	651	0	0	0	0	43	0	43	58	0	1
N5.HOG0067919	102	960.0	1	0	0	1	44	0	44	57	0	1
N5.HOG0067920	103	504	1	0	0	1	42	1	41	61	0	1
N5.HOG0067921	100	393.0	0	0	0	0	42	0	42	58	0	1
N5.HOG0067923	100	387.0	0	0	0	0	40	0	40	60	0	1
N5.HOG0067924	105	567	1	0	0	1	35	0	35	69	0	1
N5.HOG0067925	101	900	0	0	0	0	44	0	44	57	0	1
N5.HOG0067927	91	747	4	0	0	4	39	1	38	49	0	1
N5.HOG0067929	103	423	0	0	0	0	42	0	42	61	0	1
N5.HOG0067930	103	339	0	0	0	0	44	0	44	59	0	1
N5.HOG0067931	103	1176	0	0	0	0	43	0	43	60	0	1
N5.HOG0067932	103	738	0	0	0	0	41	0	41	62	0	1
N5.HOG0067933	107	717	3	0	0	3	50	1	49	55	0	1
N5.HOG0067944	103	711	0	0	0	0	41	0	41	62	0	1
N5.HOG0067954	103	567	0	0	0	0	45	0	45	58	0	1
N5.HOG0067955	103	444	0	0	0	0	47	0	47	56	0	1
N5.HOG0067967	102	447.0	0	0	0	0	41	0	41	61	0	1
N5.HOG0067968	103	528	0	0	0	0	41	0	41	62	0	1
N5.HOG0067969	103	843	0	0	0	0	42	0	42	61	0	1
N5.HOG0067970	103	900	1	0	0	1	43	0	43	59	0	1
N5.HOG0067971	103	624	3	0	0	3	44	1	43	57	0	1
N5.HOG0067972	104	351.0	0	0	0	0	45	0	45	59	0	1
N5.HOG0067977	102	1152.0	0	0	0	0	42	0	42	60	0	1
N5.HOG0067978	102	2166.0	0	0	0	0	40	0	40	62	0	1
N5.HOG0067979	100	609.0	0	0	0	0	42	0	42	58	0	1
N5.HOG0067987	101	546	0	0	0	0	44	0	44	57	0	1
N5.HOG0067988	100	354.0	0	0	0	0	41	0	41	59	0	1
N5.HOG0067989	104	420.0	1	0	0	1	41	1	40	63	0	1
N5.HOG0067994	92	858.0	2	0	0	2	38	2	36	54	0	1
N5.HOG0067996	103	594	0	0	0	0	41	0	41	62	0	1
N5.HOG0068004	105	924	2	0	0	2	46	0	46	57	0	1
N5.HOG0068005	91	1098	3	0	0	3	41	1	40	48	0	1
N5.HOG0068007	99	924	2	0	0	2	39	0	39	58	0	1
N5.HOG0068020	103	354	0	0	0	0	44	0	44	59	0	1
N5.HOG0068026	103	1242	3	0	0	3	42	0	42	58	0	1
N5.HOG0068027	103	558	1	0	0	1	44	0	44	58	0	1
N5.HOG0068028	102	429.0	0	0	0	0	42	0	42	60	0	1
N5.HOG0068035	102	1161.0	12	0	0	12	41	5	36	54	0	1
N5.HOG0068036	101	588	0	0	0	0	43	0	43	58	0	1
N5.HOG0068037	103	867	1	0	0	1	43	1	42	60	1	1
N5.HOG0068041	103	666	0	0	0	0	44	0	44	59	0	1
N5.HOG0068042	103	330	0	0	0	0	45	0	45	58	0	1
N5.HOG0068043	102	624.0	2	0	0	2	41	1	40	60	0	1
N5.HOG0068045	78	1266.0	0	0	0	0	42	0	42	36	0	1
N5.HOG0068052	98	885.0	6	0	0	6	41	3	38	54	0	1
N5.HOG0068053	105	486	0	0	0	0	51	0	51	54	0	1
N5.HOG0068054	103	918	0	0	0	0	43	0	43	60	0	1
N5.HOG0068055	103	348	0	0	0	0	43	0	43	60	0	1
N5.HOG0068056	102	930.0	19	0	0	19	43	9	34	49	0	1
N5.HOG0068058	88	523.5	0	0	0	0	34	0	34	54	0	1
N5.HOG0068060	103	1074	0	0	0	0	43	0	43	60	0	1
N5.HOG0068069	102	372.0	0	0	0	0	41	0	41	61	0	1
N5.HOG0068072	83	909	1	0	0	1	44	0	44	38	0	1
N5.HOG0068073	103	681	3	0	0	3	45	0	45	55	0	1
N5.HOG0068074	102	471.0	0	0	0	0	45	0	45	57	0	1
N5.HOG0068075	102	663.0	0	0	0	0	44	0	44	58	0	1
N5.HOG0068077	101	735	2	0	0	2	38	1	37	62	0	1
N5.HOG0068083	100	648.0	0	0	0	0	43	0	43	57	0	1
N5.HOG0068084	103	408	0	0	0	0	42	0	42	61	0	1
N5.HOG0068085	104	687.0	0	0	0	0	43	0	43	61	0	1
N5.HOG0068086	103	795	0	0	0	0	44	0	44	59	0	1
N5.HOG0068087	102	303.0	0	0	0	0	43	0	43	59	0	1
N5.HOG0068088	103	945	0	0	0	0	45	0	45	58	0	1
N5.HOG0068089	100	720.0	0	0	0	0	42	0	42	58	0	1
N5.HOG0068090	102	1225.5	4	0	0	4	42	4	38	60	0	1
N5.HOG0068091	106	609.0	4	2	0	6	49	1	48	52	0	1
N5.HOG0068092	104	669.0	0	0	0	0	43	0	43	61	0	1
N5.HOG0068098	101	1020	6	0	0	6	36	2	34	61	0	1
N5.HOG0068137	104	687.0	2	10	0	12	47	10	37	55	0	1
N5.HOG0068138	103	726	1	0	0	1	41	0	41	61	0	1
N5.HOG0068140	101	468	0	0	0	0	42	0	42	59	0	1
N5.HOG0068141	101	540	0	0	0	0	41	0	41	60	0	1
N5.HOG0068142	99	861	4	0	0	4	45	3	42	53	0	1
N5.HOG0068150	100	684.0	3	0	0	3	42	1	41	56	0	1
N5.HOG0068151	102	378.0	0	0	0	0	41	0	41	61	0	1
N5.HOG0068152	105	981	8	0	0	8	44	3	41	56	0	1
N5.HOG0068157	106	604.5	2	0	0	2	50	1	49	55	0	1
N5.HOG0068164	99	882	1	0	0	1	41	0	41	57	0	1
N5.HOG0068172	101	624	0	0	0	0	42	0	42	59	0	1
N5.HOG0068173	102	306.0	1	0	0	1	44	0	44	57	0	1
N5.HOG0068174	104	522.0	0	0	0	0	42	0	42	62	0	1
N5.HOG0068177	96	810.0	1	0	0	1	41	0	41	54	0	1
N5.HOG0068178	102	699.0	2	0	0	2	41	0	41	59	0	1
N5.HOG0068179	102	531.0	0	0	0	0	41	0	41	61	0	1
N5.HOG0068180	102	916.5	2	0	0	2	42	0	42	58	0	1
N5.HOG0068181	101	396	0	0	0	0	43	0	43	58	0	1
N5.HOG0068186	101	474	1	0	0	1	44	0	44	56	0	1
N5.HOG0068187	103	852	2	0	0	2	44	1	43	58	0	1
N5.HOG0068189	103	759	2	0	0	2	42	0	42	59	0	1
N5.HOG0068190	101	408	0	0	0	0	42	0	42	59	0	1
N5.HOG0068192	102	387.0	1	0	0	1	42	0	42	59	0	1
N5.HOG0068193	102	480.0	0	0	0	0	41	0	41	61	0	1
N5.HOG0068205	105	504	1	0	0	1	46	0	46	58	0	1
N5.HOG0068206	102	561.0	0	0	0	0	42	0	42	60	0	1
N5.HOG0068207	102	363.0	0	0	0	0	41	0	41	61	0	1
N5.HOG0068210	102	480.0	0	0	0	0	43	0	43	59	0	1
N5.HOG0068219	101	1095	1	0	0	1	43	0	43	57	0	1
N5.HOG0068221	102	447.0	1	0	0	1	42	1	41	60	0	1
N5.HOG0068222	103	342	0	0	0	0	44	0	44	59	0	1
N5.HOG0068223	96	1140.0	8	0	0	8	46	3	43	45	0	1
N5.HOG0068225	101	444	0	0	0	0	42	0	42	59	0	1
N5.HOG0068226	102	501.0	0	0	0	0	43	0	43	59	0	1
N5.HOG0068227	95	1374	1	0	0	1	41	0	41	53	0	1
N5.HOG0068229	100	1269.0	0	0	0	0	42	0	42	58	0	1
N5.HOG0068230	100	1122.0	2	0	0	2	41	0	41	57	0	1
N5.HOG0068233	99	996	0	0	0	0	41	0	41	58	0	1
N5.HOG0068234	102	360.0	0	0	0	0	46	0	46	56	0	1
N5.HOG0068235	105	492	0	0	0	0	38	0	38	67	0	1
N5.HOG0068236	102	528.0	0	0	0	0	44	0	44	58	0	1
N5.HOG0068237	84	492.0	0	0	0	0	35	0	35	49	0	1
N5.HOG0068239	102	837.0	0	0	0	0	42	0	42	60	0	1
N5.HOG0068240	102	357.0	0	0	0	0	34	0	34	68	0	1
N5.HOG0068242	98	699.0	0	0	0	0	41	0	41	57	0	1
N5.HOG0068243	103	1167	2	0	0	2	43	0	43	58	0	1
N5.HOG0068244	102	399.0	0	0	0	0	41	0	41	61	0	1
N5.HOG0068245	103	1038	8	0	0	8	43	2	41	54	0	1
N5.HOG0068246	101	495	0	0	0	0	37	0	37	64	0	1
N5.HOG0068257	102	318.0	0	0	0	0	42	0	42	60	0	1
N5.HOG0068258	101	1002	0	0	0	0	42	0	42	59	0	1
N5.HOG0068259	100	465.0	0	0	0	0	43	0	43	57	0	1
N5.HOG0068261	97	519	0	0	0	0	40	0	40	57	0	1
N5.HOG0068262	101	738	2	0	0	2	41	0	41	58	0	1
N5.HOG0068263	101	381	0	0	0	0	41	0	41	60	0	1
N5.HOG0068264	101	1440	8	0	0	8	42	4	38	55	0	1
N5.HOG0068265	98	972.0	12	0	0	12	44	7	37	49	0	1
N5.HOG0068266	102	435.0	0	0	0	0	42	0	42	60	0	1
N5.HOG0068267	102	891.0	14	0	0	14	45	12	33	55	0	1
N5.HOG0068268	100	684.0	1	0	0	1	43	0	43	56	0	1
N5.HOG0068273	103	666	0	0	0	0	40	0	40	63	0	1
N5.HOG0068274	102	390.0	1	0	0	1	41	0	41	60	0	1
N5.HOG0068275	100	714.0	0	0	0	0	42	0	42	58	0	1
N5.HOG0068276	103	528	0	0	0	0	43	0	43	60	0	1
N5.HOG0068277	100	426.0	0	0	0	0	42	0	42	58	0	1
N5.HOG0068278	101	342	0	0	0	0	41	0	41	60	0	1
N5.HOG0068279	101	462	1	0	0	1	41	0	41	59	0	1
N5.HOG0068288	101	348	0	0	0	0	40	0	40	61	0	1
N5.HOG0068289	101	363	0	0	0	0	41	0	41	60	0	1
N5.HOG0068290	86	1212.0	4	0	0	4	40	1	39	43	0	1
N5.HOG0068297	103	1158	2	0	0	2	46	1	45	56	0	1
N5.HOG0068298	101	363	0	0	0	0	43	0	43	58	0	1
N5.HOG0068299	101	357	0	0	0	0	41	0	41	60	0	1
N5.HOG0068300	101	1218	4	0	0	4	41	0	41	56	0	1
N5.HOG0068301	100	717.0	0	0	0	0	41	0	41	59	0	1
N5.HOG0068302	100	1131.0	0	0	0	0	42	0	42	58	0	1
N5.HOG0068310	98	510.0	0	0	0	0	41	0	41	57	0	1
N5.HOG0068311	102	2116.5	1	0	0	1	44	0	44	57	0	1
N5.HOG0068312	101	546	0	0	0	0	42	0	42	59	0	1
N5.HOG0068313	99	1158	4	0	0	4	44	2	42	53	0	1
N5.HOG0068315	100	537.0	0	0	0	0	41	0	41	59	0	1
N5.HOG0068317	104	513.0	0	0	0	0	44	0	44	60	0	1
N5.HOG0068318	100	1983.0	1	0	0	1	42	0	42	57	0	1
N5.HOG0068319	100	738.0	0	0	0	0	41	0	41	59	0	1
N5.HOG0068320	101	759	0	0	0	0	43	0	43	58	0	1
N5.HOG0068321	101	651	0	0	0	0	41	0	41	60	0	1
N5.HOG0068322	102	834.0	5	0	0	5	42	1	41	56	0	1
N5.HOG0068323	102	1266.0	3	0	0	3	41	0	41	58	0	1
N5.HOG0068324	103	417	0	0	0	0	43	0	43	60	0	1
N5.HOG0068333	102	549.0	0	0	0	0	44	0	44	58	0	1
N5.HOG0068336	100	783.0	0	0	0	0	41	0	41	59	0	1
N5.HOG0068337	102	675.0	2	0	0	2	38	0	38	62	0	1
N5.HOG0068338	100	339.0	0	0	0	0	43	0	43	57	0	1
N5.HOG0068356	81	1104	8	0	0	8	29	3	26	47	0	1
N5.HOG0068358	101	945	15	0	0	15	45	5	40	46	1	1
N5.HOG0068362	100	832.5	6	0	0	6	38	0	38	56	0	1
N5.HOG0068366	84	1548.0	4	0	0	4	43	0	43	37	0	1
N5.HOG0068379	100	657.0	0	0	0	0	41	0	41	59	0	1
N5.HOG0068393	102	858.0	8	0	0	8	41	1	40	54	0	1
N5.HOG0068394	98	426.0	0	0	0	0	44	0	44	54	0	1
N5.HOG0068400	99	912	3	0	0	3	42	3	39	57	0	1
N5.HOG0068401	99	1068	8	0	0	8	41	5	36	55	0	1
N5.HOG0068405	101	369	0	0	0	0	41	0	41	60	0	1
N5.HOG0068406	102	432.0	0	0	0	0	46	0	46	56	0	1
N5.HOG0068407	99	546	0	0	0	0	41	0	41	58	0	1
N5.HOG0068408	101	375	1	0	0	1	46	0	46	54	0	1
N5.HOG0068409	98	366.0	0	0	0	0	38	0	38	60	0	1
N5.HOG0068410	100	694.5	0	0	0	0	42	0	42	58	0	1
N5.HOG0068411	99	963	0	0	0	0	41	0	41	58	0	1
N5.HOG0068423	100	1096.5	1	0	0	1	41	0	41	58	0	1
N5.HOG0068424	100	618.0	0	0	0	0	41	0	41	59	0	1
N5.HOG0068425	99	501	1	1	0	1	43	0	43	55	0	1
N5.HOG0068426	99	900	1	0	0	1	39	0	39	59	0	1
N5.HOG0068427	101	819	2	0	0	2	43	0	43	56	0	1
N5.HOG0068428	101	843	3	0	0	3	41	2	39	59	1	1
N5.HOG0068430	89	1269	0	0	0	0	44	0	44	45	0	1
N5.HOG0068432	100	933.0	0	0	0	0	41	0	41	59	0	1
N5.HOG0068433	103	519	1	0	0	1	46	0	46	56	0	1
N5.HOG0068434	101	735	1	0	0	1	41	0	41	59	0	1
N5.HOG0068438	100	366.0	0	0	0	0	42	0	42	58	0	1
N5.HOG0068439	104	315.0	0	0	0	0	45	0	45	59	0	1
N5.HOG0068445	99	441	0	0	0	0	42	0	42	57	0	1
N5.HOG0068446	100	306.0	0	0	0	0	38	0	38	62	0	1
N5.HOG0068448	84	1155.0	3	0	0	3	40	1	39	42	0	1
N5.HOG0068450	100	795.0	0	0	0	0	41	0	41	59	0	1
N5.HOG0068451	100	540.0	0	0	0	0	41	0	41	59	0	1
N5.HOG0068452	100	432.0	0	0	0	0	43	0	43	57	0	1
N5.HOG0068468	102	1123.5	3	0	0	3	44	2	42	57	0	1
N5.HOG0068469	96	315.0	0	0	0	0	39	0	39	57	0	1
N5.HOG0068472	100	372.0	0	0	0	0	42	0	42	58	0	1
N5.HOG0068490	99	372	1	0	0	1	40	0	40	58	0	1
N5.HOG0068492	101	354	0	0	0	0	44	0	44	57	0	1
N5.HOG0068493	102	447.0	0	0	0	0	48	0	48	54	0	1
N5.HOG0068494	99	336	0	0	0	0	42	0	42	57	0	1
N5.HOG0068495	100	714.0	3	0	0	3	34	1	33	64	0	1
N5.HOG0068507	100	622.5	1	0	0	1	41	0	41	58	0	1
N5.HOG0068508	100	442.5	0	0	0	0	43	0	43	57	0	1
N5.HOG0068509	98	612.0	0	0	0	0	46	0	46	52	0	1
N5.HOG0068510	100	468.0	0	0	0	0	40	0	40	60	0	1
N5.HOG0068511	98	369.0	0	0	0	0	41	0	41	57	0	1
N5.HOG0068518	99	471	0	0	0	0	35	0	35	64	0	1
N5.HOG0068519	99	369	1	0	0	1	43	1	42	56	1	1
N5.HOG0068520	96	672.0	4	0	0	4	46	1	45	47	0	1
N5.HOG0068524	98	685.5	1	0	0	1	41	1	40	57	0	1
N5.HOG0068525	100	1239.0	8	0	0	8	44	6	38	54	0	1
N5.HOG0068526	99	684	0	0	0	0	41	0	41	58	0	1
N5.HOG0068527	99	348	0	0	0	0	42	0	42	57	0	1
N5.HOG0068528	98	492.0	0	0	0	0	42	0	42	56	0	1
N5.HOG0068537	98	552.0	1	0	0	1	41	0	41	56	0	1
N5.HOG0068538	98	702.0	0	0	0	0	40	0	40	58	0	1
N5.HOG0068539	98	360.0	0	0	0	0	41	0	41	57	0	1
N5.HOG0068540	104	342.0	0	0	0	0	45	0	45	59	0	1
N5.HOG0068541	100	408.0	0	0	0	0	40	0	40	60	0	1
N5.HOG0068542	102	606.0	1	0	0	1	44	0	44	57	0	1
N5.HOG0068543	100	789.0	3	0	0	3	43	2	41	56	0	1
N5.HOG0068569	91	729	1	0	0	1	42	0	42	48	0	1
N5.HOG0068572	99	474	2	0	0	2	41	0	41	56	0	1
N5.HOG0068573	99	771	0	0	0	0	41	0	41	58	0	1
N5.HOG0068574	98	423.0	0	0	0	0	42	0	42	56	0	1
N5.HOG0068575	99	318	1	0	0	1	43	1	42	56	0	1
N5.HOG0068577	99	468	0	0	0	0	42	0	42	57	0	1
N5.HOG0068579	89	810	3	0	0	3	32	2	30	56	0	1
N5.HOG0068581	98	324.0	0	0	0	0	41	0	41	57	0	1
N5.HOG0068582	95	849	6	0	0	6	36	4	32	57	0	1
N5.HOG0068583	101	969	2	0	0	2	42	0	42	57	0	1
N5.HOG0068584	99	867	3	0	0	3	40	1	39	57	0	1
N5.HOG0068606	101	738	3	0	0	3	45	1	44	54	0	1
N5.HOG0068607	103	1017	8	0	0	8	42	2	40	55	0	1
N5.HOG0068608	100	453.0	0	0	0	0	33	0	33	67	0	1
N5.HOG0068626	98	567.0	0	0	0	0	42	0	42	56	0	1
N5.HOG0068627	101	843	7	0	0	7	44	6	38	56	0	1
N5.HOG0068628	100	804.0	7	0	0	7	45	4	41	52	1	1
N5.HOG0068634	80	1041.0	3	0	0	3	25	1	24	53	0	1
N5.HOG0068699	83	732	2	0	0	2	32	0	32	49	0	1
N5.HOG0068704	94	849.0	4	0	0	4	39	1	38	52	0	1
N5.HOG0068713	96	409.5	0	0	0	0	42	0	42	54	0	1
N5.HOG0068714	97	624	0	0	0	0	39	0	39	58	0	1
N5.HOG0068715	96	1080.0	6	2	0	8	48	4	44	44	0	1
N5.HOG0068720	98	672.0	7	0	0	7	44	3	41	50	0	1
N5.HOG0068722	90	930.0	1	0	0	1	40	0	40	49	0	1
N5.HOG0068724	96	544.5	0	0	0	0	40	0	40	56	0	1
N5.HOG0068725	99	1083	4	0	0	4	43	0	43	52	0	1
N5.HOG0068729	102	642.0	8	0	0	8	39	2	37	57	1	1
N5.HOG0068735	97	1215	3	0	0	3	41	2	39	55	0	1
N5.HOG0068743	97	399	4	0	0	4	37	0	37	56	0	1
N5.HOG0068744	92	729.0	1	0	0	1	35	0	35	56	0	1
N5.HOG0068745	97	825	1	0	0	1	42	0	42	54	0	1
N5.HOG0068746	98	843.0	0	0	0	0	42	0	42	56	0	1
N5.HOG0068753	98	621.0	0	0	0	0	41	0	41	57	0	1
N5.HOG0068768	95	594	0	0	0	0	35	0	35	60	0	1
N5.HOG0068769	98	462.0	0	0	0	0	41	0	41	57	0	1
N5.HOG0068770	96	333.0	0	0	0	0	42	0	42	54	0	1
N5.HOG0068792	82	1185.0	10	0	0	10	32	4	28	44	1	1
N5.HOG0068809	94	804.0	0	0	0	0	41	0	41	53	0	1
N5.HOG0068814	94	1125.0	6	0	0	6	37	3	34	54	0	1
N5.HOG0068815	98	327.0	0	0	0	0	48	0	48	50	0	1
N5.HOG0068816	96	300.0	0	0	0	0	48	0	48	48	0	1
N5.HOG0068827	97	783	2	0	0	2	40	1	39	56	0	1
N5.HOG0068838	96	970.5	7	0	0	7	43	2	41	48	0	1
N5.HOG0068839	97	690	2	0	0	2	42	1	41	54	0	1
N5.HOG0068853	96	348.0	0	0	0	0	38	0	38	58	0	1
N5.HOG0068857	99	660	1	0	0	1	43	1	42	56	0	1
N5.HOG0068861	96	1285.5	2	0	0	2	38	1	37	57	0	1
N5.HOG0068881	89	318	0	0	0	0	39	0	39	50	0	1
N5.HOG0068883	96	592.5	1	0	0	1	41	1	40	55	1	1
N5.HOG0068909	96	600.0	2	0	0	2	39	0	39	55	0	1
N5.HOG0068910	96	613.5	1	0	0	1	42	0	42	53	0	1
N5.HOG0068922	96	1056.0	5	0	0	5	42	2	40	51	0	1
N5.HOG0068923	95	630	0	0	0	0	38	0	38	57	0	1
N5.HOG0068924	96	612.0	4	0	0	4	38	2	36	56	0	1
N5.HOG0068934	95	609	2	0	0	2	42	0	42	51	0	1
N5.HOG0068935	96	390.0	0	0	0	0	41	0	41	55	0	1
N5.HOG0068936	95	405	0	0	0	0	40	0	40	55	0	1
N5.HOG0068937	96	1186.5	13	0	0	13	33	7	26	57	0	1
N5.HOG0068945	96	615.0	0	0	0	0	40	0	40	56	0	1
N5.HOG0068946	96	615.0	1	0	0	1	41	1	40	55	0	1
N5.HOG0068962	93	813	2	0	0	2	43	1	42	49	0	1
N5.HOG0068992	95	870	7	0	0	7	34	1	33	55	0	1
N5.HOG0068993	99	405	0	0	0	0	44	0	44	55	0	1
N5.HOG0069002	94	603.0	1	0	0	1	41	0	41	52	0	1
N5.HOG0069025	83	663	2	0	0	2	33	1	32	49	1	1
N5.HOG0069027	93	438	1	0	0	1	43	0	43	49	0	1
N5.HOG0069028	96	492.0	0	0	0	0	41	0	41	55	0	1
N5.HOG0069036	92	918.0	3	0	0	3	29	1	28	61	0	1
N5.HOG0069046	92	886.5	8	0	0	8	38	2	36	48	0	1
N5.HOG0069051	94	849.0	3	0	0	3	39	1	38	53	0	1
N5.HOG0069057	83	987	2	0	0	2	39	1	38	43	0	1
N5.HOG0069059	98	480.0	0	0	0	0	36	0	36	62	0	1
N5.HOG0069060	93	1002	7	0	0	7	37	4	33	53	0	1
N5.HOG0069065	94	612.0	1	0	0	1	39	0	39	54	0	1
N5.HOG0069066	92	552.0	0	0	0	0	41	0	41	51	0	1
N5.HOG0069075	96	627.0	1	0	0	1	42	1	41	54	0	1
N5.HOG0069076	94	312.0	0	0	0	0	36	0	36	58	0	1
N5.HOG0069077	97	906	2	0	0	2	35	1	34	61	0	1
N5.HOG0069078	95	516	0	0	0	0	41	0	41	54	0	1
N5.HOG0069094	95	975	12	0	0	12	40	5	35	48	0	1
N5.HOG0069097	92	453.0	0	0	0	0	42	0	42	50	0	1
N5.HOG0069098	92	585.0	0	0	0	0	33	0	33	59	0	1
N5.HOG0069099	91	855	3	0	0	3	31	2	29	59	0	1
N5.HOG0069100	94	1050.0	7	0	0	7	34	2	32	55	0	1
N5.HOG0069105	92	342.0	0	0	0	0	46	0	46	46	0	1
N5.HOG0069107	91	417	0	0	0	0	37	0	37	54	0	1
N5.HOG0069108	94	1072.5	15	0	0	15	40	10	30	49	0	1
N5.HOG0069117	97	939	5	0	0	5	49	2	47	45	0	1
N5.HOG0069119	95	1398	9	0	0	9	39	4	35	51	0	1
N5.HOG0069120	94	372.0	0	0	0	0	37	0	37	57	0	1
N5.HOG0069121	92	850.5	12	0	0	12	48	2	46	34	1	1
N5.HOG0069129	93	408	1	0	0	1	33	1	32	60	1	1
N5.HOG0069149	90	843.0	2	0	0	2	35	0	35	53	0	1
N5.HOG0069169	94	760.5	2	0	0	2	36	0	36	56	0	1
N5.HOG0069177	91	375	0	0	0	0	41	0	41	50	0	1
N5.HOG0069187	91	414	0	0	0	0	35	0	35	56	0	1
N5.HOG0069196	94	648.0	1	0	0	1	35	0	35	58	0	1
N5.HOG0069202	93	438	0	0	0	0	36	0	36	57	0	1
N5.HOG0069221	92	378.0	0	0	0	0	37	0	37	55	0	1
N5.HOG0069222	90	756.0	1	0	0	1	38	1	37	52	0	1
N5.HOG0069290	91	594	0	0	0	0	37	0	37	54	0	1
N5.HOG0069291	90	682.5	2	0	0	2	43	1	42	46	0	1
N5.HOG0069300	84	933.0	2	0	0	2	33	1	32	50	0	1
N5.HOG0069302	91	927	7	0	0	7	42	4	38	46	0	1
N5.HOG0069306	89	456	0	0	0	0	37	0	37	52	0	1
N5.HOG0069308	93	417	0	0	0	0	43	0	43	50	0	1
N5.HOG0069309	91	762	1	0	0	1	34	1	33	57	0	1
N5.HOG0069310	89	813	6	0	0	6	37	3	34	49	0	1
N5.HOG0069312	90	636.0	1	0	0	1	45	0	45	44	0	1
N5.HOG0069313	91	1026	9	0	0	9	35	5	30	52	0	1
N5.HOG0069314	91	1047	3	0	0	3	38	1	37	51	0	1
N5.HOG0069315	89	837	3	0	0	3	39	0	39	47	0	1
N5.HOG0069316	91	624	1	0	0	1	48	0	48	42	0	1
N5.HOG0069317	90	1060.5	9	0	0	9	30	3	27	54	0	1
N5.HOG0069326	92	312.0	0	0	0	0	38	0	38	54	0	1
N5.HOG0069333	89	312	0	0	0	0	41	0	41	48	0	1
N5.HOG0069337	89	666	0	0	0	0	40	0	40	49	0	1
N5.HOG0069361	91	810	7	0	0	7	40	1	39	45	0	1
N5.HOG0069371	82	978.0	8	0	0	8	34	3	31	43	0	1
N5.HOG0069373	90	417.0	3	0	0	3	32	0	32	55	0	1
N5.HOG0069386	87	792	6	0	0	6	34	2	32	49	0	1
N5.HOG0069396	87	648	1	0	0	1	35	1	34	52	0	1
N5.HOG0069410	91	681	5	0	0	5	36	0	36	50	0	1
N5.HOG0069416	88	906.0	6	0	0	6	34	3	31	51	0	1
N5.HOG0069452	91	399	0	0	0	0	36	0	36	55	0	1
N5.HOG0069488	89	828	11	0	0	11	33	7	26	52	0	1
N5.HOG0069512	90	378.0	0	0	0	0	37	0	37	53	0	1
N5.HOG0069519	89	408	1	0	0	1	38	1	37	51	1	1
N5.HOG0069528	90	574.5	0	0	0	0	31	0	31	59	0	1
N5.HOG0069559	87	471	1	0	0	1	35	0	35	51	0	1
N5.HOG0069566	92	678.0	0	0	0	0	38	0	38	54	0	1
N5.HOG0069567	89	471	0	0	0	0	45	0	45	44	0	1
N5.HOG0069575	86	861.0	11	2	0	13	34	5	29	44	0	1
N5.HOG0069576	84	486.0	2	0	0	2	22	1	21	61	0	1
N5.HOG0069577	88	1054.5	4	0	0	4	42	2	40	44	0	1
N5.HOG0069578	86	774.0	2	0	0	2	40	2	38	46	0	1
N5.HOG0069579	91	891	3	0	0	3	37	2	35	53	0	1
N5.HOG0069624	90	780.0	2	0	0	2	36	1	35	53	0	1
N5.HOG0069625	87	339	0	0	0	0	32	0	32	55	0	1
N5.HOG0069676	86	1203.0	10	0	0	10	37	6	31	45	0	1
N5.HOG0069685	87	552	0	0	0	0	36	0	36	51	0	1
N5.HOG0069699	87	888	2	0	0	2	46	1	45	40	0	1
N5.HOG0069711	87	1044	9	0	0	9	31	6	25	53	0	1
N5.HOG0069715	90	523.5	2	0	0	2	39	1	38	50	0	1
N5.HOG0069738	85	876	2	0	0	2	29	1	28	55	0	1
N5.HOG0069743	82	363.0	0	0	0	0	37	0	37	45	0	1
N5.HOG0069746	86	456.0	3	0	0	3	33	0	33	50	0	1
N5.HOG0069764	89	453	6	0	0	6	32	1	31	52	1	1
N5.HOG0069781	85	684	1	0	0	1	37	0	37	47	0	1
N5.HOG0069782	85	519	3	2	0	5	27	1	26	54	1	1
N5.HOG0069783	83	759	5	0	0	5	37	2	35	43	0	1
N5.HOG0069793	84	528.0	0	0	0	0	35	0	35	49	0	1
N5.HOG0069800	85	363	1	0	0	1	40	1	39	45	1	1
N5.HOG0069861	81	483	0	0	0	0	38	0	38	43	0	1
N5.HOG0069869	84	432.0	1	0	0	1	34	0	34	49	0	1
N5.HOG0069911	84	402.0	0	0	0	0	41	0	41	43	0	1
N5.HOG0069957	81	567	0	0	0	0	34	0	34	47	0	1
N5.HOG0069972	82	496.5	0	0	0	0	34	0	34	48	0	1
N5.HOG0070144	78	423.0	0	0	0	0	30	0	30	48	0	1
