28770154_1|9965|COMPLETED|3
28770154_2|101225|COMPLETED|3
28770154_3|36281|COMPLETED|3
28770154_4|29949|COMPLETED|3
28770154_5|25394|COMPLETED|3
28770154_6|34555|COMPLETED|3
28770154_7|176633|COMPLETED|3
28770154_8|253281|COMPLETED|3
28770154_9|48627|COMPLETED|3
28770154_10|89371|COMPLETED|3
28770154_11|91043|COMPLETED|3
28770154_12|188255|COMPLETED|3
28770154_13|27678|COMPLETED|3
28770154_14|16745|COMPLETED|3
28770154_15|126008|COMPLETED|3
28770154_16|130940|COMPLETED|3
28770154_17|213178|COMPLETED|3
28770154_18|8750|COMPLETED|3
28770154_19|9153|COMPLETED|3
28770154_20|14682|COMPLETED|3
28770154_21|259218|TIMEOUT|3
28770154_22|241073|COMPLETED|3
28770154_23|15150|COMPLETED|3
28770154_24|220530|COMPLETED|3
28770154_25|259218|TIMEOUT|3
28770154_26|25317|COMPLETED|3
28770154_27|59958|COMPLETED|3
28770154_28|33618|COMPLETED|3
28770154_29|41582|COMPLETED|3
28770154_30|77980|COMPLETED|3
28770154_31|68393|COMPLETED|3
28770154_32|18580|COMPLETED|3
28770154_33|259217|TIMEOUT|3
28770154_34|97971|COMPLETED|3
28770154_35|259217|TIMEOUT|3
28770154_36|55396|COMPLETED|3
28770154_37|97284|COMPLETED|3
28770154_38|22155|COMPLETED|3
28770154_39|184209|COMPLETED|3
28770154_40|149894|COMPLETED|3
28770154_41|51596|COMPLETED|3
28770154_42|45540|COMPLETED|3
28770154_43|259217|TIMEOUT|3
28770154_44|113080|COMPLETED|3
28770154_45|6448|COMPLETED|3
28770154_46|143095|COMPLETED|3
28770154_47|26731|COMPLETED|3
28770154_48|259217|TIMEOUT|3
28770154_49|114098|COMPLETED|3
28770154_50|13203|COMPLETED|3
28770154_51|65577|COMPLETED|3
28770154_52|36306|COMPLETED|3
28770154_53|35938|COMPLETED|3
28770154_54|12864|COMPLETED|3
28770154_55|41669|COMPLETED|3
28770154_56|23603|COMPLETED|3
28770154_57|82547|COMPLETED|3
28770154_58|46191|COMPLETED|3
28770154_59|121043|COMPLETED|3
28770154_60|17196|COMPLETED|3
28770154_61|218700|COMPLETED|3
28770154_62|68020|COMPLETED|3
28770154_63|9543|COMPLETED|3
28770154_64|73618|COMPLETED|3
28770154_65|136615|COMPLETED|3
28770154_66|20958|COMPLETED|3
28770154_67|93557|COMPLETED|3
28770154_68|61174|COMPLETED|3
28770154_69|97396|COMPLETED|3
28770154_70|11396|COMPLETED|3
28770154_71|113888|COMPLETED|3
28770154_72|10196|COMPLETED|3
28770154_73|49192|COMPLETED|3
28770154_74|55314|COMPLETED|3
28770154_75|45892|COMPLETED|3
28770154_76|65236|COMPLETED|3
28770154_77|46907|COMPLETED|3
28770154_78|108396|COMPLETED|3
28770154_79|259200|TIMEOUT|3
28770154_80|54922|COMPLETED|3
28770154_81|20279|COMPLETED|3
28770154_82|259200|TIMEOUT|3
28770154_83|49259|COMPLETED|3
28770154_84|82776|COMPLETED|3
28770154_85|120730|COMPLETED|3
28770154_86|98429|COMPLETED|3
28770154_87|64225|COMPLETED|3
28770154_88|10646|COMPLETED|3
28770154_89|27838|COMPLETED|3
28770154_90|28961|COMPLETED|3
28770154_91|67482|COMPLETED|3
28770154_92|35571|COMPLETED|3
28770154_93|27655|COMPLETED|3
28770154_94|6230|COMPLETED|3
28770154_95|97057|COMPLETED|3
28770154_96|12428|COMPLETED|3
28770154_97|67812|COMPLETED|3
28770154_98|192234|COMPLETED|3
28770154_99|8068|COMPLETED|3
28770154_100|8645|COMPLETED|3
28770154_101|31824|COMPLETED|3
28770154_102|17779|COMPLETED|3
28770154_103|30070|COMPLETED|3
28770154_104|16687|COMPLETED|3
28770154_105|56471|COMPLETED|3
28770154_106|54064|COMPLETED|3
28770154_107|20361|COMPLETED|3
28770154_108|42476|COMPLETED|3
28770154_109|41773|COMPLETED|3
28770154_110|259229|TIMEOUT|3
28770154_111|169923|COMPLETED|3
28770154_112|77641|COMPLETED|3
28770154_113|259229|TIMEOUT|3
28770154_114|175153|COMPLETED|3
28770154_115|66479|COMPLETED|3
28770154_116|68441|COMPLETED|3
28770154_117|48073|COMPLETED|3
28770154_118|49900|COMPLETED|3
28770154_119|10664|COMPLETED|3
28770154_120|102687|COMPLETED|3
28770154_121|11408|COMPLETED|3
28770154_122|20154|COMPLETED|3
28770154_123|61020|COMPLETED|3
28770154_124|90824|COMPLETED|3
28770154_125|93850|COMPLETED|3
28770154_126|27123|COMPLETED|3
28770154_127|37003|COMPLETED|3
28770154_128|2977|COMPLETED|3
28770154_129|39991|COMPLETED|3
28770154_130|21579|COMPLETED|3
28770154_131|12432|COMPLETED|3
28770154_132|26381|COMPLETED|3
28770154_133|125899|COMPLETED|3
28770154_134|31293|COMPLETED|3
28770154_135|19711|COMPLETED|3
28770154_136|235470|COMPLETED|3
28770154_137|20197|COMPLETED|3
28770154_138|39402|COMPLETED|3
28770154_139|39749|COMPLETED|3
28770154_140|91577|COMPLETED|3
28770154_141|13559|COMPLETED|3
28770154_142|27061|COMPLETED|3
28770154_143|77902|COMPLETED|3
28770154_144|97410|COMPLETED|3
28770154_145|124808|COMPLETED|3
28770154_146|67635|COMPLETED|3
28770154_147|155697|COMPLETED|3
28770154_148|22336|COMPLETED|3
28770154_149|44984|COMPLETED|3
28770154_150|15036|COMPLETED|3
28770154_151|137607|COMPLETED|3
28770154_152|31173|COMPLETED|3
28770154_153|10590|COMPLETED|3
28770154_154|67360|COMPLETED|3
28770154_155|21352|COMPLETED|3
28770154_156|43583|COMPLETED|3
28770154_157|74655|COMPLETED|3
28770154_158|22159|COMPLETED|3
28770154_159|27778|COMPLETED|3
28770154_160|14411|COMPLETED|3
28770154_161|190354|COMPLETED|3
28770154_162|259228|TIMEOUT|3
28770154_163|14171|COMPLETED|3
28770154_164|187043|COMPLETED|3
28770154_165|29774|COMPLETED|3
28770154_166|220797|COMPLETED|3
28770154_167|37370|COMPLETED|3
28770154_168|34754|COMPLETED|3
28770154_169|37351|COMPLETED|3
28770154_170|25903|COMPLETED|3
28770154_171|28551|COMPLETED|3
28770154_172|88199|COMPLETED|3
28770154_173|19625|COMPLETED|3
28770154_174|15083|COMPLETED|3
28770154_175|94404|COMPLETED|3
28770154_176|32739|COMPLETED|3
28770154_177|144313|COMPLETED|3
28770154_178|250749|COMPLETED|3
28770154_179|10057|COMPLETED|3
28770154_180|24925|COMPLETED|3
28770154_181|7246|COMPLETED|3
28770154_182|259228|TIMEOUT|3
28770154_183|19349|COMPLETED|3
28770154_184|15278|COMPLETED|3
28770154_185|96459|COMPLETED|3
28770154_186|65016|COMPLETED|3
28770154_187|48000|COMPLETED|3
28770154_188|10623|COMPLETED|3
28770154_189|6107|COMPLETED|3
28770154_190|30746|COMPLETED|3
28770154_191|24856|COMPLETED|3
28770154_192|108378|COMPLETED|3
28770154_193|13127|COMPLETED|3
28770154_194|16362|COMPLETED|3
28770154_195|27828|COMPLETED|3
28770154_196|13171|COMPLETED|3
28770154_197|152794|COMPLETED|3
28770154_198|13076|COMPLETED|3
28770154_199|157012|COMPLETED|3
28770154_200|128078|COMPLETED|3
28770154_201|36687|COMPLETED|3
28770154_202|167846|COMPLETED|3
28770154_203|24830|COMPLETED|3
28770154_204|98722|COMPLETED|3
28770154_205|51813|COMPLETED|3
28770154_206|52567|COMPLETED|3
28770154_207|16719|COMPLETED|3
28770154_208|162483|COMPLETED|3
28770154_209|157561|COMPLETED|3
28770154_210|92507|COMPLETED|3
28770154_211|37083|COMPLETED|3
28770154_212|20073|COMPLETED|3
28770154_213|22020|COMPLETED|3
28770154_214|39223|COMPLETED|3
28770154_215|91266|COMPLETED|3
28770154_216|159841|COMPLETED|3
28770154_217|48721|COMPLETED|3
28770154_218|5030|COMPLETED|3
28770154_219|34325|COMPLETED|3
28770154_220|9349|COMPLETED|3
28770154_221|154889|COMPLETED|3
28770154_222|5831|COMPLETED|3
28770154_223|183523|COMPLETED|3
28770154_224|64694|COMPLETED|3
28770154_225|60358|COMPLETED|3
28770154_226|16502|COMPLETED|3
28770154_227|82884|COMPLETED|3
28770154_228|217300|COMPLETED|3
28770154_229|34961|COMPLETED|3
28770154_230|112304|COMPLETED|3
28770154_231|21493|COMPLETED|3
28770154_232|50015|COMPLETED|3
28770154_233|149648|COMPLETED|3
28770154_234|11302|COMPLETED|3
28770154_235|15618|COMPLETED|3
28770154_236|20412|COMPLETED|3
28770154_237|89616|COMPLETED|3
28770154_238|88758|COMPLETED|3
28770154_239|139181|COMPLETED|3
28770154_240|197287|COMPLETED|3
28770154_241|54126|COMPLETED|3
28770154_242|169095|COMPLETED|3
28770154_243|21720|COMPLETED|3
28770154_244|67158|COMPLETED|3
28770154_245|14349|COMPLETED|3
28770154_246|16379|COMPLETED|3
28770154_247|142438|COMPLETED|3
28770154_248|109883|COMPLETED|3
28770154_249|88972|COMPLETED|3
28770154_250|9624|COMPLETED|3
28770154_251|19475|COMPLETED|3
28770154_252|83173|COMPLETED|3
28770154_253|15061|COMPLETED|3
28770154_254|51932|COMPLETED|3
28770154_255|6598|COMPLETED|3
28770154_256|37772|COMPLETED|3
28770154_257|76677|COMPLETED|3
28770154_258|259226|TIMEOUT|3
28770154_259|11131|COMPLETED|3
28770154_260|14643|COMPLETED|3
28770154_261|25147|COMPLETED|3
28770154_262|12571|COMPLETED|3
28770154_263|7483|COMPLETED|3
28770154_264|15788|COMPLETED|3
28770154_265|29996|COMPLETED|3
28770154_266|259226|TIMEOUT|3
28770154_267|104339|COMPLETED|3
28770154_268|91423|COMPLETED|3
28770154_269|95664|COMPLETED|3
28770154_270|226935|COMPLETED|3
28770154_271|18115|COMPLETED|3
28770154_272|37129|COMPLETED|3
28770154_273|60364|COMPLETED|3
28770154_274|3084|COMPLETED|3
28770154_275|92367|COMPLETED|3
28770154_276|204038|COMPLETED|3
28770154_277|160363|COMPLETED|3
28770154_278|122246|COMPLETED|3
28770154_279|33877|COMPLETED|3
28770154_280|30620|COMPLETED|3
28770154_281|31643|COMPLETED|3
28770154_282|23874|COMPLETED|3
28770154_283|7052|COMPLETED|3
28770154_284|81377|COMPLETED|3
28770154_285|38160|COMPLETED|3
28770154_286|124133|COMPLETED|3
28770154_287|188171|COMPLETED|3
28770154_288|6962|COMPLETED|3
28770154_289|11644|COMPLETED|3
28770154_290|35420|COMPLETED|3
28770154_291|16495|COMPLETED|3
28770154_292|63024|COMPLETED|3
28770154_293|17740|COMPLETED|3
28770154_294|56386|COMPLETED|3
28770154_295|69301|COMPLETED|3
28770154_296|119069|COMPLETED|3
28770154_297|259225|TIMEOUT|3
28770154_298|29999|COMPLETED|3
28770154_299|72356|COMPLETED|3
28770154_300|37206|COMPLETED|3
28770154_301|99631|COMPLETED|3
28770154_302|56065|COMPLETED|3
28770154_303|98225|COMPLETED|3
28770154_304|21143|COMPLETED|3
28770154_305|77908|COMPLETED|3
28770154_306|35140|COMPLETED|3
28770154_307|259225|TIMEOUT|3
28770154_308|81744|COMPLETED|3
28770154_309|11983|COMPLETED|3
28770154_310|8221|COMPLETED|3
28770154_311|96595|COMPLETED|3
28770154_312|56813|COMPLETED|3
28770154_313|47636|COMPLETED|3
28770154_314|13560|COMPLETED|3
28770154_315|144345|COMPLETED|3
28770154_316|9787|COMPLETED|3
28770154_317|555|COMPLETED|3
28770154_318|74029|COMPLETED|3
28770154_319|28741|COMPLETED|3
28770154_320|17979|COMPLETED|3
28770154_321|31524|COMPLETED|3
28770154_322|65405|COMPLETED|3
28770154_323|51943|COMPLETED|3
28770154_324|259224|TIMEOUT|3
28770154_325|179143|COMPLETED|3
28770154_326|28203|COMPLETED|3
28770154_327|31767|COMPLETED|3
28770154_328|189231|COMPLETED|3
28770154_329|15683|COMPLETED|3
28770154_330|97073|COMPLETED|3
28770154_331|178154|COMPLETED|3
28770154_332|55444|COMPLETED|3
28770154_333|33890|COMPLETED|3
28770154_334|89994|COMPLETED|3
28770154_335|13944|COMPLETED|3
28770154_336|19174|COMPLETED|3
28770154_337|114330|COMPLETED|3
28770154_338|23826|COMPLETED|3
28770154_339|259224|TIMEOUT|3
28770154_340|80515|COMPLETED|3
28770154_341|117221|COMPLETED|3
28770154_342|107259|COMPLETED|3
28770154_343|91054|COMPLETED|3
28770154_344|28135|COMPLETED|3
28770154_345|83512|COMPLETED|3
28770154_346|43256|COMPLETED|3
28770154_347|36728|COMPLETED|3
28770154_348|4717|COMPLETED|3
28770154_349|95214|COMPLETED|3
28770154_350|109175|COMPLETED|3
28770154_351|46309|COMPLETED|3
28770154_352|7762|COMPLETED|3
28770154_353|72447|COMPLETED|3
28770154_354|8484|COMPLETED|3
28770154_355|54129|COMPLETED|3
28770154_356|2462|COMPLETED|3
28770154_357|259224|TIMEOUT|3
28770154_358|60133|COMPLETED|3
28770154_359|24315|COMPLETED|3
28770154_360|74311|COMPLETED|3
28770154_361|68339|COMPLETED|3
28770154_362|38336|COMPLETED|3
28770154_363|29333|COMPLETED|3
28770154_364|32448|COMPLETED|3
28770154_365|47729|COMPLETED|3
28770154_366|119795|COMPLETED|3
28770154_367|15352|COMPLETED|3
28770154_368|11353|COMPLETED|3
28770154_369|1783|COMPLETED|3
28770154_370|43638|COMPLETED|3
28770154_371|14862|COMPLETED|3
28770154_372|49133|COMPLETED|3
28770154_373|72803|COMPLETED|3
28770154_374|81042|COMPLETED|3
28770154_375|16273|COMPLETED|3
28770154_376|253290|COMPLETED|3
28770154_377|259224|TIMEOUT|3
28770154_378|26923|COMPLETED|3
28770154_379|75262|COMPLETED|3
28770154_380|89951|COMPLETED|3
28770154_381|185416|COMPLETED|3
28770154_382|6141|COMPLETED|3
28770154_383|11590|COMPLETED|3
28770154_384|17318|COMPLETED|3
28770154_385|34268|COMPLETED|3
28770154_386|259223|TIMEOUT|3
28770154_387|74820|COMPLETED|3
28770154_388|25548|COMPLETED|3
28770154_389|86178|COMPLETED|3
28770154_390|21552|COMPLETED|3
28770154_391|6790|COMPLETED|3
28770154_392|15178|COMPLETED|3
28770154_393|66603|COMPLETED|3
28770154_394|85655|COMPLETED|3
28770154_395|10414|COMPLETED|3
28770154_396|47836|COMPLETED|3
28770154_397|49327|COMPLETED|3
28770154_398|22892|COMPLETED|3
28770154_399|13342|COMPLETED|3
28770154_400|9364|COMPLETED|3
28770154_401|80244|COMPLETED|3
28770154_402|14211|COMPLETED|3
28770154_403|5516|COMPLETED|3
28770154_404|21704|COMPLETED|3
28770154_405|14416|COMPLETED|3
28770154_406|8534|COMPLETED|3
28770154_407|17066|COMPLETED|3
28770154_408|10953|COMPLETED|3
28770154_409|62616|COMPLETED|3
28770154_410|101056|COMPLETED|3
28770154_411|8467|COMPLETED|3
28770154_412|103428|COMPLETED|3
28770154_413|171464|COMPLETED|3
28770154_414|12916|COMPLETED|3
28770154_415|9719|COMPLETED|3
28770154_416|20657|COMPLETED|3
28770154_417|123693|COMPLETED|3
28770154_418|24969|COMPLETED|3
28770154_419|10787|COMPLETED|3
28770154_420|65559|COMPLETED|3
28770154_421|53194|COMPLETED|3
28770154_422|3636|COMPLETED|3
28770154_423|46303|COMPLETED|3
28770154_424|20888|COMPLETED|3
28770154_425|25007|COMPLETED|3
28770154_426|7194|COMPLETED|3
28770154_427|191519|COMPLETED|3
28770154_428|9427|COMPLETED|3
28770154_429|5938|COMPLETED|3
28770154_430|35504|COMPLETED|3
28770154_431|80923|COMPLETED|3
28770154_432|83524|COMPLETED|3
28770154_433|14868|COMPLETED|3
28770154_434|9500|COMPLETED|3
28770154_435|129082|COMPLETED|3
28770154_436|28525|COMPLETED|3
28770154_437|36189|COMPLETED|3
28770154_438|109122|COMPLETED|3
28770154_439|259222|TIMEOUT|3
28770154_440|8152|COMPLETED|3
28770154_441|5732|COMPLETED|3
28770154_442|7750|COMPLETED|3
28770154_443|61636|COMPLETED|3
28770154_444|7750|COMPLETED|3
28770154_445|3499|COMPLETED|3
28770154_446|5883|COMPLETED|3
28770154_447|26084|COMPLETED|3
28770154_448|44128|COMPLETED|3
28770154_449|16153|COMPLETED|3
28770154_450|3043|COMPLETED|3
28770154_451|35220|COMPLETED|3
28770154_452|5949|COMPLETED|3
28770154_453|13756|COMPLETED|3
28770154_454|8038|COMPLETED|3
28770154_455|66216|COMPLETED|3
28770154_456|6603|COMPLETED|3
28770154_457|13594|COMPLETED|3
28770154_458|259221|TIMEOUT|3
28770154_459|11215|COMPLETED|3
28770154_460|18189|COMPLETED|3
28770154_461|91484|COMPLETED|3
28770154_462|78180|COMPLETED|3
28770154_463|79933|COMPLETED|3
28770154_464|88547|COMPLETED|3
28770154_465|71039|COMPLETED|3
28770154_466|79042|COMPLETED|3
28770154_467|22761|COMPLETED|3
28770154_468|259221|TIMEOUT|3
28770154_469|259221|TIMEOUT|3
28770154_470|116040|COMPLETED|3
28770154_471|14997|COMPLETED|3
28770154_472|77738|COMPLETED|3
28770154_473|76582|COMPLETED|3
28770154_474|55710|COMPLETED|3
28770154_475|14223|COMPLETED|3
28770154_476|6359|COMPLETED|3
28770154_477|7623|COMPLETED|3
28770154_478|128586|COMPLETED|3
28770154_479|180772|COMPLETED|3
28770154_480|56080|COMPLETED|3
28770154_481|10023|COMPLETED|3
28770154_482|259221|TIMEOUT|3
28770154_483|21588|COMPLETED|3
28770154_484|75495|COMPLETED|3
28770154_485|15254|COMPLETED|3
28770154_486|19585|COMPLETED|3
28770154_487|136854|COMPLETED|3
28770154_488|94744|COMPLETED|3
28770154_489|38028|COMPLETED|3
28770154_490|259221|TIMEOUT|3
28770154_491|74157|COMPLETED|3
28770154_492|45046|COMPLETED|3
28770154_493|14855|COMPLETED|3
28770154_494|113764|COMPLETED|3
28770154_495|259221|TIMEOUT|3
28770154_496|98358|COMPLETED|3
28770154_497|5866|COMPLETED|3
28770154_498|74111|COMPLETED|3
28770154_499|97539|COMPLETED|3
28770154_500|44060|COMPLETED|3
28770154_501|156808|COMPLETED|3
28770154_502|8635|COMPLETED|3
28770154_503|51980|COMPLETED|3
28770154_504|87549|COMPLETED|3
28770154_505|22842|COMPLETED|3
28770154_506|26881|COMPLETED|3
28770154_507|42641|COMPLETED|3
28770154_508|20406|COMPLETED|3
28770154_509|85881|COMPLETED|3
28770154_510|44470|COMPLETED|3
28770154_511|1690|COMPLETED|3
28770154_512|1051|COMPLETED|3
28770154_513|235161|COMPLETED|3
28770154_514|259221|TIMEOUT|3
28770154_515|142790|COMPLETED|3
28770154_516|44794|COMPLETED|3
28770154_517|48294|COMPLETED|3
28770154_518|6587|COMPLETED|3
28770154_519|50523|COMPLETED|3
28770154_520|29942|COMPLETED|3
28770154_521|41981|COMPLETED|3
28770154_522|15414|COMPLETED|3
28770154_523|43133|COMPLETED|3
28770154_524|110698|COMPLETED|3
28770154_525|251626|COMPLETED|3
28770154_526|16395|COMPLETED|3
28770154_527|39899|COMPLETED|3
28770154_528|65094|COMPLETED|3
28770154_529|5664|COMPLETED|3
28770154_530|20389|COMPLETED|3
28770154_531|132447|COMPLETED|3
28770154_532|259221|TIMEOUT|3
28770154_533|171500|COMPLETED|3
28770154_534|183646|COMPLETED|3
28770154_535|11289|COMPLETED|3
28770154_536|23055|COMPLETED|3
28770154_537|12262|COMPLETED|3
28770154_538|43812|COMPLETED|3
28770154_539|29180|COMPLETED|3
28770154_540|185708|COMPLETED|3
28770154_541|18230|COMPLETED|3
28770154_542|13138|COMPLETED|3
28770154_543|3200|COMPLETED|3
28770154_544|196565|COMPLETED|3
28770154_545|34574|COMPLETED|3
28770154_546|22815|COMPLETED|3
28770154_547|13812|COMPLETED|3
28770154_548|89257|COMPLETED|3
28770154_549|165881|COMPLETED|3
28770154_550|84806|COMPLETED|3
28770154_551|59439|COMPLETED|3
28770154_552|259220|TIMEOUT|3
28770154_553|259220|TIMEOUT|3
28770154_554|33080|COMPLETED|3
28770154_555|63752|COMPLETED|3
28770154_556|76853|COMPLETED|3
28770154_557|21124|COMPLETED|3
28770154_558|12283|COMPLETED|3
28770154_559|80873|COMPLETED|3
28770154_560|47793|COMPLETED|3
28770154_561|62423|COMPLETED|3
28770154_562|226860|COMPLETED|3
28770154_563|12339|COMPLETED|3
28770154_564|63593|COMPLETED|3
28770154_565|38229|COMPLETED|3
28770154_566|22180|COMPLETED|3
28770154_567|17878|COMPLETED|3
28770154_568|32565|COMPLETED|3
28770154_569|12050|COMPLETED|3
28770154_570|116644|COMPLETED|3
28770154_571|27229|COMPLETED|3
28770154_572|83010|COMPLETED|3
28770154_573|47173|COMPLETED|3
28770154_574|14633|COMPLETED|3
28770154_575|125607|COMPLETED|3
28770154_576|12797|COMPLETED|3
28770154_577|192326|COMPLETED|3
28770154_578|258032|COMPLETED|3
28770154_579|28427|COMPLETED|3
28770154_580|40652|COMPLETED|3
28770154_581|234353|COMPLETED|3
28770154_582|5781|COMPLETED|3
28770154_583|6034|COMPLETED|3
28770154_584|30167|COMPLETED|3
28770154_585|18009|COMPLETED|3
28770154_586|11986|COMPLETED|3
28770154_587|245704|COMPLETED|3
28770154_588|12766|COMPLETED|3
28770154_589|54087|COMPLETED|3
28770154_590|64530|COMPLETED|3
28770154_591|6173|COMPLETED|3
28770154_592|67139|COMPLETED|3
28770154_593|75042|COMPLETED|3
28770154_594|14720|COMPLETED|3
28770154_595|61625|COMPLETED|3
28770154_596|70812|COMPLETED|3
28770154_597|42772|COMPLETED|3
28770154_598|178212|COMPLETED|3
28770154_599|38159|COMPLETED|3
28770154_600|23379|COMPLETED|3
28770154_601|259219|TIMEOUT|3
28770154_602|8256|COMPLETED|3
28770154_603|9079|COMPLETED|3
28770154_604|109472|COMPLETED|3
28770154_605|194654|COMPLETED|3
28770154_606|121061|COMPLETED|3
28770154_607|69890|COMPLETED|3
28770154_608|29243|COMPLETED|3
28770154_609|146309|COMPLETED|3
28770154_610|55543|COMPLETED|3
28770154_611|18791|COMPLETED|3
28770154_612|68328|COMPLETED|3
28770154_613|43558|COMPLETED|3
28770154_614|26903|COMPLETED|3
28770154_615|9228|COMPLETED|3
28770154_616|162395|COMPLETED|3
28770154_617|90799|COMPLETED|3
28770154_618|41787|COMPLETED|3
28770154_619|10259|COMPLETED|3
28770154_620|55932|COMPLETED|3
28770154_621|50423|COMPLETED|3
28770154_622|16729|COMPLETED|3
28770154_623|21213|COMPLETED|3
28770154_624|67105|COMPLETED|3
28770154_625|95192|COMPLETED|3
28770154_626|11098|COMPLETED|3
28770154_627|116709|COMPLETED|3
28770154_628|74020|COMPLETED|3
28770154_629|50901|COMPLETED|3
28770154_630|259218|TIMEOUT|3
28770154_631|176870|COMPLETED|3
28770154_632|259218|TIMEOUT|3
28770154_633|62547|COMPLETED|3
28770154_634|259218|TIMEOUT|3
28770154_635|35107|COMPLETED|3
28770154_636|49594|COMPLETED|3
28770154_637|41253|COMPLETED|3
28770154_638|9367|COMPLETED|3
28770154_639|11965|COMPLETED|3
28770154_640|97099|COMPLETED|3
28770154_641|12317|COMPLETED|3
28770154_642|8498|COMPLETED|3
28770154_643|25877|COMPLETED|3
28770154_644|13865|COMPLETED|3
28770154_645|28959|COMPLETED|3
28770154_646|259218|TIMEOUT|3
28770154_647|259218|TIMEOUT|3
28770154_648|6312|COMPLETED|3
28770154_649|3426|COMPLETED|3
28770154_650|206080|COMPLETED|3
28770154_651|55655|COMPLETED|3
28770154_652|68886|COMPLETED|3
28770154_653|259218|TIMEOUT|3
28770154_654|91341|COMPLETED|3
28770154_655|36690|COMPLETED|3
28770154_657|33358|COMPLETED|3
28770154_658|130403|COMPLETED|3
28770154_659|90278|COMPLETED|3
28770154_660|157797|COMPLETED|3
28770154_661|164696|COMPLETED|3
28770154_662|21477|COMPLETED|3
28770154_663|121179|COMPLETED|3
28770154_664|68300|COMPLETED|3
28770154_665|86876|COMPLETED|3
28770154_666|10754|COMPLETED|3
28770154_667|45819|COMPLETED|3
28770154_668|40076|COMPLETED|3
28770154_669|34883|COMPLETED|3
28770154_670|60298|COMPLETED|3
28770154_671|80711|COMPLETED|3
28770154_672|51410|COMPLETED|3
28770154_673|18647|COMPLETED|3
28770154_674|22160|COMPLETED|3
28770154_675|36918|COMPLETED|3
28770154_676|32737|COMPLETED|3
28770154_677|114458|COMPLETED|3
28770154_678|43748|COMPLETED|3
28770154_679|61590|COMPLETED|3
28770154_680|227520|COMPLETED|3
28770154_681|143194|COMPLETED|3
28770154_682|109380|COMPLETED|3
28770154_683|137594|COMPLETED|3
28770154_684|137379|COMPLETED|3
28770154_685|85472|COMPLETED|3
28770154_686|93712|COMPLETED|3
28770154_687|228598|COMPLETED|3
28770154_688|44717|COMPLETED|3
28770154_689|87744|COMPLETED|3
28770154_690|103696|COMPLETED|3
28770154_691|16031|COMPLETED|3
28770154_692|58995|COMPLETED|3
28770154_693|195608|COMPLETED|3
28770154_694|104551|COMPLETED|3
28770154_695|46532|COMPLETED|3
28770154_696|35470|COMPLETED|3
28770154_697|15614|COMPLETED|3
28770154_698|41210|COMPLETED|3
28770154_699|11919|COMPLETED|3
28770154_700|9739|COMPLETED|3
28770154_701|143215|COMPLETED|3
28770154_702|12651|COMPLETED|3
28770154_703|38885|COMPLETED|3
28770154_704|101851|COMPLETED|3
28770154_705|244376|COMPLETED|3
28770154_706|92760|COMPLETED|3
28770154_707|19031|COMPLETED|3
28770154_708|259219|TIMEOUT|3
28770154_709|238421|COMPLETED|3
28770154_710|171086|COMPLETED|3
28770154_711|259219|TIMEOUT|3
28770154_712|16931|COMPLETED|3
28770154_713|12452|COMPLETED|3
28770154_714|49270|COMPLETED|3
28770154_715|38565|COMPLETED|3
28770154_716|5128|COMPLETED|3
28770154_717|28687|COMPLETED|3
28770154_718|19825|COMPLETED|3
28770154_719|114079|COMPLETED|3
28770154_720|35918|COMPLETED|3
28770154_721|39256|COMPLETED|3
28770154_722|30430|COMPLETED|3
28770154_723|124502|COMPLETED|3
28770154_724|207882|COMPLETED|3
28770154_725|20909|COMPLETED|3
28770154_726|53964|COMPLETED|3
28770154_727|259219|TIMEOUT|3
28770154_728|259219|TIMEOUT|3
28770154_729|4366|COMPLETED|3
28770154_730|41465|COMPLETED|3
28770154_731|129085|COMPLETED|3
28770154_732|15437|COMPLETED|3
28770154_733|45960|COMPLETED|3
28770154_734|56006|COMPLETED|3
28770154_735|78934|COMPLETED|3
28770154_736|35883|COMPLETED|3
28770154_737|187279|COMPLETED|3
28770154_738|114642|COMPLETED|3
28770154_739|100228|COMPLETED|3
28770154_740|96861|COMPLETED|3
28770154_741|53682|COMPLETED|3
28770154_742|27677|COMPLETED|3
28770154_743|204176|COMPLETED|3
28770154_744|85909|COMPLETED|3
28770154_745|34753|COMPLETED|3
28770154_746|5648|COMPLETED|3
28770154_747|163423|COMPLETED|3
28770154_748|30687|COMPLETED|3
28770154_749|14414|COMPLETED|3
28770154_750|15977|COMPLETED|3
28770154_751|81710|COMPLETED|3
28770154_752|26353|COMPLETED|3
28770154_753|259217|TIMEOUT|3
28770154_754|115145|COMPLETED|3
28770154_755|33523|COMPLETED|3
28770154_756|40050|COMPLETED|3
28770154_757|235801|COMPLETED|3
28770154_758|7318|COMPLETED|3
28770154_759|55821|COMPLETED|3
28770154_760|72322|COMPLETED|3
28770154_761|36336|COMPLETED|3
28770154_762|5922|COMPLETED|3
28770154_763|4785|COMPLETED|3
28770154_764|108035|COMPLETED|3
28770154_765|229213|COMPLETED|3
28770154_766|19117|COMPLETED|3
28770154_767|103519|COMPLETED|3
28770154_768|12137|COMPLETED|3
28770154_769|17159|COMPLETED|3
28770154_770|94357|COMPLETED|3
28770154_771|31282|COMPLETED|3
28770154_772|94369|COMPLETED|3
28770154_773|47362|COMPLETED|3
28770154_774|82852|COMPLETED|3
28770154_775|9497|COMPLETED|3
28770154_776|59709|COMPLETED|3
28770154_777|67389|COMPLETED|3
28770154_778|44528|COMPLETED|3
28770154_779|17219|COMPLETED|3
28770154_780|51585|COMPLETED|3
28770154_781|9673|COMPLETED|3
28770154_782|156387|COMPLETED|3
28770154_783|259216|TIMEOUT|3
28770154_784|49738|COMPLETED|3
28770154_785|25380|COMPLETED|3
28770154_786|18642|COMPLETED|3
28770154_787|167658|COMPLETED|3
28770154_788|44870|COMPLETED|3
28770154_789|28438|COMPLETED|3
28770154_790|35765|COMPLETED|3
28770154_791|17815|COMPLETED|3
28770154_792|42801|COMPLETED|3
28770154_793|50213|COMPLETED|3
28770154_794|201212|COMPLETED|3
28770154_795|255640|COMPLETED|3
28770154_796|40610|COMPLETED|3
28770154_797|45305|COMPLETED|3
28770154_798|80372|COMPLETED|3
28770154_799|259216|TIMEOUT|3
28770154_800|259216|TIMEOUT|3
28770154_801|138228|COMPLETED|3
28770154_802|66107|COMPLETED|3
28770154_803|34682|COMPLETED|3
28770154_804|62714|COMPLETED|3
28770154_805|41400|COMPLETED|3
28770154_806|174791|COMPLETED|3
28770154_807|109589|COMPLETED|3
28770154_808|9129|COMPLETED|3
28770154_809|85783|COMPLETED|3
28770154_810|39878|COMPLETED|3
28770154_811|207169|COMPLETED|3
28770154_812|259216|TIMEOUT|3
28770154_813|9146|COMPLETED|3
28770154_814|128563|COMPLETED|3
28770154_815|239759|COMPLETED|3
28770154_816|83652|COMPLETED|3
28770154_817|22108|COMPLETED|3
28770154_818|67311|COMPLETED|3
28770154_819|47862|COMPLETED|3
28770154_820|51346|COMPLETED|3
28770154_822|72911|COMPLETED|3
28770154_823|40490|COMPLETED|3
28770154_824|171787|COMPLETED|3
28770154_825|6666|COMPLETED|3
28770154_826|30843|COMPLETED|3
28770154_827|101011|COMPLETED|3
28770154_828|259215|TIMEOUT|3
28770154_829|15829|COMPLETED|3
28770154_830|4177|COMPLETED|3
28770154_831|40153|COMPLETED|3
28770154_832|169350|COMPLETED|3
28770154_833|84765|COMPLETED|3
28770154_834|16743|COMPLETED|3
28770154_835|128008|COMPLETED|3
28770154_836|259215|TIMEOUT|3
28770154_837|10111|COMPLETED|3
28770154_838|162981|COMPLETED|3
28770154_839|44753|COMPLETED|3
28770154_840|86190|COMPLETED|3
28770154_841|65008|COMPLETED|3
28770154_842|56791|COMPLETED|3
28770154_843|65101|COMPLETED|3
28770154_844|131625|COMPLETED|3
28770154_845|15508|COMPLETED|3
28770154_846|7699|COMPLETED|3
28770154_847|13556|COMPLETED|3
28770154_848|33193|COMPLETED|3
28770154_849|10097|COMPLETED|3
28770154_850|40384|COMPLETED|3
28770154_851|81212|COMPLETED|3
28770154_852|1674|COMPLETED|3
28770154_853|131009|COMPLETED|3
28770154_854|25244|COMPLETED|3
28770154_855|35411|COMPLETED|3
28770154_856|64971|COMPLETED|3
28770154_857|24424|COMPLETED|3
28770154_858|21440|COMPLETED|3
28770154_859|48998|COMPLETED|3
28770154_860|259215|TIMEOUT|3
28770154_861|148335|COMPLETED|3
28770154_862|259215|TIMEOUT|3
28770154_863|37630|COMPLETED|3
28770154_864|87574|COMPLETED|3
28770154_865|135205|COMPLETED|3
28770154_866|27995|COMPLETED|3
28770154_867|57466|COMPLETED|3
28770154_868|44776|COMPLETED|3
28770154_869|129529|COMPLETED|3
28770154_870|259219|TIMEOUT|3
28770154_871|54083|COMPLETED|3
28770154_872|6100|COMPLETED|3
28770154_873|100739|COMPLETED|3
28770154_874|117438|COMPLETED|3
28770154_875|259219|TIMEOUT|3
28770154_876|19022|COMPLETED|3
28770154_877|45971|COMPLETED|3
28770154_878|34461|COMPLETED|3
28770154_879|82884|COMPLETED|3
28770154_880|34082|COMPLETED|3
28770154_881|259219|TIMEOUT|3
28770154_882|74730|COMPLETED|3
28770154_883|47784|COMPLETED|3
28770154_884|93014|COMPLETED|3
28770154_885|220190|COMPLETED|3
28770154_886|107527|COMPLETED|3
28770154_887|34231|COMPLETED|3
28770154_888|100095|COMPLETED|3
28770154_889|58950|COMPLETED|3
28770154_890|160383|COMPLETED|3
28770154_891|33365|COMPLETED|3
28770154_892|8135|COMPLETED|3
28770154_893|259219|TIMEOUT|3
28770154_894|608|COMPLETED|3
28770154_895|39877|COMPLETED|3
28770154_896|136581|COMPLETED|3
28770154_897|33466|COMPLETED|3
28770154_898|259219|TIMEOUT|3
28770154_899|29520|COMPLETED|3
28770154_900|25861|COMPLETED|3
28770154_901|83946|COMPLETED|3
28770154_902|159423|COMPLETED|3
28770154_903|34383|COMPLETED|3
28770154_904|177367|COMPLETED|3
28770154_905|17300|COMPLETED|3
28770154_906|118529|COMPLETED|3
28770154_907|116992|COMPLETED|3
28770154_908|259219|TIMEOUT|3
28770154_909|259219|TIMEOUT|3
28770154_910|43930|COMPLETED|3
28770154_911|112001|COMPLETED|3
28770154_912|259219|TIMEOUT|3
28770154_913|31712|COMPLETED|3
28770154_914|63332|COMPLETED|3
28770154_915|152210|COMPLETED|3
28770154_916|195998|COMPLETED|3
28770154_917|31968|COMPLETED|3
28770154_918|112844|COMPLETED|3
28770154_919|51022|COMPLETED|3
28770154_920|45999|COMPLETED|3
28770154_921|8073|COMPLETED|3
28770154_922|68562|COMPLETED|3
28770154_923|92842|COMPLETED|3
28770154_924|16124|COMPLETED|3
28770154_925|259215|TIMEOUT|3
28770154_926|127871|COMPLETED|3
28770154_927|178837|COMPLETED|3
28770154_928|25286|COMPLETED|3
28770154_929|68864|COMPLETED|3
28770154_930|86792|COMPLETED|3
28770154_931|238765|COMPLETED|3
28770154_932|2544|COMPLETED|3
28770154_933|6855|COMPLETED|3
28770154_934|41940|COMPLETED|3
28770154_935|259215|TIMEOUT|3
28770154_936|71863|COMPLETED|3
28770154_937|180158|COMPLETED|3
28770154_938|106055|COMPLETED|3
28770154_939|83905|COMPLETED|3
28770154_940|34795|COMPLETED|3
28770154_941|188622|COMPLETED|3
28770154_942|200095|COMPLETED|3
28770154_943|159612|COMPLETED|3
28770154_944|89524|COMPLETED|3
28770154_945|147582|COMPLETED|3
28770154_946|69214|COMPLETED|3
28770154_947|210952|COMPLETED|3
28770154_948|64683|COMPLETED|3
28770154_949|104933|COMPLETED|3
28770154_950|107795|COMPLETED|3
28770154_951|6374|COMPLETED|3
28770154_952|131602|COMPLETED|3
28770154_953|259215|TIMEOUT|3
28770154_954|70998|COMPLETED|3
28770154_955|8777|COMPLETED|3
28770154_956|259215|TIMEOUT|3
28770154_957|236047|COMPLETED|3
28770154_958|259215|TIMEOUT|3
28770154_959|28941|COMPLETED|3
28770154_960|59099|COMPLETED|3
28770154_961|20395|COMPLETED|3
28770154_962|3313|COMPLETED|3
28770154_963|21467|COMPLETED|3
28770154_964|147092|COMPLETED|3
28770154_965|69667|COMPLETED|3
28770154_966|138340|COMPLETED|3
28770154_967|29491|COMPLETED|3
28770154_968|26031|COMPLETED|3
28770154_969|73226|COMPLETED|3
28770154_970|42844|COMPLETED|3
28770154_971|7265|COMPLETED|3
28770154_972|93304|COMPLETED|3
28770154_973|195617|COMPLETED|3
28770154_974|151816|COMPLETED|3
28770154_975|132409|COMPLETED|3
28770154_976|33087|COMPLETED|3
28770154_977|67532|COMPLETED|3
28770154_978|44862|COMPLETED|3
28770154_979|116101|COMPLETED|3
28770154_980|92190|COMPLETED|3
28770154_981|33290|COMPLETED|3
28770154_982|48377|COMPLETED|3
28770154_983|79123|COMPLETED|3
28770154_984|71873|COMPLETED|3
28770154_985|182047|COMPLETED|3
28770154_986|88533|COMPLETED|3
28770154_987|6162|COMPLETED|3
28770154_988|65324|COMPLETED|3
28770154_989|81767|COMPLETED|3
28770154_990|43161|COMPLETED|3
28770154_991|102244|COMPLETED|3
28770154_992|14111|COMPLETED|3
28770154_993|118608|COMPLETED|3
28770154_994|86895|COMPLETED|3
28770154_995|33475|COMPLETED|3
28770154_996|68742|COMPLETED|3
28770154_997|95361|COMPLETED|3
28770154_998|58201|COMPLETED|3
28770154_999|147826|COMPLETED|3
28770154_1000|41056|COMPLETED|3
28770154_1001|45268|COMPLETED|3
28770154_1002|55370|COMPLETED|3
28770154_1003|46051|COMPLETED|3
28770154_1004|150195|COMPLETED|3
28770154_1005|109416|COMPLETED|3
28770154_1006|23756|COMPLETED|3
28770154_1007|228972|COMPLETED|3
28770154_1008|247063|COMPLETED|3
28770154_1009|259214|TIMEOUT|3
28770154_1010|259214|TIMEOUT|3
28770154_1011|259214|TIMEOUT|3
28770154_1012|40384|COMPLETED|3
28770154_1013|94510|COMPLETED|3
28770154_1014|26085|COMPLETED|3
28770154_1015|138175|COMPLETED|3
28770154_1016|33501|COMPLETED|3
28770154_1017|82737|COMPLETED|3
28770154_1018|45922|COMPLETED|3
28770154_1019|60585|COMPLETED|3
28770154_1020|78126|COMPLETED|3
28770154_1021|63594|COMPLETED|3
28770154_1022|26295|COMPLETED|3
28770154_1023|39367|COMPLETED|3
28770154_1024|28950|COMPLETED|3
28770154_1025|259214|TIMEOUT|3
28770154_1026|31557|COMPLETED|3
28770154_1027|30995|COMPLETED|3
28770154_1028|52299|COMPLETED|3
28770154_1029|19625|COMPLETED|3
28770154_1030|54982|COMPLETED|3
28770154_1031|22242|COMPLETED|3
28770154_1032|47855|COMPLETED|3
28770154_1033|241645|COMPLETED|3
28770154_1034|195481|COMPLETED|3
28770154_1035|19241|COMPLETED|3
28770154_1036|152534|COMPLETED|3
28770154_1037|92880|COMPLETED|3
28770154_1038|187955|COMPLETED|3
28770154_1039|153989|COMPLETED|3
28770154_1040|92656|COMPLETED|3
28770154_1041|715|COMPLETED|3
28770154_1042|19899|COMPLETED|3
28770154_1043|35598|COMPLETED|3
28770154_1044|17220|COMPLETED|3
28770154_1045|42029|COMPLETED|3
28770154_1046|22967|COMPLETED|3
28770154_1047|259213|TIMEOUT|3
28770154_1048|56347|COMPLETED|3
28770154_1049|5099|COMPLETED|3
28770154_1050|16226|COMPLETED|3
28770154_1051|75181|COMPLETED|3
28770154_1052|145123|COMPLETED|3
28770154_1053|15812|COMPLETED|3
28770154_1054|159556|COMPLETED|3
28770154_1055|158926|COMPLETED|3
28770154_1056|161295|COMPLETED|3
28770154_1057|259213|TIMEOUT|3
28770154_1058|165522|COMPLETED|3
28770154_1059|55653|COMPLETED|3
28770154_1060|26253|COMPLETED|3
28770154_1061|32155|COMPLETED|3
28770154_1062|73353|COMPLETED|3
28770154_1063|48252|COMPLETED|3
28770154_1064|97268|COMPLETED|3
28770154_1065|73342|COMPLETED|3
28770154_1066|48886|COMPLETED|3
28770154_1067|259213|TIMEOUT|3
28770154_1068|77977|COMPLETED|3
28770154_1069|58914|COMPLETED|3
28770154_1070|116871|COMPLETED|3
28770154_1071|67280|COMPLETED|3
28770154_1072|45022|COMPLETED|3
28770154_1073|77430|COMPLETED|3
28770154_1074|48923|COMPLETED|3
28770154_1075|182847|COMPLETED|3
28770154_1076|135053|COMPLETED|3
28770154_1077|208019|COMPLETED|3
28770154_1078|106386|COMPLETED|3
28770154_1079|14272|COMPLETED|3
28770154_1080|67794|COMPLETED|3
28770154_1081|70426|COMPLETED|3
28770154_1082|259186|COMPLETED|3
28770154_1083|121094|COMPLETED|3
28770154_1084|147153|COMPLETED|3
28770154_1085|74364|COMPLETED|3
28770154_1086|152555|COMPLETED|3
28770154_1087|32271|COMPLETED|3
28770154_1088|49322|COMPLETED|3
28770154_1089|157503|COMPLETED|3
28770154_1090|66596|COMPLETED|3
28770154_1091|108560|COMPLETED|3
28770154_1092|40301|COMPLETED|3
28770154_1093|26654|COMPLETED|3
28770154_1094|38722|COMPLETED|3
28770154_1095|185829|COMPLETED|3
28770154_1096|134875|COMPLETED|3
28770154_1097|240560|COMPLETED|3
28770154_1098|210865|COMPLETED|3
28770154_1099|123503|COMPLETED|3
28770154_1100|63601|COMPLETED|3
28770154_1101|109539|COMPLETED|3
28770154_1102|69258|COMPLETED|3
28770154_1103|259212|TIMEOUT|3
28770154_1104|259211|TIMEOUT|3
28770154_1105|52189|COMPLETED|3
28770154_1106|250045|COMPLETED|3
28770154_1107|246274|COMPLETED|3
28770154_1108|97362|COMPLETED|3
28770154_1109|24874|COMPLETED|3
28770154_1110|51038|COMPLETED|3
28770154_1111|16632|COMPLETED|3
28770154_1112|104057|COMPLETED|3
28770154_1113|38853|COMPLETED|3
28770154_1114|61439|COMPLETED|3
28770154_1115|76318|COMPLETED|3
28770154_1116|221131|COMPLETED|3
28770154_1117|49629|COMPLETED|3
28770154_1118|33510|COMPLETED|3
28770154_1119|216373|COMPLETED|3
28770154_1120|26310|COMPLETED|3
28770154_1121|45121|COMPLETED|3
28770154_1122|211489|COMPLETED|3
28770154_1123|55414|COMPLETED|3
28770154_1124|28016|COMPLETED|3
28770154_1125|16199|COMPLETED|3
28770154_1126|3414|COMPLETED|3
28770154_1127|53998|COMPLETED|3
28770154_1128|23240|COMPLETED|3
28770154_1129|35566|COMPLETED|3
28770154_1130|16794|COMPLETED|3
28770154_1131|97856|COMPLETED|3
28770154_1132|26477|COMPLETED|3
28770154_1133|36875|COMPLETED|3
28770154_1134|173249|COMPLETED|3
28770154_1135|29858|COMPLETED|3
28770154_1136|56777|COMPLETED|3
28770154_1137|156986|COMPLETED|3
28770154_1138|59724|COMPLETED|3
28770154_1139|37356|COMPLETED|3
28770154_1140|172521|COMPLETED|3
28770154_1141|96482|COMPLETED|3
28770154_1142|95026|COMPLETED|3
28770154_1143|162987|COMPLETED|3
28770154_1144|158370|COMPLETED|3
28770154_1145|154251|COMPLETED|3
28770154_1146|69861|COMPLETED|3
28770154_1147|38748|COMPLETED|3
28770154_1148|51274|COMPLETED|3
28770154_1149|131406|COMPLETED|3
28770154_1150|259211|TIMEOUT|3
28770154_1151|221464|COMPLETED|3
28770154_1152|253955|COMPLETED|3
28770154_1153|259211|TIMEOUT|3
28770154_1154|64624|COMPLETED|3
28770154_1155|23953|COMPLETED|3
28770154_1156|99978|COMPLETED|3
28770154_1157|35755|COMPLETED|3
28770154_1158|84734|COMPLETED|3
28770154_1159|25321|COMPLETED|3
28770154_1160|139413|COMPLETED|3
28770154_1161|199868|COMPLETED|3
28770154_1162|65414|COMPLETED|3
28770154_1163|7274|COMPLETED|3
28770154_1164|167001|COMPLETED|3
28770154_1165|59678|COMPLETED|3
28770154_1166|34740|COMPLETED|3
28770154_1167|259220|TIMEOUT|3
28770154_1168|131448|COMPLETED|3
28770154_1169|25702|COMPLETED|3
28770154_1170|67020|COMPLETED|3
28770154_1171|119066|COMPLETED|3
28770154_1172|97252|COMPLETED|3
28770154_1173|157025|COMPLETED|3
28770154_1174|259220|TIMEOUT|3
28770154_1175|211311|COMPLETED|3
28770154_1176|125879|COMPLETED|3
28770154_1177|68863|COMPLETED|3
28770154_1178|13848|COMPLETED|3
28770154_1179|178271|COMPLETED|3
28770154_1180|51738|COMPLETED|3
28770154_1181|88161|COMPLETED|3
28770154_1182|3380|COMPLETED|3
28770154_1183|3253|COMPLETED|3
28770154_1184|259220|TIMEOUT|3
28770154_1185|191949|COMPLETED|3
28770154_1186|4941|COMPLETED|3
28770154_1187|120654|COMPLETED|3
28770154_1188|83416|COMPLETED|3
28770154_1189|42415|COMPLETED|3
28770154_1190|259220|TIMEOUT|3
28770154_1191|65866|COMPLETED|3
28770154_1192|92716|COMPLETED|3
28770154_1193|14620|COMPLETED|3
28770154_1194|6118|COMPLETED|3
28770154_1195|19079|COMPLETED|3
28770154_1196|212877|COMPLETED|3
28770154_1197|64592|COMPLETED|3
28770154_1198|96109|COMPLETED|3
28770154_1199|75934|COMPLETED|3
28770154_1200|63492|COMPLETED|3
28770154_1201|97987|COMPLETED|3
28770154_1202|39382|COMPLETED|3
28770154_1203|246371|COMPLETED|3
28770154_1204|52350|COMPLETED|3
28770154_1205|47032|COMPLETED|3
28770154_1206|145013|COMPLETED|3
28770154_1207|80849|COMPLETED|3
28770154_1208|160098|COMPLETED|3
28770154_1209|210121|COMPLETED|3
28770154_1210|60454|COMPLETED|3
28770154_1211|43894|COMPLETED|3
28770154_1212|23099|COMPLETED|3
28770154_1213|88256|COMPLETED|3
28770154_1214|201511|COMPLETED|3
28770154_1215|207403|COMPLETED|3
28770154_1216|94825|COMPLETED|3
28770154_1217|49842|COMPLETED|3
28770154_1218|41825|COMPLETED|3
28770154_1219|31700|COMPLETED|3
28770154_1220|76727|COMPLETED|3
28770154_1221|30696|COMPLETED|3
28770154_1222|218768|COMPLETED|3
28770154_1223|82873|COMPLETED|3
28770154_1224|83022|COMPLETED|3
28770154_1225|32641|COMPLETED|3
28770154_1226|20951|COMPLETED|3
28770154_1227|259214|TIMEOUT|3
28770154_1228|33527|COMPLETED|3
28770154_1229|104140|COMPLETED|3
28770154_1230|99372|COMPLETED|3
28770154_1231|121997|COMPLETED|3
28770154_1232|26101|COMPLETED|3
28770154_1233|95909|COMPLETED|3
28770154_1234|259204|TIMEOUT|3
28770154_1235|23770|COMPLETED|3
28770154_1236|58027|COMPLETED|3
28770154_1237|110496|COMPLETED|3
28770154_1238|54151|COMPLETED|3
28770154_1239|96585|COMPLETED|3
28770154_1240|71155|COMPLETED|3
28770154_1241|57179|COMPLETED|3
28770154_1242|9326|COMPLETED|3
28770154_1243|31979|COMPLETED|3
28770154_1244|74445|COMPLETED|3
28770154_1245|15440|COMPLETED|3
28770154_1246|25433|COMPLETED|3
28770154_1247|210162|COMPLETED|3
28770154_1248|2602|COMPLETED|3
28770154_1249|11995|COMPLETED|3
28770154_1250|17910|COMPLETED|3
28770154_1251|38233|COMPLETED|3
28770154_1252|70126|COMPLETED|3
28770154_1253|23020|COMPLETED|3
28770154_1254|259206|TIMEOUT|3
28770154_1255|259227|TIMEOUT|3
28770154_1256|53763|COMPLETED|3
28770154_1257|196421|COMPLETED|3
28770154_1258|89986|COMPLETED|3
28770154_1259|183001|COMPLETED|3
28770154_1260|105146|COMPLETED|3
28770154_1261|11748|COMPLETED|3
28770154_1262|153608|COMPLETED|3
28770154_1263|146923|COMPLETED|3
28770154_1264|30450|COMPLETED|3
28770154_1265|259200|TIMEOUT|3
28770154_1266|75769|COMPLETED|3
28770154_1267|94628|COMPLETED|3
28770154_1268|39573|COMPLETED|3
28770154_1269|32843|COMPLETED|3
28770154_1270|38877|COMPLETED|3
28770154_1271|148847|COMPLETED|3
28770154_1272|170347|COMPLETED|3
28770154_1273|233095|COMPLETED|3
28770154_1274|238396|COMPLETED|3
28770154_1275|16265|COMPLETED|3
28770154_1276|54986|COMPLETED|3
28770154_1277|36988|COMPLETED|3
28770154_1278|38006|COMPLETED|3
28770154_1279|44236|COMPLETED|3
28770154_1280|179202|COMPLETED|3
28770154_1281|101208|COMPLETED|3
28770154_1282|259204|TIMEOUT|3
28770154_1283|164721|COMPLETED|3
28770154_1284|36597|COMPLETED|3
28770154_1285|53116|COMPLETED|3
28770154_1286|102513|COMPLETED|3
28770154_1287|90589|COMPLETED|3
28770154_1288|105687|COMPLETED|3
28770154_1289|137213|COMPLETED|3
28770154_1290|109764|COMPLETED|3
28770154_1291|259205|TIMEOUT|3
28770154_1292|87634|COMPLETED|3
28770154_1293|30650|COMPLETED|3
28770154_1294|28118|COMPLETED|3
28770154_1295|46379|COMPLETED|3
28770154_1296|58575|COMPLETED|3
28770154_1297|31067|COMPLETED|3
28770154_1298|14195|COMPLETED|3
28770154_1299|146791|COMPLETED|3
28770154_1300|30560|COMPLETED|3
28770154_1301|70138|COMPLETED|3
28770154_1302|135930|COMPLETED|3
28770154_1303|259203|TIMEOUT|3
28770154_1304|59230|COMPLETED|3
28770154_1305|101337|COMPLETED|3
28770154_1306|259206|TIMEOUT|3
28770154_1307|188285|COMPLETED|3
28770154_1308|19498|COMPLETED|3
28770154_1309|69090|COMPLETED|3
28770154_1310|54187|COMPLETED|3
28770154_1311|108373|COMPLETED|3
28770154_1312|28678|COMPLETED|3
28770154_1313|14940|COMPLETED|3
28770154_1314|8966|COMPLETED|3
28770154_1315|259210|TIMEOUT|3
28770154_1316|259201|TIMEOUT|3
28770154_1317|32976|COMPLETED|3
28770154_1318|97073|COMPLETED|3
28770154_1319|142138|COMPLETED|3
28770154_1320|58194|COMPLETED|3
28770154_1321|18722|COMPLETED|3
28770154_1322|213347|COMPLETED|3
28770154_1323|22510|COMPLETED|3
28770154_1324|20987|COMPLETED|3
28770154_1325|52383|COMPLETED|3
28770154_1326|63946|COMPLETED|3
28770154_1327|10889|COMPLETED|3
28770154_1328|15736|COMPLETED|3
28770154_1329|17613|COMPLETED|3
28770154_1330|157449|COMPLETED|3
28770154_1331|58088|COMPLETED|3
28770154_1332|193062|COMPLETED|3
28770154_1333|259224|TIMEOUT|3
28770154_1334|53002|COMPLETED|3
28770154_1335|24341|COMPLETED|3
28770154_1336|96870|COMPLETED|3
28770154_1337|62471|COMPLETED|3
28770154_1338|54902|COMPLETED|3
28770154_1339|129752|COMPLETED|3
28770154_1340|65454|COMPLETED|3
28770154_1341|18364|COMPLETED|3
28770154_1342|51737|COMPLETED|3
28770154_1343|28830|COMPLETED|3
28770154_1344|46089|COMPLETED|3
28770154_1345|122808|COMPLETED|3
28770154_1346|90856|COMPLETED|3
28770154_1347|75439|COMPLETED|3
28770154_1348|66168|COMPLETED|3
28770154_1349|37236|COMPLETED|3
28770154_1350|145830|COMPLETED|3
28770154_1351|18246|COMPLETED|3
28770154_1352|28802|COMPLETED|3
28770154_1353|259217|TIMEOUT|3
28770154_1354|5|COMPLETED|3
28770154_1355|37043|COMPLETED|3
28770154_1356|14251|COMPLETED|3
28770154_1357|81279|COMPLETED|3
28770154_1358|57115|COMPLETED|3
28770154_1359|63735|COMPLETED|3
28770154_1360|137178|COMPLETED|3
28770154_1361|145882|COMPLETED|3
28770154_1362|216994|COMPLETED|3
28770154_1363|85416|COMPLETED|3
28770154_1364|31052|COMPLETED|3
28770154_1365|42199|COMPLETED|3
28770154_1366|259207|TIMEOUT|3
28770154_1367|59016|COMPLETED|3
28770154_1368|104862|COMPLETED|3
28770154_1369|52356|COMPLETED|3
28770154_1370|103273|COMPLETED|3
28770154_1371|103023|COMPLETED|3
28770154_1372|259215|TIMEOUT|3
28770154_1373|37428|COMPLETED|3
28770154_1374|120206|COMPLETED|3
28770154_1375|79514|COMPLETED|3
28770154_1376|227377|COMPLETED|3
28770154_1377|107992|COMPLETED|3
28770154_1378|132287|COMPLETED|3
28770154_1379|90074|COMPLETED|3
28770154_1380|181523|COMPLETED|3
28770154_1381|259211|TIMEOUT|3
28770154_1382|82054|COMPLETED|3
28770154_1383|15507|COMPLETED|3
28770154_1384|259212|TIMEOUT|3
28770154_1385|122107|COMPLETED|3
28770154_1386|106446|COMPLETED|3
28770154_1387|162933|COMPLETED|3
28770154_1388|75727|COMPLETED|3
28770154_1389|33622|COMPLETED|3
28770154_1390|259217|TIMEOUT|3
28770154_1391|31194|COMPLETED|3
28770154_1392|57168|COMPLETED|3
28770154_1393|71018|COMPLETED|3
28770154_1394|71203|COMPLETED|3
28770154_1395|19973|COMPLETED|3
28770154_1396|60169|COMPLETED|3
28770154_1397|73325|COMPLETED|3
28770154_1398|121419|COMPLETED|3
28770154_1399|259215|TIMEOUT|3
28770154_1400|259215|TIMEOUT|3
28770154_1401|68583|COMPLETED|3
28770154_1402|134635|COMPLETED|3
28770154_1403|103629|COMPLETED|3
28770154_1404|111339|COMPLETED|3
28770154_1405|49331|COMPLETED|3
28770154_1406|212712|COMPLETED|3
28770154_1407|94194|COMPLETED|3
28770154_1408|49660|COMPLETED|3
28770154_1409|104058|COMPLETED|3
28770154_1410|13464|COMPLETED|3
28770154_1411|101929|COMPLETED|3
28770154_1412|58875|COMPLETED|3
28770154_1413|118291|COMPLETED|3
28770154_1414|205525|COMPLETED|3
28770154_1415|99032|COMPLETED|3
28770154_1416|125530|COMPLETED|3
28770154_1417|58946|COMPLETED|3
28770154_1418|85325|COMPLETED|3
28770154_1419|89358|COMPLETED|3
28770154_1420|259209|TIMEOUT|3
28770154_1421|9586|COMPLETED|3
28770154_1422|104579|COMPLETED|3
28770154_1423|9394|COMPLETED|3
28770154_1424|19674|COMPLETED|3
28770154_1425|113964|COMPLETED|3
28770154_1426|136604|COMPLETED|3
28770154_1427|148643|COMPLETED|3
28770154_1428|38260|COMPLETED|3
28770154_1429|28439|COMPLETED|3
28770154_1430|75764|COMPLETED|3
28770154_1431|71120|COMPLETED|3
28770154_1432|40300|COMPLETED|3
28770154_1433|140352|COMPLETED|3
28770154_1434|100597|COMPLETED|3
28770154_1435|31928|COMPLETED|3
28770154_1436|37710|COMPLETED|3
28770154_1437|112454|COMPLETED|3
28770154_1438|224183|COMPLETED|3
28770154_1439|90535|COMPLETED|3
28770154_1440|93320|COMPLETED|3
28770154_1441|85070|COMPLETED|3
28770154_1442|57551|COMPLETED|3
28770154_1443|19896|COMPLETED|3
28770154_1444|259229|TIMEOUT|3
28770154_1445|45911|COMPLETED|3
28770154_1446|29602|COMPLETED|3
28770154_1447|259203|TIMEOUT|3
28770154_1448|109893|COMPLETED|3
28770154_1449|68511|COMPLETED|3
28770154_1450|107400|COMPLETED|3
28770154_1451|136334|COMPLETED|3
28770154_1452|173476|COMPLETED|3
28770154_1453|4899|COMPLETED|3
28770154_1454|259225|TIMEOUT|3
28770154_1455|247152|COMPLETED|3
28770154_1456|102032|COMPLETED|3
28770154_1457|179351|COMPLETED|3
28770154_1458|76768|COMPLETED|3
28770154_1459|48003|COMPLETED|3
28770154_1460|76275|COMPLETED|3
28770154_1461|155146|COMPLETED|3
28770154_1462|36683|COMPLETED|3
28770154_1463|85433|COMPLETED|3
28770154_1464|25555|COMPLETED|3
28770154_1465|180324|COMPLETED|3
28770154_1466|55392|COMPLETED|3
28770154_1467|86211|COMPLETED|3
28770154_1468|10291|COMPLETED|3
28770154_1469|146406|COMPLETED|3
28770154_1470|83252|COMPLETED|3
28770154_1471|140242|COMPLETED|3
28770154_1472|42641|COMPLETED|3
28770154_1473|50864|COMPLETED|3
28770154_1474|59574|COMPLETED|3
28770154_1475|87927|COMPLETED|3
28770154_1476|180372|COMPLETED|3
28770154_1477|41180|COMPLETED|3
28770154_1478|54906|COMPLETED|3
28770154_1479|58429|COMPLETED|3
28770154_1480|153270|COMPLETED|3
28770154_1481|207053|COMPLETED|3
28770154_1482|25077|COMPLETED|3
28770154_1483|259207|TIMEOUT|3
28770154_1484|28508|COMPLETED|3
28770154_1485|75669|COMPLETED|3
28770154_1486|34940|COMPLETED|3
28770154_1487|236677|COMPLETED|3
28770154_1488|87807|COMPLETED|3
28770154_1489|259204|TIMEOUT|3
28770154_1490|34199|COMPLETED|3
28770154_1491|221771|COMPLETED|3
28770154_1492|9057|COMPLETED|3
28770154_1493|44657|COMPLETED|3
28770154_1494|51310|COMPLETED|3
28770154_1495|100835|COMPLETED|3
28770154_1496|52873|COMPLETED|3
28770154_1497|100028|COMPLETED|3
28770154_1498|259206|TIMEOUT|3
28770154_1499|87762|COMPLETED|3
28770154_1500|58872|COMPLETED|3
28770154_1501|112284|COMPLETED|3
28770154_1502|27626|COMPLETED|3
28770154_1503|93310|COMPLETED|3
28770154_1504|259224|TIMEOUT|3
28770154_1505|246040|COMPLETED|3
28770154_1506|17542|COMPLETED|3
28770154_1507|259217|TIMEOUT|3
28770154_1508|7845|COMPLETED|3
28770154_1509|15572|COMPLETED|3
28770154_1510|44975|COMPLETED|3
28770154_1511|21083|COMPLETED|3
28770154_1512|40653|COMPLETED|3
28770154_1513|84135|COMPLETED|3
28770154_1514|93103|COMPLETED|3
28770154_1515|45149|COMPLETED|3
28770154_1516|34856|COMPLETED|3
28770154_1517|22566|COMPLETED|3
28770154_1518|23825|COMPLETED|3
28770154_1519|88658|COMPLETED|3
28770154_1520|66675|COMPLETED|3
28770154_1521|61328|COMPLETED|3
28770154_1522|72540|COMPLETED|3
28770154_1523|146983|COMPLETED|3
28770154_1524|102910|COMPLETED|3
28770154_1525|67296|COMPLETED|3
28770154_1526|161221|COMPLETED|3
28770154_1527|37032|COMPLETED|3
28770154_1528|42218|COMPLETED|3
28770154_1529|111053|COMPLETED|3
28770154_1530|96066|COMPLETED|3
28770154_1531|190893|COMPLETED|3
28770154_1532|17235|COMPLETED|3
28770154_1533|259220|TIMEOUT|3
28770154_1534|26593|COMPLETED|3
28770154_1535|77285|COMPLETED|3
28770154_1536|15182|COMPLETED|3
28770154_1537|53280|COMPLETED|3
28770154_1538|67839|COMPLETED|3
28770154_1539|23063|COMPLETED|3
28770154_1540|254716|COMPLETED|3
28770154_1541|39712|COMPLETED|3
28770154_1542|49208|COMPLETED|3
28770154_1543|44746|COMPLETED|3
28770154_1544|259212|TIMEOUT|3
28770154_1545|122192|COMPLETED|3
28770154_1546|49303|COMPLETED|3
28770154_1547|71666|COMPLETED|3
28770154_1548|21580|COMPLETED|3
28770154_1549|38781|COMPLETED|3
28770154_1550|22684|COMPLETED|3
28770154_1551|86618|COMPLETED|3
28770154_1552|72426|COMPLETED|3
28770154_1553|97209|COMPLETED|3
28770154_1554|32970|COMPLETED|3
28770154_1555|50245|COMPLETED|3
28770154_1556|259203|TIMEOUT|3
28770154_1557|97014|COMPLETED|3
28770154_1558|116919|COMPLETED|3
28770154_1559|12544|COMPLETED|3
28770154_1560|13880|COMPLETED|3
28770154_1561|63923|COMPLETED|3
28770154_1562|102973|COMPLETED|3
28770154_1563|93844|COMPLETED|3
28770154_1564|36979|COMPLETED|3
28770154_1565|61347|COMPLETED|3
28770154_1566|259214|TIMEOUT|3
28770154_1567|134207|COMPLETED|3
28770154_1568|128982|COMPLETED|3
28770154_1569|259206|TIMEOUT|3
28770154_1570|152685|COMPLETED|3
28770154_1571|250454|COMPLETED|3
28770154_1572|259200|TIMEOUT|3
28770154_1573|187329|COMPLETED|3
28770154_1574|126476|COMPLETED|3
28770154_1575|148611|COMPLETED|3
28770154_1576|77551|COMPLETED|3
28770154_1577|10267|COMPLETED|3
28770154_1578|34939|COMPLETED|3
28770154_1579|254705|COMPLETED|3
28770154_1580|59998|COMPLETED|3
28770154_1581|20861|COMPLETED|3
28770154_1582|55101|COMPLETED|3
28770154_1583|96222|COMPLETED|3
28770154_1584|50203|COMPLETED|3
28770154_1585|57411|COMPLETED|3
28770154_1586|47034|COMPLETED|3
28770154_1587|3981|COMPLETED|3
28770154_1588|77507|COMPLETED|3
28770154_1589|49039|COMPLETED|3
28770154_1590|42027|COMPLETED|3
28770154_1591|162385|COMPLETED|3
28770154_1592|44005|COMPLETED|3
28770154_1593|62546|COMPLETED|3
28770154_1594|107217|COMPLETED|3
28770154_1595|182969|COMPLETED|3
28770154_1596|40258|COMPLETED|3
28770154_1597|44696|COMPLETED|3
28770154_1598|12043|COMPLETED|3
28770154_1599|24593|COMPLETED|3
28770154_1600|49386|COMPLETED|3
28770154_1601|65421|COMPLETED|3
28770154_1602|110986|COMPLETED|3
28770154_1603|151624|COMPLETED|3
28770154_1604|83795|COMPLETED|3
28770154_1605|36377|COMPLETED|3
28770154_1606|126546|COMPLETED|3
28770154_1607|20069|COMPLETED|3
28770154_1608|85215|COMPLETED|3
28770154_1609|89317|COMPLETED|3
28770154_1610|21422|COMPLETED|3
28770154_1611|26380|COMPLETED|3
28770154_1612|33248|COMPLETED|3
28770154_1613|73417|COMPLETED|3
28770154_1614|74931|COMPLETED|3
28770154_1615|102545|COMPLETED|3
28770154_1616|77587|COMPLETED|3
28770154_1617|19053|COMPLETED|3
28770154_1618|25942|COMPLETED|3
28770154_1619|32656|COMPLETED|3
28770154_1620|18127|COMPLETED|3
28770154_1621|56137|COMPLETED|3
28770154_1622|112463|COMPLETED|3
28770154_1623|113952|COMPLETED|3
28770154_1624|106766|COMPLETED|3
28770154_1625|79670|COMPLETED|3
28770154_1626|33721|COMPLETED|3
28770154_1627|259203|TIMEOUT|3
28770154_1628|202291|COMPLETED|3
28770154_1629|107833|COMPLETED|3
28770154_1630|133230|COMPLETED|3
28770154_1631|54917|COMPLETED|3
28770154_1632|259231|TIMEOUT|3
28770154_1633|98676|COMPLETED|3
28770154_1634|259206|TIMEOUT|3
28770154_1635|109687|COMPLETED|3
28770154_1636|248960|COMPLETED|3
28770154_1637|26665|COMPLETED|3
28770154_1638|40711|COMPLETED|3
28770154_1639|32038|COMPLETED|3
28770154_1640|85702|COMPLETED|3
28770154_1641|150772|COMPLETED|3
28770154_1642|32460|COMPLETED|3
28770154_1643|259218|TIMEOUT|3
28770154_1644|124623|COMPLETED|3
28770154_1645|67119|COMPLETED|3
28770154_1646|68711|COMPLETED|3
28770154_1647|94385|COMPLETED|3
28770154_1648|84006|COMPLETED|3
28770154_1649|30300|COMPLETED|3
28770154_1650|34086|COMPLETED|3
28770154_1651|35064|COMPLETED|3
28770154_1652|62602|COMPLETED|3
28770154_1653|17542|COMPLETED|3
28770154_1654|92510|COMPLETED|3
28770154_1655|100372|COMPLETED|3
28770154_1656|259214|TIMEOUT|3
28770154_1657|35124|COMPLETED|3
28770154_1658|107589|COMPLETED|3
28770154_1659|196991|COMPLETED|3
28770154_1660|172633|COMPLETED|3
28770154_1661|66187|COMPLETED|3
28770154_1662|171143|COMPLETED|3
28770154_1663|252834|COMPLETED|3
28770154_1664|18391|COMPLETED|3
28770154_1665|83720|COMPLETED|3
28770154_1666|118829|COMPLETED|3
28770154_1667|13625|COMPLETED|3
28770154_1668|11654|COMPLETED|3
28770154_1669|111023|COMPLETED|3
28770154_1670|63387|COMPLETED|3
28770154_1671|84560|COMPLETED|3
28770154_1672|109868|COMPLETED|3
28770154_1673|66928|COMPLETED|3
28770154_1674|60537|COMPLETED|3
28770154_1675|122606|COMPLETED|3
28770154_1676|205105|COMPLETED|3
28770154_1677|75078|COMPLETED|3
28770154_1678|88428|COMPLETED|3
28770154_1679|53279|COMPLETED|3
28770154_1680|28269|COMPLETED|3
28770154_1681|205396|COMPLETED|3
28770154_1682|46866|COMPLETED|3
28770154_1683|24062|COMPLETED|3
28770154_1684|100803|COMPLETED|3
28770154_1685|47904|COMPLETED|3
28770154_1686|46322|COMPLETED|3
28770154_1687|93996|COMPLETED|3
28770154_1688|14983|COMPLETED|3
28770154_1689|204877|COMPLETED|3
28770154_1690|205747|COMPLETED|3
28770154_1691|17477|COMPLETED|3
28770154_1692|83470|COMPLETED|3
28770154_1693|52689|COMPLETED|3
28770154_1694|40307|COMPLETED|3
28770154_1695|30028|COMPLETED|3
28770154_1696|32554|COMPLETED|3
28770154_1697|204221|COMPLETED|3
28770154_1698|129615|COMPLETED|3
28770154_1699|130681|COMPLETED|3
28770154_1700|135031|COMPLETED|3
28770154_1701|98537|COMPLETED|3
28770154_1702|38661|COMPLETED|3
28770154_1703|166403|COMPLETED|3
28770154_1704|165760|COMPLETED|3
28770154_1705|36588|COMPLETED|3
28770154_1706|44746|COMPLETED|3
28770154_1707|25811|COMPLETED|3
28770154_1708|88895|COMPLETED|3
28770154_1709|31047|COMPLETED|3
28770154_1710|34052|COMPLETED|3
28770154_1711|197051|COMPLETED|3
28770154_1712|153369|COMPLETED|3
28770154_1714|160017|COMPLETED|3
28770154_1715|27038|COMPLETED|3
28770154_1716|16326|COMPLETED|3
28770154_1717|41660|COMPLETED|3
28770154_1718|31130|COMPLETED|3
28770154_1719|40936|COMPLETED|3
28770154_1720|147912|COMPLETED|3
28770154_1721|77060|COMPLETED|3
28770154_1722|33426|COMPLETED|3
28770154_1723|58743|COMPLETED|3
28770154_1724|19962|COMPLETED|3
28770154_1725|77861|COMPLETED|3
28770154_1726|112466|COMPLETED|3
28770154_1727|182876|COMPLETED|3
28770154_1728|111232|COMPLETED|3
28770154_1729|47613|COMPLETED|3
28770154_1730|208438|COMPLETED|3
28770154_1731|200225|COMPLETED|3
28770154_1732|96631|COMPLETED|3
28770154_1733|61298|COMPLETED|3
28770154_1734|13466|COMPLETED|3
28770154_1735|109165|COMPLETED|3
28770154_1736|62433|COMPLETED|3
28770154_1737|175857|COMPLETED|3
28770154_1738|44391|COMPLETED|3
28770154_1739|79157|COMPLETED|3
28770154_1740|44886|COMPLETED|3
28770154_1741|151840|COMPLETED|3
28770154_1742|172016|COMPLETED|3
28770154_1743|59584|COMPLETED|3
28770154_1744|22062|COMPLETED|3
28770154_1745|173157|COMPLETED|3
28770154_1746|48493|COMPLETED|3
28770154_1747|94671|COMPLETED|3
28770154_1748|45179|COMPLETED|3
28770154_1749|259214|TIMEOUT|3
28770154_1750|78957|COMPLETED|3
28770154_1751|66547|COMPLETED|3
28770154_1752|24559|COMPLETED|3
28770154_1753|22104|COMPLETED|3
28770154_1754|165989|COMPLETED|3
28770154_1755|97119|COMPLETED|3
28770154_1756|164769|COMPLETED|3
28770154_1757|11295|COMPLETED|3
28770154_1758|181843|COMPLETED|3
28770154_1759|78020|COMPLETED|3
28770154_1760|46372|COMPLETED|3
28770154_1761|166155|COMPLETED|3
28770154_1762|46422|COMPLETED|3
28770154_1763|259206|TIMEOUT|3
28770154_1764|96915|COMPLETED|3
28770154_1765|30228|COMPLETED|3
28770154_1766|259229|TIMEOUT|3
28770154_1767|34594|COMPLETED|3
28770154_1768|42672|COMPLETED|3
28770154_1769|82555|COMPLETED|3
28770154_1770|75396|COMPLETED|3
28770154_1771|252354|COMPLETED|3
28770154_1772|15310|COMPLETED|3
28770154_1773|88810|COMPLETED|3
28770154_1774|76079|COMPLETED|3
28770154_1775|144394|COMPLETED|3
28770154_1776|108808|COMPLETED|3
28770154_1777|65641|COMPLETED|3
28770154_1778|45183|COMPLETED|3
28770154_1779|130437|COMPLETED|3
28770154_1780|123985|COMPLETED|3
28770154_1781|35811|COMPLETED|3
28770154_1782|156807|COMPLETED|3
28770154_1783|25368|COMPLETED|3
28770154_1784|97238|COMPLETED|3
28770154_1785|175374|COMPLETED|3
28770154_1786|81357|COMPLETED|3
28770154_1787|87190|COMPLETED|3
28770154_1788|190090|COMPLETED|3
28770154_1789|109804|COMPLETED|3
28770154_1790|75507|COMPLETED|3
28770154_1791|19292|COMPLETED|3
28770154_1792|35594|COMPLETED|3
28770154_1793|64482|COMPLETED|3
28770154_1794|105943|COMPLETED|3
28770154_1795|155479|COMPLETED|3
28770154_1796|16906|COMPLETED|3
28770154_1797|150850|COMPLETED|3
28770154_1798|15683|COMPLETED|3
28770154_1799|35344|COMPLETED|3
28770154_1800|34439|COMPLETED|3
28770154_1801|157814|COMPLETED|3
28770154_1802|259214|TIMEOUT|3
28770154_1803|255210|COMPLETED|3
28770154_1804|62596|COMPLETED|3
28770154_1805|17972|COMPLETED|3
28770154_1806|107475|COMPLETED|3
28770154_1807|114887|COMPLETED|3
28770154_1808|177740|COMPLETED|3
28770154_1809|49216|COMPLETED|3
28770154_1810|11429|COMPLETED|3
28770154_1811|107694|COMPLETED|3
28770154_1812|131208|COMPLETED|3
28770154_1813|15339|COMPLETED|3
28770154_1814|58171|COMPLETED|3
28770154_1815|126436|COMPLETED|3
28770154_1816|35052|COMPLETED|3
28770154_1817|56985|COMPLETED|3
28770154_1818|25682|COMPLETED|3
28770154_1819|60781|COMPLETED|3
28770154_1820|61747|COMPLETED|3
28770154_1821|73776|COMPLETED|3
28770154_1822|157417|COMPLETED|3
28770154_1823|110793|COMPLETED|3
28770154_1824|30286|COMPLETED|3
28770154_1825|259200|TIMEOUT|3
28770154_1826|29675|COMPLETED|3
28770154_1827|77963|COMPLETED|3
28770154_1828|66958|COMPLETED|3
28770154_1829|78680|COMPLETED|3
28770154_1830|32389|COMPLETED|3
28770154_1831|134804|COMPLETED|3
28770154_1832|61219|COMPLETED|3
28770154_1833|51210|COMPLETED|3
28770154_1834|88989|COMPLETED|3
28770154_1835|66306|COMPLETED|3
28770154_1836|67534|COMPLETED|3
28770154_1837|21707|COMPLETED|3
28770154_1838|63155|COMPLETED|3
28770154_1839|73291|COMPLETED|3
28770154_1840|49021|COMPLETED|3
28770154_1841|129274|COMPLETED|3
28770154_1842|20323|COMPLETED|3
28770154_1843|58236|COMPLETED|3
28770154_1844|252194|COMPLETED|3
28770154_1845|141858|COMPLETED|3
28770154_1846|32114|COMPLETED|3
28770154_1847|40781|COMPLETED|3
28770154_1848|28629|COMPLETED|3
28770154_1849|241011|COMPLETED|3
28770154_1850|234877|COMPLETED|3
28770154_1851|100327|COMPLETED|3
28770154_1852|81699|COMPLETED|3
28770154_1853|23165|COMPLETED|3
28770154_1854|66051|COMPLETED|3
28770154_1855|259206|TIMEOUT|3
28770154_1856|57487|COMPLETED|3
28770154_1857|18372|COMPLETED|3
28770154_1858|39121|COMPLETED|3
28770154_1859|129334|COMPLETED|3
28770154_1860|80371|COMPLETED|3
28770154_1861|158604|COMPLETED|3
28770154_1862|70045|COMPLETED|3
28770154_1863|18849|COMPLETED|3
28770154_1864|259215|TIMEOUT|3
28770154_1865|62945|COMPLETED|3
28770154_1866|59492|COMPLETED|3
28770154_1867|102105|COMPLETED|3
28770154_1868|54860|COMPLETED|3
28770154_1869|35308|COMPLETED|3
28770154_1870|15095|COMPLETED|3
28770154_1871|215004|COMPLETED|3
28770154_1872|97351|COMPLETED|3
28770154_1873|16218|COMPLETED|3
28770154_1874|25289|COMPLETED|3
28770154_1875|42358|COMPLETED|3
28770154_1876|71785|COMPLETED|3
28770154_1877|17272|COMPLETED|3
28770154_1878|59439|COMPLETED|3
28770154_1879|259205|TIMEOUT|3
28770154_1880|21552|COMPLETED|3
28770154_1881|29094|COMPLETED|3
28770154_1882|53084|COMPLETED|3
28770154_1883|77399|COMPLETED|3
28770154_1884|69480|COMPLETED|3
28770154_1885|54227|COMPLETED|3
28770154_1886|88561|COMPLETED|3
28770154_1887|32306|COMPLETED|3
28770154_1888|94575|COMPLETED|3
28770154_1889|59408|COMPLETED|3
28770154_1890|19828|COMPLETED|3
28770154_1891|32727|COMPLETED|3
28770154_1892|174364|COMPLETED|3
28770154_1893|96515|COMPLETED|3
28770154_1894|178883|COMPLETED|3
28770154_1895|92449|COMPLETED|3
28770154_1896|30474|COMPLETED|3
28770154_1897|70966|COMPLETED|3
28770154_1898|58695|COMPLETED|3
28770154_1899|157818|COMPLETED|3
28770154_1900|57252|COMPLETED|3
28770154_1901|135862|COMPLETED|3
28770154_1902|111166|COMPLETED|3
28770154_1903|42155|COMPLETED|3
28770154_1904|54796|COMPLETED|3
28770154_1905|58914|COMPLETED|3
28770154_1906|85466|COMPLETED|3
28770154_1907|48548|COMPLETED|3
28770154_1908|130814|COMPLETED|3
28770154_1909|56493|COMPLETED|3
28770154_1910|60367|COMPLETED|3
28770154_1911|114995|COMPLETED|3
28770154_1912|259221|TIMEOUT|3
28770154_1913|45564|COMPLETED|3
28770154_1914|144539|COMPLETED|3
28770154_1915|202087|COMPLETED|3
28770154_1916|79324|COMPLETED|3
28770154_1917|69222|COMPLETED|3
28770154_1918|128876|COMPLETED|3
28770154_1919|29148|COMPLETED|3
28770154_1920|239675|COMPLETED|3
28770154_1921|104026|COMPLETED|3
28770154_1922|100183|COMPLETED|3
28770154_1923|14337|COMPLETED|3
28770154_1924|69027|COMPLETED|3
28770154_1925|11956|COMPLETED|3
28770154_1926|81721|COMPLETED|3
28770154_1927|193032|COMPLETED|3
28770154_1928|157702|COMPLETED|3
28770154_1929|79193|COMPLETED|3
28770154_1930|55656|COMPLETED|3
28770154_1931|47882|COMPLETED|3
28770154_1932|47149|COMPLETED|3
28770154_1933|126105|COMPLETED|3
28770154_1934|127174|COMPLETED|3
28770154_1935|39466|COMPLETED|3
28770154_1936|54652|COMPLETED|3
28770154_1937|13566|COMPLETED|3
28770154_1938|43430|COMPLETED|3
28770154_1939|146812|COMPLETED|3
28770154_1940|187231|COMPLETED|3
28770154_1941|131286|COMPLETED|3
28770154_1942|227891|COMPLETED|3
28770154_1943|41526|COMPLETED|3
28770154_1944|60448|COMPLETED|3
28770154_1945|87745|COMPLETED|3
28770154_1946|37238|COMPLETED|3
28770154_1947|63723|COMPLETED|3
28770154_1948|46813|COMPLETED|3
28770154_1949|259205|TIMEOUT|3
28770154_1950|14638|COMPLETED|3
28770154_1951|70210|COMPLETED|3
28770154_1952|18690|COMPLETED|3
28770154_1953|160891|COMPLETED|3
28770154_1954|24623|COMPLETED|3
28770154_1955|92041|COMPLETED|3
28770154_1956|116636|COMPLETED|3
28770154_1957|82883|COMPLETED|3
28770154_1958|36310|COMPLETED|3
28770154_1959|39268|COMPLETED|3
28770154_1960|31665|COMPLETED|3
28770154_1961|15875|COMPLETED|3
28770154_1962|17723|COMPLETED|3
28770154_1963|26772|COMPLETED|3
28770154_1964|13096|COMPLETED|3
28770154_1965|110088|COMPLETED|3
28770154_1966|56290|COMPLETED|3
28770154_1967|102686|COMPLETED|3
28770154_1968|31292|COMPLETED|3
28770154_1969|119420|COMPLETED|3
28770154_1970|24237|COMPLETED|3
28770154_1971|70950|COMPLETED|3
28770154_1972|63270|COMPLETED|3
28770154_1973|44039|COMPLETED|3
28770154_1974|108806|COMPLETED|3
28770154_1975|25026|COMPLETED|3
28770154_1976|92195|COMPLETED|3
28770154_1977|71053|COMPLETED|3
28770154_1978|109032|COMPLETED|3
28770154_1979|170306|COMPLETED|3
28770154_1980|64947|COMPLETED|3
28770154_1981|18929|COMPLETED|3
28770154_1982|54427|COMPLETED|3
28770154_1983|20001|COMPLETED|3
28770154_1984|41367|COMPLETED|3
28770154_1985|65454|COMPLETED|3
28770154_1986|48705|COMPLETED|3
28770154_1987|25431|COMPLETED|3
28770154_1988|83828|COMPLETED|3
28770154_1989|42854|COMPLETED|3
28770154_1990|99042|COMPLETED|3
28770154_1991|42270|COMPLETED|3
28770154_1992|259223|TIMEOUT|3
28770154_1993|92904|COMPLETED|3
28770154_1995|91008|COMPLETED|3
28770154_1996|14325|COMPLETED|3
28770154_1997|127524|COMPLETED|3
28770154_1998|119562|COMPLETED|3
28770154_1999|59385|COMPLETED|3
28770154_2000|56917|COMPLETED|3
28770154_2001|118395|COMPLETED|3
28770154_2002|82002|COMPLETED|3
28770154_2003|226548|COMPLETED|3
28770154_2004|49794|COMPLETED|3
28770154_2005|42112|COMPLETED|3
28770154_2006|34183|COMPLETED|3
28770154_2007|19743|COMPLETED|3
28770154_2008|138786|COMPLETED|3
28770154_2009|84846|COMPLETED|3
28770154_2010|30751|COMPLETED|3
28770154_2011|126726|COMPLETED|3
28770154_2012|48273|COMPLETED|3
28770154_2013|102807|COMPLETED|3
28770154_2014|10080|COMPLETED|3
28770154_2015|109050|COMPLETED|3
28770154_2016|87046|COMPLETED|3
28770154_2017|12603|COMPLETED|3
28770154_2018|61273|COMPLETED|3
28770154_2019|113199|COMPLETED|3
28770154_2020|96143|COMPLETED|3
28770154_2021|61205|COMPLETED|3
28770154_2022|98976|COMPLETED|3
28770154_2023|45568|COMPLETED|3
28770154_2024|20356|COMPLETED|3
28770154_2025|80630|COMPLETED|3
28770154_2026|72770|COMPLETED|3
28770154_2027|64757|COMPLETED|3
28770154_2028|43837|COMPLETED|3
28770154_2029|29147|COMPLETED|3
28770154_2030|64064|COMPLETED|3
28770154_2031|176030|COMPLETED|3
28770154_2032|236136|COMPLETED|3
28770154_2033|259215|TIMEOUT|3
28770154_2034|114149|COMPLETED|3
28770154_2035|29014|COMPLETED|3
28770154_2036|220897|COMPLETED|3
28770154_2037|42751|COMPLETED|3
28770154_2038|54653|COMPLETED|3
28770154_2039|177804|COMPLETED|3
28770154_2040|26319|COMPLETED|3
28770154_2041|35927|COMPLETED|3
28770154_2042|175227|COMPLETED|3
28770154_2043|137299|COMPLETED|3
28770154_2044|25038|COMPLETED|3
28770154_2045|58869|COMPLETED|3
28770154_2046|259214|TIMEOUT|3
28770154_2047|27418|COMPLETED|3
28770154_2048|165539|COMPLETED|3
28770154_2049|67182|COMPLETED|3
28770154_2050|102476|COMPLETED|3
28770154_2051|54330|COMPLETED|3
28770154_2052|31739|COMPLETED|3
28770154_2053|86502|COMPLETED|3
28770154_2054|80854|COMPLETED|3
28770154_2055|67095|COMPLETED|3
28770154_2056|31217|COMPLETED|3
28770154_2057|259225|TIMEOUT|3
28770154_2058|45300|COMPLETED|3
28770154_2059|117254|COMPLETED|3
28770154_2060|81575|COMPLETED|3
28770154_2061|150205|COMPLETED|3
28770154_2062|171414|COMPLETED|3
28770154_2063|40030|COMPLETED|3
28770154_2064|141870|COMPLETED|3
28770154_2065|59073|COMPLETED|3
28770154_2066|180544|COMPLETED|3
28770154_2067|168472|COMPLETED|3
28770154_2068|41581|COMPLETED|3
28770154_2069|24540|COMPLETED|3
28770154_2070|202460|COMPLETED|3
28770154_2071|55079|COMPLETED|3
28770154_2072|229583|COMPLETED|3
28770154_2073|43821|COMPLETED|3
28770154_2074|60594|COMPLETED|3
28770154_2075|236501|COMPLETED|3
28770154_2076|72809|COMPLETED|3
28770154_2077|28506|COMPLETED|3
28770154_2078|172882|COMPLETED|3
28770154_2079|238664|COMPLETED|3
28770154_2080|210309|COMPLETED|3
28770154_2081|39902|COMPLETED|3
28770154_2082|105092|COMPLETED|3
28770154_2083|107194|COMPLETED|3
28770154_2084|21711|COMPLETED|3
28770154_2085|66655|COMPLETED|3
28770154_2086|30551|COMPLETED|3
28770154_2087|78899|COMPLETED|3
28770154_2088|53513|COMPLETED|3
28770154_2089|31183|COMPLETED|3
28770154_2090|59724|COMPLETED|3
28770154_2091|84660|COMPLETED|3
28770154_2092|74360|COMPLETED|3
28770154_2093|111468|COMPLETED|3
28770154_2094|57826|COMPLETED|3
28770154_2095|13552|COMPLETED|3
28770154_2096|24795|COMPLETED|3
28770154_2097|40234|COMPLETED|3
28770154_2098|19220|COMPLETED|3
28770154_2099|28199|COMPLETED|3
28770154_2100|66334|COMPLETED|3
28770154_2101|259213|TIMEOUT|3
28770154_2102|32389|COMPLETED|3
28770154_2103|35217|COMPLETED|3
28770154_2104|51898|COMPLETED|3
28770154_2105|69023|COMPLETED|3
28770154_2106|259211|TIMEOUT|3
28770154_2107|59432|COMPLETED|3
28770154_2108|21697|COMPLETED|3
28770154_2109|32206|COMPLETED|3
28770154_2110|88879|COMPLETED|3
28770154_2111|71151|COMPLETED|3
28770154_2112|102199|COMPLETED|3
28770154_2113|65744|COMPLETED|3
28770154_2114|32729|COMPLETED|3
28770154_2115|222463|COMPLETED|3
28770154_2116|27435|COMPLETED|3
28770154_2117|40938|COMPLETED|3
28770154_2118|28806|COMPLETED|3
28770154_2119|73662|COMPLETED|3
28770154_2120|196072|COMPLETED|3
28770154_2121|32604|COMPLETED|3
28770154_2122|47555|COMPLETED|3
28770154_2123|159465|COMPLETED|3
28770154_2124|35110|COMPLETED|3
28770154_2125|101646|COMPLETED|3
28770154_2126|42614|COMPLETED|3
28770154_2127|12011|COMPLETED|3
28770154_2128|150031|COMPLETED|3
28770154_2129|49669|COMPLETED|3
28770154_2130|102870|COMPLETED|3
28770154_2131|259222|TIMEOUT|3
28770154_2132|150401|COMPLETED|3
28770154_2133|17707|COMPLETED|3
28770154_2134|74032|COMPLETED|3
28770154_2135|40092|COMPLETED|3
28770154_2136|25620|COMPLETED|3
28770154_2137|126678|COMPLETED|3
28770154_2138|16336|COMPLETED|3
28770154_2139|259228|TIMEOUT|3
28770154_2140|171599|COMPLETED|3
28770154_2141|18494|COMPLETED|3
28770154_2142|35557|COMPLETED|3
28770154_2143|47159|COMPLETED|3
28770154_2144|71728|COMPLETED|3
28770154_2145|259208|TIMEOUT|3
28770154_2146|150095|COMPLETED|3
28770154_2147|35095|COMPLETED|3
28770154_2148|40289|COMPLETED|3
28770154_2149|20165|COMPLETED|3
28770154_2150|55340|COMPLETED|3
28770154_2151|28446|COMPLETED|3
28770154_2152|64843|COMPLETED|3
28770154_2153|146261|COMPLETED|3
28770154_2154|99224|COMPLETED|3
28770154_2155|34829|COMPLETED|3
28770154_2156|144901|COMPLETED|3
28770154_2157|62340|COMPLETED|3
28770154_2158|137593|COMPLETED|3
28770154_2159|130994|COMPLETED|3
28770154_2160|4335|COMPLETED|3
28770154_2161|57838|COMPLETED|3
28770154_2162|66500|COMPLETED|3
28770154_2163|22166|COMPLETED|3
28770154_2164|80607|COMPLETED|3
28770154_2165|29275|COMPLETED|3
28770154_2166|98162|COMPLETED|3
28770154_2167|259222|TIMEOUT|3
28770154_2168|228204|COMPLETED|3
28770154_2169|28347|COMPLETED|3
28770154_2170|36213|COMPLETED|3
28770154_2171|52152|COMPLETED|3
28770154_2172|58191|COMPLETED|3
28770154_2173|23311|COMPLETED|3
28770154_2174|62081|COMPLETED|3
28770154_2175|47149|COMPLETED|3
28770154_2176|73651|COMPLETED|3
28770154_2177|32743|COMPLETED|3
28770154_2178|38212|COMPLETED|3
28770154_2179|24240|COMPLETED|3
28770154_2180|14167|COMPLETED|3
28770154_2181|37484|COMPLETED|3
28770154_2182|43026|COMPLETED|3
28770154_2183|57618|COMPLETED|3
28770154_2184|139815|COMPLETED|3
28770154_2185|169662|COMPLETED|3
28770154_2186|134862|COMPLETED|3
28770154_2187|13001|COMPLETED|3
28770154_2188|29129|COMPLETED|3
28770154_2189|180583|COMPLETED|3
28770154_2190|28503|COMPLETED|3
28770154_2191|24267|COMPLETED|3
28770154_2192|170407|COMPLETED|3
28770154_2193|62571|COMPLETED|3
28770154_2194|18031|COMPLETED|3
28770154_2195|27186|COMPLETED|3
28770154_2196|254114|COMPLETED|3
28770154_2197|132786|COMPLETED|3
28770154_2198|26393|COMPLETED|3
28770154_2199|47933|COMPLETED|3
28770154_2200|101442|COMPLETED|3
28770154_2201|51817|COMPLETED|3
28770154_2202|136435|COMPLETED|3
28770154_2203|98720|COMPLETED|3
28770154_2204|21477|COMPLETED|3
28770154_2205|17338|COMPLETED|3
28770154_2206|91715|COMPLETED|3
28770154_2207|259217|TIMEOUT|3
28770154_2208|55228|COMPLETED|3
28770154_2209|38738|COMPLETED|3
28770154_2210|259212|TIMEOUT|3
28770154_2211|60964|COMPLETED|3
28770154_2212|73597|COMPLETED|3
28770154_2213|115145|COMPLETED|3
28770154_2214|22066|COMPLETED|3
28770154_2215|56798|COMPLETED|3
28770154_2216|106043|COMPLETED|3
28770154_2217|47850|COMPLETED|3
28770154_2218|98535|COMPLETED|3
28770154_2219|29371|COMPLETED|3
28770154_2220|51286|COMPLETED|3
28770154_2221|25464|COMPLETED|3
28770154_2222|65989|COMPLETED|3
28770154_2223|85520|COMPLETED|3
28770154_2224|29404|COMPLETED|3
28770154_2225|33702|COMPLETED|3
28770154_2226|25782|COMPLETED|3
28770154_2227|15580|COMPLETED|3
28770154_2228|146398|COMPLETED|3
28770154_2229|159312|COMPLETED|3
28770154_2230|10093|COMPLETED|3
28770154_2231|29280|COMPLETED|3
28770154_2232|190311|COMPLETED|3
28770154_2233|35760|COMPLETED|3
28770154_2234|244193|COMPLETED|3
28770154_2235|146198|COMPLETED|3
28770154_2236|24450|COMPLETED|3
28770154_2237|44834|COMPLETED|3
28770154_2238|64512|COMPLETED|3
28770154_2239|42005|COMPLETED|3
28770154_2240|68873|COMPLETED|3
28770154_2241|73054|COMPLETED|3
28770154_2242|14166|COMPLETED|3
28770154_2243|47093|COMPLETED|3
28770154_2244|61318|COMPLETED|3
28770154_2245|28599|COMPLETED|3
28770154_2246|54124|COMPLETED|3
28770154_2247|35299|COMPLETED|3
28770154_2248|87471|COMPLETED|3
28770154_2249|58120|COMPLETED|3
28770154_2250|176275|COMPLETED|3
28770154_2251|38634|COMPLETED|3
28770154_2252|118924|COMPLETED|3
28770154_2253|103928|COMPLETED|3
28770154_2254|48148|COMPLETED|3
28770154_2255|76706|COMPLETED|3
28770154_2256|212277|COMPLETED|3
28770154_2257|82575|COMPLETED|3
28770154_2258|14013|COMPLETED|3
28770154_2259|17702|COMPLETED|3
28770154_2260|30330|COMPLETED|3
28770154_2261|18571|COMPLETED|3
28770154_2262|46316|COMPLETED|3
28770154_2263|71075|COMPLETED|3
28770154_2264|78738|COMPLETED|3
28770154_2265|71252|COMPLETED|3
28770154_2266|58423|COMPLETED|3
28770154_2267|85786|COMPLETED|3
28770154_2268|40486|COMPLETED|3
28770154_2269|212111|COMPLETED|3
28770154_2270|92934|COMPLETED|3
28770154_2271|28453|COMPLETED|3
28770154_2272|12846|COMPLETED|3
28770154_2273|165315|COMPLETED|3
28770154_2274|56155|COMPLETED|3
28770154_2275|27567|COMPLETED|3
28770154_2276|48586|COMPLETED|3
28770154_2277|87864|COMPLETED|3
28770154_2278|115127|COMPLETED|3
28770154_2279|115854|COMPLETED|3
28770154_2280|115390|COMPLETED|3
28770154_2281|94766|COMPLETED|3
28770154_2282|104637|COMPLETED|3
28770154_2283|127437|COMPLETED|3
28770154_2284|83713|COMPLETED|3
28770154_2285|66910|COMPLETED|3
28770154_2286|41522|COMPLETED|3
28770154_2287|42802|COMPLETED|3
28770154_2288|55631|COMPLETED|3
28770154_2289|82756|COMPLETED|3
28770154_2290|71433|COMPLETED|3
28770154_2291|48451|COMPLETED|3
28770154_2292|101306|COMPLETED|3
28770154_2293|24273|COMPLETED|3
28770154_2294|84176|COMPLETED|3
28770154_2295|114266|COMPLETED|3
28770154_2296|114109|COMPLETED|3
28770154_2297|34844|COMPLETED|3
28770154_2298|15001|COMPLETED|3
28770154_2299|66687|COMPLETED|3
28770154_2300|106851|COMPLETED|3
28770154_2301|54252|COMPLETED|3
28770154_2302|165686|COMPLETED|3
28770154_2303|132837|COMPLETED|3
28770154_2304|99869|COMPLETED|3
28770154_2305|49437|COMPLETED|3
28770154_2306|112284|COMPLETED|3
28770154_2307|22596|COMPLETED|3
28770154_2308|18256|COMPLETED|3
28770154_2309|90357|COMPLETED|3
28770154_2310|80363|COMPLETED|3
28770154_2311|30486|COMPLETED|3
28770154_2312|165187|COMPLETED|3
28770154_2313|144048|COMPLETED|3
28770154_2314|63417|COMPLETED|3
28770154_2315|167098|COMPLETED|3
28770154_2316|179197|COMPLETED|3
28770154_2317|182279|COMPLETED|3
28770154_2318|58431|COMPLETED|3
28770154_2319|26449|COMPLETED|3
28770154_2320|75482|COMPLETED|3
28770154_2321|65464|COMPLETED|3
28770154_2322|60000|COMPLETED|3
28770154_2323|231157|COMPLETED|3
28770154_2324|89037|COMPLETED|3
28770154_2325|178998|COMPLETED|3
28770154_2326|161246|COMPLETED|3
28770154_2327|91606|COMPLETED|3
28770154_2328|84402|COMPLETED|3
28770154_2329|61367|COMPLETED|3
28770154_2330|22478|COMPLETED|3
28770154_2331|93710|COMPLETED|3
28770154_2332|92834|COMPLETED|3
28770154_2333|72981|COMPLETED|3
28770154_2334|33981|COMPLETED|3
28770154_2335|50437|COMPLETED|3
28770154_2336|74469|COMPLETED|3
28770154_2337|45364|COMPLETED|3
28770154_2338|119453|COMPLETED|3
28770154_2339|29493|COMPLETED|3
28770154_2340|32270|COMPLETED|3
28770154_2341|74907|COMPLETED|3
28770154_2342|39739|COMPLETED|3
28770154_2343|178772|COMPLETED|3
28770154_2344|18784|COMPLETED|3
28770154_2345|53240|COMPLETED|3
28770154_2346|65561|COMPLETED|3
28770154_2347|259223|TIMEOUT|3
28770154_2348|248564|COMPLETED|3
28770154_2349|219455|COMPLETED|3
28770154_2350|30204|COMPLETED|3
28770154_2351|91036|COMPLETED|3
28770154_2352|110904|COMPLETED|3
28770154_2353|72091|COMPLETED|3
28770154_2354|181684|COMPLETED|3
28770154_2355|212682|COMPLETED|3
28770154_2356|115572|COMPLETED|3
28770154_2357|106603|COMPLETED|3
28770154_2358|259203|TIMEOUT|3
28770154_2359|70874|COMPLETED|3
28770154_2360|54529|COMPLETED|3
28770154_2361|30941|COMPLETED|3
28770154_2362|29364|COMPLETED|3
28770154_2363|87144|COMPLETED|3
28770154_2364|136107|COMPLETED|3
28770154_2365|30326|COMPLETED|3
28770154_2366|69869|COMPLETED|3
28770154_2367|178678|COMPLETED|3
28770154_2368|82868|COMPLETED|3
28770154_2369|43125|COMPLETED|3
28770154_2370|71223|COMPLETED|3
28770154_2371|105410|COMPLETED|3
28770154_2372|105724|COMPLETED|3
28770154_2373|106475|COMPLETED|3
28770154_2374|134969|COMPLETED|3
28770154_2375|37092|COMPLETED|3
28770154_2376|50504|COMPLETED|3
28770154_2377|141623|COMPLETED|3
28770154_2378|36921|COMPLETED|3
28770154_2379|59514|COMPLETED|3
28770154_2380|58808|COMPLETED|3
28770154_2381|31663|COMPLETED|3
28770154_2382|21756|COMPLETED|3
28770154_2383|163946|COMPLETED|3
28770154_2384|11844|COMPLETED|3
28770154_2385|25575|COMPLETED|3
28770154_2386|157846|COMPLETED|3
28770154_2387|96764|COMPLETED|3
28770154_2388|95031|COMPLETED|3
28770154_2389|149753|COMPLETED|3
28770154_2390|36592|COMPLETED|3
28770154_2391|52775|COMPLETED|3
28770154_2392|51721|COMPLETED|3
28770154_2393|41097|COMPLETED|3
28770154_2394|259216|TIMEOUT|3
28770154_2395|56297|COMPLETED|3
28770154_2396|180689|COMPLETED|3
28770154_2397|87837|COMPLETED|3
28770154_2398|15661|COMPLETED|3
28770154_2399|23629|COMPLETED|3
28770154_2400|41623|COMPLETED|3
28770154_2401|112100|COMPLETED|3
28770154_2402|140146|COMPLETED|3
28770154_2403|130876|COMPLETED|3
28770154_2404|56401|COMPLETED|3
28770154_2405|147557|COMPLETED|3
28770154_2406|138582|COMPLETED|3
28770154_2407|38056|COMPLETED|3
28770154_2408|51418|COMPLETED|3
28770154_2409|99177|COMPLETED|3
28770154_2410|132179|COMPLETED|3
28770154_2411|42625|COMPLETED|3
28770154_2412|93334|COMPLETED|3
28770154_2413|48370|COMPLETED|3
28770154_2414|46358|COMPLETED|3
28770154_2415|34913|COMPLETED|3
28770154_2416|86421|COMPLETED|3
28770154_2417|66181|COMPLETED|3
28770154_2418|41243|COMPLETED|3
28770154_2419|259219|TIMEOUT|3
28770154_2420|92963|COMPLETED|3
28770154_2421|103882|COMPLETED|3
28770154_2422|20858|COMPLETED|3
28770154_2423|169382|COMPLETED|3
28770154_2424|42769|COMPLETED|3
28770154_2425|79571|COMPLETED|3
28770154_2426|259211|TIMEOUT|3
28770154_2427|15827|COMPLETED|3
28770154_2428|33577|COMPLETED|3
28770154_2429|23230|COMPLETED|3
28770154_2430|63818|COMPLETED|3
28770154_2431|19734|COMPLETED|3
28770154_2432|56487|COMPLETED|3
28770154_2433|10647|COMPLETED|3
28770154_2434|116147|COMPLETED|3
28770154_2435|9318|COMPLETED|3
28770154_2436|102730|COMPLETED|3
28770154_2437|174543|COMPLETED|3
28770154_2438|33685|COMPLETED|3
28770154_2439|68087|COMPLETED|3
28770154_2440|1|FAILED|3
28770154_2441|1|FAILED|3
28770154_2442|2|FAILED|3
28770154_2443|2|FAILED|3
28770154_2444|1|FAILED|3
28770154_2445|1|FAILED|3
28770154_2446|1|FAILED|3
28770154_2447|1|FAILED|3
28770154_2448|0|FAILED|3
28770154_2449|0|FAILED|3
28770154_2450|0|FAILED|3
28770154_2451|1|FAILED|3
28770154_2452|1|FAILED|3
28770154_2453|1|FAILED|3
28770154_2454|1|FAILED|3
28770154_2455|1|FAILED|3
28770154_2456|1|FAILED|3
28770154_2457|2|FAILED|3
28770154_2458|2|FAILED|3
28770154_2459|2|FAILED|3
28770154_2460|2|FAILED|3
28770154_2461|2|FAILED|3
28770154_2462|2|FAILED|3
28770154_2463|1|FAILED|3
28770154_2464|1|FAILED|3
28770154_2465|2|FAILED|3
28770154_2466|2|FAILED|3
28770154_2467|1|FAILED|3
28770154_2468|1|FAILED|3
28770154_2469|2|FAILED|3
28770154_2470|1|FAILED|3
28770154_2471|2|FAILED|3
28770154_2472|2|FAILED|3
28770154_2473|2|FAILED|3
28770154_2474|2|FAILED|3
28770154_2475|1|FAILED|3
28770154_2476|1|FAILED|3
28770154_2477|1|FAILED|3
28770154_2478|1|FAILED|3
28770154_2479|0|FAILED|3
28770154_2480|0|FAILED|3
28770154_2481|0|FAILED|3
28770154_2482|0|FAILED|3
28770154_2483|0|FAILED|3
28770154_2484|1|FAILED|3
28770154_2485|1|FAILED|3
28770154_2486|1|FAILED|3
28770154_2487|1|FAILED|3
28770154_2488|1|FAILED|3
28770154_2489|0|FAILED|3
28770154_2490|0|FAILED|3
28770154_2491|0|FAILED|3
28770154_2492|0|FAILED|3
28770154_2493|0|FAILED|3
28770154_2494|0|FAILED|3
28770154_2495|1|FAILED|3
28770154_2496|1|FAILED|3
28770154_2497|1|FAILED|3
28770154_2498|1|FAILED|3
28770154_2499|1|FAILED|3
28770154_2500|1|FAILED|3
28770154_2501|1|FAILED|3
28770154_2502|0|FAILED|3
28770154_2503|0|FAILED|3
28770154_2504|0|FAILED|3
28770154_2505|0|FAILED|3
28770154_2506|0|FAILED|3
28770154_2507|0|FAILED|3
28770154_2508|1|FAILED|3
28770154_2509|1|FAILED|3
28770154_2510|1|FAILED|3
28770154_2511|1|FAILED|3
28770154_2512|1|FAILED|3
28770154_2513|1|FAILED|3
28770154_2514|1|FAILED|3
28770154_2515|0|FAILED|3
28770154_2516|0|FAILED|3
28770154_2517|0|FAILED|3
28770154_2518|0|FAILED|3
28770154_2519|0|FAILED|3
28770154_2520|0|FAILED|3
28770154_2521|0|FAILED|3
28770154_2522|0|FAILED|3
28770154_2523|0|FAILED|3
28770154_2524|0|FAILED|3
28770154_2525|0|FAILED|3
28770154_2526|0|FAILED|3
28770154_2527|0|FAILED|3
28770154_2528|0|FAILED|3
28770154_2529|0|FAILED|3
28770154_2530|1|FAILED|3
28770154_2531|1|FAILED|3
28770154_2532|1|FAILED|3
28770154_2533|1|FAILED|3
28770154_2534|1|FAILED|3
28770154_2535|0|FAILED|3
28770154_2536|0|FAILED|3
28770154_2537|0|FAILED|3
28770154_2538|0|FAILED|3
28770154_2539|0|FAILED|3
28770154_2540|0|FAILED|3
28770154_2541|0|FAILED|3
28770154_2542|0|FAILED|3
28770154_2543|0|FAILED|3
28770154_2544|0|FAILED|3
28770154_2545|2|FAILED|3
28770154_2546|2|FAILED|3
28770154_2547|2|FAILED|3
28770154_2548|2|FAILED|3
28770154_2549|2|FAILED|3
28770154_2550|2|FAILED|3
28770154_2551|2|FAILED|3
28770154_2552|2|FAILED|3
28770154_2553|1|FAILED|3
28770154_2554|1|FAILED|3
28770154_2555|1|FAILED|3
28770154_2556|1|FAILED|3
28770154_2557|1|FAILED|3
28770154_2558|1|FAILED|3
28770154_2559|1|FAILED|3
28770154_2560|1|FAILED|3
28770154_2561|0|FAILED|3
28770154_2562|0|FAILED|3
28770154_2563|0|FAILED|3
28770154_2564|1|FAILED|3
28770154_2565|2|FAILED|3
28770154_2566|1|FAILED|3
28770154_2567|1|FAILED|3
28770154_2568|1|FAILED|3
28770154_2569|1|FAILED|3
28770154_2570|1|FAILED|3
28770154_2571|1|FAILED|3
28770154_2572|0|FAILED|3
28770154_2573|1|FAILED|3
28770154_2574|0|FAILED|3
28770154_2575|0|FAILED|3
28770154_2576|0|FAILED|3
28770154_2577|0|FAILED|3
28770154_2578|0|FAILED|3
28770154_2579|0|FAILED|3
28770154_2580|0|FAILED|3
28770154_2581|0|FAILED|3
28770154_2582|0|FAILED|3
28770154_2583|0|FAILED|3
28770154_2584|1|FAILED|3
28770154_2585|0|FAILED|3
28770154_2586|0|FAILED|3
28770154_2587|0|FAILED|3
28770154_2588|0|FAILED|3
28770154_2589|0|FAILED|3
28770154_2590|0|FAILED|3
28770154_2591|0|FAILED|3
28770154_2592|0|FAILED|3
28770154_2593|0|FAILED|3
28770154_2594|1|FAILED|3
28770154_2595|0|FAILED|3
28770154_2596|0|FAILED|3
28770154_2597|0|FAILED|3
28770154_2598|0|FAILED|3
28770154_2599|0|FAILED|3
28770154_2600|0|FAILED|3
28770154_2601|0|FAILED|3
28770154_2602|0|FAILED|3
28770154_2603|1|FAILED|3
28770154_2604|1|FAILED|3
28770154_2605|1|FAILED|3
28770154_2606|1|FAILED|3
28770154_2607|1|FAILED|3
28770154_2608|1|FAILED|3
28770154_2609|1|FAILED|3
28770154_2610|1|FAILED|3
28770154_2611|1|FAILED|3
28770154_2612|1|FAILED|3
28770154_2613|1|FAILED|3
28770154_2614|0|FAILED|3
28770154_2615|0|FAILED|3
28770154_2616|0|FAILED|3
28770154_2617|0|FAILED|3
28770154_2618|0|FAILED|3
28770154_2619|0|FAILED|3
28770154_2620|0|FAILED|3
28770154_2621|0|FAILED|3
28770154_2622|0|FAILED|3
28770154_2623|0|FAILED|3
28770154_2624|2|FAILED|3
28770154_2625|2|FAILED|3
28770154_2626|2|FAILED|3
28770154_2627|2|FAILED|3
28770154_2628|2|FAILED|3
28770154_2629|1|FAILED|3
28770154_2630|1|FAILED|3
28770154_2631|1|FAILED|3
28770154_2632|1|FAILED|3
28770154_2633|1|FAILED|3
28770154_2634|1|FAILED|3
28770154_2635|2|FAILED|3
28770154_2636|2|FAILED|3
28770154_2637|2|FAILED|3
28770154_2638|2|FAILED|3
28770154_2639|2|FAILED|3
28770154_2640|2|FAILED|3
28770154_2641|2|FAILED|3
28770154_2642|2|FAILED|3
28770154_2643|2|FAILED|3
28770154_2644|2|FAILED|3
28770154_2645|2|FAILED|3
28770154_2646|2|FAILED|3
28770154_2647|2|FAILED|3
28770154_2648|2|FAILED|3
28770154_2649|2|FAILED|3
28770154_2650|2|FAILED|3
28770154_2651|2|FAILED|3
28770154_2652|2|FAILED|3
28770154_2653|2|FAILED|3
28770154_2654|2|FAILED|3
28770154_2655|2|FAILED|3
28770154_2656|2|FAILED|3
28770154_2657|2|FAILED|3
28770154_2658|2|FAILED|3
28770154_2659|2|FAILED|3
28770154_2660|2|FAILED|3
28770154_2661|2|FAILED|3
28770154_2662|1|FAILED|3
28770154_2663|1|FAILED|3
28770154_2664|1|FAILED|3
28770154_2665|1|FAILED|3
28770154_2666|1|FAILED|3
28770154_2667|1|FAILED|3
28770154_2668|0|FAILED|3
28770154_2669|0|FAILED|3
28770154_2670|0|FAILED|3
28770154_2671|0|FAILED|3
28770154_2672|0|FAILED|3
28770154_2673|0|FAILED|3
28770154_2674|0|FAILED|3
28770154_2675|0|FAILED|3
28770154_2676|0|FAILED|3
28770154_2677|0|FAILED|3
28770154_2678|0|FAILED|3
28770154_2679|1|FAILED|3
28770154_2680|1|FAILED|3
28770154_2681|1|FAILED|3
28770154_2682|1|FAILED|3
28770154_2683|1|FAILED|3
28770154_2684|1|FAILED|3
28770154_2685|1|FAILED|3
28770154_2686|1|FAILED|3
28770154_2687|1|FAILED|3
28770154_2688|1|FAILED|3
28770154_2689|1|FAILED|3
28770154_2690|1|FAILED|3
28770154_2691|1|FAILED|3
28770154_2692|1|FAILED|3
28770154_2693|1|FAILED|3
28770154_2694|1|FAILED|3
28770154_2695|1|FAILED|3
28770154_2696|1|FAILED|3
28770154_2697|1|FAILED|3
28770154_2698|1|FAILED|3
28770154_2699|1|FAILED|3
28770154_2700|1|FAILED|3
28770154_2701|1|FAILED|3
28770154_2702|1|FAILED|3
28770154_2703|0|FAILED|3
28770154_2704|0|FAILED|3
28770154_2705|0|FAILED|3
28770154_2706|0|FAILED|3
28770154_2707|0|FAILED|3
28770154_2708|0|FAILED|3
28770154_2709|0|FAILED|3
28770154_2710|0|FAILED|3
28770154_2711|1|FAILED|3
28770154_2712|1|FAILED|3
28770154_2713|1|FAILED|3
28770154_2714|1|FAILED|3
28770154_2715|1|FAILED|3
28770154_2716|1|FAILED|3
28770154_2717|1|FAILED|3
28770154_2718|1|FAILED|3
28770154_2719|1|FAILED|3
28770154_2720|1|FAILED|3
28770154_2721|1|FAILED|3
28770154_2722|1|FAILED|3
28770154_2723|1|FAILED|3
28770154_2724|1|FAILED|3
28770154_2725|1|FAILED|3
28770154_2726|1|FAILED|3
28770154_2727|1|FAILED|3
28770154_2728|1|FAILED|3
28770154_2729|1|FAILED|3
28770154_2730|0|FAILED|3
28770154_2731|0|FAILED|3
28770154_2732|1|FAILED|3
28770154_2733|1|FAILED|3
28770154_2734|1|FAILED|3
28770154_2735|1|FAILED|3
28770154_2736|0|FAILED|3
28770154_2737|1|FAILED|3
28770154_2738|1|FAILED|3
28770154_2739|1|FAILED|3
28770154_2740|1|FAILED|3
28770154_2741|1|FAILED|3
28770154_2742|1|FAILED|3
28770154_2743|1|FAILED|3
28770154_2744|1|FAILED|3
28770154_2745|1|FAILED|3
28770154_2746|1|FAILED|3
28770154_2747|1|FAILED|3
28770154_2748|1|FAILED|3
28770154_2749|1|FAILED|3
28770154_2750|1|FAILED|3
28770154_2751|1|FAILED|3
28770154_2752|1|FAILED|3
28770154_2753|1|FAILED|3
28770154_2754|1|FAILED|3
28770154_2755|1|FAILED|3
28770154_2756|1|FAILED|3
28770154_2757|1|FAILED|3
28770154_2758|1|FAILED|3
28770154_2759|1|FAILED|3
28770154_2760|1|FAILED|3
28770154_2761|1|FAILED|3
28770154_2762|1|FAILED|3
28770154_2763|2|FAILED|3
28770154_2764|2|FAILED|3
28770154_2765|2|FAILED|3
28770154_2766|2|FAILED|3
28770154_2767|2|FAILED|3
28770154_2768|1|FAILED|3
28770154_2769|1|FAILED|3
28770154_2770|1|FAILED|3
28770154_2771|1|FAILED|3
28770154_2772|1|FAILED|3
28770154_2773|1|FAILED|3
28770154_2774|1|FAILED|3
28770154_2775|1|FAILED|3
28770154_2776|1|FAILED|3
28770154_2777|1|FAILED|3
28770154_2778|1|FAILED|3
28770154_2779|1|FAILED|3
28770154_2780|1|FAILED|3
28770154_2781|1|FAILED|3
28770154_2782|1|FAILED|3
28770154_2783|1|FAILED|3
28770154_2784|1|FAILED|3
28770154_2785|1|FAILED|3
28770154_2786|1|FAILED|3
28770154_2787|1|FAILED|3
28770154_2788|1|FAILED|3
28770154_2789|1|FAILED|3
28770154_2790|1|FAILED|3
28770154_2791|1|FAILED|3
28770154_2792|1|FAILED|3
28770154_2793|1|FAILED|3
28770154_2794|1|FAILED|3
28770154_2795|1|FAILED|3
28770154_2796|1|FAILED|3
28770154_2797|1|FAILED|3
28770154_2798|1|FAILED|3
28770154_2799|1|FAILED|3
28770154_2800|1|FAILED|3
28770154_2801|1|FAILED|3
28770154_2802|1|FAILED|3
28770154_2803|1|FAILED|3
28770154_2804|1|FAILED|3
28770154_2805|1|FAILED|3
28770154_2806|1|FAILED|3
28770154_2807|1|FAILED|3
28770154_2808|1|FAILED|3
28770154_2809|0|FAILED|3
28770154_2810|0|FAILED|3
28770154_2811|1|FAILED|3
28770154_2812|1|FAILED|3
28770154_2813|1|FAILED|3
28770154_2814|1|FAILED|3
28770154_2815|1|FAILED|3
28770154_2816|1|FAILED|3
28770154_2817|1|FAILED|3
28770154_2818|1|FAILED|3
28770154_2819|1|FAILED|3
28770154_2820|0|FAILED|3
28770154_2821|0|FAILED|3
28770154_2822|0|FAILED|3
28770154_2823|0|FAILED|3
28770154_2824|2|FAILED|3
28770154_2825|2|FAILED|3
28770154_2826|2|FAILED|3
28770154_2827|2|FAILED|3
28770154_2828|2|FAILED|3
28770154_2829|2|FAILED|3
28770154_2830|2|FAILED|3
28770154_2831|2|FAILED|3
28770154_2832|2|FAILED|3
28770154_2833|2|FAILED|3
28770154_2834|1|FAILED|3
28770154_2835|1|FAILED|3
28770154_2836|1|FAILED|3
28770154_2837|1|FAILED|3
28770154_2838|1|FAILED|3
28770154_2839|1|FAILED|3
28770154_2840|1|FAILED|3
28770154_2841|1|FAILED|3
28770154_2842|1|FAILED|3
28770154_2843|1|FAILED|3
28770154_2844|1|FAILED|3
28770154_2845|1|FAILED|3
28770154_2846|1|FAILED|3
28770154_2847|1|FAILED|3
28770154_2848|1|FAILED|3
28770154_2849|1|FAILED|3
28770154_2850|2|FAILED|3
28770154_2851|2|FAILED|3
28770154_2852|2|FAILED|3
28770154_2853|2|FAILED|3
28770154_2854|2|FAILED|3
28770154_2855|2|FAILED|3
28770154_2856|2|FAILED|3
28770154_2857|2|FAILED|3
28770154_2858|2|FAILED|3
28770154_2859|2|FAILED|3
28770154_2860|1|FAILED|3
28770154_2861|2|FAILED|3
28770154_2862|1|FAILED|3
28770154_2863|1|FAILED|3
28770154_2864|1|FAILED|3
28770154_2865|1|FAILED|3
28770154_2866|1|FAILED|3
28770154_2867|1|FAILED|3
28770154_2868|1|FAILED|3
28770154_2869|1|FAILED|3
28770154_2870|1|FAILED|3
28770154_2871|1|FAILED|3
28770154_2872|1|FAILED|3
28770154_2873|1|FAILED|3
28770154_2874|0|FAILED|3
28770154_2875|0|FAILED|3
28770154_2876|0|FAILED|3
28770154_2877|0|FAILED|3
28770154_2878|0|FAILED|3
28770154_2879|0|FAILED|3
28770154_2880|0|FAILED|3
28770154_2881|0|FAILED|3
28770154_2882|0|FAILED|3
28770154_2883|0|FAILED|3
28770154_2884|0|FAILED|3
28770154_2885|0|FAILED|3
28770154_2886|0|FAILED|3
28770154_2887|1|FAILED|3
28770154_2888|0|FAILED|3
28770154_2889|2|FAILED|3
28770154_2890|2|FAILED|3
28770154_2891|2|FAILED|3
28770154_2892|2|FAILED|3
28770154_2893|2|FAILED|3
28770154_2894|2|FAILED|3
28770154_2895|2|FAILED|3
28770154_2896|2|FAILED|3
28770154_2897|2|FAILED|3
28770154_2898|2|FAILED|3
28770154_2899|2|FAILED|3
28770154_2900|2|FAILED|3
28770154_2901|2|FAILED|3
28770154_2902|2|FAILED|3
28770154_2903|2|FAILED|3
28770154_2904|2|FAILED|3
28770154_2905|1|FAILED|3
28770154_2906|1|FAILED|3
28770154_2907|1|FAILED|3
28770154_2908|1|FAILED|3
28770154_2909|1|FAILED|3
28770154_2910|1|FAILED|3
28770154_2911|1|FAILED|3
28770154_2912|1|FAILED|3
28770154_2913|1|FAILED|3
28770154_2914|1|FAILED|3
28770154_2915|1|FAILED|3
28770154_2916|0|FAILED|3
28770154_2917|0|FAILED|3
28770154_2918|0|FAILED|3
28770154_2919|0|FAILED|3
28770154_2920|0|FAILED|3
28770154_2921|0|FAILED|3
28770154_2922|0|FAILED|3
28770154_2923|0|FAILED|3
28770154_2924|0|FAILED|3
28770154_2925|0|FAILED|3
28770154_2926|0|FAILED|3
28770154_2927|0|FAILED|3
28770154_2928|1|FAILED|3
28770154_2929|1|FAILED|3
28770154_2930|2|FAILED|3
28770154_2931|2|FAILED|3
28770154_2932|2|FAILED|3
28770154_2933|2|FAILED|3
28770154_2934|2|FAILED|3
28770154_2935|2|FAILED|3
28770154_2936|2|FAILED|3
28770154_2937|2|FAILED|3
28770154_2938|2|FAILED|3
28770154_2939|2|FAILED|3
28770154_2940|2|FAILED|3
28770154_2941|2|FAILED|3
28770154_2942|2|FAILED|3
28770154_2943|2|FAILED|3
28770154_2944|2|FAILED|3
28770154_2945|2|FAILED|3
28770154_2946|2|FAILED|3
28770154_2947|2|FAILED|3
28770154_2948|2|FAILED|3
28770154_2949|2|FAILED|3
28770154_2950|2|FAILED|3
28770154_2951|2|FAILED|3
28770154_2952|2|FAILED|3
28770154_2953|2|FAILED|3
28770154_2954|2|FAILED|3
28770154_2955|2|FAILED|3
28770154_2956|2|FAILED|3
28770154_2957|2|FAILED|3
28770154_2958|1|FAILED|3
28770154_2959|1|FAILED|3
28770154_2960|1|FAILED|3
28770154_2961|1|FAILED|3
28770154_2962|1|FAILED|3
28770154_2963|1|FAILED|3
28770154_2964|1|FAILED|3
28770154_2965|1|FAILED|3
28770154_2966|1|FAILED|3
28770154_2967|1|FAILED|3
28770154_2968|1|FAILED|3
28770154_2969|1|FAILED|3
28770154_2970|1|FAILED|3
28770154_2971|1|FAILED|3
28770154_2972|1|FAILED|3
28770154_2973|1|FAILED|3
28770154_2974|1|FAILED|3
28770154_2975|1|FAILED|3
28770154_2976|1|FAILED|3
28770154_2977|1|FAILED|3
28770154_2978|1|FAILED|3
28770154_2979|1|FAILED|3
28770154_2980|1|FAILED|3
28770154_2981|1|FAILED|3
28770154_2982|1|FAILED|3
28770154_2983|1|FAILED|3
28770154_2984|1|FAILED|3
28770154_2985|1|FAILED|3
28770154_2986|1|FAILED|3
28770154_2987|1|FAILED|3
28770154_2988|1|FAILED|3
28770154_2989|1|FAILED|3
28770154_2990|1|FAILED|3
28770154_2991|1|FAILED|3
28770154_2992|1|FAILED|3
28770154_2993|1|FAILED|3
28770154_2994|1|FAILED|3
28770154_2995|1|FAILED|3
28770154_2996|1|FAILED|3
28770154_2997|1|FAILED|3
28770154_2998|1|FAILED|3
28770154_2999|1|FAILED|3
28770154_3000|0|FAILED|3
28770154_3001|0|FAILED|3
28770154_3002|0|FAILED|3
28770154_3003|0|FAILED|3
28770154_3004|0|FAILED|3
28770154_3005|1|FAILED|3
28770154_3006|1|FAILED|3
28770154_3007|1|FAILED|3
28770154_3008|1|FAILED|3
28770154_3009|1|FAILED|3
28770154_3010|1|FAILED|3
28770154_3011|1|FAILED|3
28770154_3012|1|FAILED|3
28770154_3013|1|FAILED|3
28770154_3014|1|FAILED|3
28770154_3015|1|FAILED|3
28770154_3016|1|FAILED|3
28770154_3017|1|FAILED|3
28770154_3018|1|FAILED|3
28770154_3019|1|FAILED|3
28770154_3020|1|FAILED|3
28770154_3021|1|FAILED|3
28770154_3022|1|FAILED|3
28770154_3023|1|FAILED|3
28770154_3024|1|FAILED|3
28770154_3025|1|FAILED|3
28770154_3026|1|FAILED|3
28770154_3027|1|FAILED|3
28770154_3028|1|FAILED|3
28770154_3029|1|FAILED|3
28770154_3030|1|FAILED|3
28770154_3031|1|FAILED|3
28770154_3032|1|FAILED|3
28770154_3033|1|FAILED|3
28770154_3034|1|FAILED|3
28770154_3035|1|FAILED|3
28770154_3036|1|FAILED|3
28770154_3037|1|FAILED|3
28770154_3038|0|FAILED|3
28770154_3039|0|FAILED|3
28770154_3040|0|FAILED|3
28770154_3041|0|FAILED|3
28770154_3042|0|FAILED|3
28770154_3043|0|FAILED|3
28770154_3044|0|FAILED|3
28770154_3045|0|FAILED|3
28770154_3046|0|FAILED|3
28770154_3047|0|FAILED|3
28770154_3048|0|FAILED|3
28770154_3049|1|FAILED|3
28770154_3050|0|FAILED|3
28770154_3051|1|FAILED|3
28770154_3052|0|FAILED|3
28770154_3053|0|FAILED|3
28770154_3054|1|FAILED|3
28770154_3055|0|FAILED|3
28770154_3056|0|FAILED|3
28770154_3057|1|FAILED|3
28770154_3058|0|FAILED|3
28770154_3059|1|FAILED|3
28770154_3060|1|FAILED|3
28770154_3061|1|FAILED|3
28770154_3062|1|FAILED|3
28770154_3063|1|FAILED|3
28770154_3064|1|FAILED|3
28770154_3065|1|FAILED|3
28770154_3066|1|FAILED|3
28770154_3067|1|FAILED|3
28770154_3068|1|FAILED|3
28770154_3069|1|FAILED|3
28770154_3070|1|FAILED|3
28770154_3071|1|FAILED|3
28770154_3072|1|FAILED|3
28770154_3073|1|FAILED|3
28770154_3074|1|FAILED|3
28770154_3075|1|FAILED|3
28770154_3076|1|FAILED|3
28770154_3077|1|FAILED|3
28770154_3078|1|FAILED|3
28770154_3079|1|FAILED|3
28770154_3080|1|FAILED|3
28770154_3081|1|FAILED|3
28770154_3082|1|FAILED|3
28770154_3083|1|FAILED|3
28770154_3084|1|FAILED|3
28770154_3085|1|FAILED|3
28770154_3086|0|FAILED|3
28770154_3087|0|FAILED|3
28770154_3088|0|FAILED|3
28770154_3089|0|FAILED|3
28770154_3090|0|FAILED|3
28770154_3091|0|FAILED|3
28770154_3092|0|FAILED|3
28770154_3093|1|FAILED|3
28770154_3094|1|FAILED|3
28770154_3095|1|FAILED|3
28770154_3096|1|FAILED|3
28770154_3097|1|FAILED|3
28770154_3098|1|FAILED|3
28770154_3099|1|FAILED|3
28770154_3100|1|FAILED|3
28770154_3101|1|FAILED|3
28770154_3102|1|FAILED|3
28770154_3103|1|FAILED|3
28770154_3104|1|FAILED|3
28770154_3105|1|FAILED|3
28770154_3106|0|FAILED|3
28770154_3107|0|FAILED|3
28770154_3108|0|FAILED|3
28770154_3109|0|FAILED|3
28770154_3110|0|FAILED|3
28770154_3111|0|FAILED|3
28770154_3112|0|FAILED|3
28770154_3113|0|FAILED|3
28770154_3114|0|FAILED|3
28770154_3115|0|FAILED|3
28770154_3116|0|FAILED|3
28770154_3117|0|FAILED|3
28770154_3118|0|FAILED|3
28770154_3119|0|FAILED|3
28770154_3120|0|FAILED|3
28770154_3121|0|FAILED|3
28770154_3122|0|FAILED|3
28770154_3123|0|FAILED|3
28770154_3124|0|FAILED|3
28770154_3125|0|FAILED|3
28770154_3126|0|FAILED|3
28770154_3127|0|FAILED|3
28770154_3128|2|FAILED|3
28770154_3129|2|FAILED|3
28770154_3130|1|FAILED|3
28770154_3131|1|FAILED|3
28770154_3132|1|FAILED|3
28770154_3133|1|FAILED|3
28770154_3134|1|FAILED|3
28770154_3135|1|FAILED|3
28770154_3136|1|FAILED|3
28770154_3137|1|FAILED|3
28770154_3138|1|FAILED|3
28770154_3139|1|FAILED|3
28770154_3140|1|FAILED|3
28770154_3141|1|FAILED|3
28770154_3142|1|FAILED|3
28770154_3143|1|FAILED|3
28770154_3144|1|FAILED|3
28770154_3145|1|FAILED|3
28770154_3146|2|FAILED|3
28770154_3147|2|FAILED|3
28770154_3148|2|FAILED|3
28770154_3149|2|FAILED|3
28770154_3150|2|FAILED|3
28770154_3151|2|FAILED|3
28770154_3152|1|FAILED|3
28770154_3153|1|FAILED|3
28770154_3154|1|FAILED|3
28770154_3155|1|FAILED|3
28770154_3156|1|FAILED|3
28770154_3157|1|FAILED|3
28770154_3158|1|FAILED|3
28770154_3159|2|FAILED|3
28770154_3160|1|FAILED|3
28770154_3161|2|FAILED|3
28770154_3162|2|FAILED|3
28770154_3163|1|FAILED|3
28770154_3164|1|FAILED|3
28770154_3165|1|FAILED|3
28770154_3166|1|FAILED|3
28770154_3167|1|FAILED|3
28770154_3168|1|FAILED|3
28770154_3169|1|FAILED|3
28770154_3170|1|FAILED|3
28770154_3171|1|FAILED|3
28770154_3172|1|FAILED|3
28770154_3173|1|FAILED|3
28770154_3174|1|FAILED|3
28770154_3175|1|FAILED|3
28770154_3176|1|FAILED|3
28770154_3177|1|FAILED|3
28770154_3178|1|FAILED|3
28770154_3179|1|FAILED|3
28770154_3180|1|FAILED|3
28770154_3181|1|FAILED|3
28770154_3182|2|FAILED|3
28770154_3183|2|FAILED|3
28770154_3184|2|FAILED|3
28770154_3185|2|FAILED|3
28770154_3186|2|FAILED|3
28770154_3187|2|FAILED|3
28770154_3188|2|FAILED|3
28770154_3189|1|FAILED|3
28770154_3190|1|FAILED|3
28770154_3191|1|FAILED|3
28770154_3192|1|FAILED|3
28770154_3193|1|FAILED|3
28770154_3194|1|FAILED|3
28770154_3195|1|FAILED|3
28770154_3196|1|FAILED|3
28770154_3197|1|FAILED|3
28770154_3198|1|FAILED|3
28770154_3199|1|FAILED|3
28770154_3200|2|FAILED|3
28770154_3201|1|FAILED|3
28770154_3202|1|FAILED|3
28770154_3203|1|FAILED|3
28770154_3204|1|FAILED|3
28770154_3205|1|FAILED|3
28770154_3206|1|FAILED|3
28770154_3207|1|FAILED|3
28770154_3208|1|FAILED|3
28770154_3209|2|FAILED|3
28770154_3210|1|FAILED|3
28770154_3211|1|FAILED|3
28770154_3212|1|FAILED|3
28770154_3213|1|FAILED|3
28770154_3214|1|FAILED|3
28770154_3215|1|FAILED|3
28770154_3216|1|FAILED|3
28770154_3217|1|FAILED|3
28770154_3218|2|FAILED|3
28770154_3219|2|FAILED|3
28770154_3220|2|FAILED|3
28770154_3221|2|FAILED|3
28770154_3222|2|FAILED|3
28770154_3223|2|FAILED|3
28770154_3224|2|FAILED|3
28770154_3225|2|FAILED|3
28770154_3226|2|FAILED|3
28770154_3227|2|FAILED|3
28770154_3228|2|FAILED|3
28770154_3229|2|FAILED|3
28770154_3230|2|FAILED|3
28770154_3231|2|FAILED|3
28770154_3232|2|FAILED|3
28770154_3233|2|FAILED|3
28770154_3234|2|FAILED|3
28770154_3235|2|FAILED|3
28770154_3236|1|FAILED|3
28770154_3237|1|FAILED|3
28770154_3238|1|FAILED|3
28770154_3239|1|FAILED|3
28770154_3240|1|FAILED|3
28770154_3241|2|FAILED|3
28770154_3242|2|FAILED|3
28770154_3243|2|FAILED|3
28770154_3244|2|FAILED|3
28770154_3245|2|FAILED|3
28770154_3246|2|FAILED|3
28770154_3247|2|FAILED|3
28770154_3248|2|FAILED|3
28770154_3249|2|FAILED|3
28770154_3250|2|FAILED|3
28770154_3251|2|FAILED|3
28770154_3252|2|FAILED|3
28770154_3253|2|FAILED|3
28770154_3254|2|FAILED|3
28770154_3255|2|FAILED|3
28770154_3256|2|FAILED|3
28770154_3257|2|FAILED|3
28770154_3258|2|FAILED|3
28770154_3259|2|FAILED|3
28770154_3260|2|FAILED|3
28770154_3261|1|FAILED|3
28770154_3262|1|FAILED|3
28770154_3263|1|FAILED|3
28770154_3264|1|FAILED|3
28770154_3265|1|FAILED|3
28770154_3266|1|FAILED|3
28770154_3267|1|FAILED|3
28770154_3268|1|FAILED|3
28770154_3269|1|FAILED|3
28770154_3270|1|FAILED|3
28770154_3271|1|FAILED|3
28770154_3272|0|FAILED|3
28770154_3273|0|FAILED|3
28770154_3274|0|FAILED|3
28770154_3275|0|FAILED|3
28770154_3276|0|FAILED|3
28770154_3277|0|FAILED|3
28770154_3278|0|FAILED|3
28770154_3279|0|FAILED|3
28770154_3280|0|FAILED|3
28770154_3281|0|FAILED|3
28770154_3282|0|FAILED|3
28770154_3283|0|FAILED|3
28770154_3284|0|FAILED|3
28770154_3285|0|FAILED|3
28770154_3286|0|FAILED|3
28770154_3287|0|FAILED|3
28770154_3288|0|FAILED|3
28770154_3289|0|FAILED|3
28770154_3290|1|FAILED|3
28770154_3291|1|FAILED|3
28770154_3292|1|FAILED|3
28770154_3293|1|FAILED|3
28770154_3294|1|FAILED|3
28770154_3295|1|FAILED|3
28770154_3296|1|FAILED|3
28770154_3297|1|FAILED|3
28770154_3298|1|FAILED|3
28770154_3299|1|FAILED|3
28770154_3300|1|FAILED|3
28770154_3301|1|FAILED|3
28770154_3302|1|FAILED|3
28770154_3303|1|FAILED|3
28770154_3304|1|FAILED|3
28770154_3305|1|FAILED|3
28770154_3306|1|FAILED|3
28770154_3307|1|FAILED|3
28770154_3308|1|FAILED|3
28770154_3309|1|FAILED|3
28770154_3310|1|FAILED|3
28770154_3311|1|FAILED|3
28770154_3312|1|FAILED|3
28770154_3313|1|FAILED|3
28770154_3314|1|FAILED|3
28770154_3315|1|FAILED|3
28770154_3316|1|FAILED|3
28770154_3317|1|FAILED|3
28770154_3318|1|FAILED|3
28770154_3319|1|FAILED|3
28770154_3320|0|FAILED|3
28770154_3321|0|FAILED|3
28770154_3322|0|FAILED|3
28770154_3323|0|FAILED|3
28770154_3324|0|FAILED|3
28770154_3325|0|FAILED|3
28770154_3326|0|FAILED|3
28770154_3327|0|FAILED|3
28770154_3328|0|FAILED|3
28770154_3329|0|FAILED|3
28770154_3330|0|FAILED|3
28770154_3331|2|FAILED|3
28770154_3332|1|FAILED|3
28770154_3333|2|FAILED|3
28770154_3334|2|FAILED|3
28770154_3335|2|FAILED|3
28770154_3336|2|FAILED|3
28770154_3337|1|FAILED|3
28770154_3338|2|FAILED|3
28770154_3339|2|FAILED|3
28770154_3340|2|FAILED|3
28770154_3341|2|FAILED|3
28770154_3342|2|FAILED|3
28770154_3343|2|FAILED|3
28770154_3344|2|FAILED|3
28770154_3345|2|FAILED|3
28770154_3346|1|FAILED|3
28770154_3347|1|FAILED|3
28770154_3348|0|FAILED|3
28770154_3349|0|FAILED|3
28770154_3350|1|FAILED|3
28770154_3351|1|FAILED|3
28770154_3352|1|FAILED|3
28770154_3353|1|FAILED|3
28770154_3354|1|FAILED|3
28770154_3355|1|FAILED|3
28770154_3356|1|FAILED|3
28770154_3357|1|FAILED|3
28770154_3358|1|FAILED|3
28770154_3359|1|FAILED|3
28770154_3360|1|FAILED|3
28770154_3361|1|FAILED|3
28770154_3362|0|FAILED|3
28770154_3363|0|FAILED|3
28770154_3364|0|FAILED|3
28770154_3365|0|FAILED|3
28770154_3366|0|FAILED|3
28770154_3367|0|FAILED|3
28770154_3368|0|FAILED|3
28770154_3369|0|FAILED|3
28770154_3370|1|FAILED|3
28770154_3371|1|FAILED|3
28770154_3372|1|FAILED|3
28770154_3373|1|FAILED|3
28770154_3374|2|FAILED|3
28770154_3375|1|FAILED|3
28770154_3376|1|FAILED|3
28770154_3377|1|FAILED|3
28770154_3378|1|FAILED|3
28770154_3379|1|FAILED|3
28770154_3380|1|FAILED|3
28770154_3381|1|FAILED|3
28770154_3382|1|FAILED|3
28770154_3383|1|FAILED|3
28770154_3384|1|FAILED|3
28770154_3385|1|FAILED|3
28770154_3386|0|FAILED|3
28770154_3387|0|FAILED|3
28770154_3388|0|FAILED|3
28770154_3389|1|FAILED|3
28770154_3390|0|FAILED|3
28770154_3391|0|FAILED|3
28770154_3392|0|FAILED|3
28770154_3393|0|FAILED|3
28770154_3394|0|FAILED|3
28770154_3395|0|FAILED|3
28770154_3396|0|FAILED|3
28770154_3397|0|FAILED|3
28770154_3398|0|FAILED|3
28770154_3399|0|FAILED|3
28770154_3400|0|FAILED|3
28770154_3401|0|FAILED|3
28770154_3402|0|FAILED|3
28770154_3403|0|FAILED|3
28770154_3404|0|FAILED|3
28770154_3405|0|FAILED|3
28770154_3406|0|FAILED|3
28770154_3407|0|FAILED|3
28770154_3408|0|FAILED|3
28770154_3409|0|FAILED|3
28770154_3410|1|FAILED|3
28770154_3411|0|FAILED|3
28770154_3412|0|FAILED|3
28770154_3413|1|FAILED|3
28770154_3414|0|FAILED|3
28770154_3415|0|FAILED|3
28770154_3416|0|FAILED|3
28770154_3417|0|FAILED|3
28770154_3418|0|FAILED|3
28770154_3419|0|FAILED|3
28770154_3420|0|FAILED|3
28770154_3421|0|FAILED|3
28770154_3422|0|FAILED|3
28770154_3423|1|FAILED|3
28770154_3424|0|FAILED|3
28770154_3425|1|FAILED|3
28770154_3426|0|FAILED|3
28770154_3427|0|FAILED|3
28770154_3428|0|FAILED|3
28770154_3429|0|FAILED|3
28770154_3430|1|FAILED|3
28770154_3431|1|FAILED|3
28770154_3432|1|FAILED|3
28770154_3433|1|FAILED|3
28770154_3434|1|FAILED|3
28770154_3435|1|FAILED|3
28770154_3436|1|FAILED|3
28770154_3437|1|FAILED|3
28770154_3438|1|FAILED|3
28770154_3439|1|FAILED|3
28770154_3440|1|FAILED|3
28770154_3441|1|FAILED|3
28770154_3442|1|FAILED|3
28770154_3443|1|FAILED|3
28770154_3444|1|FAILED|3
28770154_3445|1|FAILED|3
28770154_3446|1|FAILED|3
28770154_3447|1|FAILED|3
28770154_3448|1|FAILED|3
28770154_3449|1|FAILED|3
28770154_3450|0|FAILED|3
28770154_3451|0|FAILED|3
28770154_3452|1|FAILED|3
28770154_3453|1|FAILED|3
28770154_3454|1|FAILED|3
28770154_3455|1|FAILED|3
28770154_3456|0|FAILED|3
28770154_3457|1|FAILED|3
28770154_3458|1|FAILED|3
28770154_3459|0|FAILED|3
28770154_3460|1|FAILED|3
28770154_3461|1|FAILED|3
28770154_3462|1|FAILED|3
28770154_3463|0|FAILED|3
28770154_3464|0|FAILED|3
28770154_3465|0|FAILED|3
28770154_3466|1|FAILED|3
28770154_3467|1|FAILED|3
28770154_3468|1|FAILED|3
28770154_3469|1|FAILED|3
28770154_3470|1|FAILED|3
28770154_3471|1|FAILED|3
28770154_3472|1|FAILED|3
28770154_3473|1|FAILED|3
28770154_3474|1|FAILED|3
28770154_3475|1|FAILED|3
28770154_3476|1|FAILED|3
28770154_3477|1|FAILED|3
28770154_3478|1|FAILED|3
28770154_3479|1|FAILED|3
28770154_3480|1|FAILED|3
28770154_3481|1|FAILED|3
28770154_3482|1|FAILED|3
28770154_3483|1|FAILED|3
28770154_3484|1|FAILED|3
28770154_3485|1|FAILED|3
28770154_3486|1|FAILED|3
28770154_3487|1|FAILED|3
28770154_3488|0|FAILED|3
28770154_3489|0|FAILED|3
28770154_3490|1|FAILED|3
28770154_3491|1|FAILED|3
28770154_3492|1|FAILED|3
28770154_3493|1|FAILED|3
28770154_3494|1|FAILED|3
28770154_3495|1|FAILED|3
28770154_3496|1|FAILED|3
28770154_3497|1|FAILED|3
28770154_3498|1|FAILED|3
28770154_3499|1|FAILED|3
28770154_3500|1|FAILED|3
28770154_3501|1|FAILED|3
28770154_3502|1|FAILED|3
28770154_3503|1|FAILED|3
28770154_3504|1|FAILED|3
28770154_3505|1|FAILED|3
28770154_3506|1|FAILED|3
28770154_3507|1|FAILED|3
28770154_3508|2|FAILED|3
28770154_3509|1|FAILED|3
28770154_3510|1|FAILED|3
28770154_3511|1|FAILED|3
28770154_3512|1|FAILED|3
28770154_3513|1|FAILED|3
28770154_3514|1|FAILED|3
28770154_3515|1|FAILED|3
28770154_3516|1|FAILED|3
28770154_3517|0|FAILED|3
28770154_3518|0|FAILED|3
28770154_3519|0|FAILED|3
28770154_3520|0|FAILED|3
28770154_3521|0|FAILED|3
28770154_3522|0|FAILED|3
28770154_3523|0|FAILED|3
28770154_3524|0|FAILED|3
28770154_3525|0|FAILED|3
28770154_3526|0|FAILED|3
28770154_3527|0|FAILED|3
28770154_3528|0|FAILED|3
28770154_3529|0|FAILED|3
28770154_3530|0|FAILED|3
28770154_3531|0|FAILED|3
28770154_3532|0|FAILED|3
28770154_3533|0|FAILED|3
28770154_3534|0|FAILED|3
28770154_3535|0|FAILED|3
28770154_3536|0|FAILED|3
28770154_3537|0|FAILED|3
28770154_3538|0|FAILED|3
28770154_3539|0|FAILED|3
28770154_3540|0|FAILED|3
28770154_3541|0|FAILED|3
28770154_3542|0|FAILED|3
28770154_3543|0|FAILED|3
28770154_3544|0|FAILED|3
28770154_3545|0|FAILED|3
28770154_3546|0|FAILED|3
28770154_3547|0|FAILED|3
28770154_3548|0|FAILED|3
28770154_3549|0|FAILED|3
28770154_3550|0|FAILED|3
28770154_3551|1|FAILED|3
28770154_3552|1|FAILED|3
28770154_3553|0|FAILED|3
28770154_3554|1|FAILED|3
28770154_3555|1|FAILED|3
28770154_3556|1|FAILED|3
28770154_3557|1|FAILED|3
28770154_3558|1|FAILED|3
28770154_3559|1|FAILED|3
28770154_3560|1|FAILED|3
28770154_3561|1|FAILED|3
28770154_3562|1|FAILED|3
28770154_3563|1|FAILED|3
28770154_3564|1|FAILED|3
28770154_3565|1|FAILED|3
28770154_3566|1|FAILED|3
28770154_3567|1|FAILED|3
28770154_3568|1|FAILED|3
28770154_3569|1|FAILED|3
28770154_3570|1|FAILED|3
28770154_3571|1|FAILED|3
28770154_3572|1|FAILED|3
28770154_3573|1|FAILED|3
28770154_3574|1|FAILED|3
28770154_3575|1|FAILED|3
28770154_3576|1|FAILED|3
28770154_3577|1|FAILED|3
28770154_3578|1|FAILED|3
28770154_3579|1|FAILED|3
28770154_3580|1|FAILED|3
28770154_3581|1|FAILED|3
28770154_3582|1|FAILED|3
28770154_3583|0|FAILED|3
28770154_3584|0|FAILED|3
28770154_3585|0|FAILED|3
28770154_3586|0|FAILED|3
28770154_3587|0|FAILED|3
28770154_3588|0|FAILED|3
28770154_3589|0|FAILED|3
28770154_3590|0|FAILED|3
28770154_3591|0|FAILED|3
28770154_3592|0|FAILED|3
28770154_3593|0|FAILED|3
28770154_3594|0|FAILED|3
28770154_3595|0|FAILED|3
28770154_3596|0|FAILED|3
28770154_3597|0|FAILED|3
28770154_3598|0|FAILED|3
28770154_3599|1|FAILED|3
28770154_3600|1|FAILED|3
28770154_3601|1|FAILED|3
28770154_3602|1|FAILED|3
28770154_3603|1|FAILED|3
28770154_3604|1|FAILED|3
28770154_3605|0|FAILED|3
28770154_3606|0|FAILED|3
28770154_3607|0|FAILED|3
28770154_3608|0|FAILED|3
28770154_3609|0|FAILED|3
28770154_3610|0|FAILED|3
28770154_3611|0|FAILED|3
28770154_3612|0|FAILED|3
28770154_3613|0|FAILED|3
28770154_3614|0|FAILED|3
28770154_3615|0|FAILED|3
28770154_3616|0|FAILED|3
28770154_3617|0|FAILED|3
28770154_3618|0|FAILED|3
28770154_3619|0|FAILED|3
28770154_3620|0|FAILED|3
28770154_3621|0|FAILED|3
28770154_3622|2|FAILED|3
28770154_3623|2|FAILED|3
28770154_3624|2|FAILED|3
28770154_3625|2|FAILED|3
28770154_3626|2|FAILED|3
28770154_3627|2|FAILED|3
28770154_3628|1|FAILED|3
28770154_3629|1|FAILED|3
28770154_3630|1|FAILED|3
28770154_3631|1|FAILED|3
28770154_3632|1|FAILED|3
28770154_3633|1|FAILED|3
28770154_3634|1|FAILED|3
28770154_3635|1|FAILED|3
28770154_3636|1|FAILED|3
28770154_3637|1|FAILED|3
28770154_3638|1|FAILED|3
28770154_3639|1|FAILED|3
28770154_3640|1|FAILED|3
28770154_3641|1|FAILED|3
28770154_3642|1|FAILED|3
28770154_3643|1|FAILED|3
28770154_3644|1|FAILED|3
28770154_3645|1|FAILED|3
28770154_3646|2|FAILED|3
28770154_3647|2|FAILED|3
28770154_3648|2|FAILED|3
28770154_3649|2|FAILED|3
28770154_3650|1|FAILED|3
28770154_3651|1|FAILED|3
28770154_3652|1|FAILED|3
28770154_3653|1|FAILED|3
28770154_3654|1|FAILED|3
28770154_3655|1|FAILED|3
28770154_3656|1|FAILED|3
28770154_3657|1|FAILED|3
28770154_3658|1|FAILED|3
28770154_3659|1|FAILED|3
28770154_3660|1|FAILED|3
28770154_3661|1|FAILED|3
28770154_3662|1|FAILED|3
28770154_3663|1|FAILED|3
28770154_3664|1|FAILED|3
28770154_3665|1|FAILED|3
28770154_3666|1|FAILED|3
28770154_3667|1|FAILED|3
28770154_3668|1|FAILED|3
28770154_3669|1|FAILED|3
28770154_3670|1|FAILED|3
28770154_3671|1|FAILED|3
28770154_3672|1|FAILED|3
28770154_3673|1|FAILED|3
28770154_3674|1|FAILED|3
28770154_3675|1|FAILED|3
28770154_3676|2|FAILED|3
28770154_3677|2|FAILED|3
28770154_3678|2|FAILED|3
28770154_3679|2|FAILED|3
28770154_3680|2|FAILED|3
28770154_3681|2|FAILED|3
28770154_3682|1|FAILED|3
28770154_3683|2|FAILED|3
28770154_3684|2|FAILED|3
28770154_3685|2|FAILED|3
28770154_3686|2|FAILED|3
28770154_3687|2|FAILED|3
28770154_3688|2|FAILED|3
28770154_3689|2|FAILED|3
28770154_3690|2|FAILED|3
28770154_3691|2|FAILED|3
28770154_3692|2|FAILED|3
28770154_3693|2|FAILED|3
28770154_3694|2|FAILED|3
28770154_3695|2|FAILED|3
28770154_3696|2|FAILED|3
28770154_3697|2|FAILED|3
28770154_3698|2|FAILED|3
28770154_3699|2|FAILED|3
28770154_3700|2|FAILED|3
28770154_3701|2|FAILED|3
28770154_3702|2|FAILED|3
28770154_3703|2|FAILED|3
28770154_3704|2|FAILED|3
28770154_3705|2|FAILED|3
28770154_3706|2|FAILED|3
28770154_3707|2|FAILED|3
28770154_3708|2|FAILED|3
28770154_3709|2|FAILED|3
28770154_3710|2|FAILED|3
28770154_3711|1|FAILED|3
28770154_3712|1|FAILED|3
28770154_3713|1|FAILED|3
28770154_3714|1|FAILED|3
28770154_3715|1|FAILED|3
28770154_3716|0|FAILED|3
28770154_3717|0|FAILED|3
28770154_3718|0|FAILED|3
28770154_3719|0|FAILED|3
28770154_3720|0|FAILED|3
28770154_3721|0|FAILED|3
28770154_3722|0|FAILED|3
28770154_3723|0|FAILED|3
28770154_3724|0|FAILED|3
28770154_3725|0|FAILED|3
28770154_3726|0|FAILED|3
28770154_3727|0|FAILED|3
28770154_3728|0|FAILED|3
28770154_3729|0|FAILED|3
28770154_3730|0|FAILED|3
28770154_3731|0|FAILED|3
28770154_3732|0|FAILED|3
28770154_3733|0|FAILED|3
28770154_3734|0|FAILED|3
28770154_3735|1|FAILED|3
28770154_3736|0|FAILED|3
28770154_3737|0|FAILED|3
28770154_3738|0|FAILED|3
28770154_3739|0|FAILED|3
28770154_3740|2|FAILED|3
28770154_3741|2|FAILED|3
28770154_3742|2|FAILED|3
28770154_3743|2|FAILED|3
28770154_3744|1|FAILED|3
28770154_3745|1|FAILED|3
28770154_3746|1|FAILED|3
28770154_3747|1|FAILED|3
28770154_3748|1|FAILED|3
28770154_3749|1|FAILED|3
28770154_3750|1|FAILED|3
28770154_3751|1|FAILED|3
28770154_3752|1|FAILED|3
28770154_3753|1|FAILED|3
28770154_3754|1|FAILED|3
28770154_3755|1|FAILED|3
28770154_3756|2|FAILED|3
28770154_3757|1|FAILED|3
28770154_3758|1|FAILED|3
28770154_3759|1|FAILED|3
28770154_3760|1|FAILED|3
28770154_3761|1|FAILED|3
28770154_3762|1|FAILED|3
28770154_3763|1|FAILED|3
28770154_3764|1|FAILED|3
28770154_3765|1|FAILED|3
28770154_3766|1|FAILED|3
28770154_3767|1|FAILED|3
28770154_3768|1|FAILED|3
28770154_3769|1|FAILED|3
28770154_3770|1|FAILED|3
28770154_3771|1|FAILED|3
28770154_3772|1|FAILED|3
28770154_3773|1|FAILED|3
28770154_3774|1|FAILED|3
28770154_3775|1|FAILED|3
28770154_3776|1|FAILED|3
28770154_3777|1|FAILED|3
28770154_3778|1|FAILED|3
28770154_3779|1|FAILED|3
28770154_3780|1|FAILED|3
28770154_3781|1|FAILED|3
28770154_3782|1|FAILED|3
28770154_3783|1|FAILED|3
28770154_3784|1|FAILED|3
28770154_3785|1|FAILED|3
28770154_3786|1|FAILED|3
28770154_3787|1|FAILED|3
28770154_3788|2|FAILED|3
28770154_3789|2|FAILED|3
28770154_3790|2|FAILED|3
28770154_3791|2|FAILED|3
28770154_3792|2|FAILED|3
28770154_3793|2|FAILED|3
28770154_3794|2|FAILED|3
28770154_3795|2|FAILED|3
28770154_3796|2|FAILED|3
28770154_3797|2|FAILED|3
28770154_3798|2|FAILED|3
28770154_3799|2|FAILED|3
28770154_3800|2|FAILED|3
28770154_3801|2|FAILED|3
28770154_3802|2|FAILED|3
28770154_3803|2|FAILED|3
28770154_3804|2|FAILED|3
28770154_3805|2|FAILED|3
28770154_3806|2|FAILED|3
28770154_3807|2|FAILED|3
28770154_3808|2|FAILED|3
28770154_3809|2|FAILED|3
28770154_3810|2|FAILED|3
28770154_3811|2|FAILED|3
28770154_3812|2|FAILED|3
28770154_3813|2|FAILED|3
28770154_3814|2|FAILED|3
28770154_3815|2|FAILED|3
28770154_3816|2|FAILED|3
28770154_3817|1|FAILED|3
28770154_3818|1|FAILED|3
28770154_3819|1|FAILED|3
28770154_3820|1|FAILED|3
28770154_3821|1|FAILED|3
28770154_3822|1|FAILED|3
28770154_3823|1|FAILED|3
28770154_3824|1|FAILED|3
28770154_3825|1|FAILED|3
28770154_3826|1|FAILED|3
28770154_3827|1|FAILED|3
28770154_3828|2|FAILED|3
28770154_3829|1|FAILED|3
28770154_3830|2|FAILED|3
28770154_3831|1|FAILED|3
28770154_3832|2|FAILED|3
28770154_3833|2|FAILED|3
28770154_3834|2|FAILED|3
28770154_3835|2|FAILED|3
28770154_3836|1|FAILED|3
28770154_3837|1|FAILED|3
28770154_3838|1|FAILED|3
28770154_3839|1|FAILED|3
28770154_3840|1|FAILED|3
28770154_3841|1|FAILED|3
28770154_3842|1|FAILED|3
28770154_3843|1|FAILED|3
28770154_3844|1|FAILED|3
28770154_3845|1|FAILED|3
28770154_3846|1|FAILED|3
28770154_3847|1|FAILED|3
28770154_3848|1|FAILED|3
28770154_3849|1|FAILED|3
28770154_3850|1|FAILED|3
28770154_3851|1|FAILED|3
28770154_3852|1|FAILED|3
28770154_3853|1|FAILED|3
28770154_3854|1|FAILED|3
28770154_3855|1|FAILED|3
28770154_3856|1|FAILED|3
28770154_3857|1|FAILED|3
28770154_3858|1|FAILED|3
28770154_3859|1|FAILED|3
28770154_3860|1|FAILED|3
28770154_3861|1|FAILED|3
28770154_3862|1|FAILED|3
28770154_3863|1|FAILED|3
28770154_3864|1|FAILED|3
28770154_3865|1|FAILED|3
28770154_3866|2|FAILED|3
28770154_3867|2|FAILED|3
28770154_3868|2|FAILED|3
28770154_3869|2|FAILED|3
28770154_3870|2|FAILED|3
28770154_3871|2|FAILED|3
28770154_3872|2|FAILED|3
28770154_3873|2|FAILED|3
28770154_3874|2|FAILED|3
28770154_3875|2|FAILED|3
28770154_3876|2|FAILED|3
28770154_3877|2|FAILED|3
28770154_3878|1|FAILED|3
28770154_3879|1|FAILED|3
28770154_3880|1|FAILED|3
28770154_3881|1|FAILED|3
28770154_3882|0|FAILED|3
28770154_3883|0|FAILED|3
28770154_3884|0|FAILED|3
28770154_3885|1|FAILED|3
28770154_3886|1|FAILED|3
28770154_3887|1|FAILED|3
28770154_3888|1|FAILED|3
28770154_3889|1|FAILED|3
28770154_3890|1|FAILED|3
28770154_3891|1|FAILED|3
28770154_3892|1|FAILED|3
28770154_3893|1|FAILED|3
28770154_3894|1|FAILED|3
28770154_3895|1|FAILED|3
28770154_3896|1|FAILED|3
28770154_3897|0|FAILED|3
28770154_3898|0|FAILED|3
28770154_3899|0|FAILED|3
28770154_3900|0|FAILED|3
28770154_3901|0|FAILED|3
28770154_3902|0|FAILED|3
28770154_3903|0|FAILED|3
28770154_3904|0|FAILED|3
28770154_3905|0|FAILED|3
28770154_3906|0|FAILED|3
28770154_3907|0|FAILED|3
28770154_3908|0|FAILED|3
28770154_3909|0|FAILED|3
28770154_3910|0|FAILED|3
28770154_3911|1|FAILED|3
28770154_3912|0|FAILED|3
28770154_3913|0|FAILED|3
28770154_3914|0|FAILED|3
28770154_3915|0|FAILED|3
28770154_3916|1|FAILED|3
28770154_3917|1|FAILED|3
28770154_3918|0|FAILED|3
28770154_3919|1|FAILED|3
28770154_3920|0|FAILED|3
28770154_3921|0|FAILED|3
28770154_3922|0|FAILED|3
28770154_3923|0|FAILED|3
28770154_3924|1|FAILED|3
28770154_3925|1|FAILED|3
28770154_3926|1|FAILED|3
28770154_3927|1|FAILED|3
28770154_3928|1|FAILED|3
28770154_3929|1|FAILED|3
28770154_3930|1|FAILED|3
28770154_3931|1|FAILED|3
28770154_3932|1|FAILED|3
28770154_3933|1|FAILED|3
28770154_3934|1|FAILED|3
28770154_3935|1|FAILED|3
28770154_3936|1|FAILED|3
28770154_3937|2|FAILED|3
28770154_3938|0|FAILED|3
28770154_3939|1|FAILED|3
28770154_3940|1|FAILED|3
28770154_3941|0|FAILED|3
28770154_3942|1|FAILED|3
28770154_3943|1|FAILED|3
28770154_3944|1|FAILED|3
28770154_3945|1|FAILED|3
28770154_3946|1|FAILED|3
28770154_3947|1|FAILED|3
28770154_3948|1|FAILED|3
28770154_3949|1|FAILED|3
28770154_3950|1|FAILED|3
28770154_3951|1|FAILED|3
28770154_3952|1|FAILED|3
28770154_3953|1|FAILED|3
28770154_3954|1|FAILED|3
28770154_3955|1|FAILED|3
28770154_3956|1|FAILED|3
28770154_3957|1|FAILED|3
28770154_3958|1|FAILED|3
28770154_3959|1|FAILED|3
28770154_3960|1|FAILED|3
28770154_3961|1|FAILED|3
28770154_3962|1|FAILED|3
28770154_3963|1|FAILED|3
28770154_3964|1|FAILED|3
28770154_3965|1|FAILED|3
28770154_3966|1|FAILED|3
28770154_3967|1|FAILED|3
28770154_3968|1|FAILED|3
28770154_3969|1|FAILED|3
28770154_3970|1|FAILED|3
28770154_3971|1|FAILED|3
28770154_3972|1|FAILED|3
28770154_3973|1|FAILED|3
28770154_3974|1|FAILED|3
28770154_3975|1|FAILED|3
28770154_3976|1|FAILED|3
28770154_3977|1|FAILED|3
28770154_3978|1|FAILED|3
28770154_3979|1|FAILED|3
28770154_3980|1|FAILED|3
28770154_3981|1|FAILED|3
28770154_3982|1|FAILED|3
28770154_3983|1|FAILED|3
28770154_3984|1|FAILED|3
28770154_3985|1|FAILED|3
28770154_3986|1|FAILED|3
28770154_3987|1|FAILED|3
28770154_3988|1|FAILED|3
28770154_3989|1|FAILED|3
28770154_3990|1|FAILED|3
28770154_3991|0|FAILED|3
28770154_3992|1|FAILED|3
28770154_3993|0|FAILED|3
28770154_3994|0|FAILED|3
28770154_3995|0|FAILED|3
28770154_3996|0|FAILED|3
28770154_3997|0|FAILED|3
28770154_3998|1|FAILED|3
28770154_3999|0|FAILED|3
28770154_4000|1|FAILED|3
28770154_4001|1|FAILED|3
28770154_4002|1|FAILED|3
28770154_4003|1|FAILED|3
28770154_4004|1|FAILED|3
28770154_4005|1|FAILED|3
28770154_4006|1|FAILED|3
28770154_4007|0|FAILED|3
28770154_4008|0|FAILED|3
28770154_4009|0|FAILED|3
28770154_4010|0|FAILED|3
28770154_4011|0|FAILED|3
28770154_4012|0|FAILED|3
28770154_4013|0|FAILED|3
28770154_4014|0|FAILED|3
28770154_4015|0|FAILED|3
28770154_4016|0|FAILED|3
28770154_4017|0|FAILED|3
28770154_4018|0|FAILED|3
28770154_4019|1|FAILED|3
28770154_4020|1|FAILED|3
28770154_4021|1|FAILED|3
28770154_4022|1|FAILED|3
28770154_4023|1|FAILED|3
28770154_4024|1|FAILED|3
28770154_4025|1|FAILED|3
28770154_4026|1|FAILED|3
28770154_4027|1|FAILED|3
28770154_4028|1|FAILED|3
28770154_4029|1|FAILED|3
28770154_4030|1|FAILED|3
28770154_4031|1|FAILED|3
28770154_4032|1|FAILED|3
28770154_4033|1|FAILED|3
28770154_4034|1|FAILED|3
28770154_4035|1|FAILED|3
28770154_4036|1|FAILED|3
28770154_4037|1|FAILED|3
28770154_4038|1|FAILED|3
28770154_4039|1|FAILED|3
28770154_4040|1|FAILED|3
28770154_4041|1|FAILED|3
28770154_4042|1|FAILED|3
28770154_4043|1|FAILED|3
28770154_4044|1|FAILED|3
28770154_4045|1|FAILED|3
28770154_4046|1|FAILED|3
28770154_4047|1|FAILED|3
28770154_4048|1|FAILED|3
28770154_4049|1|FAILED|3
28770154_4050|1|FAILED|3
28770154_4051|1|FAILED|3
28770154_4052|1|FAILED|3
28770154_4053|1|FAILED|3
28770154_4054|1|FAILED|3
28770154_4055|1|FAILED|3
28770154_4056|1|FAILED|3
28770154_4057|1|FAILED|3
28770154_4058|1|FAILED|3
28770154_4059|1|FAILED|3
28770154_4060|1|FAILED|3
28770154_4061|1|FAILED|3
28770154_4062|1|FAILED|3
28770154_4063|1|FAILED|3
28770154_4064|1|FAILED|3
28770154_4065|2|FAILED|3
28770154_4066|0|FAILED|3
28770154_4067|1|FAILED|3
28770154_4068|1|FAILED|3
28770154_4069|0|FAILED|3
28770154_4070|0|FAILED|3
28770154_4071|0|FAILED|3
28770154_4072|0|FAILED|3
28770154_4073|1|FAILED|3
28770154_4074|0|FAILED|3
28770154_4075|1|FAILED|3
28770154_4076|1|FAILED|3
28770154_4077|1|FAILED|3
28770154_4078|1|FAILED|3
28770154_4079|1|FAILED|3
28770154_4080|1|FAILED|3
28770154_4081|1|FAILED|3
28770154_4082|1|FAILED|3
28770154_4083|1|FAILED|3
28770154_4084|1|FAILED|3
28770154_4085|1|FAILED|3
28770154_4086|1|FAILED|3
28770154_4087|1|FAILED|3
28770154_4088|1|FAILED|3
28770154_4089|1|FAILED|3
28770154_4090|1|FAILED|3
28770154_4091|0|FAILED|3
28770154_4092|0|FAILED|3
28770154_4093|0|FAILED|3
28770154_4094|0|FAILED|3
28770154_4095|0|FAILED|3
28770154_4096|0|FAILED|3
28770154_4097|0|FAILED|3
28770154_4098|0|FAILED|3
28770154_4099|0|FAILED|3
28770154_4100|0|FAILED|3
28770154_4101|0|FAILED|3
28770154_4102|0|FAILED|3
28770154_4103|0|FAILED|3
28770154_4104|0|FAILED|3
28770154_4105|1|FAILED|3
28770154_4106|1|FAILED|3
28770154_4107|1|FAILED|3
28770154_4108|1|FAILED|3
28770154_4109|1|FAILED|3
28770154_4110|1|FAILED|3
28770154_4111|1|FAILED|3
28770154_4112|1|FAILED|3
28770154_4113|1|FAILED|3
28770154_4114|1|FAILED|3
28770154_4115|1|FAILED|3
28770154_4116|0|FAILED|3
28770154_4117|0|FAILED|3
28770154_4118|0|FAILED|3
28770154_4119|0|FAILED|3
28770154_4120|0|FAILED|3
28770154_4121|0|FAILED|3
28770154_4122|0|FAILED|3
28770154_4123|0|FAILED|3
28770154_4124|0|FAILED|3
28770154_4125|1|FAILED|3
28770154_4126|0|FAILED|3
28770154_4127|0|FAILED|3
28770154_4128|0|FAILED|3
28770154_4129|1|FAILED|3
28770154_4130|0|FAILED|3
28770154_4131|0|FAILED|3
28770154_4132|1|FAILED|3
28770154_4133|1|FAILED|3
28770154_4134|1|FAILED|3
28770154_4135|0|FAILED|3
28770154_4136|0|FAILED|3
28770154_4137|0|FAILED|3
28770154_4138|0|FAILED|3
28770154_4139|0|FAILED|3
28770154_4140|0|FAILED|3
28770154_4141|0|FAILED|3
28770154_4142|0|FAILED|3
28770154_4143|0|FAILED|3
28770154_4144|0|FAILED|3
28770154_4145|0|FAILED|3
28770154_4146|0|FAILED|3
28770154_4147|0|FAILED|3
28770154_4148|0|FAILED|3
28770154_4149|0|FAILED|3
28770154_4150|0|FAILED|3
28770154_4151|0|FAILED|3
28770154_4152|1|FAILED|3
28770154_4153|1|FAILED|3
28770154_4154|1|FAILED|3
28770154_4155|0|FAILED|3
28770154_4156|1|FAILED|3
28770154_4157|0|FAILED|3
28770154_4158|1|FAILED|3
28770154_4159|1|FAILED|3
28770154_4160|1|FAILED|3
28770154_4161|1|FAILED|3
28770154_4162|1|FAILED|3
28770154_4163|1|FAILED|3
28770154_4164|0|FAILED|3
28770154_4165|0|FAILED|3
28770154_4166|0|FAILED|3
28770154_4167|0|FAILED|3
28770154_4168|0|FAILED|3
28770154_4169|0|FAILED|3
28770154_4170|0|FAILED|3
28770154_4171|0|FAILED|3
28770154_4172|0|FAILED|3
28770154_4173|0|FAILED|3
28770154_4174|0|FAILED|3
28770154_4175|0|FAILED|3
28770154_4176|0|FAILED|3
28770154_4177|0|FAILED|3
28770154_4178|0|FAILED|3
28770154_4179|0|FAILED|3
28770154_4180|0|FAILED|3
28770154_4181|0|FAILED|3
28770154_4182|1|FAILED|3
28770154_4183|0|FAILED|3
28770154_4184|1|FAILED|3
28770154_4185|0|FAILED|3
28770154_4186|1|FAILED|3
28770154_4187|1|FAILED|3
28770154_4188|1|FAILED|3
28770154_4189|1|FAILED|3
28770154_4190|1|FAILED|3
28770154_4191|1|FAILED|3
28770154_4192|1|FAILED|3
28770154_4193|1|FAILED|3
28770154_4194|1|FAILED|3
28770154_4195|1|FAILED|3
28770154_4196|1|FAILED|3
28770154_4197|1|FAILED|3
28770154_4198|1|FAILED|3
28770154_4199|1|FAILED|3
28770154_4200|1|FAILED|3
28770154_4201|1|FAILED|3
28770154_4202|1|FAILED|3
28770154_4203|1|FAILED|3
28770154_4204|1|FAILED|3
28770154_4205|1|FAILED|3
28770154_4206|1|FAILED|3
28770154_4207|1|FAILED|3
28770154_4208|1|FAILED|3
28770154_4209|1|FAILED|3
28770154_4210|1|FAILED|3
28770154_4211|1|FAILED|3
28770154_4212|2|FAILED|3
28770154_4213|2|FAILED|3
28770154_4214|2|FAILED|3
28770154_4215|1|FAILED|3
28770154_4216|2|FAILED|3
28770154_4217|1|FAILED|3
28770154_4218|2|FAILED|3
28770154_4219|1|FAILED|3
28770154_4220|2|FAILED|3
28770154_4221|2|FAILED|3
28770154_4222|2|FAILED|3
28770154_4223|2|FAILED|3
28770154_4224|2|FAILED|3
28770154_4225|2|FAILED|3
28770154_4226|1|FAILED|3
28770154_4227|1|FAILED|3
28770154_4228|1|FAILED|3
28770154_4229|1|FAILED|3
28770154_4230|1|FAILED|3
28770154_4231|1|FAILED|3
28770154_4232|1|FAILED|3
28770154_4233|1|FAILED|3
28770154_4234|1|FAILED|3
28770154_4235|1|FAILED|3
28770154_4236|1|FAILED|3
28770154_4237|1|FAILED|3
28770154_4238|1|FAILED|3
28770154_4239|1|FAILED|3
28770154_4240|1|FAILED|3
28770154_4241|1|FAILED|3
28770154_4242|1|FAILED|3
28770154_4243|1|FAILED|3
28770154_4244|1|FAILED|3
28770154_4245|2|FAILED|3
28770154_4246|1|FAILED|3
28770154_4247|0|FAILED|3
28770154_4248|0|FAILED|3
28770154_4249|0|FAILED|3
28770154_4250|0|FAILED|3
28770154_4251|1|FAILED|3
28770154_4252|1|FAILED|3
28770154_4253|1|FAILED|3
28770154_4254|1|FAILED|3
28770154_4255|1|FAILED|3
28770154_4256|1|FAILED|3
28770154_4257|1|FAILED|3
28770154_4258|1|FAILED|3
28770154_4259|1|FAILED|3
28770154_4260|1|FAILED|3
28770154_4261|1|FAILED|3
28770154_4262|1|FAILED|3
28770154_4263|1|FAILED|3
28770154_4264|1|FAILED|3
28770154_4265|1|FAILED|3
28770154_4266|1|FAILED|3
28770154_4267|1|FAILED|3
28770154_4268|1|FAILED|3
28770154_4269|1|FAILED|3
28770154_4270|1|FAILED|3
28770154_4271|1|FAILED|3
28770154_4272|1|FAILED|3
28770154_4273|1|FAILED|3
28770154_4274|1|FAILED|3
28770154_4275|1|FAILED|3
28770154_4276|1|FAILED|3
28770154_4277|1|FAILED|3
28770154_4278|1|FAILED|3
28770154_4279|1|FAILED|3
28770154_4280|1|FAILED|3
28770154_4281|0|FAILED|3
28770154_4282|0|FAILED|3
28770154_4283|0|FAILED|3
28770154_4284|0|FAILED|3
28770154_4285|0|FAILED|3
28770154_4286|0|FAILED|3
28770154_4287|0|FAILED|3
28770154_4288|1|FAILED|3
28770154_4289|1|FAILED|3
28770154_4290|1|FAILED|3
28770154_4291|1|FAILED|3
28770154_4292|1|FAILED|3
28770154_4293|1|FAILED|3
28770154_4294|1|FAILED|3
28770154_4295|1|FAILED|3
28770154_4296|0|FAILED|3
28770154_4297|0|FAILED|3
28770154_4298|0|FAILED|3
28770154_4299|0|FAILED|3
28770154_4300|0|FAILED|3
28770154_4301|0|FAILED|3
28770154_4302|0|FAILED|3
28770154_4303|0|FAILED|3
28770154_4304|0|FAILED|3
28770154_4305|0|FAILED|3
28770154_4306|0|FAILED|3
28770154_4307|0|FAILED|3
28770154_4308|0|FAILED|3
28770154_4309|0|FAILED|3
28770154_4310|1|FAILED|3
28770154_4311|1|FAILED|3
28770154_4312|1|FAILED|3
28770154_4313|0|FAILED|3
28770154_4314|1|FAILED|3
28770154_4315|1|FAILED|3
28770154_4316|1|FAILED|3
28770154_4317|1|FAILED|3
28770154_4318|1|FAILED|3
28770154_4319|1|FAILED|3
28770154_4320|1|FAILED|3
28770154_4321|1|FAILED|3
28770154_4322|1|FAILED|3
28770154_4323|1|FAILED|3
28770154_4324|1|FAILED|3
28770154_4325|1|FAILED|3
28770154_4326|1|FAILED|3
28770154_4327|1|FAILED|3
28770154_4328|1|FAILED|3
28770154_4329|1|FAILED|3
28770154_4330|1|FAILED|3
28770154_4331|1|FAILED|3
28770154_4332|1|FAILED|3
28770154_4333|1|FAILED|3
28770154_4334|1|FAILED|3
28770154_4335|1|FAILED|3
28770154_4336|1|FAILED|3
28770154_4337|1|FAILED|3
28770154_4338|1|FAILED|3
28770154_4339|1|FAILED|3
28770154_4340|1|FAILED|3
28770154_4341|1|FAILED|3
28770154_4342|1|FAILED|3
28770154_4343|1|FAILED|3
28770154_4344|1|FAILED|3
28770154_4345|1|FAILED|3
28770154_4346|1|FAILED|3
28770154_4347|1|FAILED|3
28770154_4348|1|FAILED|3
28770154_4349|1|FAILED|3
28770154_4350|0|FAILED|3
28770154_4351|0|FAILED|3
28770154_4352|1|FAILED|3
28770154_4353|1|FAILED|3
28770154_4354|1|FAILED|3
28770154_4355|1|FAILED|3
28770154_4356|1|FAILED|3
28770154_4357|1|FAILED|3
28770154_4358|1|FAILED|3
28770154_4359|1|FAILED|3
28770154_4360|1|FAILED|3
28770154_4361|1|FAILED|3
28770154_4362|1|FAILED|3
28770154_4363|1|FAILED|3
28770154_4364|1|FAILED|3
28770154_4365|1|FAILED|3
28770154_4366|1|FAILED|3
28770154_4367|1|FAILED|3
28770154_4368|0|FAILED|3
28770154_4369|0|FAILED|3
28770154_4370|0|FAILED|3
28770154_4371|0|FAILED|3
28770154_4372|0|FAILED|3
28770154_4373|0|FAILED|3
28770154_4374|1|FAILED|3
28770154_4375|0|FAILED|3
28770154_4376|1|FAILED|3
28770154_4377|0|FAILED|3
28770154_4378|1|FAILED|3
28770154_4379|1|FAILED|3
28770154_4380|1|FAILED|3
28770154_4381|1|FAILED|3
28770154_4382|0|FAILED|3
28770154_4383|1|FAILED|3
28770154_4384|1|FAILED|3
28770154_4385|1|FAILED|3
28770154_4386|1|FAILED|3
28770154_4387|1|FAILED|3
28770154_4388|1|FAILED|3
28770154_4389|1|FAILED|3
28770154_4390|2|FAILED|3
28770154_4391|2|FAILED|3
28770154_4392|2|FAILED|3
28770154_4393|2|FAILED|3
28770154_4394|2|FAILED|3
28770154_4395|2|FAILED|3
28770154_4396|2|FAILED|3
28770154_4397|2|FAILED|3
28770154_4398|2|FAILED|3
28770154_4399|1|FAILED|3
28770154_4400|1|FAILED|3
28770154_4401|1|FAILED|3
28770154_4402|1|FAILED|3
28770154_4403|1|FAILED|3
28770154_4404|1|FAILED|3
28770154_4405|1|FAILED|3
28770154_4406|1|FAILED|3
28770154_4407|1|FAILED|3
28770154_4408|1|FAILED|3
28770154_4409|1|FAILED|3
28770154_4410|1|FAILED|3
28770154_4411|1|FAILED|3
28770154_4412|0|FAILED|3
28770154_4413|0|FAILED|3
28770154_4414|1|FAILED|3
28770154_4415|2|FAILED|3
28770154_4416|1|FAILED|3
28770154_4417|2|FAILED|3
28770154_4418|1|FAILED|3
28770154_4419|0|FAILED|3
28770154_4420|0|FAILED|3
28770154_4421|0|FAILED|3
28770154_4422|1|FAILED|3
28770154_4423|0|FAILED|3
28770154_4424|0|FAILED|3
28770154_4425|0|FAILED|3
28770154_4426|0|FAILED|3
28770154_4427|1|FAILED|3
28770154_4428|0|FAILED|3
28770154_4429|0|FAILED|3
28770154_4430|1|FAILED|3
28770154_4431|1|FAILED|3
28770154_4432|1|FAILED|3
28770154_4433|1|FAILED|3
28770154_4434|1|FAILED|3
28770154_4435|1|FAILED|3
28770154_4436|1|FAILED|3
28770154_4437|1|FAILED|3
28770154_4438|1|FAILED|3
28770154_4439|1|FAILED|3
28770154_4440|1|FAILED|3
28770154_4441|1|FAILED|3
28770154_4442|1|FAILED|3
28770154_4443|1|FAILED|3
28770154_4444|1|FAILED|3
28770154_4445|1|FAILED|3
28770154_4446|1|FAILED|3
28770154_4447|1|FAILED|3
28770154_4448|1|FAILED|3
28770154_4449|1|FAILED|3
28770154_4450|1|FAILED|3
28770154_4451|1|FAILED|3
28770154_4452|1|FAILED|3
28770154_4453|1|FAILED|3
28770154_4454|1|FAILED|3
28770154_4455|1|FAILED|3
28770154_4456|1|FAILED|3
28770154_4457|1|FAILED|3
28770154_4458|1|FAILED|3
28770154_4459|1|FAILED|3
28770154_4460|1|FAILED|3
28770154_4461|1|FAILED|3
28770154_4462|1|FAILED|3
28770154_4463|1|FAILED|3
28770154_4464|1|FAILED|3
28770154_4465|1|FAILED|3
28770154_4466|1|FAILED|3
28770154_4467|1|FAILED|3
28770154_4468|1|FAILED|3
28770154_4469|1|FAILED|3
28770154_4470|1|FAILED|3
28770154_4471|1|FAILED|3
28770154_4472|1|FAILED|3
28770154_4473|1|FAILED|3
28770154_4474|1|FAILED|3
28770154_4475|1|FAILED|3
28770154_4476|1|FAILED|3
28770154_4477|1|FAILED|3
28770154_4478|1|FAILED|3
28770154_4479|1|FAILED|3
28770154_4480|1|FAILED|3
28770154_4481|1|FAILED|3
28770154_4482|1|FAILED|3
28770154_4483|1|FAILED|3
28770154_4484|1|FAILED|3
28770154_4485|1|FAILED|3
28770154_4486|1|FAILED|3
28770154_4487|1|FAILED|3
28770154_4488|1|FAILED|3
28770154_4489|1|FAILED|3
28770154_4490|1|FAILED|3
28770154_4491|1|FAILED|3
28770154_4492|1|FAILED|3
28770154_4493|1|FAILED|3
28770154_4494|1|FAILED|3
28770154_4495|1|FAILED|3
28770154_4496|1|FAILED|3
28770154_4497|1|FAILED|3
28770154_4498|1|FAILED|3
28770154_4499|1|FAILED|3
28770154_4500|1|FAILED|3
28770154_4501|1|FAILED|3
28770154_4502|1|FAILED|3
28770154_4503|1|FAILED|3
28770154_4504|1|FAILED|3
28770154_4505|1|FAILED|3
28770154_4506|1|FAILED|3
28770154_4507|1|FAILED|3
28770154_4508|1|FAILED|3
28770154_4509|1|FAILED|3
28770154_4510|1|FAILED|3
28770154_4511|2|FAILED|3
28770154_4512|2|FAILED|3
28770154_4513|2|FAILED|3
28770154_4514|1|FAILED|3
28770154_4515|1|FAILED|3
28770154_4516|1|FAILED|3
28770154_4517|1|FAILED|3
28770154_4518|1|FAILED|3
28770154_4519|1|FAILED|3
28770154_4520|1|FAILED|3
28770154_4521|0|FAILED|3
28770154_4522|0|FAILED|3
28770154_4523|0|FAILED|3
28770154_4524|0|FAILED|3
28770154_4525|0|FAILED|3
28770154_4526|0|FAILED|3
28770154_4527|0|FAILED|3
28770154_4528|1|FAILED|3
28770154_4529|1|FAILED|3
28770154_4530|1|FAILED|3
28770154_4531|1|FAILED|3
28770154_4532|1|FAILED|3
28770154_4533|1|FAILED|3
28770154_4534|1|FAILED|3
28770154_4535|1|FAILED|3
28770154_4536|1|FAILED|3
28770154_4537|1|FAILED|3
28770154_4538|1|FAILED|3
28770154_4539|1|FAILED|3
28770154_4540|0|FAILED|3
28770154_4541|0|FAILED|3
28770154_4542|0|FAILED|3
28770154_4543|0|FAILED|3
28770154_4544|0|FAILED|3
28770154_4545|0|FAILED|3
28770154_4546|0|FAILED|3
28770154_4547|0|FAILED|3
28770154_4548|0|FAILED|3
28770154_4549|0|FAILED|3
28770154_4550|0|FAILED|3
28770154_4551|0|FAILED|3
28770154_4552|0|FAILED|3
28770154_4553|0|FAILED|3
28770154_4554|0|FAILED|3
28770154_4555|0|FAILED|3
28770154_4556|0|FAILED|3
28770154_4557|0|FAILED|3
28770154_4558|1|FAILED|3
28770154_4559|0|FAILED|3
28770154_4560|0|FAILED|3
28770154_4561|0|FAILED|3
28770154_4562|1|FAILED|3
28770154_4563|1|FAILED|3
28770154_4564|0|FAILED|3
28770154_4565|1|FAILED|3
28770154_4566|1|FAILED|3
28770154_4567|0|FAILED|3
28770154_4568|2|FAILED|3
28770154_4569|1|FAILED|3
28770154_4570|1|FAILED|3
28770154_4571|1|FAILED|3
28770154_4572|1|FAILED|3
28770154_4573|1|FAILED|3
28770154_4574|1|FAILED|3
28770154_4575|1|FAILED|3
28770154_4576|1|FAILED|3
28770154_4577|1|FAILED|3
28770154_4578|1|FAILED|3
28770154_4579|1|FAILED|3
28770154_4580|1|FAILED|3
28770154_4581|1|FAILED|3
28770154_4582|1|FAILED|3
28770154_4583|1|FAILED|3
28770154_4584|1|FAILED|3
28770154_4585|1|FAILED|3
28770154_4586|1|FAILED|3
28770154_4587|1|FAILED|3
28770154_4588|1|FAILED|3
28770154_4589|1|FAILED|3
28770154_4590|1|FAILED|3
28770154_4591|1|FAILED|3
28770154_4592|1|FAILED|3
28770154_4593|1|FAILED|3
28770154_4594|1|FAILED|3
28770154_4595|1|FAILED|3
28770154_4596|1|FAILED|3
28770154_4597|1|FAILED|3
28770154_4598|1|FAILED|3
28770154_4599|1|FAILED|3
28770154_4600|1|FAILED|3
28770154_4601|1|FAILED|3
28770154_4602|1|FAILED|3
28770154_4603|1|FAILED|3
28770154_4604|1|FAILED|3
28770154_4605|1|FAILED|3
28770154_4606|1|FAILED|3
28770154_4607|1|FAILED|3
28770154_4608|1|FAILED|3
28770154_4609|1|FAILED|3
28770154_4610|1|FAILED|3
28770154_4611|1|FAILED|3
28770154_4612|1|FAILED|3
28770154_4613|1|FAILED|3
28770154_4614|1|FAILED|3
28770154_4615|1|FAILED|3
28770154_4616|1|FAILED|3
28770154_4617|1|FAILED|3
28770154_4618|2|FAILED|3
28770154_4619|1|FAILED|3
28770154_4620|2|FAILED|3
28770154_4621|2|FAILED|3
28770154_4622|1|FAILED|3
28770154_4623|1|FAILED|3
28770154_4624|1|FAILED|3
28770154_4625|1|FAILED|3
28770154_4626|1|FAILED|3
28770154_4627|0|FAILED|3
28770154_4628|0|FAILED|3
28770154_4629|0|FAILED|3
28770154_4630|0|FAILED|3
28770154_4631|0|FAILED|3
28770154_4632|1|FAILED|3
28770154_4633|1|FAILED|3
28770154_4634|1|FAILED|3
28770154_4635|1|FAILED|3
28770154_4636|1|FAILED|3
28770154_4637|1|FAILED|3
28770154_4638|2|FAILED|3
28770154_4639|2|FAILED|3
28770154_4640|2|FAILED|3
28770154_4641|2|FAILED|3
28770154_4642|1|FAILED|3
28770154_4643|1|FAILED|3
28770154_4644|1|FAILED|3
28770154_4645|1|FAILED|3
28770154_4646|1|FAILED|3
28770154_4647|1|FAILED|3
28770154_4648|1|FAILED|3
28770154_4649|1|FAILED|3
28770154_4650|1|FAILED|3
28770154_4651|1|FAILED|3
28770154_4652|1|FAILED|3
28770154_4653|1|FAILED|3
28770154_4654|1|FAILED|3
28770154_4655|0|FAILED|3
28770154_4656|0|FAILED|3
28770154_4657|0|FAILED|3
28770154_4658|0|FAILED|3
28770154_4659|0|FAILED|3
28770154_4660|0|FAILED|3
28770154_4661|0|FAILED|3
28770154_4662|0|FAILED|3
28770154_4663|0|FAILED|3
28770154_4664|1|FAILED|3
28770154_4665|1|FAILED|3
28770154_4666|2|FAILED|3
28770154_4667|1|FAILED|3
28770154_4668|1|FAILED|3
28770154_4669|1|FAILED|3
28770154_4670|1|FAILED|3
28770154_4671|1|FAILED|3
28770154_4672|1|FAILED|3
28770154_4673|1|FAILED|3
28770154_4674|0|FAILED|3
28770154_4675|1|FAILED|3
28770154_4676|1|FAILED|3
28770154_4677|0|FAILED|3
28770154_4678|1|FAILED|3
28770154_4679|0|FAILED|3
28770154_4680|1|FAILED|3
28770154_4681|1|FAILED|3
28770154_4682|1|FAILED|3
28770154_4683|1|FAILED|3
28770154_4684|1|FAILED|3
28770154_4685|1|FAILED|3
28770154_4686|1|FAILED|3
28770154_4687|1|FAILED|3
28770154_4688|1|FAILED|3
28770154_4689|1|FAILED|3
28770154_4690|1|FAILED|3
28770154_4691|0|FAILED|3
28770154_4692|1|FAILED|3
28770154_4693|1|FAILED|3
28770154_4694|1|FAILED|3
28770154_4695|1|FAILED|3
28770154_4696|1|FAILED|3
28770154_4697|1|FAILED|3
28770154_4698|1|FAILED|3
28770154_4699|1|FAILED|3
28770154_4700|1|FAILED|3
28770154_4701|1|FAILED|3
28770154_4702|1|FAILED|3
28770154_4703|1|FAILED|3
28770154_4704|1|FAILED|3
28770154_4705|1|FAILED|3
28770154_4706|1|FAILED|3
28770154_4707|1|FAILED|3
28770154_4708|1|FAILED|3
28770154_4709|1|FAILED|3
28770154_4710|1|FAILED|3
28770154_4711|1|FAILED|3
28770154_4712|1|FAILED|3
28770154_4713|1|FAILED|3
28770154_4714|1|FAILED|3
28770154_4715|1|FAILED|3
28770154_4716|1|FAILED|3
28770154_4717|1|FAILED|3
28770154_4718|1|FAILED|3
28770154_4719|1|FAILED|3
28770154_4720|1|FAILED|3
28770154_4721|1|FAILED|3
28770154_4722|1|FAILED|3
28770154_4723|1|FAILED|3
28770154_4724|1|FAILED|3
28770154_4725|1|FAILED|3
28770154_4726|1|FAILED|3
28770154_4727|1|FAILED|3
28770154_4728|1|FAILED|3
28770154_4729|1|FAILED|3
28770154_4730|1|FAILED|3
28770154_4731|1|FAILED|3
28770154_4732|1|FAILED|3
28770154_4733|1|FAILED|3
28770154_4734|1|FAILED|3
28770154_4735|1|FAILED|3
28770154_4736|1|FAILED|3
28770154_4737|1|FAILED|3
28770154_4738|1|FAILED|3
28770154_4739|1|FAILED|3
28770154_4740|1|FAILED|3
28770154_4741|1|FAILED|3
28770154_4742|1|FAILED|3
28770154_4743|0|FAILED|3
28770154_4744|0|FAILED|3
28770154_4745|0|FAILED|3
28770154_4746|0|FAILED|3
28770154_4747|0|FAILED|3
28770154_4748|0|FAILED|3
28770154_4749|0|FAILED|3
28770154_4750|0|FAILED|3
28770154_4751|0|FAILED|3
28770154_4752|0|FAILED|3
28770154_4753|0|FAILED|3
28770154_4754|0|FAILED|3
28770154_4755|0|FAILED|3
28770154_4756|0|FAILED|3
28770154_1713|52252|COMPLETED|3
28770154_821|34632|COMPLETED|3
28770154_656|1|FAILED|3
28770154_1994|2|FAILED|3
28767724_1|1183|CANCELLED by 2738|3
28767724_2|1183|CANCELLED by 2738|3
28767724_3|1183|CANCELLED by 2738|3
28767724_4|1183|CANCELLED by 2738|3
28767724_5|1183|CANCELLED by 2738|3
28767724_6|1183|CANCELLED by 2738|3
28767724_7|1183|CANCELLED by 2738|3
28767724_8|1183|CANCELLED by 2738|3
28767724_9|1183|CANCELLED by 2738|3
28767724_10|1183|CANCELLED by 2738|3
28767724_11|1183|CANCELLED by 2738|3
28767724_12|1183|CANCELLED by 2738|3
28767724_13|1183|CANCELLED by 2738|3
28767724_14|1183|CANCELLED by 2738|3
28767724_15|1183|CANCELLED by 2738|3
28767724_16|1183|CANCELLED by 2738|3
28767724_17|1183|CANCELLED by 2738|3
28767724_18|1183|CANCELLED by 2738|3
28767724_19|1183|CANCELLED by 2738|3
28767724_20|1183|CANCELLED by 2738|3
28767724_21|1183|CANCELLED by 2738|3
28767724_22|1183|CANCELLED by 2738|3
28767724_23|1183|CANCELLED by 2738|3
28767724_24|1183|CANCELLED by 2738|3
28767724_25|1183|CANCELLED by 2738|3
28767724_26|1183|CANCELLED by 2738|3
28767724_27|1183|CANCELLED by 2738|3
28767724_28|1183|CANCELLED by 2738|3
28767724_29|1183|CANCELLED by 2738|3
28767724_30|1183|CANCELLED by 2738|3
28767724_31|1183|CANCELLED by 2738|3
28767724_32|1183|CANCELLED by 2738|3
28767724_33|1183|CANCELLED by 2738|3
28767724_34|1183|CANCELLED by 2738|3
28767724_35|1183|CANCELLED by 2738|3
28767724_36|1183|CANCELLED by 2738|3
28767724_37|1183|CANCELLED by 2738|3
28767724_38|1183|CANCELLED by 2738|3
28767724_39|1183|CANCELLED by 2738|3
28767724_40|1183|CANCELLED by 2738|3
28767724_41|1183|CANCELLED by 2738|3
28767724_42|1183|CANCELLED by 2738|3
28767724_43|1183|CANCELLED by 2738|3
28767724_44|1183|CANCELLED by 2738|3
28767724_45|1183|CANCELLED by 2738|3
28767724_46|1183|CANCELLED by 2738|3
28767724_47|1183|CANCELLED by 2738|3
28767724_48|1183|CANCELLED by 2738|3
28767724_49|1183|CANCELLED by 2738|3
28767724_50|1183|CANCELLED by 2738|3
28767724_51|1183|CANCELLED by 2738|3
28767724_52|1183|CANCELLED by 2738|3
28767724_53|1182|CANCELLED by 2738|3
28767724_54|1182|CANCELLED by 2738|3
28767724_55|1182|CANCELLED by 2738|3
28767724_56|1182|CANCELLED by 2738|3
28767724_57|1182|CANCELLED by 2738|3
28767724_58|1182|CANCELLED by 2738|3
28767724_59|1182|CANCELLED by 2738|3
28767724_60|1182|CANCELLED by 2738|3
28767724_61|1182|CANCELLED by 2738|3
28767724_62|1182|CANCELLED by 2738|3
28767724_63|1182|CANCELLED by 2738|3
28767724_64|1182|CANCELLED by 2738|3
28767724_65|1182|CANCELLED by 2738|3
28767724_66|1182|CANCELLED by 2738|3
28767724_67|1182|CANCELLED by 2738|3
28767724_68|1182|CANCELLED by 2738|3
28767724_69|1182|CANCELLED by 2738|3
28767724_70|1182|CANCELLED by 2738|3
28767724_71|1182|CANCELLED by 2738|3
28767724_72|1182|CANCELLED by 2738|3
28767724_73|1182|CANCELLED by 2738|3
28767724_74|1182|CANCELLED by 2738|3
28767724_75|1182|CANCELLED by 2738|3
28767724_76|1182|CANCELLED by 2738|3
28767724_77|1182|CANCELLED by 2738|3
28767724_78|1182|CANCELLED by 2738|3
28767724_79|1182|CANCELLED by 2738|3
28767724_80|1182|CANCELLED by 2738|3
28767724_81|1182|CANCELLED by 2738|3
28767724_82|1182|CANCELLED by 2738|3
28767724_83|1182|CANCELLED by 2738|3
28767724_84|1182|CANCELLED by 2738|3
28767724_85|1182|CANCELLED by 2738|3
28767724_86|1182|CANCELLED by 2738|3
28767724_87|1182|CANCELLED by 2738|3
28767724_88|1182|CANCELLED by 2738|3
28767724_89|1181|CANCELLED by 2738|3
28767724_90|1181|CANCELLED by 2738|3
28767724_91|1181|CANCELLED by 2738|3
28767724_92|1181|CANCELLED by 2738|3
28767724_93|1181|CANCELLED by 2738|3
28767724_94|1181|CANCELLED by 2738|3
28767724_95|1181|CANCELLED by 2738|3
28767724_96|1181|CANCELLED by 2738|3
28767724_97|1181|CANCELLED by 2738|3
28767724_98|1181|CANCELLED by 2738|3
28767724_99|1181|CANCELLED by 2738|3
28767724_100|1181|CANCELLED by 2738|3
28767724_101|1181|CANCELLED by 2738|3
28767724_102|1181|CANCELLED by 2738|3
28767724_103|1181|CANCELLED by 2738|3
28767724_104|1181|CANCELLED by 2738|3
28767724_105|1181|CANCELLED by 2738|3
28767724_106|1181|CANCELLED by 2738|3
28767724_107|1181|CANCELLED by 2738|3
28767724_108|1181|CANCELLED by 2738|3
28767724_109|1181|CANCELLED by 2738|3
28767724_110|1181|CANCELLED by 2738|3
28767724_111|1181|CANCELLED by 2738|3
28767724_112|1181|CANCELLED by 2738|3
28767724_113|1181|CANCELLED by 2738|3
28767724_114|1181|CANCELLED by 2738|3
28767724_115|1181|CANCELLED by 2738|3
28767724_116|1181|CANCELLED by 2738|3
28767724_117|1181|CANCELLED by 2738|3
28767724_118|1181|CANCELLED by 2738|3
28767724_119|1181|CANCELLED by 2738|3
28767724_120|1181|CANCELLED by 2738|3
28767724_121|1181|CANCELLED by 2738|3
28767724_122|1181|CANCELLED by 2738|3
28767724_123|1180|CANCELLED by 2738|3
28767724_124|1180|CANCELLED by 2738|3
28767724_125|1180|CANCELLED by 2738|3
28767724_126|1180|CANCELLED by 2738|3
28767724_127|1180|CANCELLED by 2738|3
28767724_128|1180|CANCELLED by 2738|3
28767724_129|1180|CANCELLED by 2738|3
28767724_130|1180|CANCELLED by 2738|3
28767724_131|1180|CANCELLED by 2738|3
28767724_132|1180|CANCELLED by 2738|3
28767724_133|1180|CANCELLED by 2738|3
28767724_134|1180|CANCELLED by 2738|3
28767724_135|1180|CANCELLED by 2738|3
28767724_136|1180|CANCELLED by 2738|3
28767724_137|1180|CANCELLED by 2738|3
28767724_138|1179|CANCELLED by 2738|3
28767724_139|1179|CANCELLED by 2738|3
28767724_140|1179|CANCELLED by 2738|3
28767724_141|1179|CANCELLED by 2738|3
28767724_142|1179|CANCELLED by 2738|3
28767724_143|1179|CANCELLED by 2738|3
28767724_144|1179|CANCELLED by 2738|3
28767724_145|1179|CANCELLED by 2738|3
28767724_146|1179|CANCELLED by 2738|3
28767724_147|1179|CANCELLED by 2738|3
28767724_148|1179|CANCELLED by 2738|3
28767724_149|1179|CANCELLED by 2738|3
28767724_150|1179|CANCELLED by 2738|3
28767724_151|1179|CANCELLED by 2738|3
28767724_152|1179|CANCELLED by 2738|3
28767724_153|1179|CANCELLED by 2738|3
28767724_154|1179|CANCELLED by 2738|3
28767724_155|1179|CANCELLED by 2738|3
28767724_156|1179|CANCELLED by 2738|3
28767724_157|1179|CANCELLED by 2738|3
28767724_158|1179|CANCELLED by 2738|3
28767724_159|1179|CANCELLED by 2738|3
28767724_160|1179|CANCELLED by 2738|3
28767724_161|1179|CANCELLED by 2738|3
28767724_162|1179|CANCELLED by 2738|3
28767724_163|1179|CANCELLED by 2738|3
28767724_164|1179|CANCELLED by 2738|3
28767724_165|1179|CANCELLED by 2738|3
28767724_166|1179|CANCELLED by 2738|3
28767724_167|1179|CANCELLED by 2738|3
28767724_168|1179|CANCELLED by 2738|3
28767724_169|1179|CANCELLED by 2738|3
28767724_170|1179|CANCELLED by 2738|3
28767724_171|1179|CANCELLED by 2738|3
28767724_172|1179|CANCELLED by 2738|3
28767724_173|1179|CANCELLED by 2738|3
28767724_174|1179|CANCELLED by 2738|3
28767724_175|1179|CANCELLED by 2738|3
28767724_176|1179|CANCELLED by 2738|3
28767724_177|1179|CANCELLED by 2738|3
28767724_178|1179|CANCELLED by 2738|3
28767724_179|1179|CANCELLED by 2738|3
28767724_180|1179|CANCELLED by 2738|3
28767724_181|1179|CANCELLED by 2738|3
28767724_182|1179|CANCELLED by 2738|3
28767724_183|1179|CANCELLED by 2738|3
28767724_184|1179|CANCELLED by 2738|3
28767724_185|1179|CANCELLED by 2738|3
28767724_186|1179|CANCELLED by 2738|3
28767724_187|1179|CANCELLED by 2738|3
28767724_188|1179|CANCELLED by 2738|3
28767724_189|1179|CANCELLED by 2738|3
28767724_190|1179|CANCELLED by 2738|3
28767724_191|1179|CANCELLED by 2738|3
28767724_192|1179|CANCELLED by 2738|3
28767724_193|1178|CANCELLED by 2738|3
28767724_194|1178|CANCELLED by 2738|3
28767724_195|1178|CANCELLED by 2738|3
28767724_196|1178|CANCELLED by 2738|3
28767724_197|1178|CANCELLED by 2738|3
28767724_198|1178|CANCELLED by 2738|3
28767724_199|1178|CANCELLED by 2738|3
28767724_200|1178|CANCELLED by 2738|3
28767724_201|1178|CANCELLED by 2738|3
28767724_202|1178|CANCELLED by 2738|3
28767724_203|1178|CANCELLED by 2738|3
28767724_204|1178|CANCELLED by 2738|3
28767724_205|1178|CANCELLED by 2738|3
28767724_206|1178|CANCELLED by 2738|3
28767724_207|1178|CANCELLED by 2738|3
28767724_208|1178|CANCELLED by 2738|3
28767724_209|1178|CANCELLED by 2738|3
28767724_210|1178|CANCELLED by 2738|3
28767724_211|1178|CANCELLED by 2738|3
28767724_212|1178|CANCELLED by 2738|3
28767724_213|1178|CANCELLED by 2738|3
28767724_214|1178|CANCELLED by 2738|3
28767724_215|1177|CANCELLED by 2738|3
28767724_216|1177|CANCELLED by 2738|3
28767724_217|1177|CANCELLED by 2738|3
28767724_218|1177|CANCELLED by 2738|3
28767724_219|1177|CANCELLED by 2738|3
28767724_220|1177|CANCELLED by 2738|3
28767724_221|1177|CANCELLED by 2738|3
28767724_222|1177|CANCELLED by 2738|3
28767724_223|1177|CANCELLED by 2738|3
28767724_224|1177|CANCELLED by 2738|3
28767724_225|1177|CANCELLED by 2738|3
28767724_226|1177|CANCELLED by 2738|3
28767724_227|1177|CANCELLED by 2738|3
28767724_228|1177|CANCELLED by 2738|3
28767724_229|1177|CANCELLED by 2738|3
28767724_230|1177|CANCELLED by 2738|3
28767724_231|1177|CANCELLED by 2738|3
28767724_232|1177|CANCELLED by 2738|3
28767724_233|1177|CANCELLED by 2738|3
28767724_234|1177|CANCELLED by 2738|3
28767724_235|1177|CANCELLED by 2738|3
28767724_236|1177|CANCELLED by 2738|3
28767724_237|1177|CANCELLED by 2738|3
28767724_238|1177|CANCELLED by 2738|3
28767724_239|1177|CANCELLED by 2738|3
28767724_240|1177|CANCELLED by 2738|3
28767724_241|1177|CANCELLED by 2738|3
28767724_242|1177|CANCELLED by 2738|3
28767724_243|1177|CANCELLED by 2738|3
28767724_244|1177|CANCELLED by 2738|3
28767724_245|1177|CANCELLED by 2738|3
28767724_246|1177|CANCELLED by 2738|3
28767724_247|1177|CANCELLED by 2738|3
28767724_248|1177|CANCELLED by 2738|3
28767724_249|1177|CANCELLED by 2738|3
28767724_250|1177|CANCELLED by 2738|3
28767724_251|1177|CANCELLED by 2738|3
28767724_252|1177|CANCELLED by 2738|3
28767724_253|1177|CANCELLED by 2738|3
28767724_254|1177|CANCELLED by 2738|3
28767724_255|1177|CANCELLED by 2738|3
28767724_256|1177|CANCELLED by 2738|3
28767724_257|1177|CANCELLED by 2738|3
28767724_258|1177|CANCELLED by 2738|3
28767724_259|1177|CANCELLED by 2738|3
28767724_260|1177|CANCELLED by 2738|3
28767724_261|1177|CANCELLED by 2738|3
28767724_262|1177|CANCELLED by 2738|3
28767724_263|1177|CANCELLED by 2738|3
28767724_264|1177|CANCELLED by 2738|3
28767724_265|1176|CANCELLED by 2738|3
28767724_266|1176|CANCELLED by 2738|3
28767724_267|1176|CANCELLED by 2738|3
28767724_268|1176|CANCELLED by 2738|3
28767724_269|1176|CANCELLED by 2738|3
28767724_270|1176|CANCELLED by 2738|3
28767724_271|1176|CANCELLED by 2738|3
28767724_272|1176|CANCELLED by 2738|3
28767724_273|1176|CANCELLED by 2738|3
28767724_274|1176|CANCELLED by 2738|3
28767724_275|1176|CANCELLED by 2738|3
28767724_276|1176|CANCELLED by 2738|3
28767724_277|1176|CANCELLED by 2738|3
28767724_278|1176|CANCELLED by 2738|3
28767724_279|1176|CANCELLED by 2738|3
28767724_280|1176|CANCELLED by 2738|3
28767724_281|1176|CANCELLED by 2738|3
28767724_282|1176|CANCELLED by 2738|3
28767724_283|1176|CANCELLED by 2738|3
28767724_284|1176|CANCELLED by 2738|3
28767724_285|1176|CANCELLED by 2738|3
28767724_286|1176|CANCELLED by 2738|3
28767724_287|1176|CANCELLED by 2738|3
28767724_288|1176|CANCELLED by 2738|3
28767724_289|1176|CANCELLED by 2738|3
28767724_290|1176|CANCELLED by 2738|3
28767724_291|1176|CANCELLED by 2738|3
28767724_292|1176|CANCELLED by 2738|3
28767724_293|1176|CANCELLED by 2738|3
28767724_294|1176|CANCELLED by 2738|3
28767724_295|1176|CANCELLED by 2738|3
28767724_296|1176|CANCELLED by 2738|3
28767724_297|1175|CANCELLED by 2738|3
28767724_298|1175|CANCELLED by 2738|3
28767724_299|1175|CANCELLED by 2738|3
28767724_300|1175|CANCELLED by 2738|3
28767724_301|1175|CANCELLED by 2738|3
28767724_302|1175|CANCELLED by 2738|3
28767724_303|1175|CANCELLED by 2738|3
28767724_304|1175|CANCELLED by 2738|3
28767724_305|1175|CANCELLED by 2738|3
28767724_306|1175|CANCELLED by 2738|3
28767724_307|1175|CANCELLED by 2738|3
28767724_308|1175|CANCELLED by 2738|3
28767724_309|1175|CANCELLED by 2738|3
28767724_310|1175|CANCELLED by 2738|3
28767724_311|1175|CANCELLED by 2738|3
28767724_312|1175|CANCELLED by 2738|3
28767724_313|1175|CANCELLED by 2738|3
28767724_314|1175|CANCELLED by 2738|3
28767724_315|1175|CANCELLED by 2738|3
28767724_316|1175|CANCELLED by 2738|3
28767724_317|552|COMPLETED|3
28767724_318|1175|CANCELLED by 2738|3
28767724_319|1175|CANCELLED by 2738|3
28767724_320|1175|CANCELLED by 2738|3
28767724_321|1175|CANCELLED by 2738|3
28767724_322|1175|CANCELLED by 2738|3
28767724_323|1175|CANCELLED by 2738|3
28767724_324|1175|CANCELLED by 2738|3
28767724_325|1175|CANCELLED by 2738|3
28767724_326|1175|CANCELLED by 2738|3
28767724_327|1175|CANCELLED by 2738|3
28767724_328|1175|CANCELLED by 2738|3
28767724_329|1175|CANCELLED by 2738|3
28767724_330|1175|CANCELLED by 2738|3
28767724_331|1175|CANCELLED by 2738|3
28767724_332|1175|CANCELLED by 2738|3
28767724_333|1175|CANCELLED by 2738|3
28767724_334|1174|CANCELLED by 2738|3
28767724_335|1174|CANCELLED by 2738|3
28767724_336|1174|CANCELLED by 2738|3
28767724_337|1174|CANCELLED by 2738|3
28767724_338|1174|CANCELLED by 2738|3
28767724_339|1174|CANCELLED by 2738|3
28767724_340|1174|CANCELLED by 2738|3
28767724_341|1174|CANCELLED by 2738|3
28767724_342|1174|CANCELLED by 2738|3
28767724_343|1174|CANCELLED by 2738|3
28767724_344|1174|CANCELLED by 2738|3
28767724_345|1174|CANCELLED by 2738|3
28767724_346|1174|CANCELLED by 2738|3
28767724_347|1174|CANCELLED by 2738|3
28767724_348|1174|CANCELLED by 2738|3
28767724_349|1174|CANCELLED by 2738|3
28767724_350|1174|CANCELLED by 2738|3
28767724_351|1174|CANCELLED by 2738|3
28767724_352|1174|CANCELLED by 2738|3
28767724_353|1174|CANCELLED by 2738|3
28767724_354|1174|CANCELLED by 2738|3
28767724_355|1174|CANCELLED by 2738|3
28767724_356|1174|CANCELLED by 2738|3
28767724_357|1174|CANCELLED by 2738|3
28767724_358|1174|CANCELLED by 2738|3
28767724_359|1174|CANCELLED by 2738|3
28767724_360|1174|CANCELLED by 2738|3
28767724_361|1174|CANCELLED by 2738|3
28767724_362|1174|CANCELLED by 2738|3
28767724_363|1174|CANCELLED by 2738|3
28767724_364|1174|CANCELLED by 2738|3
28767724_365|1174|CANCELLED by 2738|3
28767724_366|1174|CANCELLED by 2738|3
28767724_367|1174|CANCELLED by 2738|3
28767724_368|1174|CANCELLED by 2738|3
28767724_369|1144|COMPLETED|3
28767724_370|1174|CANCELLED by 2738|3
28767724_371|1174|CANCELLED by 2738|3
28767724_372|1174|CANCELLED by 2738|3
28767724_373|1174|CANCELLED by 2738|3
28767724_374|1174|CANCELLED by 2738|3
28767724_375|1174|CANCELLED by 2738|3
28767724_376|1173|CANCELLED by 2738|3
28767724_377|1173|CANCELLED by 2738|3
28767724_378|1173|CANCELLED by 2738|3
28767724_379|1173|CANCELLED by 2738|3
28767724_380|1173|CANCELLED by 2738|3
28767724_381|1173|CANCELLED by 2738|3
28767724_382|1173|CANCELLED by 2738|3
28767724_383|1173|CANCELLED by 2738|3
28767724_384|1173|CANCELLED by 2738|3
28767724_385|1173|CANCELLED by 2738|3
28767724_386|1173|CANCELLED by 2738|3
28767724_387|1173|CANCELLED by 2738|3
28767724_388|1173|CANCELLED by 2738|3
28767724_389|1173|CANCELLED by 2738|3
28767724_390|1173|CANCELLED by 2738|3
28767724_391|1173|CANCELLED by 2738|3
28767724_392|1173|CANCELLED by 2738|3
28767724_393|1173|CANCELLED by 2738|3
28767724_394|1173|CANCELLED by 2738|3
28767724_395|1173|CANCELLED by 2738|3
28767724_396|1173|CANCELLED by 2738|3
28767724_397|1173|CANCELLED by 2738|3
28767724_398|1173|CANCELLED by 2738|3
28767724_399|1173|CANCELLED by 2738|3
28767724_400|1173|CANCELLED by 2738|3
28767724_401|1173|CANCELLED by 2738|3
28767724_402|1173|CANCELLED by 2738|3
28767724_403|1173|CANCELLED by 2738|3
28767724_404|1173|CANCELLED by 2738|3
28767724_405|1173|CANCELLED by 2738|3
28767724_406|1173|CANCELLED by 2738|3
28767724_407|1173|CANCELLED by 2738|3
28767724_408|1173|CANCELLED by 2738|3
28767724_409|1173|CANCELLED by 2738|3
28767724_410|1173|CANCELLED by 2738|3
28767724_411|1173|CANCELLED by 2738|3
28767724_412|1173|CANCELLED by 2738|3
28767724_413|1173|CANCELLED by 2738|3
28767724_414|1173|CANCELLED by 2738|3
28767724_415|1173|CANCELLED by 2738|3
28767724_416|1173|CANCELLED by 2738|3
28767724_417|1173|CANCELLED by 2738|3
28767724_418|1173|CANCELLED by 2738|3
28767724_419|1173|CANCELLED by 2738|3
28767724_420|1173|CANCELLED by 2738|3
28767724_421|1173|CANCELLED by 2738|3
28767724_422|1173|CANCELLED by 2738|3
28767724_423|1173|CANCELLED by 2738|3
28767724_424|1173|CANCELLED by 2738|3
28767724_425|1173|CANCELLED by 2738|3
28767724_426|1173|CANCELLED by 2738|3
28767724_427|1173|CANCELLED by 2738|3
28767724_428|1172|CANCELLED by 2738|3
28767724_429|1172|CANCELLED by 2738|3
28767724_430|1172|CANCELLED by 2738|3
28767724_431|1172|CANCELLED by 2738|3
28767724_432|1172|CANCELLED by 2738|3
28767724_433|1172|CANCELLED by 2738|3
28767724_434|1172|CANCELLED by 2738|3
28767724_435|1172|CANCELLED by 2738|3
28767724_436|1172|CANCELLED by 2738|3
28767724_437|1172|CANCELLED by 2738|3
28767724_438|1172|CANCELLED by 2738|3
28767724_439|1172|CANCELLED by 2738|3
28767724_440|1172|CANCELLED by 2738|3
28767724_441|1172|CANCELLED by 2738|3
28767724_442|1172|CANCELLED by 2738|3
28767724_443|1172|CANCELLED by 2738|3
28767724_444|1172|CANCELLED by 2738|3
28767724_445|1172|CANCELLED by 2738|3
28767724_446|1172|CANCELLED by 2738|3
28767724_447|1172|CANCELLED by 2738|3
28767724_448|1172|CANCELLED by 2738|3
28767724_449|1172|CANCELLED by 2738|3
28767724_450|1172|CANCELLED by 2738|3
28767724_451|1171|CANCELLED by 2738|3
28767724_452|1171|CANCELLED by 2738|3
28767724_453|1171|CANCELLED by 2738|3
28767724_454|1171|CANCELLED by 2738|3
28767724_455|1171|CANCELLED by 2738|3
28767724_456|1171|CANCELLED by 2738|3
28767724_457|1171|CANCELLED by 2738|3
28767724_458|1171|CANCELLED by 2738|3
28767724_459|1171|CANCELLED by 2738|3
28767724_460|1171|CANCELLED by 2738|3
28767724_461|1171|CANCELLED by 2738|3
28767724_462|1171|CANCELLED by 2738|3
28767724_463|1171|CANCELLED by 2738|3
28767724_464|1170|CANCELLED by 2738|3
28767724_465|1170|CANCELLED by 2738|3
28767724_466|1170|CANCELLED by 2738|3
28767724_467|1170|CANCELLED by 2738|3
28767724_468|1170|CANCELLED by 2738|3
28767724_469|1170|CANCELLED by 2738|3
28767724_470|1170|CANCELLED by 2738|3
28767724_471|1170|CANCELLED by 2738|3
28767724_472|1170|CANCELLED by 2738|3
28767724_473|1170|CANCELLED by 2738|3
28767724_474|1170|CANCELLED by 2738|3
28767724_475|1170|CANCELLED by 2738|3
28767724_476|1170|CANCELLED by 2738|3
28767724_477|1170|CANCELLED by 2738|3
28767724_478|1170|CANCELLED by 2738|3
28767724_479|1170|CANCELLED by 2738|3
28767724_480|1170|CANCELLED by 2738|3
28767724_481|1170|CANCELLED by 2738|3
28767724_482|1170|CANCELLED by 2738|3
28767724_483|1170|CANCELLED by 2738|3
28767724_484|1170|CANCELLED by 2738|3
28767724_485|1170|CANCELLED by 2738|3
28767724_486|1170|CANCELLED by 2738|3
28767724_487|1170|CANCELLED by 2738|3
28767724_488|1170|CANCELLED by 2738|3
28767724_489|1170|CANCELLED by 2738|3
28767724_490|1170|CANCELLED by 2738|3
28767724_491|1170|CANCELLED by 2738|3
28767724_492|1170|CANCELLED by 2738|3
28767724_493|1170|CANCELLED by 2738|3
28767724_494|1170|CANCELLED by 2738|3
28767724_495|1170|CANCELLED by 2738|3
28767724_496|1170|CANCELLED by 2738|3
28767724_497|1170|CANCELLED by 2738|3
28767724_498|1170|CANCELLED by 2738|3
28767724_499|1170|CANCELLED by 2738|3
28767724_500|1170|CANCELLED by 2738|3
28767724_501|1170|CANCELLED by 2738|3
28767724_502|1170|CANCELLED by 2738|3
28767724_503|1170|CANCELLED by 2738|3
28767724_504|1170|CANCELLED by 2738|3
28767724_505|1169|CANCELLED by 2738|3
28767724_506|1169|CANCELLED by 2738|3
28767724_507|1169|CANCELLED by 2738|3
28767724_508|1169|CANCELLED by 2738|3
28767724_509|1169|CANCELLED by 2738|3
28767724_510|1169|CANCELLED by 2738|3
28767724_511|1169|CANCELLED by 2738|3
28767724_512|946|COMPLETED|3
28767724_513|1169|CANCELLED by 2738|3
28767724_514|1169|CANCELLED by 2738|3
28767724_515|1169|CANCELLED by 2738|3
28767724_516|1169|CANCELLED by 2738|3
28767724_517|1169|CANCELLED by 2738|3
28767724_518|1169|CANCELLED by 2738|3
28767724_519|1169|CANCELLED by 2738|3
28767724_520|1169|CANCELLED by 2738|3
28767724_521|1169|CANCELLED by 2738|3
28767724_522|1169|CANCELLED by 2738|3
28767724_523|1169|CANCELLED by 2738|3
28767724_524|1169|CANCELLED by 2738|3
28767724_525|1169|CANCELLED by 2738|3
28767724_526|1169|CANCELLED by 2738|3
28767724_527|1169|CANCELLED by 2738|3
28767724_528|1169|CANCELLED by 2738|3
28767724_529|1169|CANCELLED by 2738|3
28767724_530|1169|CANCELLED by 2738|3
28767724_531|1169|CANCELLED by 2738|3
28767724_532|1169|CANCELLED by 2738|3
28767724_533|1169|CANCELLED by 2738|3
28767724_534|1169|CANCELLED by 2738|3
28767724_535|1169|CANCELLED by 2738|3
28767724_536|1169|CANCELLED by 2738|3
28767724_537|1169|CANCELLED by 2738|3
28767724_538|1169|CANCELLED by 2738|3
28767724_539|1169|CANCELLED by 2738|3
28767724_540|1169|CANCELLED by 2738|3
28767724_541|1169|CANCELLED by 2738|3
28767724_542|1169|CANCELLED by 2738|3
28767724_543|1169|CANCELLED by 2738|3
28767724_544|1169|CANCELLED by 2738|3
28767724_545|1169|CANCELLED by 2738|3
28767724_546|1169|CANCELLED by 2738|3
28767724_547|1169|CANCELLED by 2738|3
28767724_548|1169|CANCELLED by 2738|3
28767724_549|1168|CANCELLED by 2738|3
28767724_550|1168|CANCELLED by 2738|3
28767724_551|1168|CANCELLED by 2738|3
28767724_552|1168|CANCELLED by 2738|3
28767724_553|1168|CANCELLED by 2738|3
28767724_554|1168|CANCELLED by 2738|3
28767724_555|1168|CANCELLED by 2738|3
28767724_556|1168|CANCELLED by 2738|3
28767724_557|1168|CANCELLED by 2738|3
28767724_558|1168|CANCELLED by 2738|3
28767724_559|1168|CANCELLED by 2738|3
28767724_560|1168|CANCELLED by 2738|3
28767724_561|1168|CANCELLED by 2738|3
28767724_562|1168|CANCELLED by 2738|3
28767724_563|1168|CANCELLED by 2738|3
28767724_564|1168|CANCELLED by 2738|3
28767724_565|1168|CANCELLED by 2738|3
28767724_566|1168|CANCELLED by 2738|3
28767724_567|1168|CANCELLED by 2738|3
28767724_568|1168|CANCELLED by 2738|3
28767724_569|1168|CANCELLED by 2738|3
28767724_570|1168|CANCELLED by 2738|3
28767724_571|1168|CANCELLED by 2738|3
28767724_572|1168|CANCELLED by 2738|3
28767724_573|1168|CANCELLED by 2738|3
28767724_574|1168|CANCELLED by 2738|3
28767724_575|1168|CANCELLED by 2738|3
28767724_576|1168|CANCELLED by 2738|3
28767724_577|1168|CANCELLED by 2738|3
28767724_578|1168|CANCELLED by 2738|3
28767724_579|1168|CANCELLED by 2738|3
28767724_580|1168|CANCELLED by 2738|3
28767724_581|1168|CANCELLED by 2738|3
28767724_582|1168|CANCELLED by 2738|3
28767724_583|1168|CANCELLED by 2738|3
28767724_584|1168|CANCELLED by 2738|3
28767724_585|1168|CANCELLED by 2738|3
28767724_586|1168|CANCELLED by 2738|3
28767724_587|1168|CANCELLED by 2738|3
28767724_588|1168|CANCELLED by 2738|3
28767724_589|1168|CANCELLED by 2738|3
28767724_590|1167|CANCELLED by 2738|3
28767724_591|1167|CANCELLED by 2738|3
28767724_592|1167|CANCELLED by 2738|3
28767724_593|1167|CANCELLED by 2738|3
28767724_594|1167|CANCELLED by 2738|3
28767724_595|1167|CANCELLED by 2738|3
28767724_596|1167|CANCELLED by 2738|3
28767724_597|1167|CANCELLED by 2738|3
28767724_598|1167|CANCELLED by 2738|3
28767724_599|1167|CANCELLED by 2738|3
28767724_600|1167|CANCELLED by 2738|3
28767724_601|1167|CANCELLED by 2738|3
28767724_602|1167|CANCELLED by 2738|3
28767724_603|1167|CANCELLED by 2738|3
28767724_604|1167|CANCELLED by 2738|3
28767724_605|1167|CANCELLED by 2738|3
28767724_606|1167|CANCELLED by 2738|3
28767724_607|1167|CANCELLED by 2738|3
28767724_608|1167|CANCELLED by 2738|3
28767724_609|1167|CANCELLED by 2738|3
28767724_610|1167|CANCELLED by 2738|3
28767724_611|1167|CANCELLED by 2738|3
28767724_612|1167|CANCELLED by 2738|3
28767724_613|1167|CANCELLED by 2738|3
28767724_614|1167|CANCELLED by 2738|3
28767724_615|1167|CANCELLED by 2738|3
28767724_616|1167|CANCELLED by 2738|3
28767724_617|1167|CANCELLED by 2738|3
28767724_618|1167|CANCELLED by 2738|3
28767724_619|1167|CANCELLED by 2738|3
28767724_620|1167|CANCELLED by 2738|3
28767724_621|1167|CANCELLED by 2738|3
28767724_622|1167|CANCELLED by 2738|3
28767724_623|1056|NODE_FAIL|3
28767724_624|1167|CANCELLED by 2738|3
28767724_625|1167|CANCELLED by 2738|3
28767724_626|1167|CANCELLED by 2738|3
28767724_627|1167|CANCELLED by 2738|3
28767724_628|1167|CANCELLED by 2738|3
28767724_629|1166|CANCELLED by 2738|3
28767724_630|1166|CANCELLED by 2738|3
28767724_631|1166|CANCELLED by 2738|3
28767724_632|1166|CANCELLED by 2738|3
28767724_633|1166|CANCELLED by 2738|3
28767724_634|1166|CANCELLED by 2738|3
28767724_635|1166|CANCELLED by 2738|3
28767724_636|1166|CANCELLED by 2738|3
28767724_637|1166|CANCELLED by 2738|3
28767724_638|1166|CANCELLED by 2738|3
28767724_639|1166|CANCELLED by 2738|3
28767724_640|1166|CANCELLED by 2738|3
28767724_641|1166|CANCELLED by 2738|3
28767724_642|1166|CANCELLED by 2738|3
28767724_643|1166|CANCELLED by 2738|3
28767724_644|1166|CANCELLED by 2738|3
28767724_645|1166|CANCELLED by 2738|3
28767724_646|1166|CANCELLED by 2738|3
28767724_647|1165|CANCELLED by 2738|3
28767724_648|1165|CANCELLED by 2738|3
28767724_649|1165|CANCELLED by 2738|3
28767724_650|1165|CANCELLED by 2738|3
28767724_651|1165|CANCELLED by 2738|3
28767724_652|1165|CANCELLED by 2738|3
28767724_653|1165|CANCELLED by 2738|3
28767724_654|1165|CANCELLED by 2738|3
28767724_655|1165|CANCELLED by 2738|3
28767724_656|1165|CANCELLED by 2738|3
28767724_657|1165|CANCELLED by 2738|3
28767724_658|1165|CANCELLED by 2738|3
28767724_659|1165|CANCELLED by 2738|3
28767724_660|1165|CANCELLED by 2738|3
28767724_661|1165|CANCELLED by 2738|3
28767724_662|1165|CANCELLED by 2738|3
28767724_663|1165|CANCELLED by 2738|3
28767724_664|1165|CANCELLED by 2738|3
28767724_665|1165|CANCELLED by 2738|3
28767724_666|1165|CANCELLED by 2738|3
28767724_667|1165|CANCELLED by 2738|3
28767724_668|1165|CANCELLED by 2738|3
28767724_669|1165|CANCELLED by 2738|3
28767724_670|1165|CANCELLED by 2738|3
28767724_671|1165|CANCELLED by 2738|3
28767724_672|1165|CANCELLED by 2738|3
28767724_673|1165|CANCELLED by 2738|3
28767724_674|1165|CANCELLED by 2738|3
28767724_675|1165|CANCELLED by 2738|3
28767724_676|1165|CANCELLED by 2738|3
28767724_677|1165|CANCELLED by 2738|3
28767724_678|1165|CANCELLED by 2738|3
28767724_679|1165|CANCELLED by 2738|3
28767724_680|1165|CANCELLED by 2738|3
28767724_681|1165|CANCELLED by 2738|3
28767724_682|1165|CANCELLED by 2738|3
28767724_683|1165|CANCELLED by 2738|3
28767724_684|1165|CANCELLED by 2738|3
28767724_685|1165|CANCELLED by 2738|3
28767724_686|1055|NODE_FAIL|3
28767724_687|1165|CANCELLED by 2738|3
28767724_688|1165|CANCELLED by 2738|3
28767724_689|1165|CANCELLED by 2738|3
28767724_690|1165|CANCELLED by 2738|3
28767724_691|1165|CANCELLED by 2738|3
28767724_692|1165|CANCELLED by 2738|3
28767724_693|1165|CANCELLED by 2738|3
28767724_694|1165|CANCELLED by 2738|3
28767724_695|1165|CANCELLED by 2738|3
28767724_696|1165|CANCELLED by 2738|3
28767724_697|1165|CANCELLED by 2738|3
28767724_698|1165|CANCELLED by 2738|3
28767724_699|1165|CANCELLED by 2738|3
28767724_700|1165|CANCELLED by 2738|3
28767724_701|1165|CANCELLED by 2738|3
28767724_702|1165|CANCELLED by 2738|3
28767724_703|1165|CANCELLED by 2738|3
28767724_704|1165|CANCELLED by 2738|3
28767724_705|1164|CANCELLED by 2738|3
28767724_706|1164|CANCELLED by 2738|3
28767724_707|1164|CANCELLED by 2738|3
28767724_708|1164|CANCELLED by 2738|3
28767724_709|1164|CANCELLED by 2738|3
28767724_710|1164|CANCELLED by 2738|3
28767724_711|1164|CANCELLED by 2738|3
28767724_712|1164|CANCELLED by 2738|3
28767724_713|1164|CANCELLED by 2738|3
28767724_714|1164|CANCELLED by 2738|3
28767724_715|1164|CANCELLED by 2738|3
28767724_716|1164|CANCELLED by 2738|3
28767724_717|1164|CANCELLED by 2738|3
28767724_718|1164|CANCELLED by 2738|3
28767724_719|1164|CANCELLED by 2738|3
28767724_720|1164|CANCELLED by 2738|3
28767724_721|1164|CANCELLED by 2738|3
28767724_722|1164|CANCELLED by 2738|3
28767724_723|1164|CANCELLED by 2738|3
28767724_724|1164|CANCELLED by 2738|3
28767724_725|1164|CANCELLED by 2738|3
28767724_726|1164|CANCELLED by 2738|3
28767724_727|1164|CANCELLED by 2738|3
28767724_728|1164|CANCELLED by 2738|3
28767724_729|1164|CANCELLED by 2738|3
28767724_730|1164|CANCELLED by 2738|3
28767724_731|1164|CANCELLED by 2738|3
28767724_732|1164|CANCELLED by 2738|3
28767724_733|1164|CANCELLED by 2738|3
28767724_734|1164|CANCELLED by 2738|3
28767724_735|1164|CANCELLED by 2738|3
28767724_736|1164|CANCELLED by 2738|3
28767724_737|1164|CANCELLED by 2738|3
28767724_738|1164|CANCELLED by 2738|3
28767724_739|1164|CANCELLED by 2738|3
28767724_740|1164|CANCELLED by 2738|3
28767724_741|1164|CANCELLED by 2738|3
28767724_742|1164|CANCELLED by 2738|3
28767724_743|1164|CANCELLED by 2738|3
28767724_744|1164|CANCELLED by 2738|3
28767724_745|1164|CANCELLED by 2738|3
28767724_746|1164|CANCELLED by 2738|3
28767724_747|1164|CANCELLED by 2738|3
28767724_748|1164|CANCELLED by 2738|3
28767724_749|1164|CANCELLED by 2738|3
28767724_750|1164|CANCELLED by 2738|3
28767724_751|1164|CANCELLED by 2738|3
28767724_752|1164|CANCELLED by 2738|3
28767724_753|1164|CANCELLED by 2738|3
28767724_754|1164|CANCELLED by 2738|3
28767724_755|1164|CANCELLED by 2738|3
28767724_756|1163|CANCELLED by 2738|3
28767724_757|1163|CANCELLED by 2738|3
28767724_758|1163|CANCELLED by 2738|3
28767724_759|1163|CANCELLED by 2738|3
28767724_760|1163|CANCELLED by 2738|3
28767724_761|1163|CANCELLED by 2738|3
28767724_762|1163|CANCELLED by 2738|3
28767724_763|1163|CANCELLED by 2738|3
28767724_764|1163|CANCELLED by 2738|3
28767724_765|1163|CANCELLED by 2738|3
28767724_766|1163|CANCELLED by 2738|3
28767724_767|1163|CANCELLED by 2738|3
28767724_768|1163|CANCELLED by 2738|3
28767724_769|1163|CANCELLED by 2738|3
28767724_770|1163|CANCELLED by 2738|3
28767724_771|1163|CANCELLED by 2738|3
28767724_772|1163|CANCELLED by 2738|3
28767724_773|1163|CANCELLED by 2738|3
28767724_774|1163|CANCELLED by 2738|3
28767724_775|1163|CANCELLED by 2738|3
28767724_776|1163|CANCELLED by 2738|3
28767724_777|1163|CANCELLED by 2738|3
28767724_778|1163|CANCELLED by 2738|3
28767724_779|1163|CANCELLED by 2738|3
28767724_780|1163|CANCELLED by 2738|3
28767724_781|1163|CANCELLED by 2738|3
28767724_782|1163|CANCELLED by 2738|3
28767724_783|1163|CANCELLED by 2738|3
28767724_784|1163|CANCELLED by 2738|3
28767724_785|1163|CANCELLED by 2738|3
28767724_786|1163|CANCELLED by 2738|3
28767724_787|1163|CANCELLED by 2738|3
28767724_788|1163|CANCELLED by 2738|3
28767724_789|1163|CANCELLED by 2738|3
28767724_790|1163|CANCELLED by 2738|3
28767724_791|1162|CANCELLED by 2738|3
28767724_792|1162|CANCELLED by 2738|3
28767724_793|1162|CANCELLED by 2738|3
28767724_794|1162|CANCELLED by 2738|3
28767724_795|1162|CANCELLED by 2738|3
28767724_796|1162|CANCELLED by 2738|3
28767724_797|1162|CANCELLED by 2738|3
28767724_798|1162|CANCELLED by 2738|3
28767724_799|1162|CANCELLED by 2738|3
28767724_800|1162|CANCELLED by 2738|3
28767724_801|1162|CANCELLED by 2738|3
28767724_802|1162|CANCELLED by 2738|3
28767724_803|1162|CANCELLED by 2738|3
28767724_804|1162|CANCELLED by 2738|3
28767724_805|1162|CANCELLED by 2738|3
28767724_806|1162|CANCELLED by 2738|3
28767724_807|1162|CANCELLED by 2738|3
28767724_808|1162|CANCELLED by 2738|3
28767724_809|1162|CANCELLED by 2738|3
28767724_810|1162|CANCELLED by 2738|3
28767724_811|1162|CANCELLED by 2738|3
28767724_812|1162|CANCELLED by 2738|3
28767724_813|1162|CANCELLED by 2738|3
28767724_814|1162|CANCELLED by 2738|3
28767724_815|1162|CANCELLED by 2738|3
28767724_816|1162|CANCELLED by 2738|3
28767724_817|1162|CANCELLED by 2738|3
28767724_818|1162|CANCELLED by 2738|3
28767724_819|1162|CANCELLED by 2738|3
28767724_820|1162|CANCELLED by 2738|3
28767724_821|1162|CANCELLED by 2738|3
28767724_822|1162|CANCELLED by 2738|3
28767724_823|1162|CANCELLED by 2738|3
28767724_824|1162|CANCELLED by 2738|3
28767724_825|1162|CANCELLED by 2738|3
28767724_826|1162|CANCELLED by 2738|3
28767724_827|1162|CANCELLED by 2738|3
28767724_828|1162|CANCELLED by 2738|3
28767724_829|1162|CANCELLED by 2738|3
28767724_830|1162|CANCELLED by 2738|3
28767724_831|1161|CANCELLED by 2738|3
28767724_832|1161|CANCELLED by 2738|3
28767724_833|1161|CANCELLED by 2738|3
28767724_834|1161|CANCELLED by 2738|3
28767724_835|1161|CANCELLED by 2738|3
28767724_836|1161|CANCELLED by 2738|3
28767724_837|1161|CANCELLED by 2738|3
28767724_838|1161|CANCELLED by 2738|3
28767724_839|1161|CANCELLED by 2738|3
28767724_840|1161|CANCELLED by 2738|3
28767724_841|1161|CANCELLED by 2738|3
28767724_842|1161|CANCELLED by 2738|3
28767724_843|1161|CANCELLED by 2738|3
28767724_844|1161|CANCELLED by 2738|3
28767724_845|1161|CANCELLED by 2738|3
28767724_846|1161|CANCELLED by 2738|3
28767724_847|1161|CANCELLED by 2738|3
28767724_848|1161|CANCELLED by 2738|3
28767724_849|1161|CANCELLED by 2738|3
28767724_850|1161|CANCELLED by 2738|3
28767724_851|1161|CANCELLED by 2738|3
28767724_852|1096|COMPLETED|3
28767724_853|1161|CANCELLED by 2738|3
28767724_854|1161|CANCELLED by 2738|3
28767724_855|1161|CANCELLED by 2738|3
28767724_856|1161|CANCELLED by 2738|3
28767724_857|1161|CANCELLED by 2738|3
28767724_858|1161|CANCELLED by 2738|3
28767724_859|1161|CANCELLED by 2738|3
28767724_860|1161|CANCELLED by 2738|3
28767724_861|1161|CANCELLED by 2738|3
28767724_862|1161|CANCELLED by 2738|3
28767724_863|1161|CANCELLED by 2738|3
28767724_864|1161|CANCELLED by 2738|3
28767724_865|1161|CANCELLED by 2738|3
28767724_866|1161|CANCELLED by 2738|3
28767724_867|1161|CANCELLED by 2738|3
28767724_868|1161|CANCELLED by 2738|3
28767724_869|1161|CANCELLED by 2738|3
28767724_870|1161|CANCELLED by 2738|3
28767724_871|1161|CANCELLED by 2738|3
28767724_872|1161|CANCELLED by 2738|3
28767724_873|1161|CANCELLED by 2738|3
28767724_874|1161|CANCELLED by 2738|3
28767724_875|1161|CANCELLED by 2738|3
28767724_876|1161|CANCELLED by 2738|3
28767724_877|1161|CANCELLED by 2738|3
28767724_878|1161|CANCELLED by 2738|3
28767724_879|1161|CANCELLED by 2738|3
28767724_880|1161|CANCELLED by 2738|3
28767724_881|1161|CANCELLED by 2738|3
28767724_882|1161|CANCELLED by 2738|3
28767724_883|1161|CANCELLED by 2738|3
28767724_884|1161|CANCELLED by 2738|3
28767724_885|1161|CANCELLED by 2738|3
28767724_886|1161|CANCELLED by 2738|3
28767724_887|1161|CANCELLED by 2738|3
28767724_888|1161|CANCELLED by 2738|3
28767724_889|1161|CANCELLED by 2738|3
28767724_890|1160|CANCELLED by 2738|3
28767724_891|1160|CANCELLED by 2738|3
28767724_892|1160|CANCELLED by 2738|3
28767724_893|1160|CANCELLED by 2738|3
28767724_894|832|COMPLETED|3
28767724_895|1160|CANCELLED by 2738|3
28767724_896|1160|CANCELLED by 2738|3
28767724_897|1160|CANCELLED by 2738|3
28767724_898|1160|CANCELLED by 2738|3
28767724_899|1160|CANCELLED by 2738|3
28767724_900|1160|CANCELLED by 2738|3
28767724_901|1160|CANCELLED by 2738|3
28767724_902|1160|CANCELLED by 2738|3
28767724_903|1160|CANCELLED by 2738|3
28767724_904|1160|CANCELLED by 2738|3
28767724_905|1160|CANCELLED by 2738|3
28767724_906|1160|CANCELLED by 2738|3
28767724_907|1160|CANCELLED by 2738|3
28767724_908|1160|CANCELLED by 2738|3
28767724_909|1160|CANCELLED by 2738|3
28767724_910|1160|CANCELLED by 2738|3
28767724_911|1160|CANCELLED by 2738|3
28767724_912|1159|CANCELLED by 2738|3
28767724_913|1159|CANCELLED by 2738|3
28767724_914|1159|CANCELLED by 2738|3
28767724_915|1159|CANCELLED by 2738|3
28767724_916|1159|CANCELLED by 2738|3
28767724_917|1159|CANCELLED by 2738|3
28767724_918|1159|CANCELLED by 2738|3
28767724_919|1159|CANCELLED by 2738|3
28767724_920|1159|CANCELLED by 2738|3
28767724_921|1159|CANCELLED by 2738|3
28767724_922|1159|CANCELLED by 2738|3
28767724_923|1159|CANCELLED by 2738|3
28767724_924|1159|CANCELLED by 2738|3
28767724_925|1159|CANCELLED by 2738|3
28767724_926|1159|CANCELLED by 2738|3
28767724_927|1159|CANCELLED by 2738|3
28767724_928|1159|CANCELLED by 2738|3
28767724_929|1159|CANCELLED by 2738|3
28767724_930|1159|CANCELLED by 2738|3
28767724_931|1159|CANCELLED by 2738|3
28767724_932|1159|CANCELLED by 2738|3
28767724_933|1159|CANCELLED by 2738|3
28767724_934|1159|CANCELLED by 2738|3
28767724_935|1159|CANCELLED by 2738|3
28767724_936|1159|CANCELLED by 2738|3
28767724_937|1159|CANCELLED by 2738|3
28767724_938|1159|CANCELLED by 2738|3
28767724_939|1159|CANCELLED by 2738|3
28767724_940|1159|CANCELLED by 2738|3
28767724_941|1159|CANCELLED by 2738|3
28767724_942|1159|CANCELLED by 2738|3
28767724_943|1159|CANCELLED by 2738|3
28767724_944|1159|CANCELLED by 2738|3
28767724_945|1159|CANCELLED by 2738|3
28767724_946|1159|CANCELLED by 2738|3
28767724_947|1159|CANCELLED by 2738|3
28767724_948|1159|CANCELLED by 2738|3
28767724_949|1159|CANCELLED by 2738|3
28767724_950|1159|CANCELLED by 2738|3
28767724_951|1159|CANCELLED by 2738|3
28767724_952|1159|CANCELLED by 2738|3
28767724_953|1159|CANCELLED by 2738|3
28767724_954|1159|CANCELLED by 2738|3
28767724_955|1159|CANCELLED by 2738|3
28767724_956|1159|CANCELLED by 2738|3
28767724_957|1159|CANCELLED by 2738|3
28767724_958|1159|CANCELLED by 2738|3
28767724_959|1159|CANCELLED by 2738|3
28767724_960|1159|CANCELLED by 2738|3
28767724_961|1159|CANCELLED by 2738|3
28767724_962|1159|CANCELLED by 2738|3
28767724_963|1159|CANCELLED by 2738|3
28767724_964|1159|CANCELLED by 2738|3
28767724_965|1158|CANCELLED by 2738|3
28767724_966|1158|CANCELLED by 2738|3
28767724_967|1158|CANCELLED by 2738|3
28767724_968|1158|CANCELLED by 2738|3
28767724_969|1158|CANCELLED by 2738|3
28767724_970|1158|CANCELLED by 2738|3
28767724_971|1158|CANCELLED by 2738|3
28767724_972|1158|CANCELLED by 2738|3
28767724_973|1158|CANCELLED by 2738|3
28767724_974|1158|CANCELLED by 2738|3
28767724_975|1158|CANCELLED by 2738|3
28767724_976|1158|CANCELLED by 2738|3
28767724_977|1158|CANCELLED by 2738|3
28767724_978|1158|CANCELLED by 2738|3
28767724_979|1158|CANCELLED by 2738|3
28767724_980|1158|CANCELLED by 2738|3
28767724_981|1158|CANCELLED by 2738|3
28767724_982|1158|CANCELLED by 2738|3
28767724_983|1158|CANCELLED by 2738|3
28767724_984|1158|CANCELLED by 2738|3
28767724_985|1158|CANCELLED by 2738|3
28767724_986|1158|CANCELLED by 2738|3
28767724_987|1149|CANCELLED by 2738|3
28767724_988|1149|CANCELLED by 2738|3
28767724_989|1149|CANCELLED by 2738|3
28767724_990|1149|CANCELLED by 2738|3
28767724_991|1149|CANCELLED by 2738|3
28767724_992|1149|CANCELLED by 2738|3
28767724_993|1149|CANCELLED by 2738|3
28767724_994|1149|CANCELLED by 2738|3
28767724_995|1149|CANCELLED by 2738|3
28767724_996|1149|CANCELLED by 2738|3
28767724_997|1149|CANCELLED by 2738|3
28767724_998|1149|CANCELLED by 2738|3
28767724_999|1149|CANCELLED by 2738|3
28767724_1000|1149|CANCELLED by 2738|3
28767724_1001|1149|CANCELLED by 2738|3
28767724_1002|1149|CANCELLED by 2738|3
28767724_1003|1149|CANCELLED by 2738|3
28767724_1004|1149|CANCELLED by 2738|3
28767724_1005|1149|CANCELLED by 2738|3
28767724_1006|1149|CANCELLED by 2738|3
28767724_1007|1149|CANCELLED by 2738|3
28767724_1008|1149|CANCELLED by 2738|3
28767724_1009|1149|CANCELLED by 2738|3
28767724_1010|1149|CANCELLED by 2738|3
28767724_1011|1149|CANCELLED by 2738|3
28767724_1012|1149|CANCELLED by 2738|3
28767724_1013|1149|CANCELLED by 2738|3
28767724_1014|1149|CANCELLED by 2738|3
28767724_1015|1149|CANCELLED by 2738|3
28767724_1016|1149|CANCELLED by 2738|3
28767724_1017|1149|CANCELLED by 2738|3
28767724_1018|1149|CANCELLED by 2738|3
28767724_1019|1149|CANCELLED by 2738|3
28767724_1020|1149|CANCELLED by 2738|3
28767724_1021|1149|CANCELLED by 2738|3
28767724_1022|1149|CANCELLED by 2738|3
28767724_1023|1149|CANCELLED by 2738|3
28767724_1024|1149|CANCELLED by 2738|3
28767724_1025|1149|CANCELLED by 2738|3
28767724_1026|1149|CANCELLED by 2738|3
28767724_1027|1149|CANCELLED by 2738|3
28767724_1028|1149|CANCELLED by 2738|3
28767724_1029|1149|CANCELLED by 2738|3
28767724_1030|1149|CANCELLED by 2738|3
28767724_1031|1149|CANCELLED by 2738|3
28767724_1032|1149|CANCELLED by 2738|3
28767724_1033|1149|CANCELLED by 2738|3
28767724_1034|1149|CANCELLED by 2738|3
28767724_1035|1149|CANCELLED by 2738|3
28767724_1036|1149|CANCELLED by 2738|3
28767724_1037|1149|CANCELLED by 2738|3
28767724_1038|1149|CANCELLED by 2738|3
28767724_1039|1149|CANCELLED by 2738|3
28767724_1040|1149|CANCELLED by 2738|3
28767724_1041|892|COMPLETED|3
28767724_1042|1149|CANCELLED by 2738|3
28767724_1043|1149|CANCELLED by 2738|3
28767724_1044|1149|CANCELLED by 2738|3
28767724_1045|1149|CANCELLED by 2738|3
28767724_1046|1149|CANCELLED by 2738|3
28767724_1047|1149|CANCELLED by 2738|3
28767724_1048|1149|CANCELLED by 2738|3
28767724_1049|1149|CANCELLED by 2738|3
28767724_1050|1149|CANCELLED by 2738|3
28767724_1051|1149|CANCELLED by 2738|3
28767724_1052|1149|CANCELLED by 2738|3
28767724_1053|1149|CANCELLED by 2738|3
28767724_1054|1149|CANCELLED by 2738|3
28767724_1055|1149|CANCELLED by 2738|3
28767724_1056|1149|CANCELLED by 2738|3
28767724_1057|1149|CANCELLED by 2738|3
28767724_1058|1149|CANCELLED by 2738|3
28767724_1059|1149|CANCELLED by 2738|3
28767724_1060|1149|CANCELLED by 2738|3
28767724_1061|1149|CANCELLED by 2738|3
28767724_1062|1149|CANCELLED by 2738|3
28767724_1063|1149|CANCELLED by 2738|3
28767724_1064|1149|CANCELLED by 2738|3
28767724_1065|1149|CANCELLED by 2738|3
28767724_1066|1149|CANCELLED by 2738|3
28767724_1067|1149|CANCELLED by 2738|3
28767724_1068|1148|CANCELLED by 2738|3
28767724_1069|1148|CANCELLED by 2738|3
28767724_1070|1148|CANCELLED by 2738|3
28767724_1071|1148|CANCELLED by 2738|3
28767724_1072|1148|CANCELLED by 2738|3
28767724_1073|1148|CANCELLED by 2738|3
28767724_1074|1148|CANCELLED by 2738|3
28767724_1075|1148|CANCELLED by 2738|3
28767724_1076|1148|CANCELLED by 2738|3
28767724_1077|1148|CANCELLED by 2738|3
28767724_1078|1148|CANCELLED by 2738|3
28767724_1079|1147|CANCELLED by 2738|3
28767724_1080|1147|CANCELLED by 2738|3
28767724_1081|1147|CANCELLED by 2738|3
28767724_1082|1147|CANCELLED by 2738|3
28767724_1083|1147|CANCELLED by 2738|3
28767724_1084|1147|CANCELLED by 2738|3
28767724_1085|1147|CANCELLED by 2738|3
28767724_1086|1147|CANCELLED by 2738|3
28767724_1087|1147|CANCELLED by 2738|3
28767724_1088|1147|CANCELLED by 2738|3
28767724_1089|1147|CANCELLED by 2738|3
28767724_1090|1147|CANCELLED by 2738|3
28767724_1091|1147|CANCELLED by 2738|3
28767724_1092|1147|CANCELLED by 2738|3
28767724_1093|1147|CANCELLED by 2738|3
28767724_1094|1147|CANCELLED by 2738|3
28767724_1095|1147|CANCELLED by 2738|3
28767724_1096|1147|CANCELLED by 2738|3
28767724_1097|1147|CANCELLED by 2738|3
28767724_1098|1147|CANCELLED by 2738|3
28767724_1099|1147|CANCELLED by 2738|3
28767724_1100|1147|CANCELLED by 2738|3
28767724_1101|1147|CANCELLED by 2738|3
28767724_1102|1147|CANCELLED by 2738|3
28767724_1103|1147|CANCELLED by 2738|3
28767724_1104|1147|CANCELLED by 2738|3
28767724_1105|1147|CANCELLED by 2738|3
28767724_1106|1147|CANCELLED by 2738|3
28767724_1107|1147|CANCELLED by 2738|3
28767724_1108|1147|CANCELLED by 2738|3
28767724_1109|1147|CANCELLED by 2738|3
28767724_1110|1147|CANCELLED by 2738|3
28767724_1111|1147|CANCELLED by 2738|3
28767724_1112|1147|CANCELLED by 2738|3
28767724_1113|1147|CANCELLED by 2738|3
28767724_1114|1147|CANCELLED by 2738|3
28767724_1115|1147|CANCELLED by 2738|3
28767724_1116|1147|CANCELLED by 2738|3
28767724_1117|1147|CANCELLED by 2738|3
28767724_1118|1147|CANCELLED by 2738|3
28767724_1119|1147|CANCELLED by 2738|3
28767724_1120|1147|CANCELLED by 2738|3
28767724_1121|1147|CANCELLED by 2738|3
28767724_1122|1147|CANCELLED by 2738|3
28767724_1123|1147|CANCELLED by 2738|3
28767724_1124|1147|CANCELLED by 2738|3
28767724_1125|1147|CANCELLED by 2738|3
28767724_1126|1147|CANCELLED by 2738|3
28767724_1127|1147|CANCELLED by 2738|3
28767724_1128|1147|CANCELLED by 2738|3
28767724_1129|1147|CANCELLED by 2738|3
28767724_1130|1147|CANCELLED by 2738|3
28767724_1131|1147|CANCELLED by 2738|3
28767724_1132|1147|CANCELLED by 2738|3
28767724_1133|1127|CANCELLED by 2738|3
28767724_1134|1127|CANCELLED by 2738|3
28767724_1135|1127|CANCELLED by 2738|3
28767724_1136|1127|CANCELLED by 2738|3
28767724_1137|1127|CANCELLED by 2738|3
28767724_1138|1127|CANCELLED by 2738|3
28767724_1139|1127|CANCELLED by 2738|3
28767724_1140|1127|CANCELLED by 2738|3
28767724_1141|1127|CANCELLED by 2738|3
28767724_1142|1127|CANCELLED by 2738|3
28767724_1143|1127|CANCELLED by 2738|3
28767724_1144|1127|CANCELLED by 2738|3
28767724_1145|1127|CANCELLED by 2738|3
28767724_1146|1127|CANCELLED by 2738|3
28767724_1147|1127|CANCELLED by 2738|3
28767724_1148|1127|CANCELLED by 2738|3
28767724_1149|1127|CANCELLED by 2738|3
28767724_1150|1127|CANCELLED by 2738|3
28767724_1151|1127|CANCELLED by 2738|3
28767724_1152|1127|CANCELLED by 2738|3
28767724_1153|1127|CANCELLED by 2738|3
28767724_1154|1127|CANCELLED by 2738|3
28767724_1155|1127|CANCELLED by 2738|3
28767724_1156|1127|CANCELLED by 2738|3
28767724_1157|1127|CANCELLED by 2738|3
28767724_1158|1127|CANCELLED by 2738|3
28767724_1159|1126|CANCELLED by 2738|3
28767724_1160|1126|CANCELLED by 2738|3
28767724_1161|1126|CANCELLED by 2738|3
28767724_1162|1126|CANCELLED by 2738|3
28767724_1163|1126|CANCELLED by 2738|3
28767724_1164|1126|CANCELLED by 2738|3
28767724_1165|1126|CANCELLED by 2738|3
28767724_1166|1126|CANCELLED by 2738|3
28767724_1167|1126|CANCELLED by 2738|3
28767724_1168|1126|CANCELLED by 2738|3
28767724_1169|1126|CANCELLED by 2738|3
28767724_1170|1126|CANCELLED by 2738|3
28767724_1171|1126|CANCELLED by 2738|3
28767724_1172|1126|CANCELLED by 2738|3
28767724_1173|1126|CANCELLED by 2738|3
28767724_1174|1126|CANCELLED by 2738|3
28767724_1175|1126|CANCELLED by 2738|3
28767724_1176|1126|CANCELLED by 2738|3
28767724_1177|1126|CANCELLED by 2738|3
28767724_1178|1126|CANCELLED by 2738|3
28767724_1179|1126|CANCELLED by 2738|3
28767724_1180|1126|CANCELLED by 2738|3
28767724_1181|1126|CANCELLED by 2738|3
28767724_1182|1126|CANCELLED by 2738|3
28767724_1183|1126|CANCELLED by 2738|3
28767724_1184|1126|CANCELLED by 2738|3
28767724_1185|1126|CANCELLED by 2738|3
28767724_1186|1126|CANCELLED by 2738|3
28767724_1187|1126|CANCELLED by 2738|3
28767724_1188|1126|CANCELLED by 2738|3
28767724_1189|1126|CANCELLED by 2738|3
28767724_1190|1126|CANCELLED by 2738|3
28767724_1191|1126|CANCELLED by 2738|3
28767724_1192|1126|CANCELLED by 2738|3
28767724_1193|1126|CANCELLED by 2738|3
28767724_1194|1126|CANCELLED by 2738|3
28767724_1195|1126|CANCELLED by 2738|3
28767724_1196|1126|CANCELLED by 2738|3
28767724_1197|1126|CANCELLED by 2738|3
28767724_1198|1126|CANCELLED by 2738|3
28767724_1199|1126|CANCELLED by 2738|3
28767724_1200|1126|CANCELLED by 2738|3
28767724_1201|610|CANCELLED by 2738|3
28767724_1202|308|CANCELLED by 2738|3
28767724_1203|248|CANCELLED by 2738|3
28767724_1204|214|CANCELLED by 2738|3
28767724_1205|93|CANCELLED by 2738|3
28767724_1206|93|CANCELLED by 2738|3
28767724_1207|62|CANCELLED by 2738|3
28767724_1208|8|CANCELLED by 2738|3
28767724_[1209-4756]|0|CANCELLED by 2738|3
29423084_1|104|COMPLETED|3
29423084_2|104|COMPLETED|3
29423084_3|43|COMPLETED|3
29423084_4|43|COMPLETED|3
29423084_5|43|COMPLETED|3
29423084_6|43|COMPLETED|3
29423084_7|43|COMPLETED|3
29423084_8|43|COMPLETED|3
29423084_9|43|COMPLETED|3
29423084_10|43|COMPLETED|3
29423084_11|43|COMPLETED|3
29423084_12|43|COMPLETED|3
29423084_13|43|COMPLETED|3
29423084_14|43|COMPLETED|3
29423084_15|43|COMPLETED|3
29423084_16|43|COMPLETED|3
29423084_17|43|COMPLETED|3
29423084_18|43|COMPLETED|3
29423084_19|76|COMPLETED|3
29423084_20|76|COMPLETED|3
29423084_21|259207|TIMEOUT|3
29423084_22|76|COMPLETED|3
29423084_23|76|COMPLETED|3
29423084_24|76|COMPLETED|3
29423084_25|133958|COMPLETED|3
29423084_26|76|COMPLETED|3
29423084_27|76|COMPLETED|3
29423084_28|76|COMPLETED|3
29423084_29|76|COMPLETED|3
29423084_30|76|COMPLETED|3
29423084_31|76|COMPLETED|3
29423084_32|76|COMPLETED|3
29423084_33|259207|TIMEOUT|3
29423084_34|95|COMPLETED|3
29423084_35|259207|TIMEOUT|3
29423084_36|95|COMPLETED|3
29423084_37|95|COMPLETED|3
29423084_38|95|COMPLETED|3
29423084_39|95|COMPLETED|3
29423084_40|95|COMPLETED|3
29423084_41|95|COMPLETED|3
29423084_42|95|COMPLETED|3
29423084_43|259207|TIMEOUT|3
29423084_44|95|COMPLETED|3
29423084_45|95|COMPLETED|3
29423084_46|95|COMPLETED|3
29423084_47|95|COMPLETED|3
29423084_48|259207|TIMEOUT|3
29423084_49|97|COMPLETED|3
29423084_50|96|COMPLETED|3
29423084_51|97|COMPLETED|3
29423084_52|97|COMPLETED|3
29423084_53|96|COMPLETED|3
29423084_54|96|COMPLETED|3
29423084_55|97|COMPLETED|3
29423084_56|97|COMPLETED|3
29423084_57|97|COMPLETED|3
29423084_58|96|COMPLETED|3
29423084_59|96|COMPLETED|3
29423084_60|97|COMPLETED|3
29423084_61|97|COMPLETED|3
29423084_62|97|COMPLETED|3
29423084_63|96|COMPLETED|3
29423084_64|97|COMPLETED|3
29423084_65|55|COMPLETED|3
29423084_66|55|COMPLETED|3
29423084_67|55|COMPLETED|3
29423084_68|55|COMPLETED|3
29423084_69|55|COMPLETED|3
29423084_70|55|COMPLETED|3
29423084_71|55|COMPLETED|3
29423084_72|55|COMPLETED|3
29423084_73|55|COMPLETED|3
29423084_74|55|COMPLETED|3
29423084_75|55|COMPLETED|3
29423084_76|55|COMPLETED|3
29423084_77|55|COMPLETED|3
29423084_78|55|COMPLETED|3
29423084_79|72183|COMPLETED|3
29423084_80|55|COMPLETED|3
29423084_81|48|COMPLETED|3
29423084_82|259207|TIMEOUT|3
29423084_83|48|COMPLETED|3
29423084_84|48|COMPLETED|3
29423084_85|48|COMPLETED|3
29423084_86|48|COMPLETED|3
29423084_87|48|COMPLETED|3
29423084_88|48|COMPLETED|3
29423084_89|48|COMPLETED|3
29423084_90|48|COMPLETED|3
29423084_91|48|COMPLETED|3
29423084_92|48|COMPLETED|3
29423084_93|47|COMPLETED|3
29423084_94|47|COMPLETED|3
29423084_95|47|COMPLETED|3
29423084_96|47|COMPLETED|3
29423084_97|94|COMPLETED|3
29423084_98|94|COMPLETED|3
29423084_99|94|COMPLETED|3
29423084_100|94|COMPLETED|3
29423084_101|94|COMPLETED|3
29423084_102|94|COMPLETED|3
29423084_103|94|COMPLETED|3
29423084_104|94|COMPLETED|3
29423084_105|94|COMPLETED|3
29423084_106|94|COMPLETED|3
29423084_107|94|COMPLETED|3
29423084_108|94|COMPLETED|3
29423084_109|94|COMPLETED|3
29423084_110|32665|COMPLETED|3
29423084_111|94|COMPLETED|3
29423084_112|94|COMPLETED|3
29423084_114|75|COMPLETED|3
29423084_115|75|COMPLETED|3
29423084_116|75|COMPLETED|3
29423084_117|75|COMPLETED|3
29423084_118|75|COMPLETED|3
29423084_119|75|COMPLETED|3
29423084_120|75|COMPLETED|3
29423084_121|75|COMPLETED|3
29423084_122|75|COMPLETED|3
29423084_123|75|COMPLETED|3
29423084_124|75|COMPLETED|3
29423084_125|75|COMPLETED|3
29423084_126|75|COMPLETED|3
29423084_127|75|COMPLETED|3
29423084_128|75|COMPLETED|3
29423084_129|43|COMPLETED|3
29423084_130|43|COMPLETED|3
29423084_131|43|COMPLETED|3
29423084_133|43|COMPLETED|3
29423084_134|43|COMPLETED|3
29423084_135|43|COMPLETED|3
29423084_136|43|COMPLETED|3
29423084_137|43|COMPLETED|3
29423084_138|43|COMPLETED|3
29423084_139|43|COMPLETED|3
29423084_140|43|COMPLETED|3
29423084_141|43|COMPLETED|3
29423084_142|43|COMPLETED|3
29423084_143|43|COMPLETED|3
29423084_144|43|COMPLETED|3
29423084_145|49|COMPLETED|3
29423084_146|49|COMPLETED|3
29423084_147|49|COMPLETED|3
29423084_148|49|COMPLETED|3
29423084_149|49|COMPLETED|3
29423084_150|49|COMPLETED|3
29423084_151|49|COMPLETED|3
29423084_152|49|COMPLETED|3
29423084_153|49|COMPLETED|3
29423084_154|49|COMPLETED|3
29423084_155|49|COMPLETED|3
29423084_156|49|COMPLETED|3
29423084_158|49|COMPLETED|3
29423084_159|49|COMPLETED|3
29423084_160|49|COMPLETED|3
29423084_161|59|COMPLETED|3
29423084_162|259206|TIMEOUT|3
29423084_163|59|COMPLETED|3
29423084_164|59|COMPLETED|3
29423084_165|59|COMPLETED|3
29423084_166|60|COMPLETED|3
29423084_167|59|COMPLETED|3
29423084_168|59|COMPLETED|3
29423084_169|59|COMPLETED|3
29423084_170|59|COMPLETED|3
29423084_171|59|COMPLETED|3
29423084_172|59|COMPLETED|3
29423084_173|59|COMPLETED|3
29423084_174|59|COMPLETED|3
29423084_175|59|COMPLETED|3
29423084_176|59|COMPLETED|3
29423084_177|54|COMPLETED|3
29423084_178|54|COMPLETED|3
29423084_179|54|COMPLETED|3
29423084_180|54|COMPLETED|3
29423084_181|54|COMPLETED|3
29423084_182|208664|COMPLETED|3
29423084_183|54|COMPLETED|3
29423084_184|54|COMPLETED|3
29423084_185|54|COMPLETED|3
29423084_186|54|COMPLETED|3
29423084_187|54|COMPLETED|3
29423084_188|54|COMPLETED|3
29423084_189|54|COMPLETED|3
29423084_190|54|COMPLETED|3
29423084_191|54|COMPLETED|3
29423084_192|54|COMPLETED|3
29423084_193|59|COMPLETED|3
29423084_194|59|COMPLETED|3
29423084_195|59|COMPLETED|3
29423084_196|61|COMPLETED|3
29423084_197|59|COMPLETED|3
29423084_198|59|COMPLETED|3
29423084_199|59|COMPLETED|3
29423084_200|59|COMPLETED|3
29423084_201|59|COMPLETED|3
29423084_202|59|COMPLETED|3
29423084_203|59|COMPLETED|3
29423084_204|59|COMPLETED|3
29423084_205|59|COMPLETED|3
29423084_206|59|COMPLETED|3
29423084_207|59|COMPLETED|3
29423084_208|59|COMPLETED|3
29423084_209|59|COMPLETED|3
29423084_210|59|COMPLETED|3
29423084_211|59|COMPLETED|3
29423084_212|59|COMPLETED|3
29423084_213|59|COMPLETED|3
29423084_214|59|COMPLETED|3
29423084_215|59|COMPLETED|3
29423084_216|59|COMPLETED|3
29423084_217|59|COMPLETED|3
29423084_218|59|COMPLETED|3
29423084_219|59|COMPLETED|3
29423084_220|59|COMPLETED|3
29423084_221|59|COMPLETED|3
29423084_222|59|COMPLETED|3
29423084_223|59|COMPLETED|3
29423084_224|60|COMPLETED|3
29423084_225|63|COMPLETED|3
29423084_226|63|COMPLETED|3
29423084_227|64|COMPLETED|3
29423084_228|63|COMPLETED|3
29423084_229|63|COMPLETED|3
29423084_230|63|COMPLETED|3
29423084_231|63|COMPLETED|3
29423084_232|63|COMPLETED|3
29423084_233|63|COMPLETED|3
29423084_234|63|COMPLETED|3
29423084_235|63|COMPLETED|3
29423084_236|63|COMPLETED|3
29423084_237|63|COMPLETED|3
29423084_238|63|COMPLETED|3
29423084_239|63|COMPLETED|3
29423084_240|64|COMPLETED|3
29423084_241|59|COMPLETED|3
29423084_242|59|COMPLETED|3
29423084_243|59|COMPLETED|3
29423084_244|59|COMPLETED|3
29423084_245|59|COMPLETED|3
29423084_246|59|COMPLETED|3
29423084_247|58|COMPLETED|3
29423084_248|58|COMPLETED|3
29423084_249|58|COMPLETED|3
29423084_250|58|COMPLETED|3
29423084_251|58|COMPLETED|3
29423084_252|58|COMPLETED|3
29423084_253|58|COMPLETED|3
29423084_254|58|COMPLETED|3
29423084_255|58|COMPLETED|3
29423084_256|58|COMPLETED|3
29423084_257|63|COMPLETED|3
29423084_258|20576|COMPLETED|3
29423084_259|63|COMPLETED|3
29423084_260|62|COMPLETED|3
29423084_261|62|COMPLETED|3
29423084_262|62|COMPLETED|3
29423084_263|63|COMPLETED|3
29423084_264|63|COMPLETED|3
29423084_265|62|COMPLETED|3
29423084_266|259205|TIMEOUT|3
29423084_267|63|COMPLETED|3
29423084_268|65|COMPLETED|3
29423084_269|63|COMPLETED|3
29423084_270|63|COMPLETED|3
29423084_271|62|COMPLETED|3
29423084_272|62|COMPLETED|3
29423084_273|94|COMPLETED|3
29423084_274|94|COMPLETED|3
29423084_275|94|COMPLETED|3
29423084_276|94|COMPLETED|3
29423084_277|94|COMPLETED|3
29423084_278|94|COMPLETED|3
29423084_279|94|COMPLETED|3
29423084_280|94|COMPLETED|3
29423084_281|94|COMPLETED|3
29423084_282|94|COMPLETED|3
29423084_283|94|COMPLETED|3
29423084_284|94|COMPLETED|3
29423084_285|94|COMPLETED|3
29423084_286|94|COMPLETED|3
29423084_287|94|COMPLETED|3
29423084_288|94|COMPLETED|3
29423084_289|63|COMPLETED|3
29423084_290|63|COMPLETED|3
29423084_291|63|COMPLETED|3
29423084_292|63|COMPLETED|3
29423084_293|63|COMPLETED|3
29423084_294|63|COMPLETED|3
29423084_295|63|COMPLETED|3
29423084_296|63|COMPLETED|3
29423084_297|98430|COMPLETED|3
29423084_298|63|COMPLETED|3
29423084_299|63|COMPLETED|3
29423084_300|63|COMPLETED|3
29423084_301|63|COMPLETED|3
29423084_302|63|COMPLETED|3
29423084_303|63|COMPLETED|3
29423084_304|63|COMPLETED|3
29423084_305|65|COMPLETED|3
29423084_306|65|COMPLETED|3
29423084_307|118891|COMPLETED|3
29423084_308|65|COMPLETED|3
29423084_309|65|COMPLETED|3
29423084_310|65|COMPLETED|3
29423084_311|65|COMPLETED|3
29423084_312|64|COMPLETED|3
29423084_313|64|COMPLETED|3
29423084_314|64|COMPLETED|3
29423084_315|64|COMPLETED|3
29423084_316|64|COMPLETED|3
29423084_317|64|COMPLETED|3
29423084_318|64|COMPLETED|3
29423084_319|64|COMPLETED|3
29423084_320|64|COMPLETED|3
29423084_321|63|COMPLETED|3
29423084_322|63|COMPLETED|3
29423084_323|63|COMPLETED|3
29423084_324|188376|COMPLETED|3
29423084_325|63|COMPLETED|3
29423084_326|63|COMPLETED|3
29423084_327|63|COMPLETED|3
29423084_328|63|COMPLETED|3
29423084_329|63|COMPLETED|3
29423084_330|63|COMPLETED|3
29423084_331|63|COMPLETED|3
29423084_332|65|COMPLETED|3
29423084_333|63|COMPLETED|3
29423084_334|63|COMPLETED|3
29423084_335|63|COMPLETED|3
29423084_336|63|COMPLETED|3
29423084_337|57|COMPLETED|3
29423084_338|57|COMPLETED|3
29423084_339|164823|COMPLETED|3
29423084_340|57|COMPLETED|3
29423084_341|57|COMPLETED|3
29423084_342|57|COMPLETED|3
29423084_343|57|COMPLETED|3
29423084_344|57|COMPLETED|3
29423084_345|57|COMPLETED|3
29423084_346|57|COMPLETED|3
29423084_347|57|COMPLETED|3
29423084_348|57|COMPLETED|3
29423084_349|57|COMPLETED|3
29423084_350|57|COMPLETED|3
29423084_351|57|COMPLETED|3
29423084_352|57|COMPLETED|3
29423084_353|57|COMPLETED|3
29423084_354|57|COMPLETED|3
29423084_355|57|COMPLETED|3
29423084_356|58|COMPLETED|3
29423084_357|259204|TIMEOUT|3
29423084_358|58|COMPLETED|3
29423084_359|57|COMPLETED|3
29423084_360|57|COMPLETED|3
29423084_361|57|COMPLETED|3
29423084_362|57|COMPLETED|3
29423084_363|58|COMPLETED|3
29423084_364|58|COMPLETED|3
29423084_365|58|COMPLETED|3
29423084_366|57|COMPLETED|3
29423084_367|58|COMPLETED|3
29423084_368|57|COMPLETED|3
29423084_369|61|COMPLETED|3
29423084_370|61|COMPLETED|3
29423084_371|61|COMPLETED|3
29423084_372|61|COMPLETED|3
29423084_373|61|COMPLETED|3
29423084_374|61|COMPLETED|3
29423084_375|61|COMPLETED|3
29423084_376|61|COMPLETED|3
29423084_377|259204|TIMEOUT|3
29423084_378|61|COMPLETED|3
29423084_379|61|COMPLETED|3
29423084_380|61|COMPLETED|3
29423084_381|61|COMPLETED|3
29423084_382|61|COMPLETED|3
29423084_383|61|COMPLETED|3
29423084_384|61|COMPLETED|3
29423084_385|59|COMPLETED|3
29423084_386|105488|COMPLETED|3
29423084_387|59|COMPLETED|3
29423084_388|59|COMPLETED|3
29423084_389|59|COMPLETED|3
29423084_390|59|COMPLETED|3
29423084_391|59|COMPLETED|3
29423084_392|59|COMPLETED|3
29423084_393|59|COMPLETED|3
29423084_394|59|COMPLETED|3
29423084_395|59|COMPLETED|3
29423084_396|59|COMPLETED|3
29423084_397|59|COMPLETED|3
29423084_398|59|COMPLETED|3
29423084_399|59|COMPLETED|3
29423084_400|59|COMPLETED|3
29423084_401|61|COMPLETED|3
29423084_402|60|COMPLETED|3
29423084_403|60|COMPLETED|3
29423084_404|60|COMPLETED|3
29423084_405|60|COMPLETED|3
29423084_406|60|COMPLETED|3
29423084_407|60|COMPLETED|3
29423084_408|60|COMPLETED|3
29423084_409|61|COMPLETED|3
29423084_410|60|COMPLETED|3
29423084_411|62|COMPLETED|3
29423084_412|60|COMPLETED|3
29423084_413|59|COMPLETED|3
29423084_414|60|COMPLETED|3
29423084_415|59|COMPLETED|3
29423084_416|59|COMPLETED|3
29423084_417|56|COMPLETED|3
29423084_418|56|COMPLETED|3
29423084_419|56|COMPLETED|3
29423084_420|56|COMPLETED|3
29423084_421|56|COMPLETED|3
29423084_422|56|COMPLETED|3
29423084_423|58|COMPLETED|3
29423084_424|58|COMPLETED|3
29423084_425|56|COMPLETED|3
29423084_426|56|COMPLETED|3
29423084_427|56|COMPLETED|3
29423084_428|56|COMPLETED|3
29423084_429|56|COMPLETED|3
29423084_430|56|COMPLETED|3
29423084_431|56|COMPLETED|3
29423084_432|56|COMPLETED|3
29423084_433|61|COMPLETED|3
29423084_434|61|COMPLETED|3
29423084_435|61|COMPLETED|3
29423084_436|61|COMPLETED|3
29423084_437|61|COMPLETED|3
29423084_438|60|COMPLETED|3
29423084_439|35025|COMPLETED|3
29423084_440|61|COMPLETED|3
29423084_441|60|COMPLETED|3
29423084_442|61|COMPLETED|3
29423084_443|60|COMPLETED|3
29423084_444|61|COMPLETED|3
29423084_445|61|COMPLETED|3
29423084_446|61|COMPLETED|3
29423084_447|60|COMPLETED|3
29423084_448|61|COMPLETED|3
29423084_449|65|COMPLETED|3
29423084_450|65|COMPLETED|3
29423084_451|65|COMPLETED|3
29423084_452|65|COMPLETED|3
29423084_453|65|COMPLETED|3
29423084_454|65|COMPLETED|3
29423084_455|65|COMPLETED|3
29423084_456|65|COMPLETED|3
29423084_457|65|COMPLETED|3
29423084_458|98272|COMPLETED|3
29423084_459|65|COMPLETED|3
29423084_460|65|COMPLETED|3
29423084_461|65|COMPLETED|3
29423084_462|65|COMPLETED|3
29423084_463|65|COMPLETED|3
29423084_464|65|COMPLETED|3
29423084_465|61|COMPLETED|3
29423084_466|61|COMPLETED|3
29423084_467|61|COMPLETED|3
29423084_468|250905|COMPLETED|3
29423084_469|17824|COMPLETED|3
29423084_470|61|COMPLETED|3
29423084_471|61|COMPLETED|3
29423084_472|61|COMPLETED|3
29423084_473|61|COMPLETED|3
29423084_474|61|COMPLETED|3
29423084_475|61|COMPLETED|3
29423084_476|61|COMPLETED|3
29423084_477|61|COMPLETED|3
29423084_478|61|COMPLETED|3
29423084_479|61|COMPLETED|3
29423084_480|63|COMPLETED|3
29423084_481|62|COMPLETED|3
29423084_482|259203|TIMEOUT|3
29423084_483|62|COMPLETED|3
29423084_484|62|COMPLETED|3
29423084_485|62|COMPLETED|3
29423084_486|62|COMPLETED|3
29423084_487|62|COMPLETED|3
29423084_488|62|COMPLETED|3
29423084_489|62|COMPLETED|3
29423084_490|99120|COMPLETED|3
29423084_491|62|COMPLETED|3
29423084_492|62|COMPLETED|3
29423084_493|62|COMPLETED|3
29423084_494|62|COMPLETED|3
29423084_495|9002|COMPLETED|3
29423084_496|62|COMPLETED|3
29423084_497|57|COMPLETED|3
29423084_498|56|COMPLETED|3
29423084_499|57|COMPLETED|3
29423084_500|56|COMPLETED|3
29423084_501|57|COMPLETED|3
29423084_502|57|COMPLETED|3
29423084_503|56|COMPLETED|3
29423084_504|57|COMPLETED|3
29423084_505|56|COMPLETED|3
29423084_506|56|COMPLETED|3
29423084_507|56|COMPLETED|3
29423084_508|55|COMPLETED|3
29423084_509|56|COMPLETED|3
29423084_510|56|COMPLETED|3
29423084_511|55|COMPLETED|3
29423084_512|56|COMPLETED|3
29423084_513|62|COMPLETED|3
29423084_514|173718|COMPLETED|3
29423084_515|62|COMPLETED|3
29423084_516|62|COMPLETED|3
29423084_517|62|COMPLETED|3
29423084_518|62|COMPLETED|3
29423084_519|61|COMPLETED|3
29423084_520|61|COMPLETED|3
29423084_521|62|COMPLETED|3
29423084_522|62|COMPLETED|3
29423084_523|62|COMPLETED|3
29423084_524|62|COMPLETED|3
29423084_525|62|COMPLETED|3
29423084_526|62|COMPLETED|3
29423084_527|64|COMPLETED|3
29423084_528|61|COMPLETED|3
29423084_529|59|COMPLETED|3
29423084_530|59|COMPLETED|3
29423084_531|59|COMPLETED|3
29423084_532|162932|COMPLETED|3
29423084_533|59|COMPLETED|3
29423084_534|59|COMPLETED|3
29423084_535|59|COMPLETED|3
29423084_536|59|COMPLETED|3
29423084_537|59|COMPLETED|3
29423084_538|59|COMPLETED|3
29423084_539|59|COMPLETED|3
29423084_540|59|COMPLETED|3
29423084_541|59|COMPLETED|3
29423084_542|58|COMPLETED|3
29423084_543|59|COMPLETED|3
29423084_544|59|COMPLETED|3
29423084_545|58|COMPLETED|3
29423084_546|58|COMPLETED|3
29423084_547|58|COMPLETED|3
29423084_548|58|COMPLETED|3
29423084_549|58|COMPLETED|3
29423084_550|58|COMPLETED|3
29423084_551|58|COMPLETED|3
29423084_552|14439|COMPLETED|3
29423084_553|59397|COMPLETED|3
29423084_554|58|COMPLETED|3
29423084_555|58|COMPLETED|3
29423084_556|58|COMPLETED|3
29423084_557|58|COMPLETED|3
29423084_558|58|COMPLETED|3
29423084_559|58|COMPLETED|3
29423084_560|58|COMPLETED|3
29423084_562|59|COMPLETED|3
29423084_563|59|COMPLETED|3
29423084_564|59|COMPLETED|3
29423084_565|59|COMPLETED|3
29423084_566|59|COMPLETED|3
29423084_567|59|COMPLETED|3
29423084_568|59|COMPLETED|3
29423084_569|59|COMPLETED|3
29423084_570|59|COMPLETED|3
29423084_571|59|COMPLETED|3
29423084_572|59|COMPLETED|3
29423084_573|59|COMPLETED|3
29423084_574|59|COMPLETED|3
29423084_575|59|COMPLETED|3
29423084_576|59|COMPLETED|3
29423084_577|57|COMPLETED|3
29423084_578|57|COMPLETED|3
29423084_579|57|COMPLETED|3
29423084_580|57|COMPLETED|3
29423084_581|57|COMPLETED|3
29423084_582|57|COMPLETED|3
29423084_583|57|COMPLETED|3
29423084_584|57|COMPLETED|3
29423084_585|57|COMPLETED|3
29423084_586|57|COMPLETED|3
29423084_588|57|COMPLETED|3
29423084_589|57|COMPLETED|3
29423084_590|57|COMPLETED|3
29423084_591|57|COMPLETED|3
29423084_592|57|COMPLETED|3
29423084_593|59|COMPLETED|3
29423084_594|59|COMPLETED|3
29423084_595|59|COMPLETED|3
29423084_597|58|COMPLETED|3
29423084_598|59|COMPLETED|3
29423084_599|58|COMPLETED|3
29423084_600|58|COMPLETED|3
29423084_601|124195|COMPLETED|3
29423084_602|59|COMPLETED|3
29423084_603|58|COMPLETED|3
29423084_604|59|COMPLETED|3
29423084_605|58|COMPLETED|3
29423084_606|59|COMPLETED|3
29423084_607|59|COMPLETED|3
29423084_608|58|COMPLETED|3
29423084_609|61|COMPLETED|3
29423084_610|61|COMPLETED|3
29423084_611|61|COMPLETED|3
29423084_612|61|COMPLETED|3
29423084_613|61|COMPLETED|3
29423084_614|61|COMPLETED|3
29423084_615|61|COMPLETED|3
29423084_616|61|COMPLETED|3
29423084_617|61|COMPLETED|3
29423084_618|61|COMPLETED|3
29423084_619|61|COMPLETED|3
29423084_620|61|COMPLETED|3
29423084_621|61|COMPLETED|3
29423084_622|61|COMPLETED|3
29423084_623|61|COMPLETED|3
29423084_624|61|COMPLETED|3
29423084_625|60|COMPLETED|3
29423084_626|60|COMPLETED|3
29423084_627|60|COMPLETED|3
29423084_628|60|COMPLETED|3
29423084_629|61|COMPLETED|3
29423084_630|55089|COMPLETED|3
29423084_631|60|COMPLETED|3
29423084_632|120633|COMPLETED|3
29423084_633|60|COMPLETED|3
29423084_634|132012|COMPLETED|3
29423084_635|60|COMPLETED|3
29423084_636|60|COMPLETED|3
29423084_637|60|COMPLETED|3
29423084_638|60|COMPLETED|3
29423084_639|61|COMPLETED|3
29423084_640|60|COMPLETED|3
29423084_641|60|COMPLETED|3
29423084_642|60|COMPLETED|3
29423084_644|60|COMPLETED|3
29423084_645|60|COMPLETED|3
29423084_646|249237|COMPLETED|3
29423084_647|213850|COMPLETED|3
29423084_648|60|COMPLETED|3
29423084_649|60|COMPLETED|3
29423084_650|60|COMPLETED|3
29423084_651|60|COMPLETED|3
29423084_652|60|COMPLETED|3
29423084_653|186117|COMPLETED|3
29423084_654|60|COMPLETED|3
29423084_655|60|COMPLETED|3
29423084_656|259201|TIMEOUT|3
29423084_657|63|COMPLETED|3
29423084_658|63|COMPLETED|3
29423084_659|63|COMPLETED|3
29423084_660|63|COMPLETED|3
29423084_661|63|COMPLETED|3
29423084_662|63|COMPLETED|3
29423084_663|63|COMPLETED|3
29423084_664|63|COMPLETED|3
29423084_665|63|COMPLETED|3
29423084_666|63|COMPLETED|3
29423084_667|63|COMPLETED|3
29423084_668|63|COMPLETED|3
29423084_669|63|COMPLETED|3
29423084_670|63|COMPLETED|3
29423084_671|63|COMPLETED|3
29423084_672|63|COMPLETED|3
29423084_673|61|COMPLETED|3
29423084_675|61|COMPLETED|3
29423084_676|60|COMPLETED|3
29423084_677|61|COMPLETED|3
29423084_678|61|COMPLETED|3
29423084_679|60|COMPLETED|3
29423084_680|61|COMPLETED|3
29423084_681|61|COMPLETED|3
29423084_683|60|COMPLETED|3
29423084_684|61|COMPLETED|3
29423084_685|61|COMPLETED|3
29423084_686|61|COMPLETED|3
29423084_687|60|COMPLETED|3
29423084_688|59|COMPLETED|3
29423084_689|58|COMPLETED|3
29423084_690|58|COMPLETED|3
29423084_691|58|COMPLETED|3
29423084_692|58|COMPLETED|3
29423084_693|58|COMPLETED|3
29423084_694|58|COMPLETED|3
29423084_695|58|COMPLETED|3
29423084_696|58|COMPLETED|3
29423084_697|58|COMPLETED|3
29423084_698|58|COMPLETED|3
29423084_699|58|COMPLETED|3
29423084_700|58|COMPLETED|3
29423084_701|58|COMPLETED|3
29423084_702|58|COMPLETED|3
29423084_703|58|COMPLETED|3
29423084_704|58|COMPLETED|3
29423084_705|59|COMPLETED|3
29423084_706|59|COMPLETED|3
29423084_707|59|COMPLETED|3
29423084_708|259200|TIMEOUT|3
29423084_709|59|COMPLETED|3
29423084_710|59|COMPLETED|3
29423084_711|61523|COMPLETED|3
29423084_712|59|COMPLETED|3
29423084_713|59|COMPLETED|3
29423084_714|59|COMPLETED|3
29423084_715|59|COMPLETED|3
29423084_716|59|COMPLETED|3
29423084_717|59|COMPLETED|3
29423084_718|59|COMPLETED|3
29423084_719|59|COMPLETED|3
29423084_720|59|COMPLETED|3
29423084_721|62|COMPLETED|3
29423084_722|62|COMPLETED|3
29423084_723|62|COMPLETED|3
29423084_724|62|COMPLETED|3
29423084_725|62|COMPLETED|3
29423084_726|62|COMPLETED|3
29423084_727|19293|COMPLETED|3
29423084_728|149978|COMPLETED|3
29423084_729|62|COMPLETED|3
29423084_730|62|COMPLETED|3
29423084_731|62|COMPLETED|3
29423084_732|62|COMPLETED|3
29423084_733|62|COMPLETED|3
29423084_734|62|COMPLETED|3
29423084_735|62|COMPLETED|3
29423084_736|62|COMPLETED|3
29423084_737|95|COMPLETED|3
29423084_738|95|COMPLETED|3
29423084_739|95|COMPLETED|3
29423084_740|95|COMPLETED|3
29423084_741|95|COMPLETED|3
29423084_742|95|COMPLETED|3
29423084_743|95|COMPLETED|3
29423084_744|95|COMPLETED|3
29423084_745|95|COMPLETED|3
29423084_746|95|COMPLETED|3
29423084_747|95|COMPLETED|3
29423084_748|95|COMPLETED|3
29423084_749|95|COMPLETED|3
29423084_750|95|COMPLETED|3
29423084_751|95|COMPLETED|3
29423084_752|95|COMPLETED|3
29423084_753|48974|COMPLETED|3
29423084_754|58|COMPLETED|3
29423084_755|58|COMPLETED|3
29423084_756|58|COMPLETED|3
29423084_757|58|COMPLETED|3
29423084_758|58|COMPLETED|3
29423084_759|58|COMPLETED|3
29423084_760|58|COMPLETED|3
29423084_761|58|COMPLETED|3
29423084_762|58|COMPLETED|3
29423084_763|58|COMPLETED|3
29423084_764|58|COMPLETED|3
29423084_765|58|COMPLETED|3
29423084_766|58|COMPLETED|3
29423084_767|58|COMPLETED|3
29423084_768|58|COMPLETED|3
29423084_769|60|COMPLETED|3
29423084_770|60|COMPLETED|3
29423084_771|59|COMPLETED|3
29423084_772|59|COMPLETED|3
29423084_773|59|COMPLETED|3
29423084_774|59|COMPLETED|3
29423084_775|59|COMPLETED|3
29423084_776|59|COMPLETED|3
29423084_777|59|COMPLETED|3
29423084_778|59|COMPLETED|3
29423084_779|59|COMPLETED|3
29423084_780|59|COMPLETED|3
29423084_781|59|COMPLETED|3
29423084_782|59|COMPLETED|3
29423084_783|69987|COMPLETED|3
29423084_784|59|COMPLETED|3
29423084_785|56|COMPLETED|3
29423084_786|56|COMPLETED|3
29423084_787|56|COMPLETED|3
29423084_788|56|COMPLETED|3
29423084_789|56|COMPLETED|3
29423084_790|56|COMPLETED|3
29423084_791|56|COMPLETED|3
29423084_792|56|COMPLETED|3
29423084_793|56|COMPLETED|3
29423084_794|56|COMPLETED|3
29423084_795|56|COMPLETED|3
29423084_796|56|COMPLETED|3
29423084_797|56|COMPLETED|3
29423084_798|56|COMPLETED|3
29423084_799|33550|COMPLETED|3
29423084_800|259229|TIMEOUT|3
29423084_801|59|COMPLETED|3
29423084_802|59|COMPLETED|3
29423084_803|59|COMPLETED|3
29423084_804|59|COMPLETED|3
29423084_805|59|COMPLETED|3
29423084_806|59|COMPLETED|3
29423084_807|59|COMPLETED|3
29423084_808|59|COMPLETED|3
29423084_809|59|COMPLETED|3
29423084_810|62|COMPLETED|3
29423084_811|59|COMPLETED|3
29423084_812|141504|COMPLETED|3
29423084_813|61|COMPLETED|3
29423084_814|59|COMPLETED|3
29423084_815|59|COMPLETED|3
29423084_816|59|COMPLETED|3
29423084_817|59|COMPLETED|3
29423084_818|59|COMPLETED|3
29423084_819|59|COMPLETED|3
29423084_820|59|COMPLETED|3
29423084_821|59|COMPLETED|3
29423084_822|58|COMPLETED|3
29423084_823|59|COMPLETED|3
29423084_824|59|COMPLETED|3
29423084_825|59|COMPLETED|3
29423084_826|59|COMPLETED|3
29423084_827|58|COMPLETED|3
29423084_828|259229|TIMEOUT|3
29423084_829|59|COMPLETED|3
29423084_830|58|COMPLETED|3
29423084_831|59|COMPLETED|3
29423084_832|59|COMPLETED|3
29423084_833|58|COMPLETED|3
29423084_834|58|COMPLETED|3
29423084_835|58|COMPLETED|3
29423084_836|45619|COMPLETED|3
29423084_837|58|COMPLETED|3
29423084_838|59|COMPLETED|3
29423084_839|58|COMPLETED|3
29423084_840|58|COMPLETED|3
29423084_841|59|COMPLETED|3
29423084_842|61|COMPLETED|3
29423084_843|58|COMPLETED|3
29423084_844|58|COMPLETED|3
29423084_845|58|COMPLETED|3
29423084_846|59|COMPLETED|3
29423084_847|59|COMPLETED|3
29423084_848|59|COMPLETED|3
29423084_849|59|COMPLETED|3
29423084_850|59|COMPLETED|3
29423084_851|59|COMPLETED|3
29423084_852|59|COMPLETED|3
29423084_853|58|COMPLETED|3
29423084_854|59|COMPLETED|3
29423084_855|59|COMPLETED|3
29423084_856|59|COMPLETED|3
29423084_857|58|COMPLETED|3
29423084_858|58|COMPLETED|3
29423084_859|59|COMPLETED|3
29423084_860|259229|TIMEOUT|3
29423084_861|58|COMPLETED|3
29423084_862|8286|COMPLETED|3
29423084_863|59|COMPLETED|3
29423084_864|58|COMPLETED|3
29423084_865|59|COMPLETED|3
29423084_866|59|COMPLETED|3
29423084_867|59|COMPLETED|3
29423084_868|59|COMPLETED|3
29423084_869|58|COMPLETED|3
29423084_870|10991|COMPLETED|3
29423084_871|57|COMPLETED|3
29423084_872|58|COMPLETED|3
29423084_873|58|COMPLETED|3
29423084_874|58|COMPLETED|3
29423084_875|143059|COMPLETED|3
29423084_876|58|COMPLETED|3
29423084_877|58|COMPLETED|3
29423084_878|58|COMPLETED|3
29423084_879|58|COMPLETED|3
29423084_880|58|COMPLETED|3
29423084_881|13677|COMPLETED|3
29423084_882|56|COMPLETED|3
29423084_883|56|COMPLETED|3
29423084_884|56|COMPLETED|3
29423084_885|56|COMPLETED|3
29423084_886|56|COMPLETED|3
29423084_887|56|COMPLETED|3
29423084_888|56|COMPLETED|3
29423084_889|56|COMPLETED|3
29423084_890|56|COMPLETED|3
29423084_891|56|COMPLETED|3
29423084_892|56|COMPLETED|3
29423084_893|62184|COMPLETED|3
29423084_894|56|COMPLETED|3
29423084_895|56|COMPLETED|3
29423084_896|56|COMPLETED|3
29423084_897|58|COMPLETED|3
29423084_898|136905|COMPLETED|3
29423084_899|58|COMPLETED|3
29423084_900|58|COMPLETED|3
29423084_901|58|COMPLETED|3
29423084_902|58|COMPLETED|3
29423084_903|58|COMPLETED|3
29423084_904|58|COMPLETED|3
29423084_905|58|COMPLETED|3
29423084_906|58|COMPLETED|3
29423084_907|58|COMPLETED|3
29423084_908|171623|COMPLETED|3
29423084_909|259228|TIMEOUT|3
29423084_910|58|COMPLETED|3
29423084_911|58|COMPLETED|3
29423084_912|204062|COMPLETED|3
29423084_913|57|COMPLETED|3
29423084_914|57|COMPLETED|3
29423084_915|57|COMPLETED|3
29423084_916|57|COMPLETED|3
29423084_917|57|COMPLETED|3
29423084_918|60|COMPLETED|3
29423084_919|57|COMPLETED|3
29423084_920|57|COMPLETED|3
29423084_921|57|COMPLETED|3
29423084_922|57|COMPLETED|3
29423084_923|57|COMPLETED|3
29423084_924|57|COMPLETED|3
29423084_925|116770|COMPLETED|3
29423084_926|57|COMPLETED|3
29423084_927|57|COMPLETED|3
29423084_928|57|COMPLETED|3
29423084_929|60|COMPLETED|3
29423084_930|60|COMPLETED|3
29423084_931|60|COMPLETED|3
29423084_932|60|COMPLETED|3
29423084_933|60|COMPLETED|3
29423084_934|60|COMPLETED|3
29423084_935|83620|COMPLETED|3
29423084_936|60|COMPLETED|3
29423084_937|60|COMPLETED|3
29423084_938|60|COMPLETED|3
29423084_939|60|COMPLETED|3
29423084_940|60|COMPLETED|3
29423084_941|60|COMPLETED|3
29423084_942|60|COMPLETED|3
29423084_943|60|COMPLETED|3
29423084_944|60|COMPLETED|3
29423084_945|54|COMPLETED|3
29423084_946|54|COMPLETED|3
29423084_947|54|COMPLETED|3
29423084_948|54|COMPLETED|3
29423084_949|54|COMPLETED|3
29423084_950|54|COMPLETED|3
29423084_951|54|COMPLETED|3
29423084_952|54|COMPLETED|3
29423084_953|259228|TIMEOUT|3
29423084_954|54|COMPLETED|3
29423084_955|54|COMPLETED|3
29423084_956|94411|COMPLETED|3
29423084_957|54|COMPLETED|3
29423084_958|259228|TIMEOUT|3
29423084_959|54|COMPLETED|3
29423084_960|54|COMPLETED|3
29423084_961|54|COMPLETED|3
29423084_962|54|COMPLETED|3
29423084_963|53|COMPLETED|3
29423084_964|53|COMPLETED|3
29423084_965|53|COMPLETED|3
29423084_966|53|COMPLETED|3
29423084_967|53|COMPLETED|3
29423084_968|53|COMPLETED|3
29423084_969|53|COMPLETED|3
29423084_970|53|COMPLETED|3
29423084_971|53|COMPLETED|3
29423084_972|53|COMPLETED|3
29423084_973|53|COMPLETED|3
29423084_974|53|COMPLETED|3
29423084_975|53|COMPLETED|3
29423084_976|53|COMPLETED|3
29423084_977|57|COMPLETED|3
29423084_978|57|COMPLETED|3
29423084_979|56|COMPLETED|3
29423084_980|57|COMPLETED|3
29423084_981|57|COMPLETED|3
29423084_982|56|COMPLETED|3
29423084_983|57|COMPLETED|3
29423084_984|57|COMPLETED|3
29423084_985|56|COMPLETED|3
29423084_986|57|COMPLETED|3
29423084_987|56|COMPLETED|3
29423084_988|56|COMPLETED|3
29423084_989|55|COMPLETED|3
29423084_990|54|COMPLETED|3
29423084_991|53|COMPLETED|3
29423084_992|54|COMPLETED|3
29423084_993|47|COMPLETED|3
29423084_994|47|COMPLETED|3
29423084_995|47|COMPLETED|3
29423084_996|47|COMPLETED|3
29423084_997|47|COMPLETED|3
29423084_998|47|COMPLETED|3
29423084_999|47|COMPLETED|3
29423084_1000|47|COMPLETED|3
29423084_1001|47|COMPLETED|3
29423084_1002|48|COMPLETED|3
29423084_1003|47|COMPLETED|3
29423084_1004|47|COMPLETED|3
29423084_1005|47|COMPLETED|3
29423084_1006|47|COMPLETED|3
29423084_1007|47|COMPLETED|3
29423084_1008|47|COMPLETED|3
29423084_1009|58172|COMPLETED|3
29423084_1010|148269|COMPLETED|3
29423084_1011|259224|TIMEOUT|3
29423084_1012|51|COMPLETED|3
29423084_1013|51|COMPLETED|3
29423084_1014|51|COMPLETED|3
29423084_1015|51|COMPLETED|3
29423084_1016|51|COMPLETED|3
29423084_1017|51|COMPLETED|3
29423084_1018|51|COMPLETED|3
29423084_1019|51|COMPLETED|3
29423084_1020|51|COMPLETED|3
29423084_1021|51|COMPLETED|3
29423084_1022|18|COMPLETED|3
29423084_1023|18|COMPLETED|3
29423084_1024|18|COMPLETED|3
29423084_1025|220149|COMPLETED|3
29423084_1026|18|COMPLETED|3
29423084_1027|18|COMPLETED|3
29423084_1028|18|COMPLETED|3
29423084_1029|18|COMPLETED|3
29423084_1030|18|COMPLETED|3
29423084_1031|18|COMPLETED|3
29423084_1032|18|COMPLETED|3
29423084_1033|17|COMPLETED|3
29423084_1034|17|COMPLETED|3
29423084_1035|17|COMPLETED|3
29423084_1036|17|COMPLETED|3
29423084_1037|17|COMPLETED|3
29423084_1038|17|COMPLETED|3
29423084_1039|17|COMPLETED|3
29423084_1040|17|COMPLETED|3
29423084_1041|17|COMPLETED|3
29423084_1042|17|COMPLETED|3
29423084_1043|17|COMPLETED|3
29423084_1044|17|COMPLETED|3
29423084_1045|17|COMPLETED|3
29423084_1046|17|COMPLETED|3
29423084_1047|40178|COMPLETED|3
29423084_1048|17|COMPLETED|3
29423084_1049|6|COMPLETED|3
29423084_1050|6|COMPLETED|3
29423084_1051|6|COMPLETED|3
29423084_1052|6|COMPLETED|3
29423084_1053|6|COMPLETED|3
29423084_1054|6|COMPLETED|3
29423084_1055|6|COMPLETED|3
29423084_1056|6|COMPLETED|3
29423084_1057|50252|COMPLETED|3
29423084_1058|6|COMPLETED|3
29423084_1059|6|COMPLETED|3
29423084_1060|6|COMPLETED|3
29423084_1061|6|COMPLETED|3
29423084_1062|6|COMPLETED|3
29423084_1063|6|COMPLETED|3
29423084_1064|18|COMPLETED|3
29423084_1065|13|COMPLETED|3
29423084_1066|13|COMPLETED|3
29423084_1067|231520|COMPLETED|3
29423084_1068|14|COMPLETED|3
29423084_1069|18|COMPLETED|3
29423084_1070|13|COMPLETED|3
29423084_1071|13|COMPLETED|3
29423084_1072|13|COMPLETED|3
29423084_1073|14|COMPLETED|3
29423084_1074|12|COMPLETED|3
29423084_1075|17|COMPLETED|3
29423084_1076|12|COMPLETED|3
29423084_1077|14|COMPLETED|3
29423084_1078|14|COMPLETED|3
29423084_1079|14|COMPLETED|3
29423084_1081|12|COMPLETED|3
29423084_1082|16|COMPLETED|3
29423084_1083|10|COMPLETED|3
29423084_1084|14|COMPLETED|3
29423084_1085|15|COMPLETED|3
29423084_1086|13|COMPLETED|3
29423084_1087|10|COMPLETED|3
29423084_1088|17|COMPLETED|3
29423084_1089|10|COMPLETED|3
29423084_1090|15|COMPLETED|3
29423084_1091|12|COMPLETED|3
29423084_1092|10|COMPLETED|3
29423084_1093|10|COMPLETED|3
29423084_1094|11|COMPLETED|3
29423084_1095|10|COMPLETED|3
29423084_1096|18|COMPLETED|3
29423084_1097|12|COMPLETED|3
29423084_1098|13|COMPLETED|3
29423084_1099|11|COMPLETED|3
29423084_1100|12|COMPLETED|3
29423084_1101|17|COMPLETED|3
29423084_1102|12|COMPLETED|3
29423084_1103|26509|COMPLETED|3
29423084_1104|259226|TIMEOUT|3
29423084_1105|16|COMPLETED|3
29423084_1106|13|COMPLETED|3
29423084_1107|13|COMPLETED|3
29423084_1108|11|COMPLETED|3
29423084_1109|13|COMPLETED|3
29423084_1110|16|COMPLETED|3
29423084_1111|16|COMPLETED|3
29423084_1112|30|COMPLETED|3
29423084_1113|30|COMPLETED|3
29423084_1114|30|COMPLETED|3
29423084_1115|30|COMPLETED|3
29423084_1116|30|COMPLETED|3
29423084_1117|30|COMPLETED|3
29423084_1118|30|COMPLETED|3
29423084_1119|30|COMPLETED|3
29423084_1120|30|COMPLETED|3
29423084_1121|30|COMPLETED|3
29423084_1122|30|COMPLETED|3
29423084_1123|30|COMPLETED|3
29423084_1124|30|COMPLETED|3
29423084_1125|30|COMPLETED|3
29423084_1126|30|COMPLETED|3
29423084_1127|30|COMPLETED|3
29423084_1128|17|COMPLETED|3
29423084_1129|18|COMPLETED|3
29423084_1130|16|COMPLETED|3
29423084_1131|17|COMPLETED|3
29423084_1132|17|COMPLETED|3
29423084_1133|17|COMPLETED|3
29423084_1134|17|COMPLETED|3
29423084_1135|18|COMPLETED|3
29423084_1136|17|COMPLETED|3
29423084_1137|18|COMPLETED|3
29423084_1138|17|COMPLETED|3
29423084_1139|17|COMPLETED|3
29423084_1140|20|COMPLETED|3
29423084_1141|17|COMPLETED|3
29423084_1142|17|COMPLETED|3
29423084_1143|17|COMPLETED|3
29423084_1144|16|COMPLETED|3
29423084_1145|15|COMPLETED|3
29423084_1146|17|COMPLETED|3
29423084_1147|16|COMPLETED|3
29423084_1148|15|COMPLETED|3
29423084_1149|17|COMPLETED|3
29423084_1150|86309|COMPLETED|3
29423084_1151|16|COMPLETED|3
29423084_1152|16|COMPLETED|3
29423084_1153|173593|COMPLETED|3
29423084_1154|14|COMPLETED|3
29423084_1155|16|COMPLETED|3
29423084_1156|17|COMPLETED|3
29423084_1157|16|COMPLETED|3
29423084_1158|16|COMPLETED|3
29423084_1159|14|COMPLETED|3
29423084_1160|17|COMPLETED|3
29423084_1161|12|COMPLETED|3
29423084_1162|13|COMPLETED|3
29423084_1163|14|COMPLETED|3
29423084_1164|12|COMPLETED|3
29423084_1165|11|COMPLETED|3
29423084_1166|13|COMPLETED|3
29423084_1167|78285|COMPLETED|3
29423084_1168|14|COMPLETED|3
29423084_1169|12|COMPLETED|3
29423084_1170|11|COMPLETED|3
29423084_1171|12|COMPLETED|3
29423084_1172|12|COMPLETED|3
29423084_1173|13|COMPLETED|3
29423084_1174|219503|COMPLETED|3
29423084_1175|12|COMPLETED|3
29423084_1176|5|COMPLETED|3
29423084_1177|5|COMPLETED|3
29423084_1178|5|COMPLETED|3
29423084_1179|5|COMPLETED|3
29423084_1180|5|COMPLETED|3
29423084_1181|5|COMPLETED|3
29423084_1182|5|COMPLETED|3
29423084_1183|5|COMPLETED|3
29423084_1184|29693|COMPLETED|3
29423084_1185|7|COMPLETED|3
29423084_1186|7|COMPLETED|3
29423084_1187|7|COMPLETED|3
29423084_1188|7|COMPLETED|3
29423084_1189|7|COMPLETED|3
29423084_1190|259226|TIMEOUT|3
29423084_1191|7|COMPLETED|3
29423084_1192|30|COMPLETED|3
29423084_1193|30|COMPLETED|3
29423084_1194|30|COMPLETED|3
29423084_1195|30|COMPLETED|3
29423084_1196|30|COMPLETED|3
29423084_1197|30|COMPLETED|3
29423084_1198|30|COMPLETED|3
29423084_1199|30|COMPLETED|3
29423084_1200|30|COMPLETED|3
29423084_1201|30|COMPLETED|3
29423084_1202|30|COMPLETED|3
29423084_1203|30|COMPLETED|3
29423084_1204|30|COMPLETED|3
29423084_1205|30|COMPLETED|3
29423084_1206|30|COMPLETED|3
29423084_1207|30|COMPLETED|3
29423084_1208|30|COMPLETED|3
29423084_1209|30|COMPLETED|3
29423084_1210|30|COMPLETED|3
29423084_1211|29|COMPLETED|3
29423084_1212|29|COMPLETED|3
29423084_1213|29|COMPLETED|3
29423084_1214|29|COMPLETED|3
29423084_1215|29|COMPLETED|3
29423084_1217|29|COMPLETED|3
29423084_1218|29|COMPLETED|3
29423084_1219|29|COMPLETED|3
29423084_1220|29|COMPLETED|3
29423084_1221|29|COMPLETED|3
29423084_1222|29|COMPLETED|3
29423084_1223|29|COMPLETED|3
29423084_1224|21|COMPLETED|3
29423084_1225|21|COMPLETED|3
29423084_1226|21|COMPLETED|3
29423084_1228|21|COMPLETED|3
29423084_1229|21|COMPLETED|3
29423084_1230|21|COMPLETED|3
29423084_1232|21|COMPLETED|3
29423084_1233|21|COMPLETED|3
29423084_1234|105793|COMPLETED|3
29423084_1235|21|COMPLETED|3
29423084_1236|21|COMPLETED|3
29423084_1237|21|COMPLETED|3
29423084_1238|21|COMPLETED|3
29423084_1239|21|COMPLETED|3
29423084_1240|24|COMPLETED|3
29423084_1241|24|COMPLETED|3
29423084_1242|24|COMPLETED|3
29423084_1243|24|COMPLETED|3
29423084_1244|24|COMPLETED|3
29423084_1245|24|COMPLETED|3
29423084_1246|24|COMPLETED|3
29423084_1247|24|COMPLETED|3
29423084_1248|24|COMPLETED|3
29423084_1249|24|COMPLETED|3
29423084_1250|24|COMPLETED|3
29423084_1251|24|COMPLETED|3
29423084_1252|24|COMPLETED|3
29423084_1253|26|COMPLETED|3
29423084_1254|65991|COMPLETED|3
29423084_1255|124343|COMPLETED|3
29423084_1256|18|COMPLETED|3
29423084_1257|18|COMPLETED|3
29423084_1258|18|COMPLETED|3
29423084_1259|18|COMPLETED|3
29423084_1260|18|COMPLETED|3
29423084_1261|18|COMPLETED|3
29423084_1262|18|COMPLETED|3
29423084_1263|18|COMPLETED|3
29423084_1264|18|COMPLETED|3
29423084_1265|174020|COMPLETED|3
29423084_1266|18|COMPLETED|3
29423084_1267|18|COMPLETED|3
29423084_1268|18|COMPLETED|3
29423084_1269|18|COMPLETED|3
29423084_1270|18|COMPLETED|3
29423084_1271|18|COMPLETED|3
29423084_1272|70|COMPLETED|3
29423084_1273|70|COMPLETED|3
29423084_1274|70|COMPLETED|3
29423084_1275|70|COMPLETED|3
29423084_1276|70|COMPLETED|3
29423084_1277|72|COMPLETED|3
29423084_1278|70|COMPLETED|3
29423084_1279|70|COMPLETED|3
29423084_1280|70|COMPLETED|3
29423084_1281|70|COMPLETED|3
29423084_1282|30089|COMPLETED|3
29423084_1283|70|COMPLETED|3
29423084_1284|70|COMPLETED|3
29423084_1285|70|COMPLETED|3
29423084_1286|70|COMPLETED|3
29423084_1287|70|COMPLETED|3
29423084_1288|9|COMPLETED|3
29423084_1289|11|COMPLETED|3
29423084_1290|9|COMPLETED|3
29423084_1291|240173|COMPLETED|3
29423084_1292|16|COMPLETED|3
29423084_1293|12|COMPLETED|3
29423084_1294|11|COMPLETED|3
29423084_1295|9|COMPLETED|3
29423084_1296|12|COMPLETED|3
29423084_1297|9|COMPLETED|3
29423084_1298|9|COMPLETED|3
29423084_1299|10|COMPLETED|3
29423084_1300|12|COMPLETED|3
29423084_1301|11|COMPLETED|3
29423084_1302|14|COMPLETED|3
29423084_1303|116391|COMPLETED|3
29423084_1304|9|COMPLETED|3
29423084_1305|9|COMPLETED|3
29423084_1306|63001|COMPLETED|3
29423084_1307|11|COMPLETED|3
29423084_1308|13|COMPLETED|3
29423084_1309|14|COMPLETED|3
29423084_1310|11|COMPLETED|3
29423084_1311|9|COMPLETED|3
29423084_1312|13|COMPLETED|3
29423084_1313|11|COMPLETED|3
29423084_1314|9|COMPLETED|3
29423084_1315|100208|COMPLETED|3
29423084_1316|259225|TIMEOUT|3
29423084_1317|12|COMPLETED|3
29423084_1318|12|COMPLETED|3
29423084_1319|10|COMPLETED|3
29423084_1320|9|COMPLETED|3
29423084_1321|13|COMPLETED|3
29423084_1322|11|COMPLETED|3
29423084_1323|12|COMPLETED|3
29423084_1324|12|COMPLETED|3
29423084_1325|13|COMPLETED|3
29423084_1326|10|COMPLETED|3
29423084_1327|9|COMPLETED|3
29423084_1328|11|COMPLETED|3
29423084_1329|15|COMPLETED|3
29423084_1330|14|COMPLETED|3
29423084_1331|13|COMPLETED|3
29423084_1332|14|COMPLETED|3
29423084_1333|80672|COMPLETED|3
29423084_1334|16|COMPLETED|3
29423084_1335|12|COMPLETED|3
29423084_1336|9|COMPLETED|3
29423084_1337|12|COMPLETED|3
29423084_1338|11|COMPLETED|3
29423084_1339|9|COMPLETED|3
29423084_1340|14|COMPLETED|3
29423084_1341|10|COMPLETED|3
29423084_1342|9|COMPLETED|3
29423084_1343|11|COMPLETED|3
29423084_1344|11|COMPLETED|3
29423084_1345|11|COMPLETED|3
29423084_1346|9|COMPLETED|3
29423084_1347|11|COMPLETED|3
29423084_1348|13|COMPLETED|3
29423084_1349|14|COMPLETED|3
29423084_1350|10|COMPLETED|3
29423084_1351|12|COMPLETED|3
29423084_1352|11|COMPLETED|3
29423084_1353|33732|COMPLETED|3
29423084_1354|11|COMPLETED|3
29423084_1355|10|COMPLETED|3
29423084_1356|11|COMPLETED|3
29423084_1357|13|COMPLETED|3
29423084_1358|16|COMPLETED|3
29423084_1359|10|COMPLETED|3
29423084_1360|10|COMPLETED|3
29423084_1361|16|COMPLETED|3
29423084_1362|10|COMPLETED|3
29423084_1363|8|COMPLETED|3
29423084_1364|9|COMPLETED|3
29423084_1365|8|COMPLETED|3
29423084_1366|144624|COMPLETED|3
29423084_1367|8|COMPLETED|3
29423084_1368|11|COMPLETED|3
29423084_1369|10|COMPLETED|3
29423084_1370|11|COMPLETED|3
29423084_1371|13|COMPLETED|3
29423084_1372|162639|COMPLETED|3
29423084_1373|12|COMPLETED|3
29423084_1374|10|COMPLETED|3
29423084_1375|10|COMPLETED|3
29423084_1376|8|COMPLETED|3
29423084_1377|14|COMPLETED|3
29423084_1378|8|COMPLETED|3
29423084_1379|12|COMPLETED|3
29423084_1380|13|COMPLETED|3
29423084_1381|162892|COMPLETED|3
29423084_1382|10|COMPLETED|3
29423084_1383|10|COMPLETED|3
29423084_1384|137887|COMPLETED|3
29423084_1385|13|COMPLETED|3
29423084_1386|8|COMPLETED|3
29423084_1387|8|COMPLETED|3
29423084_1388|10|COMPLETED|3
29423084_1389|8|COMPLETED|3
29423084_1390|25434|COMPLETED|3
29423084_1391|10|COMPLETED|3
29423084_1392|11|COMPLETED|3
29423084_1393|10|COMPLETED|3
29423084_1394|8|COMPLETED|3
29423084_1395|11|COMPLETED|3
29423084_1396|10|COMPLETED|3
29423084_1397|8|COMPLETED|3
29423084_1398|8|COMPLETED|3
29423084_1399|142311|COMPLETED|3
29423084_1400|54533|COMPLETED|3
29423084_1401|9|COMPLETED|3
29423084_1402|11|COMPLETED|3
29423084_1403|10|COMPLETED|3
29423084_1404|8|COMPLETED|3
29423084_1405|15|COMPLETED|3
29423084_1406|11|COMPLETED|3
29423084_1407|11|COMPLETED|3
29423084_1408|10|COMPLETED|3
29423084_1409|8|COMPLETED|3
29423084_1410|8|COMPLETED|3
29423084_1411|8|COMPLETED|3
29423084_1412|10|COMPLETED|3
29423084_1413|10|COMPLETED|3
29423084_1414|11|COMPLETED|3
29423084_1415|11|COMPLETED|3
29423084_1416|15|COMPLETED|3
29423084_1417|11|COMPLETED|3
29423084_1418|11|COMPLETED|3
29423084_1419|11|COMPLETED|3
29423084_1420|129685|COMPLETED|3
29423084_1421|12|COMPLETED|3
29423084_1422|8|COMPLETED|3
29423084_1423|8|COMPLETED|3
29423084_1424|15|COMPLETED|3
29423084_1425|12|COMPLETED|3
29423084_1426|10|COMPLETED|3
29423084_1427|10|COMPLETED|3
29423084_1428|10|COMPLETED|3
29423084_1429|10|COMPLETED|3
29423084_1430|10|COMPLETED|3
29423084_1431|8|COMPLETED|3
29423084_1432|8|COMPLETED|3
29423084_1433|9|COMPLETED|3
29423084_1434|11|COMPLETED|3
29423084_1435|14|COMPLETED|3
29423084_1436|10|COMPLETED|3
29423084_1437|8|COMPLETED|3
29423084_1438|12|COMPLETED|3
29423084_1439|15|COMPLETED|3
29423084_1440|8|COMPLETED|3
29423084_1441|16|COMPLETED|3
29423084_1442|16|COMPLETED|3
29423084_1443|16|COMPLETED|3
29423084_1444|43883|COMPLETED|3
29423084_1445|16|COMPLETED|3
29423084_1446|16|COMPLETED|3
29423084_1447|131712|COMPLETED|3
29423084_1448|16|COMPLETED|3
29423084_1449|16|COMPLETED|3
29423084_1450|16|COMPLETED|3
29423084_1451|16|COMPLETED|3
29423084_1452|16|COMPLETED|3
29423084_1453|16|COMPLETED|3
29423084_1454|54936|COMPLETED|3
29423084_1455|16|COMPLETED|3
29423084_1456|16|COMPLETED|3
29423084_1457|16|COMPLETED|3
29423084_1458|16|COMPLETED|3
29423084_1459|16|COMPLETED|3
29423084_1460|16|COMPLETED|3
29423084_1461|16|COMPLETED|3
29423084_1462|16|COMPLETED|3
29423084_1463|15|COMPLETED|3
29423084_1464|15|COMPLETED|3
29423084_1465|15|COMPLETED|3
29423084_1466|15|COMPLETED|3
29423084_1467|15|COMPLETED|3
29423084_1468|15|COMPLETED|3
29423084_1469|15|COMPLETED|3
29423084_1470|15|COMPLETED|3
29423084_1471|15|COMPLETED|3
29423084_1472|15|COMPLETED|3
29423084_1473|17|COMPLETED|3
29423084_1474|17|COMPLETED|3
29423084_1475|17|COMPLETED|3
29423084_1476|17|COMPLETED|3
29423084_1477|17|COMPLETED|3
29423084_1478|17|COMPLETED|3
29423084_1479|17|COMPLETED|3
29423084_1480|17|COMPLETED|3
29423084_1481|17|COMPLETED|3
29423084_1482|17|COMPLETED|3
29423084_1483|78462|COMPLETED|3
29423084_1484|17|COMPLETED|3
29423084_1485|17|COMPLETED|3
29423084_1486|17|COMPLETED|3
29423084_1487|17|COMPLETED|3
29423084_1488|17|COMPLETED|3
29423084_1489|132951|COMPLETED|3
29423084_1490|15|COMPLETED|3
29423084_1491|15|COMPLETED|3
29423084_1492|15|COMPLETED|3
29423084_1493|15|COMPLETED|3
29423084_1494|15|COMPLETED|3
29423084_1495|15|COMPLETED|3
29423084_1496|15|COMPLETED|3
29423084_1497|15|COMPLETED|3
29423084_1498|31044|COMPLETED|3
29423084_1499|15|COMPLETED|3
29423084_1500|15|COMPLETED|3
29423084_1501|15|COMPLETED|3
29423084_1502|15|COMPLETED|3
29423084_1503|15|COMPLETED|3
29423084_1504|86275|COMPLETED|3
29423084_1505|9|COMPLETED|3
29423084_1506|14|COMPLETED|3
29423084_1507|91561|COMPLETED|3
29423084_1508|10|COMPLETED|3
29423084_1509|13|COMPLETED|3
29423084_1510|10|COMPLETED|3
29423084_1511|9|COMPLETED|3
29423084_1512|9|COMPLETED|3
29423084_1513|9|COMPLETED|3
29423084_1514|9|COMPLETED|3
29423084_1515|9|COMPLETED|3
29423084_1516|10|COMPLETED|3
29423084_1517|9|COMPLETED|3
29423084_1518|9|COMPLETED|3
29423084_1519|9|COMPLETED|3
29423084_1520|9|COMPLETED|3
29423084_1521|11|COMPLETED|3
29423084_1522|9|COMPLETED|3
29423084_1523|9|COMPLETED|3
29423084_1524|10|COMPLETED|3
29423084_1525|10|COMPLETED|3
29423084_1526|9|COMPLETED|3
29423084_1527|12|COMPLETED|3
29423084_1528|12|COMPLETED|3
29423084_1529|8|COMPLETED|3
29423084_1530|9|COMPLETED|3
29423084_1531|9|COMPLETED|3
29423084_1532|9|COMPLETED|3
29423084_1533|259223|TIMEOUT|3
29423084_1534|9|COMPLETED|3
29423084_1535|10|COMPLETED|3
29423084_1536|12|COMPLETED|3
29423084_1537|14|COMPLETED|3
29423084_1538|8|COMPLETED|3
29423084_1539|9|COMPLETED|3
29423084_1540|10|COMPLETED|3
29423084_1541|12|COMPLETED|3
29423084_1542|12|COMPLETED|3
29423084_1543|11|COMPLETED|3
29423084_1544|65682|COMPLETED|3
29423084_1545|10|COMPLETED|3
29423084_1546|8|COMPLETED|3
29423084_1547|8|COMPLETED|3
29423084_1548|10|COMPLETED|3
29423084_1549|8|COMPLETED|3
29423084_1550|9|COMPLETED|3
29423084_1551|9|COMPLETED|3
29423084_1552|12|COMPLETED|3
29423084_1553|8|COMPLETED|3
29423084_1554|9|COMPLETED|3
29423084_1555|7|COMPLETED|3
29423084_1556|29242|COMPLETED|3
29423084_1557|8|COMPLETED|3
29423084_1558|12|COMPLETED|3
29423084_1559|9|COMPLETED|3
29423084_1560|11|COMPLETED|3
29423084_1561|9|COMPLETED|3
29423084_1562|10|COMPLETED|3
29423084_1563|8|COMPLETED|3
29423084_1564|12|COMPLETED|3
29423084_1565|12|COMPLETED|3
29423084_1566|69524|COMPLETED|3
29423084_1567|7|COMPLETED|3
29423084_1568|8|COMPLETED|3
29423084_1569|12706|COMPLETED|3
29423084_1570|9|COMPLETED|3
29423084_1571|98763|COMPLETED|3
29423084_1572|64484|COMPLETED|3
29423084_1573|8|COMPLETED|3
29423084_1574|8|COMPLETED|3
29423084_1575|10|COMPLETED|3
29423084_1576|12|COMPLETED|3
29423084_1577|8|COMPLETED|3
29423084_1578|13|COMPLETED|3
29423084_1579|9|COMPLETED|3
29423084_1580|7|COMPLETED|3
29423084_1581|8|COMPLETED|3
29423084_1582|11|COMPLETED|3
29423084_1583|7|COMPLETED|3
29423084_1584|8|COMPLETED|3
29423084_1585|10|COMPLETED|3
29423084_1586|7|COMPLETED|3
29423084_1587|12|COMPLETED|3
29423084_1588|10|COMPLETED|3
29423084_1589|12|COMPLETED|3
29423084_1590|13|COMPLETED|3
29423084_1591|9|COMPLETED|3
29423084_1592|7|COMPLETED|3
29423084_1593|14|COMPLETED|3
29423084_1594|8|COMPLETED|3
29423084_1595|13|COMPLETED|3
29423084_1596|14|COMPLETED|3
29423084_1597|13|COMPLETED|3
29423084_1598|13|COMPLETED|3
29423084_1599|14|COMPLETED|3
29423084_1600|13|COMPLETED|3
29423084_1601|14|COMPLETED|3
29423084_1602|12|COMPLETED|3
29423084_1603|14|COMPLETED|3
29423084_1604|13|COMPLETED|3
29423084_1605|13|COMPLETED|3
29423084_1606|15|COMPLETED|3
29423084_1607|15|COMPLETED|3
29423084_1608|15|COMPLETED|3
29423084_1609|15|COMPLETED|3
29423084_1610|10|COMPLETED|3
29423084_1611|11|COMPLETED|3
29423084_1612|9|COMPLETED|3
29423084_1613|12|COMPLETED|3
29423084_1614|10|COMPLETED|3
29423084_1615|9|COMPLETED|3
29423084_1616|8|COMPLETED|3
29423084_1617|10|COMPLETED|3
29423084_1618|11|COMPLETED|3
29423084_1619|14|COMPLETED|3
29423084_1620|7|COMPLETED|3
29423084_1621|8|COMPLETED|3
29423084_1622|7|COMPLETED|3
29423084_1623|9|COMPLETED|3
29423084_1624|10|COMPLETED|3
29423084_1625|13|COMPLETED|3
29423084_1626|10|COMPLETED|3
29423084_1627|27282|COMPLETED|3
29423084_1628|8|COMPLETED|3
29423084_1629|12|COMPLETED|3
29423084_1630|11|COMPLETED|3
29423084_1631|9|COMPLETED|3
29423084_1632|10353|COMPLETED|3
29423084_1633|7|COMPLETED|3
29423084_1634|259221|TIMEOUT|3
29423084_1635|8|COMPLETED|3
29423084_1636|9|COMPLETED|3
29423084_1637|7|COMPLETED|3
29423084_1638|7|COMPLETED|3
29423084_1639|9|COMPLETED|3
29423084_1640|7|COMPLETED|3
29423084_1641|8|COMPLETED|3
29423084_1642|6|COMPLETED|3
29423084_1643|85911|COMPLETED|3
29423084_1644|11|COMPLETED|3
29423084_1645|6|COMPLETED|3
29423084_1646|10|COMPLETED|3
29423084_1647|11|COMPLETED|3
29423084_1648|10|COMPLETED|3
29423084_1649|7|COMPLETED|3
29423084_1650|8|COMPLETED|3
29423084_1651|8|COMPLETED|3
29423084_1652|11|COMPLETED|3
29423084_1653|8|COMPLETED|3
29423084_1654|12|COMPLETED|3
29423084_1655|8|COMPLETED|3
29423084_1656|43668|COMPLETED|3
29423084_1657|12|COMPLETED|3
29423084_1658|10|COMPLETED|3
29423084_1659|11|COMPLETED|3
29423084_1660|10|COMPLETED|3
29423084_1661|11|COMPLETED|3
29423084_1662|8|COMPLETED|3
29423084_1663|8|COMPLETED|3
29423084_1664|8|COMPLETED|3
29423084_1665|7|COMPLETED|3
29423084_1666|7|COMPLETED|3
29423084_1667|10|COMPLETED|3
29423084_1668|7|COMPLETED|3
29423084_1669|8|COMPLETED|3
29423084_1670|9|COMPLETED|3
29423084_1671|8|COMPLETED|3
29423084_1672|11|COMPLETED|3
29423084_1673|8|COMPLETED|3
29423084_1674|9|COMPLETED|3
29423084_1675|10|COMPLETED|3
29423084_1676|10|COMPLETED|3
29423084_1677|9|COMPLETED|3
29423084_1678|10|COMPLETED|3
29423084_1679|9|COMPLETED|3
29423084_1680|9|COMPLETED|3
29423084_1681|12|COMPLETED|3
29423084_1682|11|COMPLETED|3
29423084_1683|11|COMPLETED|3
29423084_1684|9|COMPLETED|3
29423084_1685|8|COMPLETED|3
29423084_1686|9|COMPLETED|3
29423084_1687|7|COMPLETED|3
29423084_1688|7|COMPLETED|3
29423084_1689|11|COMPLETED|3
29423084_1690|7|COMPLETED|3
29423084_1691|9|COMPLETED|3
29423084_1692|8|COMPLETED|3
29423084_1693|11|COMPLETED|3
29423084_1694|8|COMPLETED|3
29423084_1695|9|COMPLETED|3
29423084_1696|7|COMPLETED|3
29423084_1697|8|COMPLETED|3
29423084_1698|7|COMPLETED|3
29423084_1699|10|COMPLETED|3
29423084_1700|11|COMPLETED|3
29423084_1701|10|COMPLETED|3
29423084_1702|9|COMPLETED|3
29423084_1703|11|COMPLETED|3
29423084_1704|8|COMPLETED|3
29423084_1705|9|COMPLETED|3
29423084_1706|11|COMPLETED|3
29423084_1707|11|COMPLETED|3
29423084_1708|9|COMPLETED|3
29423084_1709|10|COMPLETED|3
29423084_1710|10|COMPLETED|3
29423084_1711|9|COMPLETED|3
29423084_1712|9|COMPLETED|3
29423084_1713|9|COMPLETED|3
29423084_1714|8|COMPLETED|3
29423084_1715|12|COMPLETED|3
29423084_1716|11|COMPLETED|3
29423084_1717|8|COMPLETED|3
29423084_1718|7|COMPLETED|3
29423084_1719|11|COMPLETED|3
29423084_1720|7|COMPLETED|3
29423084_1722|8|COMPLETED|3
29423084_1723|10|COMPLETED|3
29423084_1724|8|COMPLETED|3
29423084_1725|8|COMPLETED|3
29423084_1726|11|COMPLETED|3
29423084_1727|8|COMPLETED|3
29423084_1728|8|COMPLETED|3
29423084_1729|7|COMPLETED|3
29423084_1730|8|COMPLETED|3
29423084_1731|8|COMPLETED|3
29423084_1732|11|COMPLETED|3
29423084_1733|11|COMPLETED|3
29423084_1734|9|COMPLETED|3
29423084_1735|11|COMPLETED|3
29423084_1736|10|COMPLETED|3
29423084_1737|10|COMPLETED|3
29423084_1738|11|COMPLETED|3
29423084_1739|10|COMPLETED|3
29423084_1740|8|COMPLETED|3
29423084_1741|7|COMPLETED|3
29423084_1742|9|COMPLETED|3
29423084_1743|8|COMPLETED|3
29423084_1744|6|COMPLETED|3
29423084_1745|11|COMPLETED|3
29423084_1746|9|COMPLETED|3
29423084_1747|11|COMPLETED|3
29423084_1748|9|COMPLETED|3
29423084_1749|126206|COMPLETED|3
29423084_1750|8|COMPLETED|3
29423084_1751|8|COMPLETED|3
29423084_1752|10|COMPLETED|3
29423084_1753|8|COMPLETED|3
29423084_1754|7|COMPLETED|3
29423084_1755|8|COMPLETED|3
29423084_1756|9|COMPLETED|3
29423084_1757|6|COMPLETED|3
29423084_1758|6|COMPLETED|3
29423084_1759|11|COMPLETED|3
29423084_1760|8|COMPLETED|3
29423084_1761|7|COMPLETED|3
29423084_1762|10|COMPLETED|3
29423084_1763|17835|COMPLETED|3
29423084_1764|7|COMPLETED|3
29423084_1765|8|COMPLETED|3
29423084_1766|52029|COMPLETED|3
29423084_1767|6|COMPLETED|3
29423084_1768|7|COMPLETED|3
29423084_1769|7|COMPLETED|3
29423084_1770|8|COMPLETED|3
29423084_1771|9|COMPLETED|3
29423084_1772|7|COMPLETED|3
29423084_1773|8|COMPLETED|3
29423084_1774|6|COMPLETED|3
29423084_1775|7|COMPLETED|3
29423084_1776|7|COMPLETED|3
29423084_1777|10|COMPLETED|3
29423084_1778|7|COMPLETED|3
29423084_1779|7|COMPLETED|3
29423084_1780|7|COMPLETED|3
29423084_1781|8|COMPLETED|3
29423084_1782|6|COMPLETED|3
29423084_1783|9|COMPLETED|3
29423084_1784|6|COMPLETED|3
29423084_1785|8|COMPLETED|3
29423084_1786|10|COMPLETED|3
29423084_1787|5|COMPLETED|3
29423084_1788|7|COMPLETED|3
29423084_1789|7|COMPLETED|3
29423084_1790|6|COMPLETED|3
29423084_1791|10|COMPLETED|3
29423084_1792|6|COMPLETED|3
29423084_1793|9|COMPLETED|3
29423084_1794|6|COMPLETED|3
29423084_1795|9|COMPLETED|3
29423084_1796|9|COMPLETED|3
29423084_1797|8|COMPLETED|3
29423084_1798|9|COMPLETED|3
29423084_1799|5|COMPLETED|3
29423084_1800|10|COMPLETED|3
29423084_1801|7|COMPLETED|3
29423084_1802|160099|COMPLETED|3
29423084_1803|9|COMPLETED|3
29423084_1804|7|COMPLETED|3
29423084_1805|8|COMPLETED|3
29423084_1806|7|COMPLETED|3
29423084_1807|6|COMPLETED|3
29423084_1808|6|COMPLETED|3
29423084_1809|7|COMPLETED|3
29423084_1810|6|COMPLETED|3
29423084_1811|9|COMPLETED|3
29423084_1812|9|COMPLETED|3
29423084_1813|10|COMPLETED|3
29423084_1814|6|COMPLETED|3
29423084_1815|6|COMPLETED|3
29423084_1816|9|COMPLETED|3
29423084_1817|7|COMPLETED|3
29423084_1818|8|COMPLETED|3
29423084_1819|6|COMPLETED|3
29423084_1820|5|COMPLETED|3
29423084_1821|9|COMPLETED|3
29423084_1822|6|COMPLETED|3
29423084_1823|6|COMPLETED|3
29423084_1824|7|COMPLETED|3
29423084_1825|118774|COMPLETED|3
29423084_1826|6|COMPLETED|3
29423084_1827|5|COMPLETED|3
29423084_1828|6|COMPLETED|3
29423084_1829|6|COMPLETED|3
29423084_1830|6|COMPLETED|3
29423084_1831|7|COMPLETED|3
29423084_1832|9|COMPLETED|3
29423084_1833|7|COMPLETED|3
29423084_1834|7|COMPLETED|3
29423084_1835|5|COMPLETED|3
29423084_1836|9|COMPLETED|3
29423084_1837|5|COMPLETED|3
29423084_1838|6|COMPLETED|3
29423084_1839|6|COMPLETED|3
29423084_1840|7|COMPLETED|3
29423084_1841|9|COMPLETED|3
29423084_1842|7|COMPLETED|3
29423084_1843|6|COMPLETED|3
29423084_1844|6|COMPLETED|3
29423084_1845|9|COMPLETED|3
29423084_1846|7|COMPLETED|3
29423084_1847|6|COMPLETED|3
29423084_1848|7|COMPLETED|3
29423084_1849|6|COMPLETED|3
29423084_1850|7|COMPLETED|3
29423084_1851|6|COMPLETED|3
29423084_1852|5|COMPLETED|3
29423084_1853|6|COMPLETED|3
29423084_1854|6|COMPLETED|3
29423084_1855|146401|COMPLETED|3
29423084_1856|7|COMPLETED|3
29423084_1857|6|COMPLETED|3
29423084_1858|8|COMPLETED|3
29423084_1859|6|COMPLETED|3
29423084_1860|6|COMPLETED|3
29423084_1861|6|COMPLETED|3
29423084_1862|6|COMPLETED|3
29423084_1863|5|COMPLETED|3
29423084_1864|10219|COMPLETED|3
29423084_1865|5|COMPLETED|3
29423084_1866|9|COMPLETED|3
29423084_1867|6|COMPLETED|3
29423084_1868|5|COMPLETED|3
29423084_1869|5|COMPLETED|3
29423084_1870|8|COMPLETED|3
29423084_1871|7|COMPLETED|3
29423084_1872|7|COMPLETED|3
29423084_1873|9|COMPLETED|3
29423084_1874|5|COMPLETED|3
29423084_1875|5|COMPLETED|3
29423084_1876|6|COMPLETED|3
29423084_1877|6|COMPLETED|3
29423084_1878|7|COMPLETED|3
29423084_1879|114128|COMPLETED|3
29423084_1880|8|COMPLETED|3
29423084_1881|9|COMPLETED|3
29423084_1882|7|COMPLETED|3
29423084_1883|8|COMPLETED|3
29423084_1884|7|COMPLETED|3
29423084_1885|8|COMPLETED|3
29423084_1886|7|COMPLETED|3
29423084_1887|8|COMPLETED|3
29423084_1888|7|COMPLETED|3
29423084_1889|7|COMPLETED|3
29423084_1890|7|COMPLETED|3
29423084_1891|7|COMPLETED|3
29423084_1892|9|COMPLETED|3
29423084_1893|6|COMPLETED|3
29423084_1894|6|COMPLETED|3
29423084_1895|6|COMPLETED|3
29423084_1896|8|COMPLETED|3
29423084_1897|8|COMPLETED|3
29423084_1898|7|COMPLETED|3
29423084_1899|8|COMPLETED|3
29423084_1900|9|COMPLETED|3
29423084_1901|9|COMPLETED|3
29423084_1902|8|COMPLETED|3
29423084_1903|8|COMPLETED|3
29423084_1904|6|COMPLETED|3
29423084_1905|8|COMPLETED|3
29423084_1906|7|COMPLETED|3
29423084_1907|8|COMPLETED|3
29423084_1908|6|COMPLETED|3
29423084_1909|9|COMPLETED|3
29423084_1910|6|COMPLETED|3
29423084_1911|6|COMPLETED|3
29423084_1912|62284|COMPLETED|3
29423084_1913|8|COMPLETED|3
29423084_1914|6|COMPLETED|3
29423084_1915|9|COMPLETED|3
29423084_1916|8|COMPLETED|3
29423084_1917|6|COMPLETED|3
29423084_1918|9|COMPLETED|3
29423084_1919|8|COMPLETED|3
29423084_1920|7|COMPLETED|3
29423084_1921|7|COMPLETED|3
29423084_1922|8|COMPLETED|3
29423084_1923|9|COMPLETED|3
29423084_1924|6|COMPLETED|3
29423084_1925|8|COMPLETED|3
29423084_1926|7|COMPLETED|3
29423084_1927|8|COMPLETED|3
29423084_1928|6|COMPLETED|3
29423084_1929|7|COMPLETED|3
29423084_1930|6|COMPLETED|3
29423084_1931|7|COMPLETED|3
29423084_1932|6|COMPLETED|3
29423084_1933|6|COMPLETED|3
29423084_1934|5|COMPLETED|3
29423084_1935|7|COMPLETED|3
29423084_1936|6|COMPLETED|3
29423084_1937|6|COMPLETED|3
29423084_1938|7|COMPLETED|3
29423084_1939|7|COMPLETED|3
29423084_1940|7|COMPLETED|3
29423084_1941|5|COMPLETED|3
29423084_1942|5|COMPLETED|3
29423084_1943|5|COMPLETED|3
29423084_1944|5|COMPLETED|3
29423084_1945|5|COMPLETED|3
29423084_1946|8|COMPLETED|3
29423084_1947|7|COMPLETED|3
29423084_1948|5|COMPLETED|3
29423084_1949|9101|COMPLETED|3
29423084_1950|6|COMPLETED|3
29423084_1951|6|COMPLETED|3
29423084_1952|5|COMPLETED|3
29423084_1953|7|COMPLETED|3
29423084_1954|5|COMPLETED|3
29423084_1955|5|COMPLETED|3
29423084_1956|6|COMPLETED|3
29423084_1957|4|COMPLETED|3
29423084_1958|5|COMPLETED|3
29423084_1959|5|COMPLETED|3
29423084_1960|4|COMPLETED|3
29423084_1961|4|COMPLETED|3
29423084_1962|5|COMPLETED|3
29423084_1963|6|COMPLETED|3
29423084_1964|4|COMPLETED|3
29423084_1965|4|COMPLETED|3
29423084_1966|6|COMPLETED|3
29423084_1967|4|COMPLETED|3
29423084_1968|5|COMPLETED|3
29423084_1969|5|COMPLETED|3
29423084_1970|5|COMPLETED|3
29423084_1971|5|COMPLETED|3
29423084_1972|6|COMPLETED|3
29423084_1973|6|COMPLETED|3
29423084_1974|4|COMPLETED|3
29423084_1975|5|COMPLETED|3
29423084_1976|5|COMPLETED|3
29423084_1977|6|COMPLETED|3
29423084_1978|6|COMPLETED|3
29423084_1979|4|COMPLETED|3
29423084_1980|5|COMPLETED|3
29423084_1981|5|COMPLETED|3
29423084_1982|7|COMPLETED|3
29423084_1983|4|COMPLETED|3
29423084_1984|4|COMPLETED|3
29423084_1985|7|COMPLETED|3
29423084_1986|6|COMPLETED|3
29423084_1987|9|COMPLETED|3
29423084_1988|5|COMPLETED|3
29423084_1989|5|COMPLETED|3
29423084_1990|6|COMPLETED|3
29423084_1991|4|COMPLETED|3
29423084_1992|53779|COMPLETED|3
29423084_1993|4|COMPLETED|3
29423084_1994|147629|COMPLETED|3
29423084_1995|3|COMPLETED|3
29423084_1996|3|COMPLETED|3
29423084_1997|3|COMPLETED|3
29423084_1998|3|COMPLETED|3
29423084_1999|3|COMPLETED|3
29423084_2000|3|COMPLETED|3
29423084_2001|3|COMPLETED|3
29423084_2002|3|COMPLETED|3
29423084_2003|3|COMPLETED|3
29423084_2004|3|COMPLETED|3
29423084_2005|2|COMPLETED|3
29423084_2006|2|COMPLETED|3
29423084_2007|2|COMPLETED|3
29423084_2008|2|COMPLETED|3
29423084_2009|5|COMPLETED|3
29423084_2010|5|COMPLETED|3
29423084_2011|5|COMPLETED|3
29423084_2012|5|COMPLETED|3
29423084_2013|5|COMPLETED|3
29423084_2014|5|COMPLETED|3
29423084_2015|5|COMPLETED|3
29423084_2016|5|COMPLETED|3
29423084_2017|5|COMPLETED|3
29423084_2018|5|COMPLETED|3
29423084_2019|5|COMPLETED|3
29423084_2020|5|COMPLETED|3
29423084_2021|5|COMPLETED|3
29423084_2022|3|COMPLETED|3
29423084_2023|5|COMPLETED|3
29423084_2024|8|COMPLETED|3
29423084_2025|8|COMPLETED|3
29423084_2026|8|COMPLETED|3
29423084_2027|13|COMPLETED|3
29423084_2028|13|COMPLETED|3
29423084_2029|7|COMPLETED|3
29423084_2030|14|COMPLETED|3
29423084_2031|9|COMPLETED|3
29423084_2032|9|COMPLETED|3
29423084_2033|23487|COMPLETED|3
29423084_2034|6|COMPLETED|3
29423084_2035|6|COMPLETED|3
29423084_2036|7|COMPLETED|3
29423084_2037|7|COMPLETED|3
29423084_2038|6|COMPLETED|3
29423084_2039|6|COMPLETED|3
29423084_2040|6|COMPLETED|3
29423084_2041|6|COMPLETED|3
29423084_2042|11|COMPLETED|3
29423084_2043|6|COMPLETED|3
29423084_2044|6|COMPLETED|3
29423084_2045|12|COMPLETED|3
29423084_2046|23752|COMPLETED|3
29423084_2047|6|COMPLETED|3
29423084_2048|13|COMPLETED|3
29423084_2049|14|COMPLETED|3
29423084_2050|12|COMPLETED|3
29423084_2051|12|COMPLETED|3
29423084_2052|14|COMPLETED|3
29423084_2053|12|COMPLETED|3
29423084_2054|12|COMPLETED|3
29423084_2055|12|COMPLETED|3
29423084_2056|12|COMPLETED|3
29423084_2057|2160|COMPLETED|3
29423084_2058|12|COMPLETED|3
29423084_2059|11|COMPLETED|3
29423084_2060|13|COMPLETED|3
29423084_2061|13|COMPLETED|3
29423084_2062|13|COMPLETED|3
29423084_2063|12|COMPLETED|3
29423084_2064|13|COMPLETED|3
29423084_2065|6|COMPLETED|3
29423084_2066|6|COMPLETED|3
29423084_2067|6|COMPLETED|3
29423084_2068|9|COMPLETED|3
29423084_2069|12|COMPLETED|3
29423084_2070|13|COMPLETED|3
29423084_2071|13|COMPLETED|3
29423084_2072|12|COMPLETED|3
29423084_2074|6|COMPLETED|3
29423084_2075|13|COMPLETED|3
29423084_2076|13|COMPLETED|3
29423084_2077|7|COMPLETED|3
29423084_2078|13|COMPLETED|3
29423084_2079|6|COMPLETED|3
29423084_2080|12|COMPLETED|3
29423084_2081|6|COMPLETED|3
29423084_2082|12|COMPLETED|3
29423084_2083|6|COMPLETED|3
29423084_2084|6|COMPLETED|3
29423084_2085|11|COMPLETED|3
29423084_2086|14|COMPLETED|3
29423084_2087|13|COMPLETED|3
29423084_2088|7|COMPLETED|3
29423084_2089|12|COMPLETED|3
29423084_2090|12|COMPLETED|3
29423084_2091|12|COMPLETED|3
29423084_2092|12|COMPLETED|3
29423084_2093|9|COMPLETED|3
29423084_2094|7|COMPLETED|3
29423084_2095|7|COMPLETED|3
29423084_2096|7|COMPLETED|3
29423084_2097|9|COMPLETED|3
29423084_2098|6|COMPLETED|3
29423084_2099|6|COMPLETED|3
29423084_2100|6|COMPLETED|3
29423084_2102|7|COMPLETED|3
29423084_2103|6|COMPLETED|3
29423084_2104|9|COMPLETED|3
29423084_2105|12|COMPLETED|3
29423084_2106|259214|TIMEOUT|3
29423084_2108|9|COMPLETED|3
29423084_2109|6|COMPLETED|3
29423084_2110|12|COMPLETED|3
29423084_2111|7|COMPLETED|3
29423084_2112|6|COMPLETED|3
29423084_2113|6|COMPLETED|3
29423084_2114|6|COMPLETED|3
29423084_2115|13|COMPLETED|3
29423084_2116|6|COMPLETED|3
29423084_2117|7|COMPLETED|3
29423084_2118|7|COMPLETED|3
29423084_2119|7|COMPLETED|3
29423084_2120|6|COMPLETED|3
29423084_2121|14|COMPLETED|3
29423084_2122|6|COMPLETED|3
29423084_2123|6|COMPLETED|3
29423084_2124|13|COMPLETED|3
29423084_2125|12|COMPLETED|3
29423084_2126|6|COMPLETED|3
29423084_2127|6|COMPLETED|3
29423084_2128|9|COMPLETED|3
29423084_2129|6|COMPLETED|3
29423084_2130|13|COMPLETED|3
29423084_2131|42074|COMPLETED|3
29423084_2132|6|COMPLETED|3
29423084_2133|7|COMPLETED|3
29423084_2134|7|COMPLETED|3
29423084_2135|13|COMPLETED|3
29423084_2136|6|COMPLETED|3
29423084_2137|14|COMPLETED|3
29423084_2138|7|COMPLETED|3
29423084_2139|141361|COMPLETED|3
29423084_2140|13|COMPLETED|3
29423084_2141|9|COMPLETED|3
29423084_2142|12|COMPLETED|3
29423084_2143|12|COMPLETED|3
29423084_2144|13|COMPLETED|3
29423084_2145|182669|COMPLETED|3
29423084_2146|13|COMPLETED|3
29423084_2147|13|COMPLETED|3
29423084_2148|14|COMPLETED|3
29423084_2149|13|COMPLETED|3
29423084_2150|11|COMPLETED|3
29423084_2151|12|COMPLETED|3
29423084_2153|13|COMPLETED|3
29423084_2154|9|COMPLETED|3
29423084_2155|12|COMPLETED|3
29423084_2156|12|COMPLETED|3
29423084_2157|9|COMPLETED|3
29423084_2158|9|COMPLETED|3
29423084_2159|13|COMPLETED|3
29423084_2160|9|COMPLETED|3
29423084_2161|8|COMPLETED|3
29423084_2162|11|COMPLETED|3
29423084_2163|8|COMPLETED|3
29423084_2164|8|COMPLETED|3
29423084_2165|8|COMPLETED|3
29423084_2166|11|COMPLETED|3
29423084_2167|90340|COMPLETED|3
29423084_2168|8|COMPLETED|3
29423084_2169|11|COMPLETED|3
29423084_2170|11|COMPLETED|3
29423084_2171|10|COMPLETED|3
29423084_2172|12|COMPLETED|3
29423084_2173|12|COMPLETED|3
29423084_2174|8|COMPLETED|3
29423084_2175|8|COMPLETED|3
29423084_2176|12|COMPLETED|3
29423084_2177|8|COMPLETED|3
29423084_2178|8|COMPLETED|3
29423084_2179|11|COMPLETED|3
29423084_2180|8|COMPLETED|3
29423084_2181|8|COMPLETED|3
29423084_2182|11|COMPLETED|3
29423084_2183|12|COMPLETED|3
29423084_2184|8|COMPLETED|3
29423084_2185|12|COMPLETED|3
29423084_2186|12|COMPLETED|3
29423084_2187|10|COMPLETED|3
29423084_2188|13|COMPLETED|3
29423084_2189|13|COMPLETED|3
29423084_2190|11|COMPLETED|3
29423084_2191|12|COMPLETED|3
29423084_2192|11|COMPLETED|3
29423084_2193|12|COMPLETED|3
29423084_2194|11|COMPLETED|3
29423084_2195|8|COMPLETED|3
29423084_2196|60916|COMPLETED|3
29423084_2197|11|COMPLETED|3
29423084_2198|11|COMPLETED|3
29423084_2199|12|COMPLETED|3
29423084_2200|11|COMPLETED|3
29423084_2201|11|COMPLETED|3
29423084_2202|12|COMPLETED|3
29423084_2203|11|COMPLETED|3
29423084_2204|11|COMPLETED|3
29423084_2205|11|COMPLETED|3
29423084_2206|12|COMPLETED|3
29423084_2207|66212|COMPLETED|3
29423084_2208|11|COMPLETED|3
29423084_2209|11|COMPLETED|3
29423084_2210|123571|COMPLETED|3
29423084_2211|11|COMPLETED|3
29423084_2212|11|COMPLETED|3
29423084_2213|12|COMPLETED|3
29423084_2214|12|COMPLETED|3
29423084_2215|11|COMPLETED|3
29423084_2216|11|COMPLETED|3
29423084_2217|11|COMPLETED|3
29423084_2218|11|COMPLETED|3
29423084_2219|11|COMPLETED|3
29423084_2220|12|COMPLETED|3
29423084_2221|11|COMPLETED|3
29423084_2222|11|COMPLETED|3
29423084_2223|12|COMPLETED|3
29423084_2224|12|COMPLETED|3
29423084_2225|11|COMPLETED|3
29423084_2226|12|COMPLETED|3
29423084_2227|11|COMPLETED|3
29423084_2228|11|COMPLETED|3
29423084_2229|12|COMPLETED|3
29423084_2230|11|COMPLETED|3
29423084_2231|10|COMPLETED|3
29423084_2232|12|COMPLETED|3
29423084_2233|11|COMPLETED|3
29423084_2234|12|COMPLETED|3
29423084_2235|12|COMPLETED|3
29423084_2236|11|COMPLETED|3
29423084_2237|11|COMPLETED|3
29423084_2238|11|COMPLETED|3
29423084_2239|11|COMPLETED|3
29423084_2240|11|COMPLETED|3
29423084_2241|12|COMPLETED|3
29423084_2242|8|COMPLETED|3
29423084_2243|8|COMPLETED|3
29423084_2244|12|COMPLETED|3
29423084_2245|11|COMPLETED|3
29423084_2246|12|COMPLETED|3
29423084_2247|12|COMPLETED|3
29423084_2248|12|COMPLETED|3
29423084_2249|12|COMPLETED|3
29423084_2250|8|COMPLETED|3
29423084_2251|8|COMPLETED|3
29423084_2252|11|COMPLETED|3
29423084_2253|8|COMPLETED|3
29423084_2254|8|COMPLETED|3
29423084_2255|12|COMPLETED|3
29423084_2256|11|COMPLETED|3
29423084_2257|7|COMPLETED|3
29423084_2258|10|COMPLETED|3
29423084_2259|7|COMPLETED|3
29423084_2260|11|COMPLETED|3
29423084_2261|7|COMPLETED|3
29423084_2262|10|COMPLETED|3
29423084_2263|12|COMPLETED|3
29423084_2264|11|COMPLETED|3
29423084_2265|10|COMPLETED|3
29423084_2266|11|COMPLETED|3
29423084_2267|10|COMPLETED|3
29423084_2268|9|COMPLETED|3
29423084_2269|10|COMPLETED|3
29423084_2270|9|COMPLETED|3
29423084_2271|10|COMPLETED|3
29423084_2272|10|COMPLETED|3
29423084_2273|10|COMPLETED|3
29423084_2274|10|COMPLETED|3
29423084_2275|11|COMPLETED|3
29423084_2276|10|COMPLETED|3
29423084_2277|10|COMPLETED|3
29423084_2278|10|COMPLETED|3
29423084_2279|10|COMPLETED|3
29423084_2280|7|COMPLETED|3
29423084_2281|10|COMPLETED|3
29423084_2282|10|COMPLETED|3
29423084_2283|7|COMPLETED|3
29423084_2284|7|COMPLETED|3
29423084_2285|11|COMPLETED|3
29423084_2286|9|COMPLETED|3
29423084_2287|10|COMPLETED|3
29423084_2288|10|COMPLETED|3
29423084_2289|7|COMPLETED|3
29423084_2290|11|COMPLETED|3
29423084_2291|7|COMPLETED|3
29423084_2292|10|COMPLETED|3
29423084_2293|10|COMPLETED|3
29423084_2294|7|COMPLETED|3
29423084_2295|11|COMPLETED|3
29423084_2296|11|COMPLETED|3
29423084_2297|9|COMPLETED|3
29423084_2298|10|COMPLETED|3
29423084_2299|7|COMPLETED|3
29423084_2300|10|COMPLETED|3
29423084_2301|10|COMPLETED|3
29423084_2302|7|COMPLETED|3
29423084_2303|10|COMPLETED|3
29423084_2304|11|COMPLETED|3
29423084_2305|11|COMPLETED|3
29423084_2306|7|COMPLETED|3
29423084_2307|11|COMPLETED|3
29423084_2308|11|COMPLETED|3
29423084_2309|7|COMPLETED|3
29423084_2310|11|COMPLETED|3
29423084_2311|11|COMPLETED|3
29423084_2312|11|COMPLETED|3
29423084_2313|12|COMPLETED|3
29423084_2314|11|COMPLETED|3
29423084_2315|10|COMPLETED|3
29423084_2316|10|COMPLETED|3
29423084_2317|7|COMPLETED|3
29423084_2318|10|COMPLETED|3
29423084_2319|11|COMPLETED|3
29423084_2320|7|COMPLETED|3
29423084_2321|11|COMPLETED|3
29423084_2322|10|COMPLETED|3
29423084_2323|9|COMPLETED|3
29423084_2324|10|COMPLETED|3
29423084_2325|10|COMPLETED|3
29423084_2326|11|COMPLETED|3
29423084_2327|7|COMPLETED|3
29423084_2328|11|COMPLETED|3
29423084_2329|10|COMPLETED|3
29423084_2330|7|COMPLETED|3
29423084_2331|9|COMPLETED|3
29423084_2332|6|COMPLETED|3
29423084_2333|9|COMPLETED|3
29423084_2334|9|COMPLETED|3
29423084_2335|9|COMPLETED|3
29423084_2336|9|COMPLETED|3
29423084_2337|10|COMPLETED|3
29423084_2338|9|COMPLETED|3
29423084_2339|6|COMPLETED|3
29423084_2340|6|COMPLETED|3
29423084_2341|6|COMPLETED|3
29423084_2342|10|COMPLETED|3
29423084_2343|9|COMPLETED|3
29423084_2344|10|COMPLETED|3
29423084_2345|10|COMPLETED|3
29423084_2346|9|COMPLETED|3
29423084_2347|55719|COMPLETED|3
29423084_2348|11|COMPLETED|3
29423084_2349|10|COMPLETED|3
29423084_2350|9|COMPLETED|3
29423084_2351|10|COMPLETED|3
29423084_2352|10|COMPLETED|3
29423084_2353|11|COMPLETED|3
29423084_2354|11|COMPLETED|3
29423084_2355|10|COMPLETED|3
29423084_2356|11|COMPLETED|3
29423084_2357|10|COMPLETED|3
29423084_2358|41480|COMPLETED|3
29423084_2359|10|COMPLETED|3
29423084_2360|11|COMPLETED|3
29423084_2361|11|COMPLETED|3
29423084_2362|11|COMPLETED|3
29423084_2363|10|COMPLETED|3
29423084_2364|10|COMPLETED|3
29423084_2365|10|COMPLETED|3
29423084_2366|10|COMPLETED|3
29423084_2367|11|COMPLETED|3
29423084_2368|11|COMPLETED|3
29423084_2369|10|COMPLETED|3
29423084_2370|10|COMPLETED|3
29423084_2371|10|COMPLETED|3
29423084_2372|11|COMPLETED|3
29423084_2373|10|COMPLETED|3
29423084_2374|10|COMPLETED|3
29423084_2375|11|COMPLETED|3
29423084_2376|10|COMPLETED|3
29423084_2377|11|COMPLETED|3
29423084_2378|10|COMPLETED|3
29423084_2379|10|COMPLETED|3
29423084_2380|10|COMPLETED|3
29423084_2381|11|COMPLETED|3
29423084_2382|10|COMPLETED|3
29423084_2383|10|COMPLETED|3
29423084_2384|11|COMPLETED|3
29423084_2385|11|COMPLETED|3
29423084_2386|10|COMPLETED|3
29423084_2387|11|COMPLETED|3
29423084_2388|10|COMPLETED|3
29423084_2389|10|COMPLETED|3
29423084_2390|11|COMPLETED|3
29423084_2391|10|COMPLETED|3
29423084_2392|11|COMPLETED|3
29423084_2393|12|COMPLETED|3
29423084_2394|74831|COMPLETED|3
29423084_2395|12|COMPLETED|3
29423084_2396|12|COMPLETED|3
29423084_2397|12|COMPLETED|3
29423084_2398|12|COMPLETED|3
29423084_2399|12|COMPLETED|3
29423084_2400|12|COMPLETED|3
29423084_2401|12|COMPLETED|3
29423084_2402|12|COMPLETED|3
29423084_2403|12|COMPLETED|3
29423084_2404|12|COMPLETED|3
29423084_2405|12|COMPLETED|3
29423084_2406|12|COMPLETED|3
29423084_2407|11|COMPLETED|3
29423084_2408|11|COMPLETED|3
29423084_2409|9|COMPLETED|3
29423084_2410|9|COMPLETED|3
29423084_2411|9|COMPLETED|3
29423084_2412|9|COMPLETED|3
29423084_2413|10|COMPLETED|3
29423084_2414|9|COMPLETED|3
29423084_2415|9|COMPLETED|3
29423084_2416|10|COMPLETED|3
29423084_2417|9|COMPLETED|3
29423084_2418|9|COMPLETED|3
29423084_2419|11051|COMPLETED|3
29423084_2420|10|COMPLETED|3
29423084_2421|9|COMPLETED|3
29423084_2422|10|COMPLETED|3
29423084_2423|10|COMPLETED|3
29423084_2424|10|COMPLETED|3
29423084_2425|9|COMPLETED|3
29423084_2426|60343|COMPLETED|3
29423084_2427|9|COMPLETED|3
29423084_2428|10|COMPLETED|3
29423084_2429|9|COMPLETED|3
29423084_2430|10|COMPLETED|3
29423084_2431|9|COMPLETED|3
29423084_2432|9|COMPLETED|3
29423084_2433|10|COMPLETED|3
29423084_2434|9|COMPLETED|3
29423084_2435|10|COMPLETED|3
29423084_2436|9|COMPLETED|3
29423084_2437|8|COMPLETED|3
29423084_2438|8|COMPLETED|3
29423084_2439|8|COMPLETED|3
29423084_2440|42555|COMPLETED|3
29423084_2441|56829|COMPLETED|3
29423084_2442|38937|COMPLETED|3
29423084_2443|44307|COMPLETED|3
29423084_2444|9194|COMPLETED|3
29423084_2445|38355|COMPLETED|3
29423084_2446|120116|COMPLETED|3
29423084_2447|7620|COMPLETED|3
29423084_2448|17579|COMPLETED|3
29423084_2449|157789|COMPLETED|3
29423084_2450|26719|COMPLETED|3
29423084_2451|140329|COMPLETED|3
29423084_2452|28463|COMPLETED|3
29423084_2453|83710|COMPLETED|3
29423084_2454|41351|COMPLETED|3
29423084_2455|33711|COMPLETED|3
29423084_2456|9|COMPLETED|3
29423084_2457|24870|COMPLETED|3
29423084_2458|23624|COMPLETED|3
29423084_2459|154016|COMPLETED|3
29423084_2460|259209|TIMEOUT|3
29423084_2461|147152|COMPLETED|3
29423084_2462|13519|COMPLETED|3
29423084_2463|100651|COMPLETED|3
29423084_2464|23671|COMPLETED|3
29423084_2465|39372|COMPLETED|3
29423084_2466|119779|COMPLETED|3
29423084_2467|51367|COMPLETED|3
29423084_2468|52042|COMPLETED|3
29423084_2469|19368|COMPLETED|3
29423084_2470|121990|COMPLETED|3
29423084_2471|37965|COMPLETED|3
29423084_2472|29153|COMPLETED|3
29423084_2473|73835|COMPLETED|3
29423084_2474|180991|COMPLETED|3
29423084_2475|71537|COMPLETED|3
29423084_2476|22476|COMPLETED|3
29423084_2477|52177|COMPLETED|3
29423084_2478|63961|COMPLETED|3
29423084_2479|51327|COMPLETED|3
29423084_2480|127964|COMPLETED|3
29423084_2481|54922|COMPLETED|3
29423084_2482|69212|COMPLETED|3
29423084_2483|39078|COMPLETED|3
29423084_2484|123270|COMPLETED|3
29423084_2485|141217|COMPLETED|3
29423084_2486|116333|COMPLETED|3
29423084_2487|78568|COMPLETED|3
29423084_2488|19078|COMPLETED|3
29423084_2489|46220|COMPLETED|3
29423084_2490|88274|COMPLETED|3
29423084_2491|99332|COMPLETED|3
29423084_2492|47899|COMPLETED|3
29423084_2493|259209|TIMEOUT|3
29423084_2494|16295|COMPLETED|3
29423084_2495|259209|TIMEOUT|3
29423084_2496|142645|COMPLETED|3
29423084_2497|20522|COMPLETED|3
29423084_2498|146945|COMPLETED|3
29423084_2499|18468|COMPLETED|3
29423084_2500|66044|COMPLETED|3
29423084_2501|42115|COMPLETED|3
29423084_2502|14347|COMPLETED|3
29423084_2503|141332|COMPLETED|3
29423084_2504|117409|COMPLETED|3
29423084_2505|34161|COMPLETED|3
29423084_2506|52365|COMPLETED|3
29423084_2507|61349|COMPLETED|3
29423084_2508|25564|COMPLETED|3
29423084_2509|157977|COMPLETED|3
29423084_2510|176456|COMPLETED|3
29423084_2511|32499|COMPLETED|3
29423084_2512|42606|COMPLETED|3
29423084_2513|117200|COMPLETED|3
29423084_2514|151959|COMPLETED|3
29423084_2515|70426|COMPLETED|3
29423084_2516|36201|COMPLETED|3
29423084_2517|44608|COMPLETED|3
29423084_2518|135885|COMPLETED|3
29423084_2519|189625|COMPLETED|3
29423084_2520|134303|COMPLETED|3
29423084_2521|129095|COMPLETED|3
29423084_2522|90071|COMPLETED|3
29423084_2523|78787|COMPLETED|3
29423084_2524|48966|COMPLETED|3
29423084_2525|72499|COMPLETED|3
29423084_2526|124154|COMPLETED|3
29423084_2527|58017|COMPLETED|3
29423084_2528|112835|COMPLETED|3
29423084_2529|234183|COMPLETED|3
29423084_2530|259208|TIMEOUT|3
29423084_2531|212432|COMPLETED|3
29423084_2532|259208|TIMEOUT|3
29423084_2533|220112|COMPLETED|3
29423084_2534|36529|COMPLETED|3
29423084_2535|30433|COMPLETED|3
29423084_2536|42870|COMPLETED|3
29423084_2537|12192|COMPLETED|3
29423084_2538|20899|COMPLETED|3
29423084_2539|25555|COMPLETED|3
29423084_2540|17870|COMPLETED|3
29423084_2541|57679|COMPLETED|3
29423084_2542|259208|TIMEOUT|3
29423084_2543|91022|COMPLETED|3
29423084_2544|56872|COMPLETED|3
29423084_2545|52374|COMPLETED|3
29423084_2546|30279|COMPLETED|3
29423084_2547|86115|COMPLETED|3
29423084_2548|67816|COMPLETED|3
29423084_2549|13013|COMPLETED|3
29423084_2550|31455|COMPLETED|3
29423084_2551|84560|COMPLETED|3
29423084_2552|104202|COMPLETED|3
29423084_2553|39511|COMPLETED|3
29423084_2554|31952|COMPLETED|3
29423084_2555|17503|COMPLETED|3
29423084_2556|90919|COMPLETED|3
29423084_2557|38535|COMPLETED|3
29423084_2558|259208|TIMEOUT|3
29423084_2559|108736|COMPLETED|3
29423084_2560|92607|COMPLETED|3
29423084_2561|177233|COMPLETED|3
29423084_2562|9653|COMPLETED|3
29423084_2563|52979|COMPLETED|3
29423084_2564|29936|COMPLETED|3
29423084_2565|18211|COMPLETED|3
29423084_2566|91273|COMPLETED|3
29423084_2567|57125|COMPLETED|3
29423084_2568|42407|COMPLETED|3
29423084_2569|48641|COMPLETED|3
29423084_2570|49527|COMPLETED|3
29423084_2571|93610|COMPLETED|3
29423084_2572|88672|COMPLETED|3
29423084_2573|23234|COMPLETED|3
29423084_2574|59902|COMPLETED|3
29423084_2575|66881|COMPLETED|3
29423084_2576|64283|COMPLETED|3
29423084_2577|125551|COMPLETED|3
29423084_2578|74210|COMPLETED|3
29423084_2579|71954|COMPLETED|3
29423084_2580|20355|COMPLETED|3
29423084_2581|53720|COMPLETED|3
29423084_2582|34254|COMPLETED|3
29423084_2583|28327|COMPLETED|3
29423084_2584|68101|COMPLETED|3
29423084_2585|13592|COMPLETED|3
29423084_2586|54292|COMPLETED|3
29423084_2587|35032|COMPLETED|3
29423084_2588|99039|COMPLETED|3
29423084_2589|40589|COMPLETED|3
29423084_2590|229949|COMPLETED|3
29423084_2591|43094|COMPLETED|3
29423084_2592|91761|COMPLETED|3
29423084_2593|71123|COMPLETED|3
29423084_2594|47354|COMPLETED|3
29423084_2595|9726|COMPLETED|3
29423084_2596|44830|COMPLETED|3
29423084_2597|116840|COMPLETED|3
29423084_2598|63274|COMPLETED|3
29423084_2599|180979|COMPLETED|3
29423084_2600|11002|COMPLETED|3
29423084_2601|18612|COMPLETED|3
29423084_2602|65221|COMPLETED|3
29423084_2603|248074|COMPLETED|3
29423084_2604|73414|COMPLETED|3
29423084_2605|45745|COMPLETED|3
29423084_2606|186245|COMPLETED|3
29423084_2607|138277|COMPLETED|3
29423084_2608|54841|COMPLETED|3
29423084_2609|23836|COMPLETED|3
29423084_2610|174806|COMPLETED|3
29423084_2611|177881|COMPLETED|3
29423084_2612|174828|COMPLETED|3
29423084_2613|128237|COMPLETED|3
29423084_2614|66506|COMPLETED|3
29423084_2615|33184|COMPLETED|3
29423084_2616|69459|COMPLETED|3
29423084_2617|145567|COMPLETED|3
29423084_2618|140856|COMPLETED|3
29423084_2619|65714|COMPLETED|3
29423084_2620|140098|COMPLETED|3
29423084_2621|151395|COMPLETED|3
29423084_2622|21823|COMPLETED|3
29423084_2623|45384|COMPLETED|3
29423084_2624|50559|COMPLETED|3
29423084_2625|23925|COMPLETED|3
29423084_2626|186485|COMPLETED|3
29423084_2627|108393|COMPLETED|3
29423084_2628|75110|COMPLETED|3
29423084_2629|80944|COMPLETED|3
29423084_2630|18056|COMPLETED|3
29423084_2631|184109|COMPLETED|3
29423084_2632|46403|COMPLETED|3
29423084_2633|39781|COMPLETED|3
29423084_2634|131268|COMPLETED|3
29423084_2635|73062|COMPLETED|3
29423084_2636|71081|COMPLETED|3
29423084_2637|57094|COMPLETED|3
29423084_2638|223303|COMPLETED|3
29423084_2639|64239|COMPLETED|3
29423084_2640|99499|COMPLETED|3
29423084_2641|35805|COMPLETED|3
29423084_2642|41525|COMPLETED|3
29423084_2643|54744|COMPLETED|3
29423084_2644|40724|COMPLETED|3
29423084_2645|12066|COMPLETED|3
29423084_2646|162583|COMPLETED|3
29423084_2647|79029|COMPLETED|3
29423084_2648|107860|COMPLETED|3
29423084_2649|27217|COMPLETED|3
29423084_2650|62232|COMPLETED|3
29423084_2651|18745|COMPLETED|3
29423084_2652|53474|COMPLETED|3
29423084_2653|71668|COMPLETED|3
29423084_2654|17425|COMPLETED|3
29423084_2655|100771|COMPLETED|3
29423084_2656|49828|COMPLETED|3
29423084_2657|157323|COMPLETED|3
29423084_2658|14781|COMPLETED|3
29423084_2659|200402|COMPLETED|3
29423084_2660|27384|COMPLETED|3
29423084_2661|52167|COMPLETED|3
29423084_2662|23618|COMPLETED|3
29423084_2663|96460|COMPLETED|3
29423084_2664|179904|COMPLETED|3
29423084_2665|94349|COMPLETED|3
29423084_2666|39064|COMPLETED|3
29423084_2667|97767|COMPLETED|3
29423084_2668|90401|COMPLETED|3
29423084_2669|108328|COMPLETED|3
29423084_2670|33016|COMPLETED|3
29423084_2671|112309|COMPLETED|3
29423084_2672|54907|COMPLETED|3
29423084_2674|259206|TIMEOUT|3
29423084_2675|161406|COMPLETED|3
29423084_2676|53484|COMPLETED|3
29423084_2677|41167|COMPLETED|3
29423084_2679|44917|COMPLETED|3
29423084_2680|32845|COMPLETED|3
29423084_2681|189252|COMPLETED|3
29423084_2682|76121|COMPLETED|3
29423084_2683|16031|COMPLETED|3
29423084_2684|57168|COMPLETED|3
29423084_2685|21479|COMPLETED|3
29423084_2686|71982|COMPLETED|3
29423084_2687|68280|COMPLETED|3
29423084_2688|91271|COMPLETED|3
29423084_2689|50107|COMPLETED|3
29423084_2690|84926|COMPLETED|3
29423084_2691|16952|COMPLETED|3
29423084_2692|115612|COMPLETED|3
29423084_2693|40355|COMPLETED|3
29423084_2694|67256|COMPLETED|3
29423084_2695|79220|COMPLETED|3
29423084_2696|106434|COMPLETED|3
29423084_2697|49137|COMPLETED|3
29423084_2699|138060|COMPLETED|3
29423084_2700|112684|COMPLETED|3
29423084_2701|83983|COMPLETED|3
29423084_2702|30357|COMPLETED|3
29423084_2703|198901|COMPLETED|3
29423084_2704|186295|COMPLETED|3
29423084_2705|18760|COMPLETED|3
29423084_2706|113068|COMPLETED|3
29423084_2707|71656|COMPLETED|3
29423084_2708|110353|COMPLETED|3
29423084_2709|92143|COMPLETED|3
29423084_2710|23257|COMPLETED|3
29423084_2711|150433|COMPLETED|3
29423084_2712|40065|COMPLETED|3
29423084_2713|100638|COMPLETED|3
29423084_2714|61676|COMPLETED|3
29423084_2715|40092|COMPLETED|3
29423084_2716|58448|COMPLETED|3
29423084_2717|51417|COMPLETED|3
29423084_2718|41533|COMPLETED|3
29423084_2719|124647|COMPLETED|3
29423084_2720|10288|COMPLETED|3
29423084_2721|32946|COMPLETED|3
29423084_2722|39243|COMPLETED|3
29423084_2723|259206|TIMEOUT|3
29423084_2724|78223|COMPLETED|3
29423084_2725|83475|COMPLETED|3
29423084_2726|33287|COMPLETED|3
29423084_2727|128553|COMPLETED|3
29423084_2728|10286|COMPLETED|3
29423084_2729|25608|COMPLETED|3
29423084_2730|38182|COMPLETED|3
29423084_2731|68719|COMPLETED|3
29423084_2732|62181|COMPLETED|3
29423084_2733|22744|COMPLETED|3
29423084_2734|39969|COMPLETED|3
29423084_2735|156783|COMPLETED|3
29423084_2736|147557|COMPLETED|3
29423084_2737|113740|COMPLETED|3
29423084_2738|30757|COMPLETED|3
29423084_2739|133914|COMPLETED|3
29423084_2740|53712|COMPLETED|3
29423084_2741|89954|COMPLETED|3
29423084_2742|204600|COMPLETED|3
29423084_2743|122467|COMPLETED|3
29423084_2744|226668|COMPLETED|3
29423084_2745|23722|COMPLETED|3
29423084_2746|94651|COMPLETED|3
29423084_2747|13647|COMPLETED|3
29423084_2748|41443|COMPLETED|3
29423084_2749|87449|COMPLETED|3
29423084_2750|66565|COMPLETED|3
29423084_2751|91557|COMPLETED|3
29423084_2752|238867|COMPLETED|3
29423084_2753|63237|COMPLETED|3
29423084_2754|28447|COMPLETED|3
29423084_2755|89710|COMPLETED|3
29423084_2756|68112|COMPLETED|3
29423084_2757|73899|COMPLETED|3
29423084_2758|24359|COMPLETED|3
29423084_2759|79591|COMPLETED|3
29423084_2760|138053|COMPLETED|3
29423084_2761|132044|COMPLETED|3
29423084_2762|46356|COMPLETED|3
29423084_2763|167952|COMPLETED|3
29423084_2764|53013|COMPLETED|3
29423084_2765|20340|COMPLETED|3
29423084_2766|123945|COMPLETED|3
29423084_2767|87928|COMPLETED|3
29423084_2768|20179|COMPLETED|3
29423084_2769|83741|COMPLETED|3
29423084_2770|55151|COMPLETED|3
29423084_2771|47139|COMPLETED|3
29423084_2772|155975|COMPLETED|3
29423084_2773|82440|COMPLETED|3
29423084_2774|188544|COMPLETED|3
29423084_2775|191073|COMPLETED|3
29423084_2776|170326|COMPLETED|3
29423084_2777|38469|COMPLETED|3
29423084_2778|38864|COMPLETED|3
29423084_2779|19282|COMPLETED|3
29423084_2780|36701|COMPLETED|3
29423084_2781|13783|COMPLETED|3
29423084_2782|70071|COMPLETED|3
29423084_2783|41241|COMPLETED|3
29423084_2784|113659|COMPLETED|3
29423084_2785|201024|COMPLETED|3
29423084_2786|139888|COMPLETED|3
29423084_2787|83585|COMPLETED|3
29423084_2788|102517|COMPLETED|3
29423084_2789|137815|COMPLETED|3
29423084_2790|67899|COMPLETED|3
29423084_2791|99260|COMPLETED|3
29423084_2792|105228|COMPLETED|3
29423084_2793|102811|COMPLETED|3
29423084_2794|51587|COMPLETED|3
29423084_2795|27487|COMPLETED|3
29423084_2796|82684|COMPLETED|3
29423084_2797|57621|COMPLETED|3
29423084_2798|11650|COMPLETED|3
29423084_2799|54732|COMPLETED|3
29423084_2800|190527|COMPLETED|3
29423084_2801|27583|COMPLETED|3
29423084_2802|61650|COMPLETED|3
29423084_2803|194227|COMPLETED|3
29423084_2804|106894|COMPLETED|3
29423084_2805|60669|COMPLETED|3
29423084_2806|122001|COMPLETED|3
29423084_2807|82359|COMPLETED|3
29423084_2808|39921|COMPLETED|3
29423084_2809|76580|COMPLETED|3
29423084_2810|16583|COMPLETED|3
29423084_2811|57170|COMPLETED|3
29423084_2812|28551|COMPLETED|3
29423084_2813|28188|COMPLETED|3
29423084_2814|55918|COMPLETED|3
29423084_2815|144799|COMPLETED|3
29423084_2816|156522|COMPLETED|3
29423084_2817|90664|COMPLETED|3
29423084_2818|21112|COMPLETED|3
29423084_2819|17983|COMPLETED|3
29423084_2820|19972|COMPLETED|3
29423084_2821|80402|COMPLETED|3
29423084_2822|38545|COMPLETED|3
29423084_2823|259204|TIMEOUT|3
29423084_2824|123347|COMPLETED|3
29423084_2825|259204|TIMEOUT|3
29423084_2826|34594|COMPLETED|3
29423084_2827|169518|COMPLETED|3
29423084_2828|37614|COMPLETED|3
29423084_2829|62018|COMPLETED|3
29423084_2830|42477|COMPLETED|3
29423084_2831|198453|COMPLETED|3
29423084_2832|156452|COMPLETED|3
29423084_2833|19706|COMPLETED|3
29423084_2834|40065|COMPLETED|3
29423084_2835|127478|COMPLETED|3
29423084_2836|194684|COMPLETED|3
29423084_2837|50596|COMPLETED|3
29423084_2838|56507|COMPLETED|3
29423084_2839|98350|COMPLETED|3
29423084_2840|39541|COMPLETED|3
29423084_2841|31550|COMPLETED|3
29423084_2842|52035|COMPLETED|3
29423084_2843|99971|COMPLETED|3
29423084_2844|36071|COMPLETED|3
29423084_2845|32930|COMPLETED|3
29423084_2846|148393|COMPLETED|3
29423084_2847|40761|COMPLETED|3
29423084_2848|25376|COMPLETED|3
29423084_2849|259204|TIMEOUT|3
29423084_2850|12666|COMPLETED|3
29423084_2851|50389|COMPLETED|3
29423084_2852|15753|COMPLETED|3
29423084_2853|117658|COMPLETED|3
29423084_2854|20268|COMPLETED|3
29423084_2855|42614|COMPLETED|3
29423084_2856|39187|COMPLETED|3
29423084_2857|67680|COMPLETED|3
29423084_2858|109037|COMPLETED|3
29423084_2859|76021|COMPLETED|3
29423084_2860|63431|COMPLETED|3
29423084_2861|146181|COMPLETED|3
29423084_2862|39222|COMPLETED|3
29423084_2863|231154|COMPLETED|3
29423084_2864|53076|COMPLETED|3
29423084_2865|98901|COMPLETED|3
29423084_2866|54189|COMPLETED|3
29423084_2867|112885|COMPLETED|3
29423084_2868|55908|COMPLETED|3
29423084_2869|44454|COMPLETED|3
29423084_2870|74096|COMPLETED|3
29423084_2871|27726|COMPLETED|3
29423084_2872|57332|COMPLETED|3
29423084_2873|44106|COMPLETED|3
29423084_2874|124510|COMPLETED|3
29423084_2875|19608|COMPLETED|3
29423084_2876|18727|COMPLETED|3
29423084_2877|25986|COMPLETED|3
29423084_2878|174085|COMPLETED|3
29423084_2879|192960|COMPLETED|3
29423084_2880|44720|COMPLETED|3
29423084_2881|113677|COMPLETED|3
29423084_2882|101857|COMPLETED|3
29423084_2883|145142|COMPLETED|3
29423084_2884|90247|COMPLETED|3
29423084_2885|125471|COMPLETED|3
29423084_2886|96612|COMPLETED|3
29423084_2887|26825|COMPLETED|3
29423084_2888|129703|COMPLETED|3
29423084_2889|20485|COMPLETED|3
29423084_2890|46578|COMPLETED|3
29423084_2891|18339|COMPLETED|3
29423084_2892|68795|COMPLETED|3
29423084_2893|26883|COMPLETED|3
29423084_2894|56182|COMPLETED|3
29423084_2895|92057|COMPLETED|3
29423084_2896|52713|COMPLETED|3
29423084_2897|25993|COMPLETED|3
29423084_2898|109246|COMPLETED|3
29423084_2899|182674|COMPLETED|3
29423084_2900|30799|COMPLETED|3
29423084_2901|164044|COMPLETED|3
29423084_2902|133019|COMPLETED|3
29423084_2903|57651|COMPLETED|3
29423084_2904|54165|COMPLETED|3
29423084_2905|42905|COMPLETED|3
29423084_2906|45817|COMPLETED|3
29423084_2907|69820|COMPLETED|3
29423084_2908|119604|COMPLETED|3
29423084_2909|26242|COMPLETED|3
29423084_2910|80737|COMPLETED|3
29423084_2911|154823|COMPLETED|3
29423084_2912|103792|COMPLETED|3
29423084_2913|70064|COMPLETED|3
29423084_2914|63550|COMPLETED|3
29423084_2915|80647|COMPLETED|3
29423084_2916|95556|COMPLETED|3
29423084_2917|26478|COMPLETED|3
29423084_2918|109293|COMPLETED|3
29423084_2919|41007|COMPLETED|3
29423084_2920|31249|COMPLETED|3
29423084_2921|72322|COMPLETED|3
29423084_2922|10497|COMPLETED|3
29423084_2923|54818|COMPLETED|3
29423084_2924|120659|COMPLETED|3
29423084_2925|22109|COMPLETED|3
29423084_2926|110916|COMPLETED|3
29423084_2927|26752|COMPLETED|3
29423084_2928|131625|COMPLETED|3
29423084_2929|40409|COMPLETED|3
29423084_2930|130910|COMPLETED|3
29423084_2931|28607|COMPLETED|3
29423084_2932|61652|COMPLETED|3
29423084_2933|64353|COMPLETED|3
29423084_2934|90573|COMPLETED|3
29423084_2935|93163|COMPLETED|3
29423084_2936|240428|COMPLETED|3
29423084_2937|14588|COMPLETED|3
29423084_2938|69533|COMPLETED|3
29423084_2939|73880|COMPLETED|3
29423084_2940|13802|COMPLETED|3
29423084_2941|13789|COMPLETED|3
29423084_2942|23432|COMPLETED|3
29423084_2943|86227|COMPLETED|3
29423084_2944|18255|COMPLETED|3
29423084_2945|259203|TIMEOUT|3
29423084_2946|195536|COMPLETED|3
29423084_2947|62437|COMPLETED|3
29423084_2948|124717|COMPLETED|3
29423084_2949|140234|COMPLETED|3
29423084_2950|126654|COMPLETED|3
29423084_2951|36294|COMPLETED|3
29423084_2952|8165|COMPLETED|3
29423084_2953|160673|COMPLETED|3
29423084_2954|102725|COMPLETED|3
29423084_2955|37711|COMPLETED|3
29423084_2956|69711|COMPLETED|3
29423084_2957|46882|COMPLETED|3
29423084_2958|64516|COMPLETED|3
29423084_2959|30813|COMPLETED|3
29423084_2960|25706|COMPLETED|3
29423084_2961|24707|COMPLETED|3
29423084_2962|111808|COMPLETED|3
29423084_2963|59569|COMPLETED|3
29423084_2964|9981|COMPLETED|3
29423084_2965|86058|COMPLETED|3
29423084_2966|124212|COMPLETED|3
29423084_2967|56491|COMPLETED|3
29423084_2968|81628|COMPLETED|3
29423084_2969|20063|COMPLETED|3
29423084_2970|83424|COMPLETED|3
29423084_2971|12218|COMPLETED|3
29423084_2972|13368|COMPLETED|3
29423084_2973|77949|COMPLETED|3
29423084_2974|95365|COMPLETED|3
29423084_2975|246147|COMPLETED|3
29423084_2976|127382|COMPLETED|3
29423084_2977|10230|COMPLETED|3
29423084_2978|42496|COMPLETED|3
29423084_2979|202718|COMPLETED|3
29423084_2980|16040|COMPLETED|3
29423084_2981|44230|COMPLETED|3
29423084_2982|75073|COMPLETED|3
29423084_2983|50199|COMPLETED|3
29423084_2984|96717|COMPLETED|3
29423084_2985|58647|COMPLETED|3
29423084_2986|14614|COMPLETED|3
29423084_2987|56993|COMPLETED|3
29423084_2988|259224|TIMEOUT|3
29423084_2989|25200|COMPLETED|3
29423084_2990|31397|COMPLETED|3
29423084_2991|43830|COMPLETED|3
29423084_2992|198631|COMPLETED|3
29423084_2993|207060|COMPLETED|3
29423084_2994|36495|COMPLETED|3
29423084_2995|108180|COMPLETED|3
29423084_2996|28478|COMPLETED|3
29423084_2997|259224|TIMEOUT|3
29423084_2998|47985|COMPLETED|3
29423084_2999|86617|COMPLETED|3
29423084_3000|111597|COMPLETED|3
29423084_3001|63257|COMPLETED|3
29423084_3002|87511|COMPLETED|3
29423084_3003|113140|COMPLETED|3
29423084_3004|23903|COMPLETED|3
29423084_3005|46214|COMPLETED|3
29423084_3006|13903|COMPLETED|3
29423084_3007|36113|COMPLETED|3
29423084_3008|156561|COMPLETED|3
29423084_3009|35117|COMPLETED|3
29423084_3011|103011|COMPLETED|3
29423084_3012|97308|COMPLETED|3
29423084_3013|90334|COMPLETED|3
29423084_3014|35884|COMPLETED|3
29423084_3015|25012|COMPLETED|3
29423084_3016|126753|COMPLETED|3
29423084_3017|88627|COMPLETED|3
29423084_3018|112635|COMPLETED|3
29423084_3019|14981|COMPLETED|3
29423084_3020|98602|COMPLETED|3
29423084_3021|48105|COMPLETED|3
29423084_3022|21632|COMPLETED|3
29423084_3023|9228|COMPLETED|3
29423084_3024|90142|COMPLETED|3
29423084_3025|39063|COMPLETED|3
29423084_3026|40869|COMPLETED|3
29423084_3027|100267|COMPLETED|3
29423084_3028|39293|COMPLETED|3
29423084_3029|29557|COMPLETED|3
29423084_3030|29687|COMPLETED|3
29423084_3031|97821|COMPLETED|3
29423084_3032|55539|COMPLETED|3
29423084_3033|114463|COMPLETED|3
29423084_3034|105816|COMPLETED|3
29423084_3035|80278|COMPLETED|3
29423084_3036|12662|COMPLETED|3
29423084_3037|74502|COMPLETED|3
29423084_3038|42700|COMPLETED|3
29423084_3039|95580|COMPLETED|3
29423084_3040|53210|COMPLETED|3
29423084_3041|35114|COMPLETED|3
29423084_3042|259224|TIMEOUT|3
29423084_3043|147021|COMPLETED|3
29423084_3044|204407|COMPLETED|3
29423084_3045|28101|COMPLETED|3
29423084_3046|51039|COMPLETED|3
29423084_3047|23470|COMPLETED|3
29423084_3048|45498|COMPLETED|3
29423084_3049|259224|TIMEOUT|3
29423084_3050|99984|COMPLETED|3
29423084_3051|27878|COMPLETED|3
29423084_3052|29915|COMPLETED|3
29423084_3053|11201|COMPLETED|3
29423084_3054|25653|COMPLETED|3
29423084_3055|48898|COMPLETED|3
29423084_3056|79984|COMPLETED|3
29423084_3057|14155|COMPLETED|3
29423084_3058|35377|COMPLETED|3
29423084_3059|51474|COMPLETED|3
29423084_3060|84843|COMPLETED|3
29423084_3061|8179|COMPLETED|3
29423084_3062|13615|COMPLETED|3
29423084_3063|75747|COMPLETED|3
29423084_3064|40983|COMPLETED|3
29423084_3065|79260|COMPLETED|3
29423084_3066|14448|COMPLETED|3
29423084_3067|47421|COMPLETED|3
29423084_3068|47517|COMPLETED|3
29423084_3069|53175|COMPLETED|3
29423084_3070|130255|COMPLETED|3
29423084_3071|49650|COMPLETED|3
29423084_3072|83363|COMPLETED|3
29423084_3073|29068|COMPLETED|3
29423084_3074|17492|COMPLETED|3
29423084_3075|259224|TIMEOUT|3
29423084_3076|61615|COMPLETED|3
29423084_3077|30521|COMPLETED|3
29423084_3078|131447|COMPLETED|3
29423084_3079|59341|COMPLETED|3
29423084_3080|50545|COMPLETED|3
29423084_3081|52940|COMPLETED|3
29423084_3082|142621|COMPLETED|3
29423084_3083|90675|COMPLETED|3
29423084_3084|110094|COMPLETED|3
29423084_3085|52638|COMPLETED|3
29423084_3086|48948|COMPLETED|3
29423084_3087|13817|COMPLETED|3
29423084_3088|92074|COMPLETED|3
29423084_3089|85927|COMPLETED|3
29423084_3090|122996|COMPLETED|3
29423084_3091|99063|COMPLETED|3
29423084_3092|32473|COMPLETED|3
29423084_3093|90909|COMPLETED|3
29423084_3094|33171|COMPLETED|3
29423084_3095|72777|COMPLETED|3
29423084_3096|25920|COMPLETED|3
29423084_3097|95645|COMPLETED|3
29423084_3098|73992|COMPLETED|3
29423084_3099|18543|COMPLETED|3
29423084_3100|68761|COMPLETED|3
29423084_3101|34571|COMPLETED|3
29423084_3102|188673|COMPLETED|3
29423084_3103|42594|COMPLETED|3
29423084_3104|95499|COMPLETED|3
29423084_3105|259224|TIMEOUT|3
29423084_3106|67392|COMPLETED|3
29423084_3107|22296|COMPLETED|3
29423084_3108|22017|COMPLETED|3
29423084_3109|132017|COMPLETED|3
29423084_3110|64284|COMPLETED|3
29423084_3111|22780|COMPLETED|3
29423084_3112|182393|COMPLETED|3
29423084_3113|16543|COMPLETED|3
29423084_3114|100781|COMPLETED|3
29423084_3115|61675|COMPLETED|3
29423084_3116|31867|COMPLETED|3
29423084_3117|186121|COMPLETED|3
29423084_3118|128563|COMPLETED|3
29423084_3119|43957|COMPLETED|3
29423084_3120|39928|COMPLETED|3
29423084_3121|167168|COMPLETED|3
29423084_3122|186277|COMPLETED|3
29423084_3123|124573|COMPLETED|3
29423084_3124|53278|COMPLETED|3
29423084_3125|59791|COMPLETED|3
29423084_3126|14432|COMPLETED|3
29423084_3127|30806|COMPLETED|3
29423084_3128|56400|COMPLETED|3
29423084_3129|43944|COMPLETED|3
29423084_3130|42272|COMPLETED|3
29423084_3131|31019|COMPLETED|3
29423084_3132|118419|COMPLETED|3
29423084_3133|48032|COMPLETED|3
29423084_3134|50335|COMPLETED|3
29423084_3135|27879|COMPLETED|3
29423084_3136|68965|COMPLETED|3
29423084_3137|78070|COMPLETED|3
29423084_3138|95343|COMPLETED|3
29423084_3139|10442|COMPLETED|3
29423084_3140|15480|COMPLETED|3
29423084_3141|16362|COMPLETED|3
29423084_3142|259205|TIMEOUT|3
29423084_3143|105077|COMPLETED|3
29423084_3144|140345|COMPLETED|3
29423084_3145|53987|COMPLETED|3
29423084_3146|72914|COMPLETED|3
29423084_3147|148458|COMPLETED|3
29423084_3148|109550|COMPLETED|3
29423084_3149|80158|COMPLETED|3
29423084_3150|126456|COMPLETED|3
29423084_3151|90716|COMPLETED|3
29423084_3152|99186|COMPLETED|3
29423084_3153|29572|COMPLETED|3
29423084_3154|23442|COMPLETED|3
29423084_3155|64642|COMPLETED|3
29423084_3156|94960|COMPLETED|3
29423084_3157|33704|COMPLETED|3
29423084_3158|167423|COMPLETED|3
29423084_3159|62844|COMPLETED|3
29423084_3160|62885|COMPLETED|3
29423084_3161|134407|COMPLETED|3
29423084_3162|111444|COMPLETED|3
29423084_3163|192472|COMPLETED|3
29423084_3164|98358|COMPLETED|3
29423084_3165|58504|COMPLETED|3
29423084_3166|42425|COMPLETED|3
29423084_3167|76196|COMPLETED|3
29423084_3168|137690|COMPLETED|3
29423084_3169|85553|COMPLETED|3
29423084_3170|29696|COMPLETED|3
29423084_3171|26092|COMPLETED|3
29423084_3172|47076|COMPLETED|3
29423084_3173|51005|COMPLETED|3
29423084_3174|14244|COMPLETED|3
29423084_3175|48400|COMPLETED|3
29423084_3176|64375|COMPLETED|3
29423084_3177|36798|COMPLETED|3
29423084_3178|74828|COMPLETED|3
29423084_3179|62462|COMPLETED|3
29423084_3180|23405|COMPLETED|3
29423084_3181|33812|COMPLETED|3
29423084_3182|16368|COMPLETED|3
29423084_3183|54223|COMPLETED|3
29423084_3184|94943|COMPLETED|3
29423084_3185|38988|COMPLETED|3
29423084_3186|98004|COMPLETED|3
29423084_3187|40475|COMPLETED|3
29423084_3188|76168|COMPLETED|3
29423084_3189|61916|COMPLETED|3
29423084_3190|96648|COMPLETED|3
29423084_3191|259202|TIMEOUT|3
29423084_3192|56645|COMPLETED|3
29423084_3193|146268|COMPLETED|3
29423084_3194|183343|COMPLETED|3
29423084_3195|30011|COMPLETED|3
29423084_3196|14033|COMPLETED|3
29423084_3197|77623|COMPLETED|3
29423084_3198|60015|COMPLETED|3
29423084_3199|33588|COMPLETED|3
29423084_3200|57210|COMPLETED|3
29423084_3201|76813|COMPLETED|3
29423084_3202|63602|COMPLETED|3
29423084_3203|163088|COMPLETED|3
29423084_3204|11438|COMPLETED|3
29423084_3205|22458|COMPLETED|3
29423084_3206|42355|COMPLETED|3
29423084_3207|55501|COMPLETED|3
29423084_3208|80151|COMPLETED|3
29423084_3209|89251|COMPLETED|3
29423084_3210|112308|COMPLETED|3
29423084_3211|58330|COMPLETED|3
29423084_3212|79997|COMPLETED|3
29423084_3213|63934|COMPLETED|3
29423084_3214|48978|COMPLETED|3
29423084_3215|66918|COMPLETED|3
29423084_3216|88632|COMPLETED|3
29423084_3217|27694|COMPLETED|3
29423084_3218|41367|COMPLETED|3
29423084_3219|61675|COMPLETED|3
29423084_3220|66584|COMPLETED|3
29423084_3221|140092|COMPLETED|3
29423084_3222|58512|COMPLETED|3
29423084_3223|109256|COMPLETED|3
29423084_3224|85943|COMPLETED|3
29423084_3225|60710|COMPLETED|3
29423084_3226|55473|COMPLETED|3
29423084_3227|63811|COMPLETED|3
29423084_3228|73436|COMPLETED|3
29423084_3229|74667|COMPLETED|3
29423084_3230|62622|COMPLETED|3
29423084_3231|107931|COMPLETED|3
29423084_3232|58453|COMPLETED|3
29423084_3233|13922|COMPLETED|3
29423084_3234|91995|COMPLETED|3
29423084_3235|47418|COMPLETED|3
29423084_3236|105794|COMPLETED|3
29423084_3237|19004|COMPLETED|3
29423084_3238|126374|COMPLETED|3
29423084_3239|14304|COMPLETED|3
29423084_3240|29297|COMPLETED|3
29423084_3241|71111|COMPLETED|3
29423084_3242|88953|COMPLETED|3
29423084_3243|124526|COMPLETED|3
29423084_3244|47228|COMPLETED|3
29423084_3245|68140|COMPLETED|3
29423084_3246|87611|COMPLETED|3
29423084_3247|65064|COMPLETED|3
29423084_3248|22045|COMPLETED|3
29423084_3249|52770|COMPLETED|3
29423084_3250|98655|COMPLETED|3
29423084_3251|20493|COMPLETED|3
29423084_3252|62069|COMPLETED|3
29423084_3253|23857|COMPLETED|3
29423084_3254|245155|COMPLETED|3
29423084_3255|131611|COMPLETED|3
29423084_3256|87902|COMPLETED|3
29423084_3257|124668|COMPLETED|3
29423084_3258|126277|COMPLETED|3
29423084_3259|14731|COMPLETED|3
29423084_3260|50290|COMPLETED|3
29423084_3261|67581|COMPLETED|3
29423084_3262|137278|COMPLETED|3
29423084_3263|60042|COMPLETED|3
29423084_3264|18088|COMPLETED|3
29423084_3265|41944|COMPLETED|3
29423084_3266|129496|COMPLETED|3
29423084_3267|125402|COMPLETED|3
29423084_3268|8983|COMPLETED|3
29423084_3269|25456|COMPLETED|3
29423084_3270|14477|COMPLETED|3
29423084_3271|45134|COMPLETED|3
29423084_3272|52135|COMPLETED|3
29423084_3273|24375|COMPLETED|3
29423084_3274|118075|COMPLETED|3
29423084_3275|36240|COMPLETED|3
29423084_3276|117083|COMPLETED|3
29423084_3277|138062|COMPLETED|3
29423084_3278|42935|COMPLETED|3
29423084_3279|39728|COMPLETED|3
29423084_3280|15164|COMPLETED|3
29423084_3281|106720|COMPLETED|3
29423084_3282|51791|COMPLETED|3
29423084_3283|57414|COMPLETED|3
29423084_3284|82795|COMPLETED|3
29423084_3285|12828|COMPLETED|3
29423084_3286|61602|COMPLETED|3
29423084_3287|154230|COMPLETED|3
29423084_3288|43492|COMPLETED|3
29423084_3289|115607|COMPLETED|3
29423084_3290|21195|COMPLETED|3
29423084_3291|43678|COMPLETED|3
29423084_3292|12828|COMPLETED|3
29423084_3293|33629|COMPLETED|3
29423084_3294|77315|COMPLETED|3
29423084_3295|33415|COMPLETED|3
29423084_3296|75447|COMPLETED|3
29423084_3297|56443|COMPLETED|3
29423084_3298|72234|COMPLETED|3
29423084_3299|78504|COMPLETED|3
29423084_3300|11024|COMPLETED|3
29423084_3301|177339|COMPLETED|3
29423084_3302|58370|COMPLETED|3
29423084_3303|12132|COMPLETED|3
29423084_3304|88293|COMPLETED|3
29423084_3305|35272|COMPLETED|3
29423084_3306|127338|COMPLETED|3
29423084_3307|143951|COMPLETED|3
29423084_3308|19906|COMPLETED|3
29423084_3309|35796|COMPLETED|3
29423084_3310|65316|COMPLETED|3
29423084_3311|117601|COMPLETED|3
29423084_3312|50785|COMPLETED|3
29423084_3313|121444|COMPLETED|3
29423084_3314|45849|COMPLETED|3
29423084_3315|86808|COMPLETED|3
29423084_3316|55615|COMPLETED|3
29423084_3317|28217|COMPLETED|3
29423084_3318|109965|COMPLETED|3
29423084_3319|76947|COMPLETED|3
29423084_3320|38894|COMPLETED|3
29423084_3321|19372|COMPLETED|3
29423084_3322|28478|COMPLETED|3
29423084_3323|47095|COMPLETED|3
29423084_3324|37034|COMPLETED|3
29423084_3325|38015|COMPLETED|3
29423084_3326|32617|COMPLETED|3
29423084_3327|48107|COMPLETED|3
29423084_3328|16732|COMPLETED|3
29423084_3329|100898|COMPLETED|3
29423084_3330|14720|COMPLETED|3
29423084_3331|65792|COMPLETED|3
29423084_3332|105923|COMPLETED|3
29423084_3333|27336|COMPLETED|3
29423084_3334|26624|COMPLETED|3
29423084_3335|81050|COMPLETED|3
29423084_3336|70412|COMPLETED|3
29423084_3337|85946|COMPLETED|3
29423084_3338|49431|COMPLETED|3
29423084_3339|49926|COMPLETED|3
29423084_3340|54285|COMPLETED|3
29423084_3341|51557|COMPLETED|3
29423084_3342|43556|COMPLETED|3
29423084_3343|22731|COMPLETED|3
29423084_3344|10819|COMPLETED|3
29423084_3345|44107|COMPLETED|3
29423084_3346|19129|COMPLETED|3
29423084_3347|37845|COMPLETED|3
29423084_3348|48111|COMPLETED|3
29423084_3349|54957|COMPLETED|3
29423084_3350|52000|COMPLETED|3
29423084_3351|73399|COMPLETED|3
29423084_3352|43071|COMPLETED|3
29423084_3353|75520|COMPLETED|3
29423084_3354|26892|COMPLETED|3
29423084_3355|64981|COMPLETED|3
29423084_3356|55300|COMPLETED|3
29423084_3357|40937|COMPLETED|3
29423084_3358|108412|COMPLETED|3
29423084_3359|71237|COMPLETED|3
29423084_3360|28353|COMPLETED|3
29423084_3361|156514|COMPLETED|3
29423084_3362|42278|COMPLETED|3
29423084_3363|115685|COMPLETED|3
29423084_3364|149912|COMPLETED|3
29423084_3365|259216|TIMEOUT|3
29423084_3366|111754|COMPLETED|3
29423084_3367|29153|COMPLETED|3
29423084_3368|49545|COMPLETED|3
29423084_3369|38246|COMPLETED|3
29423084_3370|50389|COMPLETED|3
29423084_3371|36793|COMPLETED|3
29423084_3372|48503|COMPLETED|3
29423084_3373|201779|COMPLETED|3
29423084_3374|19137|COMPLETED|3
29423084_3375|26859|COMPLETED|3
29423084_3376|22642|COMPLETED|3
29423084_3377|87637|COMPLETED|3
29423084_3378|19532|COMPLETED|3
29423084_3379|105722|COMPLETED|3
29423084_3380|50921|COMPLETED|3
29423084_3381|79813|COMPLETED|3
29423084_3382|259208|TIMEOUT|3
29423084_3383|34727|COMPLETED|3
29423084_3384|135975|COMPLETED|3
29423084_3385|88113|COMPLETED|3
29423084_3386|70223|COMPLETED|3
29423084_3387|11439|COMPLETED|3
29423084_3388|223686|COMPLETED|3
29423084_3389|74583|COMPLETED|3
29423084_3390|64608|COMPLETED|3
29423084_3391|79625|COMPLETED|3
29423084_3392|45627|COMPLETED|3
29423084_3393|18989|COMPLETED|3
29423084_3394|55636|COMPLETED|3
29423084_3395|32631|COMPLETED|3
29423084_3396|55618|COMPLETED|3
29423084_3397|259206|TIMEOUT|3
29423084_3398|157902|COMPLETED|3
29423084_3399|51366|COMPLETED|3
29423084_3400|48689|COMPLETED|3
29423084_3401|100477|COMPLETED|3
29423084_3402|28181|COMPLETED|3
29423084_3403|88166|COMPLETED|3
29423084_3404|107542|COMPLETED|3
29423084_3405|180186|COMPLETED|3
29423084_3406|41690|COMPLETED|3
29423084_3407|22902|COMPLETED|3
29423084_3408|105187|COMPLETED|3
29423084_3409|14865|COMPLETED|3
29423084_3410|59970|COMPLETED|3
29423084_3411|116581|COMPLETED|3
29423084_3412|137292|COMPLETED|3
29423084_3413|130354|COMPLETED|3
29423084_3414|23784|COMPLETED|3
29423084_3415|8737|COMPLETED|3
29423084_3416|30392|COMPLETED|3
29423084_3417|77353|COMPLETED|3
29423084_3418|130842|COMPLETED|3
29423084_3419|27622|COMPLETED|3
29423084_3420|135879|COMPLETED|3
29423084_3421|57042|COMPLETED|3
29423084_3422|45381|COMPLETED|3
29423084_3423|16104|COMPLETED|3
29423084_3424|259227|TIMEOUT|3
29423084_3425|140181|COMPLETED|3
29423084_3426|20317|COMPLETED|3
29423084_3427|48392|COMPLETED|3
29423084_3428|55246|COMPLETED|3
29423084_3429|141988|COMPLETED|3
29423084_3430|30086|COMPLETED|3
29423084_3431|24839|COMPLETED|3
29423084_3432|40768|COMPLETED|3
29423084_3433|17682|COMPLETED|3
29423084_3434|112390|COMPLETED|3
29423084_3435|38930|COMPLETED|3
29423084_3436|45341|COMPLETED|3
29423084_3437|14370|COMPLETED|3
29423084_3438|112882|COMPLETED|3
29423084_3439|47867|COMPLETED|3
29423084_3440|74746|COMPLETED|3
29423084_3441|68030|COMPLETED|3
29423084_3442|16685|COMPLETED|3
29423084_3443|9671|COMPLETED|3
29423084_3444|40214|COMPLETED|3
29423084_3445|131062|COMPLETED|3
29423084_3446|17641|COMPLETED|3
29423084_3447|259209|TIMEOUT|3
29423084_3448|63273|COMPLETED|3
29423084_3449|82765|COMPLETED|3
29423084_3450|42170|COMPLETED|3
29423084_3451|16593|COMPLETED|3
29423084_3452|11451|COMPLETED|3
29423084_3453|106497|COMPLETED|3
29423084_3454|59093|COMPLETED|3
29423084_3455|64521|COMPLETED|3
29423084_3456|52574|COMPLETED|3
29423084_3457|55615|COMPLETED|3
29423084_3458|107316|COMPLETED|3
29423084_3459|98733|COMPLETED|3
29423084_3460|89848|COMPLETED|3
29423084_3461|84793|COMPLETED|3
29423084_3462|62988|COMPLETED|3
29423084_3463|103985|COMPLETED|3
29423084_3464|91939|COMPLETED|3
29423084_3465|65374|COMPLETED|3
29423084_3466|39812|COMPLETED|3
29423084_3467|40145|COMPLETED|3
29423084_3468|15745|COMPLETED|3
29423084_3469|78179|COMPLETED|3
29423084_3470|63664|COMPLETED|3
29423084_3471|16457|COMPLETED|3
29423084_3472|93404|COMPLETED|3
29423084_3473|64733|COMPLETED|3
29423084_3474|55684|COMPLETED|3
29423084_3475|23723|COMPLETED|3
29423084_3476|25207|COMPLETED|3
29423084_3477|199953|COMPLETED|3
29423084_3478|259220|TIMEOUT|3
29423084_3479|48404|COMPLETED|3
29423084_3480|10675|COMPLETED|3
29423084_3481|27847|COMPLETED|3
29423084_3482|242816|COMPLETED|3
29423084_3483|35579|COMPLETED|3
29423084_3484|139328|COMPLETED|3
29423084_3485|78727|COMPLETED|3
29423084_3486|22830|COMPLETED|3
29423084_3487|39839|COMPLETED|3
29423084_3488|39653|COMPLETED|3
29423084_3489|38774|COMPLETED|3
29423084_3490|13456|COMPLETED|3
29423084_3491|181194|COMPLETED|3
29423084_3492|72849|COMPLETED|3
29423084_3493|45919|COMPLETED|3
29423084_3494|50328|COMPLETED|3
29423084_3495|12628|COMPLETED|3
29423084_3496|135001|COMPLETED|3
29423084_3497|128078|COMPLETED|3
29423084_3498|135926|COMPLETED|3
29423084_3499|28100|COMPLETED|3
29423084_3500|92718|COMPLETED|3
29423084_3501|37156|COMPLETED|3
29423084_3502|18952|COMPLETED|3
29423084_3503|6511|COMPLETED|3
29423084_3504|41590|COMPLETED|3
29423084_3505|72819|COMPLETED|3
29423084_3506|31247|COMPLETED|3
29423084_3507|46003|COMPLETED|3
29423084_3508|155807|COMPLETED|3
29423084_3509|57754|COMPLETED|3
29423084_3510|66422|COMPLETED|3
29423084_3511|72430|COMPLETED|3
29423084_3512|136335|COMPLETED|3
29423084_3513|72107|COMPLETED|3
29423084_3514|59760|COMPLETED|3
29423084_3515|36410|COMPLETED|3
29423084_3516|31790|COMPLETED|3
29423084_3517|107937|COMPLETED|3
29423084_3518|19003|COMPLETED|3
29423084_3519|46702|COMPLETED|3
29423084_3520|79234|COMPLETED|3
29423084_3521|13500|COMPLETED|3
29423084_3522|33790|COMPLETED|3
29423084_3523|84664|COMPLETED|3
29423084_3524|120392|COMPLETED|3
29423084_3525|16597|COMPLETED|3
29423084_3526|13050|COMPLETED|3
29423084_3527|50499|COMPLETED|3
29423084_3528|12472|COMPLETED|3
29423084_3529|13038|COMPLETED|3
29423084_3530|57618|COMPLETED|3
29423084_3531|109676|COMPLETED|3
29423084_3532|30542|COMPLETED|3
29423084_3533|16679|COMPLETED|3
29423084_3534|33505|COMPLETED|3
29423084_3535|112420|COMPLETED|3
29423084_3536|94489|COMPLETED|3
29423084_3537|20452|COMPLETED|3
29423084_3538|101790|COMPLETED|3
29423084_3539|41968|COMPLETED|3
29423084_3540|132869|COMPLETED|3
29423084_3541|50732|COMPLETED|3
29423084_3542|81936|COMPLETED|3
29423084_3543|24327|COMPLETED|3
29423084_3544|95456|COMPLETED|3
29423084_3545|133291|COMPLETED|3
29423084_3546|24323|COMPLETED|3
29423084_3547|34117|COMPLETED|3
29423084_3548|10020|COMPLETED|3
29423084_3549|16657|COMPLETED|3
29423084_3550|22544|COMPLETED|3
29423084_3551|82481|COMPLETED|3
29423084_3552|23649|COMPLETED|3
29423084_3553|29785|COMPLETED|3
29423084_3554|28428|COMPLETED|3
29423084_3555|95854|COMPLETED|3
29423084_3556|21594|COMPLETED|3
29423084_3557|35045|COMPLETED|3
29423084_3558|59671|COMPLETED|3
29423084_3559|34170|COMPLETED|3
29423084_3560|59061|COMPLETED|3
29423084_3561|227583|COMPLETED|3
29423084_3562|48166|COMPLETED|3
29423084_3563|34805|COMPLETED|3
29423084_3564|110368|COMPLETED|3
29423084_3565|174105|COMPLETED|3
29423084_3566|36404|COMPLETED|3
29423084_3567|26283|COMPLETED|3
29423084_3568|160182|COMPLETED|3
29423084_3569|42633|COMPLETED|3
29423084_3570|113829|COMPLETED|3
29423084_3571|37466|COMPLETED|3
29423084_3572|114902|COMPLETED|3
29423084_3573|77429|COMPLETED|3
29423084_3574|15126|COMPLETED|3
29423084_3575|50379|COMPLETED|3
29423084_3576|23836|COMPLETED|3
29423084_3577|246190|COMPLETED|3
29423084_3578|115275|COMPLETED|3
29423084_3579|148987|COMPLETED|3
29423084_3580|38966|COMPLETED|3
29423084_3581|15211|COMPLETED|3
29423084_3582|66011|COMPLETED|3
29423084_3583|81038|COMPLETED|3
29423084_3584|101381|COMPLETED|3
29423084_3585|68344|COMPLETED|3
29423084_3586|15108|COMPLETED|3
29423084_3587|64295|COMPLETED|3
29423084_3588|27090|COMPLETED|3
29423084_3589|88448|COMPLETED|3
29423084_3590|24775|COMPLETED|3
29423084_3591|122091|COMPLETED|3
29423084_3592|65189|COMPLETED|3
29423084_3593|55675|COMPLETED|3
29423084_3594|11800|COMPLETED|3
29423084_3595|73196|COMPLETED|3
29423084_3596|130616|COMPLETED|3
29423084_3597|28168|COMPLETED|3
29423084_3598|43131|COMPLETED|3
29423084_3599|17417|COMPLETED|3
29423084_3600|88802|COMPLETED|3
29423084_3601|42817|COMPLETED|3
29423084_3602|69389|COMPLETED|3
29423084_3603|19862|COMPLETED|3
29423084_3604|55640|COMPLETED|3
29423084_3605|148892|COMPLETED|3
29423084_3606|116679|COMPLETED|3
29423084_3607|113668|COMPLETED|3
29423084_3608|59007|COMPLETED|3
29423084_3609|25107|COMPLETED|3
29423084_3610|74778|COMPLETED|3
29423084_3611|49940|COMPLETED|3
29423084_3612|89645|COMPLETED|3
29423084_3613|28623|COMPLETED|3
29423084_3614|16721|COMPLETED|3
29423084_3615|246021|COMPLETED|3
29423084_3616|150766|COMPLETED|3
29423084_3617|96713|COMPLETED|3
29423084_3618|77726|COMPLETED|3
29423084_3619|17505|COMPLETED|3
29423084_3620|59636|COMPLETED|3
29423084_3621|181894|COMPLETED|3
29423084_3622|22503|COMPLETED|3
29423084_3623|34440|COMPLETED|3
29423084_3624|28740|COMPLETED|3
29423084_3625|127308|COMPLETED|3
29423084_3626|54169|COMPLETED|3
29423084_3627|174952|COMPLETED|3
29423084_3628|34147|COMPLETED|3
29423084_3629|22884|COMPLETED|3
29423084_3630|75155|COMPLETED|3
29423084_3631|106752|COMPLETED|3
29423084_3632|61691|COMPLETED|3
29423084_3633|30380|COMPLETED|3
29423084_3634|37998|COMPLETED|3
29423084_3635|112037|COMPLETED|3
29423084_3636|20970|COMPLETED|3
29423084_3637|23217|COMPLETED|3
29423084_3638|99563|COMPLETED|3
29423084_3639|39043|COMPLETED|3
29423084_3640|104680|COMPLETED|3
29423084_3641|214483|COMPLETED|3
29423084_3642|94843|COMPLETED|3
29423084_3643|32798|COMPLETED|3
29423084_3644|61831|COMPLETED|3
29423084_3645|92551|COMPLETED|3
29423084_3646|23604|COMPLETED|3
29423084_3647|35570|COMPLETED|3
29423084_3648|45236|COMPLETED|3
29423084_3649|12476|COMPLETED|3
29423084_3650|117162|COMPLETED|3
29423084_3651|13381|COMPLETED|3
29423084_3652|15757|COMPLETED|3
29423084_3653|104746|COMPLETED|3
29423084_3654|17527|COMPLETED|3
29423084_3655|22449|COMPLETED|3
29423084_3656|16233|COMPLETED|3
29423084_3657|74638|COMPLETED|3
29423084_3658|20705|COMPLETED|3
29423084_3659|93447|COMPLETED|3
29423084_3660|44926|COMPLETED|3
29423084_3661|56013|COMPLETED|3
29423084_3662|48727|COMPLETED|3
29423084_3663|58591|COMPLETED|3
29423084_3664|48463|COMPLETED|3
29423084_3665|13273|COMPLETED|3
29423084_3666|68708|COMPLETED|3
29423084_3667|117390|COMPLETED|3
29423084_3668|40896|COMPLETED|3
29423084_3669|150479|COMPLETED|3
29423084_3670|118337|COMPLETED|3
29423084_3671|69149|COMPLETED|3
29423084_3672|85407|COMPLETED|3
29423084_3673|57040|COMPLETED|3
29423084_3674|61776|COMPLETED|3
29423084_3675|117023|COMPLETED|3
29423084_3676|57879|COMPLETED|3
29423084_3677|66963|COMPLETED|3
29423084_3678|38295|COMPLETED|3
29423084_3679|45052|COMPLETED|3
29423084_3680|86862|COMPLETED|3
29423084_3681|136855|COMPLETED|3
29423084_3682|124047|COMPLETED|3
29423084_3683|117342|COMPLETED|3
29423084_3684|56408|COMPLETED|3
29423084_3685|28730|COMPLETED|3
29423084_3686|24328|COMPLETED|3
29423084_3687|82841|COMPLETED|3
29423084_3688|14879|COMPLETED|3
29423084_3689|60459|COMPLETED|3
29423084_3690|58753|COMPLETED|3
29423084_3691|50678|COMPLETED|3
29423084_3692|70308|COMPLETED|3
29423084_3693|16770|COMPLETED|3
29423084_3694|29749|COMPLETED|3
29423084_3695|108102|COMPLETED|3
29423084_3696|46883|COMPLETED|3
29423084_3697|68212|COMPLETED|3
29423084_3698|41605|COMPLETED|3
29423084_3699|65466|COMPLETED|3
29423084_3700|72068|COMPLETED|3
29423084_3701|13209|COMPLETED|3
29423084_3702|61229|COMPLETED|3
29423084_3703|146080|COMPLETED|3
29423084_3704|27041|COMPLETED|3
29423084_3705|30106|COMPLETED|3
29423084_3706|8605|COMPLETED|3
29423084_3707|107148|COMPLETED|3
29423084_3708|17802|COMPLETED|3
29423084_3709|64974|COMPLETED|3
29423084_3710|73051|COMPLETED|3
29423084_3711|40146|COMPLETED|3
29423084_3712|42074|COMPLETED|3
29423084_3713|126777|COMPLETED|3
29423084_3714|130667|COMPLETED|3
29423084_3715|65850|COMPLETED|3
29423084_3716|43157|COMPLETED|3
29423084_3717|13146|COMPLETED|3
29423084_3718|52215|COMPLETED|3
29423084_3719|22813|COMPLETED|3
29423084_3720|29509|COMPLETED|3
29423084_3721|21891|COMPLETED|3
29423084_3722|14319|COMPLETED|3
29423084_3723|34184|COMPLETED|3
29423084_3724|55571|COMPLETED|3
29423084_3725|22855|COMPLETED|3
29423084_3726|62297|COMPLETED|3
29423084_3727|12393|COMPLETED|3
29423084_3728|42265|COMPLETED|3
29423084_3729|98002|COMPLETED|3
29423084_3730|45159|COMPLETED|3
29423084_3731|142414|COMPLETED|3
29423084_3732|83816|COMPLETED|3
29423084_3733|49985|COMPLETED|3
29423084_3734|26435|COMPLETED|3
29423084_3735|37360|COMPLETED|3
29423084_3736|10333|COMPLETED|3
29423084_3737|96626|COMPLETED|3
29423084_3738|40966|COMPLETED|3
29423084_3739|15701|COMPLETED|3
29423084_3740|30992|COMPLETED|3
29423084_3741|160781|COMPLETED|3
29423084_3742|50879|COMPLETED|3
29423084_3743|32014|COMPLETED|3
29423084_3744|17066|COMPLETED|3
29423084_3745|62505|COMPLETED|3
29423084_3746|81351|COMPLETED|3
29423084_3747|30840|COMPLETED|3
29423084_3748|192844|COMPLETED|3
29423084_3749|21530|COMPLETED|3
29423084_3750|109589|COMPLETED|3
29423084_3751|31003|COMPLETED|3
29423084_3752|62972|COMPLETED|3
29423084_3753|23900|COMPLETED|3
29423084_3754|56595|COMPLETED|3
29423084_3755|59199|COMPLETED|3
29423084_3756|42481|COMPLETED|3
29423084_3757|55758|COMPLETED|3
29423084_3758|20424|COMPLETED|3
29423084_3759|22081|COMPLETED|3
29423084_3760|49571|COMPLETED|3
29423084_3761|26648|COMPLETED|3
29423084_3762|74980|COMPLETED|3
29423084_3763|24556|COMPLETED|3
29423084_3764|50443|COMPLETED|3
29423084_3765|71198|COMPLETED|3
29423084_3766|33710|COMPLETED|3
29423084_3767|43051|COMPLETED|3
29423084_3768|15478|COMPLETED|3
29423084_3769|65934|COMPLETED|3
29423084_3770|71809|COMPLETED|3
29423084_3771|28521|COMPLETED|3
29423084_3772|100438|COMPLETED|3
29423084_3773|65047|COMPLETED|3
29423084_3774|14341|COMPLETED|3
29423084_3775|14390|COMPLETED|3
29423084_3776|5515|COMPLETED|3
29423084_3777|58183|COMPLETED|3
29423084_3778|22064|COMPLETED|3
29423084_3779|57386|COMPLETED|3
29423084_3780|31963|COMPLETED|3
29423084_3781|36737|COMPLETED|3
29423084_3782|12643|COMPLETED|3
29423084_3783|117041|COMPLETED|3
29423084_3784|10490|COMPLETED|3
29423084_3785|35372|COMPLETED|3
29423084_3786|34243|COMPLETED|3
29423084_3787|217300|COMPLETED|3
29423084_3788|110305|COMPLETED|3
29423084_3789|61794|COMPLETED|3
29423084_3790|71964|COMPLETED|3
29423084_3791|21543|COMPLETED|3
29423084_3792|112180|COMPLETED|3
29423084_3793|58321|COMPLETED|3
29423084_3794|180279|COMPLETED|3
29423084_3795|47799|COMPLETED|3
29423084_3796|141888|COMPLETED|3
29423084_3797|46204|COMPLETED|3
29423084_3798|82823|COMPLETED|3
29423084_3799|30060|COMPLETED|3
29423084_3800|26659|COMPLETED|3
29423084_3801|21654|COMPLETED|3
29423084_3802|47077|COMPLETED|3
29423084_3803|46021|COMPLETED|3
29423084_3804|116826|COMPLETED|3
29423084_3805|89885|COMPLETED|3
29423084_3806|86932|COMPLETED|3
29423084_3807|27081|COMPLETED|3
29423084_3808|94306|COMPLETED|3
29423084_3809|53465|COMPLETED|3
29423084_3810|24181|COMPLETED|3
29423084_3811|84702|COMPLETED|3
29423084_3812|44015|COMPLETED|3
29423084_3813|52944|COMPLETED|3
29423084_3814|28390|COMPLETED|3
29423084_3815|25182|COMPLETED|3
29423084_3816|29126|COMPLETED|3
29423084_3817|105854|COMPLETED|3
29423084_3818|72682|COMPLETED|3
29423084_3819|35557|COMPLETED|3
29423084_3820|154983|COMPLETED|3
29423084_3821|120821|COMPLETED|3
29423084_3822|259225|TIMEOUT|3
29423084_3823|59490|COMPLETED|3
29423084_3824|22320|COMPLETED|3
29423084_3825|16303|COMPLETED|3
29423084_3826|127082|COMPLETED|3
29423084_3827|163822|COMPLETED|3
29423084_3828|55736|COMPLETED|3
29423084_3829|50722|COMPLETED|3
29423084_3830|44898|COMPLETED|3
29423084_3831|59222|COMPLETED|3
29423084_3832|123838|COMPLETED|3
29423084_3833|181162|COMPLETED|3
29423084_3834|10125|COMPLETED|3
29423084_3835|139702|COMPLETED|3
29423084_3836|147628|COMPLETED|3
29423084_3837|259225|TIMEOUT|3
29423084_3838|259225|TIMEOUT|3
29423084_3839|259215|TIMEOUT|3
29423084_3840|259225|TIMEOUT|3
29423084_3841|133245|COMPLETED|3
29423084_3842|21259|COMPLETED|3
29423084_3843|54430|COMPLETED|3
29423084_3844|188666|COMPLETED|3
29423084_3845|16005|COMPLETED|3
29423084_3846|32309|COMPLETED|3
29423084_3847|31769|COMPLETED|3
29423084_3848|31373|COMPLETED|3
29423084_3849|87403|COMPLETED|3
29423084_3850|24813|COMPLETED|3
29423084_3851|56826|COMPLETED|3
29423084_3852|115024|COMPLETED|3
29423084_3853|107391|COMPLETED|3
29423084_3854|11233|COMPLETED|3
29423084_3855|259208|TIMEOUT|3
29423084_3856|50273|COMPLETED|3
29423084_3857|35719|COMPLETED|3
29423084_3858|96823|COMPLETED|3
29423084_3859|78498|COMPLETED|3
29423084_3860|86234|COMPLETED|3
29423084_3861|176619|COMPLETED|3
29423084_3862|58812|COMPLETED|3
29423084_3863|209065|COMPLETED|3
29423084_3864|151366|COMPLETED|3
29423084_3865|16354|COMPLETED|3
29423084_3866|75391|COMPLETED|3
29423084_3867|28337|COMPLETED|3
29423084_3868|64550|COMPLETED|3
29423084_3869|57667|COMPLETED|3
29423084_3870|169563|COMPLETED|3
29423084_3871|259205|TIMEOUT|3
29423084_3872|28996|COMPLETED|3
29423084_3873|90459|COMPLETED|3
29423084_3874|35042|COMPLETED|3
29423084_3875|68598|COMPLETED|3
29423084_3876|174285|COMPLETED|3
29423084_3877|44076|COMPLETED|3
29423084_3878|48725|COMPLETED|3
29423084_3879|82607|COMPLETED|3
29423084_3880|41259|COMPLETED|3
29423084_3881|38199|COMPLETED|3
29423084_3882|21047|COMPLETED|3
29423084_3883|26456|COMPLETED|3
29423084_3884|39455|COMPLETED|3
29423084_3885|72550|COMPLETED|3
29423084_3886|32020|COMPLETED|3
29423084_3887|204791|COMPLETED|3
29423084_3888|14556|COMPLETED|3
29423084_3889|105608|COMPLETED|3
29423084_3890|89050|COMPLETED|3
29423084_3891|22277|COMPLETED|3
29423084_3892|7655|COMPLETED|3
29423084_3893|70996|COMPLETED|3
29423084_3894|64227|COMPLETED|3
29423084_3895|18485|COMPLETED|3
29423084_3896|38009|COMPLETED|3
29423084_3897|196075|COMPLETED|3
29423084_3898|34922|COMPLETED|3
29423084_3899|54987|COMPLETED|3
29423084_3900|23917|COMPLETED|3
29423084_3901|29095|COMPLETED|3
29423084_3902|121601|COMPLETED|3
29423084_3903|85039|COMPLETED|3
29423084_3904|31382|COMPLETED|3
29423084_3905|101575|COMPLETED|3
29423084_3906|50341|COMPLETED|3
29423084_3907|25117|COMPLETED|3
29423084_3908|86818|COMPLETED|3
29423084_3909|102531|COMPLETED|3
29423084_3910|32746|COMPLETED|3
29423084_3911|25118|COMPLETED|3
29423084_3912|32837|COMPLETED|3
29423084_3913|55580|COMPLETED|3
29423084_3914|112673|COMPLETED|3
29423084_3915|42831|COMPLETED|3
29423084_3916|82237|COMPLETED|3
29423084_3917|133921|COMPLETED|3
29423084_3918|11680|COMPLETED|3
29423084_3919|103064|COMPLETED|3
29423084_3920|124147|COMPLETED|3
29423084_3921|100388|COMPLETED|3
29423084_3922|20415|COMPLETED|3
29423084_3923|47953|COMPLETED|3
29423084_3924|69307|COMPLETED|3
29423084_3925|99387|COMPLETED|3
29423084_3926|115557|COMPLETED|3
29423084_3927|77257|COMPLETED|3
29423084_3928|150987|COMPLETED|3
29423084_3929|38067|COMPLETED|3
29423084_3930|31909|COMPLETED|3
29423084_3931|58135|COMPLETED|3
29423084_3932|32158|COMPLETED|3
29423084_3933|88310|COMPLETED|3
29423084_3934|50594|COMPLETED|3
29423084_3935|107229|COMPLETED|3
29423084_3936|259222|TIMEOUT|3
29423084_3937|91799|COMPLETED|3
29423084_3938|41338|COMPLETED|3
29423084_3939|25077|COMPLETED|3
29423084_3940|45431|COMPLETED|3
29423084_3941|18601|COMPLETED|3
29423084_3942|99628|COMPLETED|3
29423084_3943|17146|COMPLETED|3
29423084_3944|49341|COMPLETED|3
29423084_3945|39011|COMPLETED|3
29423084_3946|77825|COMPLETED|3
29423084_3947|259225|TIMEOUT|3
29423084_3948|74419|COMPLETED|3
29423084_3949|9767|COMPLETED|3
29423084_3950|14841|COMPLETED|3
29423084_3951|56672|COMPLETED|3
29423084_3952|59339|COMPLETED|3
29423084_3953|18954|COMPLETED|3
29423084_3954|100480|COMPLETED|3
29423084_3955|82528|COMPLETED|3
29423084_3956|139121|COMPLETED|3
29423084_3957|19141|COMPLETED|3
29423084_3958|63313|COMPLETED|3
29423084_3959|44550|COMPLETED|3
29423084_3960|44462|COMPLETED|3
29423084_3961|227968|COMPLETED|3
29423084_3962|43050|COMPLETED|3
29423084_3963|84043|COMPLETED|3
29423084_3964|105267|COMPLETED|3
29423084_3965|44870|COMPLETED|3
29423084_3966|29163|COMPLETED|3
29423084_3967|84918|COMPLETED|3
29423084_3968|164052|COMPLETED|3
29423084_3969|19104|COMPLETED|3
29423084_3970|119994|COMPLETED|3
29423084_3971|60979|COMPLETED|3
29423084_3972|21811|COMPLETED|3
29423084_3973|61457|COMPLETED|3
29423084_3974|65983|COMPLETED|3
29423084_3975|10784|COMPLETED|3
29423084_3976|63841|COMPLETED|3
29423084_3977|81144|COMPLETED|3
29423084_3978|64960|COMPLETED|3
29423084_3979|34211|COMPLETED|3
29423084_3980|42971|COMPLETED|3
29423084_3981|25205|COMPLETED|3
29423084_3982|116129|COMPLETED|3
29423084_3983|28713|COMPLETED|3
29423084_3984|87191|COMPLETED|3
29423084_3985|85065|COMPLETED|3
29423084_3986|211534|COMPLETED|3
29423084_3987|73083|COMPLETED|3
29423084_3988|40467|COMPLETED|3
29423084_3989|14710|COMPLETED|3
29423084_3990|28882|COMPLETED|3
29423084_3991|109116|COMPLETED|3
29423084_3992|126729|COMPLETED|3
29423084_3993|81234|COMPLETED|3
29423084_3994|129414|COMPLETED|3
29423084_3995|191882|COMPLETED|3
29423084_3996|34377|COMPLETED|3
29423084_3997|64791|COMPLETED|3
29423084_3998|21742|COMPLETED|3
29423084_3999|87370|COMPLETED|3
29423084_4000|54917|COMPLETED|3
29423084_4001|50667|COMPLETED|3
29423084_4002|69544|COMPLETED|3
29423084_4003|26166|COMPLETED|3
29423084_4004|87553|COMPLETED|3
29423084_4005|62898|COMPLETED|3
29423084_4006|131784|COMPLETED|3
29423084_4007|132109|COMPLETED|3
29423084_4008|79798|COMPLETED|3
29423084_4009|95582|COMPLETED|3
29423084_4010|24482|COMPLETED|3
29423084_4011|149053|COMPLETED|3
29423084_4012|84777|COMPLETED|3
29423084_4013|34968|COMPLETED|3
29423084_4014|33593|COMPLETED|3
29423084_4015|33116|COMPLETED|3
29423084_4016|44759|COMPLETED|3
29423084_4017|16435|COMPLETED|3
29423084_4018|69584|COMPLETED|3
29423084_4019|40835|COMPLETED|3
29423084_4020|25774|COMPLETED|3
29423084_4021|42169|COMPLETED|3
29423084_4022|32393|COMPLETED|3
29423084_4023|60932|COMPLETED|3
29423084_4024|18174|COMPLETED|3
29423084_4025|75999|COMPLETED|3
29423084_4026|65580|COMPLETED|3
29423084_4027|66021|COMPLETED|3
29423084_4028|44770|COMPLETED|3
29423084_4029|66270|COMPLETED|3
29423084_4030|130683|COMPLETED|3
29423084_4031|27967|COMPLETED|3
29423084_4032|97540|COMPLETED|3
29423084_4033|34993|COMPLETED|3
29423084_4034|41263|COMPLETED|3
29423084_4035|44132|COMPLETED|3
29423084_4036|128101|COMPLETED|3
29423084_4037|9480|COMPLETED|3
29423084_4038|10083|COMPLETED|3
29423084_4039|62075|COMPLETED|3
29423084_4040|62556|COMPLETED|3
29423084_4041|22444|COMPLETED|3
29423084_4042|12326|COMPLETED|3
29423084_4043|30423|COMPLETED|3
29423084_4044|119954|COMPLETED|3
29423084_4045|44991|COMPLETED|3
29423084_4046|76080|COMPLETED|3
29423084_4047|70768|COMPLETED|3
29423084_4048|82769|COMPLETED|3
29423084_4049|9217|COMPLETED|3
29423084_4050|188694|COMPLETED|3
29423084_4051|145098|COMPLETED|3
29423084_4052|30885|COMPLETED|3
29423084_4053|74793|COMPLETED|3
29423084_4054|34977|COMPLETED|3
29423084_4055|22142|COMPLETED|3
29423084_4056|73004|COMPLETED|3
29423084_4057|24068|COMPLETED|3
29423084_4058|164761|COMPLETED|3
29423084_4059|33525|COMPLETED|3
29423084_4060|67794|COMPLETED|3
29423084_4061|30495|COMPLETED|3
29423084_4062|60042|COMPLETED|3
29423084_4063|97362|COMPLETED|3
29423084_4064|94149|COMPLETED|3
29423084_4065|16781|COMPLETED|3
29423084_4066|31469|COMPLETED|3
29423084_4067|29137|COMPLETED|3
29423084_4068|95828|COMPLETED|3
29423084_4069|38015|COMPLETED|3
29423084_4070|83391|COMPLETED|3
29423084_4071|45331|COMPLETED|3
29423084_4072|53223|COMPLETED|3
29423084_4073|36609|COMPLETED|3
29423084_4074|65478|COMPLETED|3
29423084_4075|18880|COMPLETED|3
29423084_4076|75990|COMPLETED|3
29423084_4077|34209|COMPLETED|3
29423084_4078|170914|COMPLETED|3
29423084_4079|72644|COMPLETED|3
29423084_4080|114916|COMPLETED|3
29423084_4081|36494|COMPLETED|3
29423084_4082|91084|COMPLETED|3
29423084_4083|27941|COMPLETED|3
29423084_4084|76127|COMPLETED|3
29423084_4085|196937|COMPLETED|3
29423084_4086|13444|COMPLETED|3
29423084_4087|117322|COMPLETED|3
29423084_4088|37036|COMPLETED|3
29423084_4089|47981|COMPLETED|3
29423084_4090|52421|COMPLETED|3
29423084_4091|135552|COMPLETED|3
29423084_4092|50090|COMPLETED|3
29423084_4093|91223|COMPLETED|3
29423084_4094|31660|COMPLETED|3
29423084_4095|89871|COMPLETED|3
29423084_4096|67716|COMPLETED|3
29423084_4097|29690|COMPLETED|3
29423084_4098|128904|COMPLETED|3
29423084_4099|12303|COMPLETED|3
29423084_4100|75424|COMPLETED|3
29423084_4101|98643|COMPLETED|3
29423084_4102|22920|COMPLETED|3
29423084_4103|18785|COMPLETED|3
29423084_4104|56980|COMPLETED|3
29423084_4105|42279|COMPLETED|3
29423084_4106|32772|COMPLETED|3
29423084_4107|17096|COMPLETED|3
29423084_4108|31538|COMPLETED|3
29423084_4109|106391|COMPLETED|3
29423084_4110|25768|COMPLETED|3
29423084_4111|60703|COMPLETED|3
29423084_4112|13622|COMPLETED|3
29423084_4113|21052|COMPLETED|3
29423084_4114|69980|COMPLETED|3
29423084_4115|126162|COMPLETED|3
29423084_4116|19376|COMPLETED|3
29423084_4117|66267|COMPLETED|3
29423084_4118|53397|COMPLETED|3
29423084_4119|44653|COMPLETED|3
29423084_4120|142344|COMPLETED|3
29423084_4121|115065|COMPLETED|3
29423084_4122|61402|COMPLETED|3
29423084_4123|80370|COMPLETED|3
29423084_4124|54316|COMPLETED|3
29423084_4125|51246|COMPLETED|3
29423084_4126|61749|COMPLETED|3
29423084_4127|32724|COMPLETED|3
29423084_4128|32141|COMPLETED|3
29423084_4129|45745|COMPLETED|3
29423084_4130|259222|TIMEOUT|3
29423084_4131|79164|COMPLETED|3
29423084_4132|52538|COMPLETED|3
29423084_4133|56986|COMPLETED|3
29423084_4134|11555|COMPLETED|3
29423084_4135|8247|COMPLETED|3
29423084_4136|90946|COMPLETED|3
29423084_4137|135382|COMPLETED|3
29423084_4138|33571|COMPLETED|3
29423084_4139|252834|COMPLETED|3
29423084_4140|89262|COMPLETED|3
29423084_4141|15669|COMPLETED|3
29423084_4142|13987|COMPLETED|3
29423084_4143|75344|COMPLETED|3
29423084_4144|118597|COMPLETED|3
29423084_4145|31460|COMPLETED|3
29423084_4146|19791|COMPLETED|3
29423084_4147|72090|COMPLETED|3
29423084_4148|24684|COMPLETED|3
29423084_4149|25635|COMPLETED|3
29423084_4150|51399|COMPLETED|3
29423084_4151|178237|COMPLETED|3
29423084_4152|16042|COMPLETED|3
29423084_4153|55710|COMPLETED|3
29423084_4154|76232|COMPLETED|3
29423084_4155|128491|COMPLETED|3
29423084_4156|64006|COMPLETED|3
29423084_4157|60972|COMPLETED|3
29423084_4158|121927|COMPLETED|3
29423084_4159|24427|COMPLETED|3
29423084_4160|19054|COMPLETED|3
29423084_4161|50024|COMPLETED|3
29423084_4162|54747|COMPLETED|3
29423084_4163|12352|COMPLETED|3
29423084_4164|77340|COMPLETED|3
29423084_4165|192083|COMPLETED|3
29423084_4166|27347|COMPLETED|3
29423084_4167|12387|COMPLETED|3
29423084_4168|62023|COMPLETED|3
29423084_4169|37372|COMPLETED|3
29423084_4170|49756|COMPLETED|3
29423084_4171|12826|COMPLETED|3
29423084_4172|49521|COMPLETED|3
29423084_4173|49181|COMPLETED|3
29423084_4174|33285|COMPLETED|3
29423084_4175|39286|COMPLETED|3
29423084_4176|109516|COMPLETED|3
29423084_4177|16661|COMPLETED|3
29423084_4178|23577|COMPLETED|3
29423084_4179|54069|COMPLETED|3
29423084_4180|123412|COMPLETED|3
29423084_4181|28556|COMPLETED|3
29423084_4182|121516|COMPLETED|3
29423084_4183|22518|COMPLETED|3
29423084_4184|39685|COMPLETED|3
29423084_4185|43463|COMPLETED|3
29423084_4186|25302|COMPLETED|3
29423084_4187|12626|COMPLETED|3
29423084_4188|74205|COMPLETED|3
29423084_4189|78471|COMPLETED|3
29423084_4190|11432|COMPLETED|3
29423084_4191|17041|COMPLETED|3
29423084_4192|20802|COMPLETED|3
29423084_4193|98969|COMPLETED|3
29423084_4194|47594|COMPLETED|3
29423084_4195|65321|COMPLETED|3
29423084_4196|31348|COMPLETED|3
29423084_4197|9523|COMPLETED|3
29423084_4198|98302|COMPLETED|3
29423084_4199|81568|COMPLETED|3
29423084_4200|29294|COMPLETED|3
29423084_4201|5369|COMPLETED|3
29423084_4202|34262|COMPLETED|3
29423084_4203|6366|COMPLETED|3
29423084_4204|32615|COMPLETED|3
29423084_4205|34536|COMPLETED|3
29423084_4206|75981|COMPLETED|3
29423084_4207|33897|COMPLETED|3
29423084_4208|15455|COMPLETED|3
29423084_4209|58352|COMPLETED|3
29423084_4210|14524|COMPLETED|3
29423084_4211|21165|COMPLETED|3
29423084_4212|171755|COMPLETED|3
29423084_4213|38474|COMPLETED|3
29423084_4214|22103|COMPLETED|3
29423084_4215|125629|COMPLETED|3
29423084_4216|42341|COMPLETED|3
29423084_4217|40802|COMPLETED|3
29423084_4218|33134|COMPLETED|3
29423084_4219|18326|COMPLETED|3
29423084_4220|36927|COMPLETED|3
29423084_4221|67229|COMPLETED|3
29423084_4222|73665|COMPLETED|3
29423084_4223|26162|COMPLETED|3
29423084_4224|83304|COMPLETED|3
29423084_4225|76483|COMPLETED|3
29423084_4226|77549|COMPLETED|3
29423084_4227|13892|COMPLETED|3
29423084_4228|92990|COMPLETED|3
29423084_4229|90770|COMPLETED|3
29423084_4230|50333|COMPLETED|3
29423084_4231|87684|COMPLETED|3
29423084_4232|22308|COMPLETED|3
29423084_4233|88730|COMPLETED|3
29423084_4234|46815|COMPLETED|3
29423084_4235|101122|COMPLETED|3
29423084_4236|62384|COMPLETED|3
29423084_4237|27282|COMPLETED|3
29423084_4238|10735|COMPLETED|3
29423084_4239|69873|COMPLETED|3
29423084_4240|8687|COMPLETED|3
29423084_4241|18160|COMPLETED|3
29423084_4242|78399|COMPLETED|3
29423084_4243|13912|COMPLETED|3
29423084_4244|12242|COMPLETED|3
29423084_4245|113419|COMPLETED|3
29423084_4246|23071|COMPLETED|3
29423084_4247|77822|COMPLETED|3
29423084_4248|27325|COMPLETED|3
29423084_4249|10308|COMPLETED|3
29423084_4250|20797|COMPLETED|3
29423084_4251|47631|COMPLETED|3
29423084_4252|134568|COMPLETED|3
29423084_4253|102843|COMPLETED|3
29423084_4254|38613|COMPLETED|3
29423084_4255|32617|COMPLETED|3
29423084_4256|74588|COMPLETED|3
29423084_4257|8982|COMPLETED|3
29423084_4258|28549|COMPLETED|3
29423084_4259|79430|COMPLETED|3
29423084_4260|96721|COMPLETED|3
29423084_4261|50946|COMPLETED|3
29423084_4262|58417|COMPLETED|3
29423084_4263|13301|COMPLETED|3
29423084_4264|86658|COMPLETED|3
29423084_4265|29567|COMPLETED|3
29423084_4266|27333|COMPLETED|3
29423084_4267|43666|COMPLETED|3
29423084_4268|32573|COMPLETED|3
29423084_4269|41399|COMPLETED|3
29423084_4270|16309|COMPLETED|3
29423084_4271|94579|COMPLETED|3
29423084_4272|64256|COMPLETED|3
29423084_4273|45846|COMPLETED|3
29423084_4274|32069|COMPLETED|3
29423084_4275|23793|COMPLETED|3
29423084_4276|16559|COMPLETED|3
29423084_4277|29669|COMPLETED|3
29423084_4278|93753|COMPLETED|3
29423084_4279|32018|COMPLETED|3
29423084_4280|20565|COMPLETED|3
29423084_4281|24319|COMPLETED|3
29423084_4282|92440|COMPLETED|3
29423084_4283|42086|COMPLETED|3
29423084_4284|165783|COMPLETED|3
29423084_4285|24837|COMPLETED|3
29423084_4286|259227|TIMEOUT|3
29423084_4287|144779|COMPLETED|3
29423084_4288|16815|COMPLETED|3
29423084_4289|31319|COMPLETED|3
29423084_4290|35989|COMPLETED|3
29423084_4291|107515|COMPLETED|3
29423084_4292|85325|COMPLETED|3
29423084_4293|74464|COMPLETED|3
29423084_4294|70792|COMPLETED|3
29423084_4295|19751|COMPLETED|3
29423084_4296|23344|COMPLETED|3
29423084_4297|38401|COMPLETED|3
29423084_4298|60165|COMPLETED|3
29423084_4299|98420|COMPLETED|3
29423084_4300|12407|COMPLETED|3
29423084_4301|197096|COMPLETED|3
29423084_4302|24381|COMPLETED|3
29423084_4303|199847|COMPLETED|3
29423084_4304|10092|COMPLETED|3
29423084_4305|9155|COMPLETED|3
29423084_4306|143866|COMPLETED|3
29423084_4307|57093|COMPLETED|3
29423084_4308|62705|COMPLETED|3
29423084_4309|24317|COMPLETED|3
29423084_4310|47030|COMPLETED|3
29423084_4311|81454|COMPLETED|3
29423084_4312|89474|COMPLETED|3
29423084_4313|41721|COMPLETED|3
29423084_4314|21019|COMPLETED|3
29423084_4315|40902|COMPLETED|3
29423084_4316|28467|COMPLETED|3
29423084_4317|12374|COMPLETED|3
29423084_4318|41382|COMPLETED|3
29423084_4319|49299|COMPLETED|3
29423084_4320|34520|COMPLETED|3
29423084_4321|43224|COMPLETED|3
29423084_4322|42740|COMPLETED|3
29423084_4323|67858|COMPLETED|3
29423084_4324|12719|COMPLETED|3
29423084_4325|63054|COMPLETED|3
29423084_4326|55144|COMPLETED|3
29423084_4327|38574|COMPLETED|3
29423084_4328|14958|COMPLETED|3
29423084_4329|13261|COMPLETED|3
29423084_4330|8315|COMPLETED|3
29423084_4331|76730|COMPLETED|3
29423084_4332|111975|COMPLETED|3
29423084_4333|59996|COMPLETED|3
29423084_4334|52137|COMPLETED|3
29423084_4335|40817|COMPLETED|3
29423084_4336|37381|COMPLETED|3
29423084_4337|47980|COMPLETED|3
29423084_4338|79324|COMPLETED|3
29423084_4339|31958|COMPLETED|3
29423084_4340|171539|COMPLETED|3
29423084_4341|36449|COMPLETED|3
29423084_4342|109687|COMPLETED|3
29423084_4343|67980|COMPLETED|3
29423084_4344|54065|COMPLETED|3
29423084_4345|63599|COMPLETED|3
29423084_4346|44512|COMPLETED|3
29423084_4347|23647|COMPLETED|3
29423084_4348|26521|COMPLETED|3
29423084_4349|65244|COMPLETED|3
29423084_4350|89281|COMPLETED|3
29423084_4351|25281|COMPLETED|3
29423084_4352|129101|COMPLETED|3
29423084_4353|59343|COMPLETED|3
29423084_4354|93216|COMPLETED|3
29423084_4355|36281|COMPLETED|3
29423084_4356|114406|COMPLETED|3
29423084_4357|84530|COMPLETED|3
29423084_4358|15731|COMPLETED|3
29423084_4359|36851|COMPLETED|3
29423084_4360|87728|COMPLETED|3
29423084_4361|29875|COMPLETED|3
29423084_4362|30171|COMPLETED|3
29423084_4363|90027|COMPLETED|3
29423084_4364|26535|COMPLETED|3
29423084_4365|27716|COMPLETED|3
29423084_4366|23329|COMPLETED|3
29423084_4367|39888|COMPLETED|3
29423084_4368|35367|COMPLETED|3
29423084_4369|133017|COMPLETED|3
29423084_4370|73859|COMPLETED|3
29423084_4371|23258|COMPLETED|3
29423084_4372|113077|COMPLETED|3
29423084_4373|14566|COMPLETED|3
29423084_4374|31066|COMPLETED|3
29423084_4375|71753|COMPLETED|3
29423084_4376|8848|COMPLETED|3
29423084_4377|8460|COMPLETED|3
29423084_4378|53593|COMPLETED|3
29423084_4379|58464|COMPLETED|3
29423084_4380|14887|COMPLETED|3
29423084_4381|103183|COMPLETED|3
29423084_4382|34972|COMPLETED|3
29423084_4383|9593|COMPLETED|3
29423084_4384|61600|COMPLETED|3
29423084_4385|31114|COMPLETED|3
29423084_4386|56155|COMPLETED|3
29423084_4387|119773|COMPLETED|3
29423084_4388|87946|COMPLETED|3
29423084_4389|70662|COMPLETED|3
29423084_4390|27381|COMPLETED|3
29423084_4391|61767|COMPLETED|3
29423084_4392|97928|COMPLETED|3
29423084_4393|42011|COMPLETED|3
29423084_4394|27066|COMPLETED|3
29423084_4395|23579|COMPLETED|3
29423084_4396|11439|COMPLETED|3
29423084_4397|58520|COMPLETED|3
29423084_4398|6343|COMPLETED|3
29423084_4399|18244|COMPLETED|3
29423084_4400|89274|COMPLETED|3
29423084_4401|75077|COMPLETED|3
29423084_4402|35288|COMPLETED|3
29423084_4403|39399|COMPLETED|3
29423084_4404|72219|COMPLETED|3
29423084_4405|22987|COMPLETED|3
29423084_4406|31084|COMPLETED|3
29423084_4407|33868|COMPLETED|3
29423084_4408|75260|COMPLETED|3
29423084_4409|88676|COMPLETED|3
29423084_4410|22466|COMPLETED|3
29423084_4411|39515|COMPLETED|3
29423084_4412|188359|COMPLETED|3
29423084_4413|62069|COMPLETED|3
29423084_4414|9069|COMPLETED|3
29423084_4415|12887|COMPLETED|3
29423084_4416|35591|COMPLETED|3
29423084_4417|13090|COMPLETED|3
29423084_4418|27374|COMPLETED|3
29423084_4419|187733|COMPLETED|3
29423084_4420|194257|COMPLETED|3
29423084_4421|14492|COMPLETED|3
29423084_4422|32317|COMPLETED|3
29423084_4423|157977|COMPLETED|3
29423084_4424|83144|COMPLETED|3
29423084_4425|81119|COMPLETED|3
29423084_4426|25440|COMPLETED|3
29423084_4427|88249|COMPLETED|3
29423084_4428|22287|COMPLETED|3
29423084_4429|80928|COMPLETED|3
29423084_4430|59154|COMPLETED|3
29423084_4431|13593|COMPLETED|3
29423084_4432|40640|COMPLETED|3
29423084_4433|83465|COMPLETED|3
29423084_4434|37057|COMPLETED|3
29423084_4435|7259|COMPLETED|3
29423084_4436|82531|COMPLETED|3
29423084_4437|43396|COMPLETED|3
29423084_4438|159379|COMPLETED|3
29423084_4439|104356|COMPLETED|3
29423084_4440|77123|COMPLETED|3
29423084_4441|259228|TIMEOUT|3
29423084_4442|61347|COMPLETED|3
29423084_4443|123098|COMPLETED|3
29423084_4444|31851|COMPLETED|3
29423084_4445|10222|COMPLETED|3
29423084_4446|38401|COMPLETED|3
29423084_4447|43644|COMPLETED|3
29423084_4448|48061|COMPLETED|3
29423084_4449|53216|COMPLETED|3
29423084_4450|86584|COMPLETED|3
29423084_4451|28314|COMPLETED|3
29423084_4452|20931|COMPLETED|3
29423084_4453|12492|COMPLETED|3
29423084_4454|42967|COMPLETED|3
29423084_4455|32545|COMPLETED|3
29423084_4456|90584|COMPLETED|3
29423084_4457|40711|COMPLETED|3
29423084_4458|85680|COMPLETED|3
29423084_4459|32687|COMPLETED|3
29423084_4460|54935|COMPLETED|3
29423084_4461|32508|COMPLETED|3
29423084_4462|70837|COMPLETED|3
29423084_4463|11473|COMPLETED|3
29423084_4464|23874|COMPLETED|3
29423084_4465|63545|COMPLETED|3
29423084_4466|57664|COMPLETED|3
29423084_4467|29720|COMPLETED|3
29423084_4468|65177|COMPLETED|3
29423084_4469|14304|COMPLETED|3
29423084_4470|92796|COMPLETED|3
29423084_4471|57028|COMPLETED|3
29423084_4472|44262|COMPLETED|3
29423084_4473|64380|COMPLETED|3
29423084_4474|103881|COMPLETED|3
29423084_4475|77157|COMPLETED|3
29423084_4476|91465|COMPLETED|3
29423084_4477|138803|COMPLETED|3
29423084_4478|22544|COMPLETED|3
29423084_4479|19517|COMPLETED|3
29423084_4480|46259|COMPLETED|3
29423084_4481|68906|COMPLETED|3
29423084_4482|59170|COMPLETED|3
29423084_4483|25063|COMPLETED|3
29423084_4484|104293|COMPLETED|3
29423084_4485|67939|COMPLETED|3
29423084_4486|60968|COMPLETED|3
29423084_4487|107296|COMPLETED|3
29423084_4488|16181|COMPLETED|3
29423084_4489|152824|COMPLETED|3
29423084_4490|80615|COMPLETED|3
29423084_4491|73848|COMPLETED|3
29423084_4492|64677|COMPLETED|3
29423084_4493|17684|COMPLETED|3
29423084_4494|26516|COMPLETED|3
29423084_4495|50880|COMPLETED|3
29423084_4496|11840|COMPLETED|3
29423084_4497|63463|COMPLETED|3
29423084_4498|141939|COMPLETED|3
29423084_4499|15760|COMPLETED|3
29423084_4500|259218|TIMEOUT|3
29423084_4501|48841|COMPLETED|3
29423084_4502|122964|COMPLETED|3
29423084_4503|43992|COMPLETED|3
29423084_4504|40918|COMPLETED|3
29423084_4505|53392|COMPLETED|3
29423084_4506|8343|COMPLETED|3
29423084_4507|32316|COMPLETED|3
29423084_4508|22980|COMPLETED|3
29423084_4509|37717|COMPLETED|3
29423084_4510|24039|COMPLETED|3
29423084_4511|44008|COMPLETED|3
29423084_4512|92219|COMPLETED|3
29423084_4513|14942|COMPLETED|3
29423084_4514|42440|COMPLETED|3
29423084_4515|67732|COMPLETED|3
29423084_4516|65680|COMPLETED|3
29423084_4517|47484|COMPLETED|3
29423084_4518|25108|COMPLETED|3
29423084_4519|259217|TIMEOUT|3
29423084_4520|99633|COMPLETED|3
29423084_4521|34688|COMPLETED|3
29423084_4522|49027|COMPLETED|3
29423084_4523|37149|COMPLETED|3
29423084_4524|34047|COMPLETED|3
29423084_4525|48459|COMPLETED|3
29423084_4526|26784|COMPLETED|3
29423084_4527|52007|COMPLETED|3
29423084_4528|43270|COMPLETED|3
29423084_4529|259207|TIMEOUT|3
29423084_4530|73088|COMPLETED|3
29423084_4531|95772|COMPLETED|3
29423084_4532|27818|COMPLETED|3
29423084_4533|124088|COMPLETED|3
29423084_4534|32118|COMPLETED|3
29423084_4535|123961|COMPLETED|3
29423084_4536|71261|COMPLETED|3
29423084_4537|79989|COMPLETED|3
29423084_4538|89974|COMPLETED|3
29423084_4539|54178|COMPLETED|3
29423084_4540|126492|COMPLETED|3
29423084_4541|23369|COMPLETED|3
29423084_4542|72999|COMPLETED|3
29423084_4543|91764|COMPLETED|3
29423084_4544|39913|COMPLETED|3
29423084_4545|33508|COMPLETED|3
29423084_4546|78601|COMPLETED|3
29423084_4547|31163|COMPLETED|3
29423084_4548|113175|COMPLETED|3
29423084_4549|51827|COMPLETED|3
29423084_4550|89544|COMPLETED|3
29423084_4551|62301|COMPLETED|3
29423084_4552|81700|COMPLETED|3
29423084_4553|90587|COMPLETED|3
29423084_4554|54405|COMPLETED|3
29423084_4555|52305|COMPLETED|3
29423084_4556|45595|COMPLETED|3
29423084_4557|100207|COMPLETED|3
29423084_4558|55928|COMPLETED|3
29423084_4559|59669|COMPLETED|3
29423084_4560|71784|COMPLETED|3
29423084_4561|33446|COMPLETED|3
29423084_4562|8334|COMPLETED|3
29423084_4563|58906|COMPLETED|3
29423084_4564|12550|COMPLETED|3
29423084_4565|53866|COMPLETED|3
29423084_4566|55813|COMPLETED|3
29423084_4567|71402|COMPLETED|3
29423084_4568|14701|COMPLETED|3
29423084_4569|57558|COMPLETED|3
29423084_4570|25670|COMPLETED|3
29423084_4571|36019|COMPLETED|3
29423084_4572|16655|COMPLETED|3
29423084_4573|56622|COMPLETED|3
29423084_4574|143508|COMPLETED|3
29423084_4575|18497|COMPLETED|3
29423084_4576|56582|COMPLETED|3
29423084_4577|40407|COMPLETED|3
29423084_4578|15954|COMPLETED|3
29423084_4579|46862|COMPLETED|3
29423084_4580|26383|COMPLETED|3
29423084_4581|36964|COMPLETED|3
29423084_4582|57854|COMPLETED|3
29423084_4583|89824|COMPLETED|3
29423084_4584|81636|COMPLETED|3
29423084_4585|108646|COMPLETED|3
29423084_4586|35139|COMPLETED|3
29423084_4587|67350|COMPLETED|3
29423084_4588|40582|COMPLETED|3
29423084_4589|14823|COMPLETED|3
29423084_4590|11861|COMPLETED|3
29423084_4591|100252|COMPLETED|3
29423084_4592|33365|COMPLETED|3
29423084_4593|52546|COMPLETED|3
29423084_4594|91539|COMPLETED|3
29423084_4595|108440|COMPLETED|3
29423084_4596|209684|COMPLETED|3
29423084_4597|42373|COMPLETED|3
29423084_4598|58311|COMPLETED|3
29423084_4599|126325|COMPLETED|3
29423084_4600|55815|COMPLETED|3
29423084_4601|14626|COMPLETED|3
29423084_4602|33252|COMPLETED|3
29423084_4603|189697|COMPLETED|3
29423084_4604|31554|COMPLETED|3
29423084_4605|41721|COMPLETED|3
29423084_4606|97702|COMPLETED|3
29423084_4607|65867|COMPLETED|3
29423084_4608|100987|COMPLETED|3
29423084_4609|86465|COMPLETED|3
29423084_4610|74683|COMPLETED|3
29423084_4611|43778|COMPLETED|3
29423084_4612|99208|COMPLETED|3
29423084_4613|131408|COMPLETED|3
29423084_4614|89530|COMPLETED|3
29423084_4615|77331|COMPLETED|3
29423084_4616|19622|COMPLETED|3
29423084_4617|82797|COMPLETED|3
29423084_4618|15159|COMPLETED|3
29423084_4619|107387|COMPLETED|3
29423084_4620|76969|COMPLETED|3
29423084_4621|38465|COMPLETED|3
29423084_4622|54714|COMPLETED|3
29423084_4623|54501|COMPLETED|3
29423084_4624|69892|COMPLETED|3
29423084_4625|39306|COMPLETED|3
29423084_4626|19743|COMPLETED|3
29423084_4627|56507|COMPLETED|3
29423084_4628|76632|COMPLETED|3
29423084_4629|56432|COMPLETED|3
29423084_4630|45897|COMPLETED|3
29423084_4631|127970|COMPLETED|3
29423084_4632|61498|COMPLETED|3
29423084_4633|55974|COMPLETED|3
29423084_4634|34811|COMPLETED|3
29423084_4635|31410|COMPLETED|3
29423084_4636|101681|COMPLETED|3
29423084_4637|162016|COMPLETED|3
29423084_4638|16693|COMPLETED|3
29423084_4639|76991|COMPLETED|3
29423084_4640|93657|COMPLETED|3
29423084_4641|50631|COMPLETED|3
29423084_4642|62943|COMPLETED|3
29423084_4643|52182|COMPLETED|3
29423084_4644|42521|COMPLETED|3
29423084_4645|19049|COMPLETED|3
29423084_4646|100649|COMPLETED|3
29423084_4647|110194|COMPLETED|3
29423084_4648|45940|COMPLETED|3
29423084_4649|71538|COMPLETED|3
29423084_4650|176858|COMPLETED|3
29423084_4651|85838|COMPLETED|3
29423084_4652|85099|COMPLETED|3
29423084_4653|39762|COMPLETED|3
29423084_4654|23017|COMPLETED|3
29423084_4655|39850|COMPLETED|3
29423084_4656|28843|COMPLETED|3
29423084_4657|113227|COMPLETED|3
29423084_4658|52757|COMPLETED|3
29423084_4659|45385|COMPLETED|3
29423084_4660|34535|COMPLETED|3
29423084_4661|39356|COMPLETED|3
29423084_4662|9126|COMPLETED|3
29423084_4663|21612|COMPLETED|3
29423084_4664|43572|COMPLETED|3
29423084_4665|58649|COMPLETED|3
29423084_4666|63841|COMPLETED|3
29423084_4667|19782|COMPLETED|3
29423084_4668|20215|COMPLETED|3
29423084_4669|35074|COMPLETED|3
29423084_4670|14137|COMPLETED|3
29423084_4671|47983|COMPLETED|3
29423084_4672|43607|COMPLETED|3
29423084_4673|61871|COMPLETED|3
29423084_4674|21474|COMPLETED|3
29423084_4675|106100|COMPLETED|3
29423084_4676|21478|COMPLETED|3
29423084_4677|53100|COMPLETED|3
29423084_4678|67050|COMPLETED|3
29423084_4679|21381|COMPLETED|3
29423084_4680|58613|COMPLETED|3
29423084_4681|229458|COMPLETED|3
29423084_4682|25840|COMPLETED|3
29423084_4683|86086|COMPLETED|3
29423084_4684|129101|COMPLETED|3
29423084_4685|94807|COMPLETED|3
29423084_4686|147645|COMPLETED|3
29423084_4687|52054|COMPLETED|3
29423084_4688|61071|COMPLETED|3
29423084_4689|47491|COMPLETED|3
29423084_4690|107430|COMPLETED|3
29423084_4691|56830|COMPLETED|3
29423084_4692|28395|COMPLETED|3
29423084_4693|71016|COMPLETED|3
29423084_4694|29550|COMPLETED|3
29423084_4695|15272|COMPLETED|3
29423084_4696|51590|COMPLETED|3
29423084_4697|137731|COMPLETED|3
29423084_4698|37094|COMPLETED|3
29423084_4699|52969|COMPLETED|3
29423084_4700|28492|COMPLETED|3
29423084_4701|39731|COMPLETED|3
29423084_4702|89286|COMPLETED|3
29423084_4703|41783|COMPLETED|3
29423084_4704|68856|COMPLETED|3
29423084_4705|29518|COMPLETED|3
29423084_4706|58597|COMPLETED|3
29423084_4707|60209|COMPLETED|3
29423084_4708|64337|COMPLETED|3
29423084_4709|26165|COMPLETED|3
29423084_4710|57116|COMPLETED|3
29423084_4711|85596|COMPLETED|3
29423084_4712|32899|COMPLETED|3
29423084_4713|103410|COMPLETED|3
29423084_4714|23037|COMPLETED|3
29423084_4715|53964|COMPLETED|3
29423084_4716|49675|COMPLETED|3
29423084_4717|34438|COMPLETED|3
29423084_4718|67599|COMPLETED|3
29423084_4719|25199|COMPLETED|3
29423084_4720|56325|COMPLETED|3
29423084_4721|43584|COMPLETED|3
29423084_4722|89960|COMPLETED|3
29423084_4723|25655|COMPLETED|3
29423084_4724|80071|COMPLETED|3
29423084_4725|109390|COMPLETED|3
29423084_4726|22024|COMPLETED|3
29423084_4727|11567|COMPLETED|3
29423084_4728|77102|COMPLETED|3
29423084_4729|37691|COMPLETED|3
29423084_4730|97246|COMPLETED|3
29423084_4731|50703|COMPLETED|3
29423084_4732|84399|COMPLETED|3
29423084_4733|24404|COMPLETED|3
29423084_4734|83736|COMPLETED|3
29423084_4735|26368|COMPLETED|3
29423084_4736|16188|COMPLETED|3
29423084_4737|70352|COMPLETED|3
29423084_4738|40487|COMPLETED|3
29423084_4739|44089|COMPLETED|3
29423084_4740|22950|COMPLETED|3
29423084_4741|63785|COMPLETED|3
29423084_4742|24311|COMPLETED|3
29423084_4743|22804|COMPLETED|3
29423084_4744|134921|COMPLETED|3
29423084_4745|45731|COMPLETED|3
29423084_4746|70606|COMPLETED|3
29423084_4747|155881|COMPLETED|3
29423084_4748|71883|COMPLETED|3
29423084_4749|19866|COMPLETED|3
29423084_4750|21461|COMPLETED|3
29423084_4751|94981|COMPLETED|3
29423084_4752|34396|COMPLETED|3
29423084_4753|68484|COMPLETED|3
29423084_4754|92458|COMPLETED|3
29423084_4755|47191|COMPLETED|3
29423084_4756|52542|COMPLETED|3
29423084_113|0|CANCELLED by 2738|3
29423084_132|0|CANCELLED by 2738|3
29423084_157|0|CANCELLED by 2738|3
29423084_561|0|CANCELLED by 2738|3
29423084_587|0|CANCELLED by 2738|3
29423084_596|0|CANCELLED by 2738|3
29423084_643|0|CANCELLED by 2738|3
29423084_674|0|CANCELLED by 2738|3
29423084_682|0|CANCELLED by 2738|3
29423084_1080|0|CANCELLED by 2738|3
29423084_1216|0|CANCELLED by 2738|3
29423084_1227|0|CANCELLED by 2738|3
29423084_1231|0|CANCELLED by 2738|3
29423084_1721|0|CANCELLED by 2738|3
29423084_2073|0|CANCELLED by 2738|3
29423084_2101|0|CANCELLED by 2738|3
29423084_2107|0|CANCELLED by 2738|3
29423084_2152|0|CANCELLED by 2738|3
29423084_2673|0|CANCELLED by 2738|3
29423084_2698|0|CANCELLED by 2738|3
29423084_2678|0|CANCELLED by 2738|3
29423084_3010|51509|COMPLETED|3
