hog	task	old_hours	status	tier
N5.HOG0000608	1	2.77	COMPLETED	A
N5.HOG0002053	2	28.12	COMPLETED	B
N5.HOG0002055	3	10.08	COMPLETED	A
N5.HOG0002108	4	8.32	COMPLETED	A
N5.HOG0002164	5	7.05	COMPLETED	A
N5.HOG0002345	6	9.60	COMPLETED	A
N5.HOG0003890	7	49.06	COMPLETED	C
N5.HOG0003982	8	70.36	COMPLETED	C
N5.HOG0004036	9	13.51	COMPLETED	B
N5.HOG0004304	10	24.83	COMPLETED	B
N5.HOG0004331	11	25.29	COMPLETED	B
N5.HOG0004336	12	52.29	COMPLETED	C
N5.HOG0004539	13	7.69	COMPLETED	A
N5.HOG0005114	14	4.65	COMPLETED	A
N5.HOG0005131	15	35.00	COMPLETED	B
N5.HOG0005133	16	36.37	COMPLETED	C
N5.HOG0005151	17	59.22	COMPLETED	C
N5.HOG0005390	18	2.43	COMPLETED	A
N5.HOG0005532	19	2.54	COMPLETED	A
N5.HOG0005596	20	4.08	COMPLETED	A
N5.HOG0005597	21	72.00	NO_COMPLETED	C
N5.HOG0005631	22	66.96	COMPLETED	C
N5.HOG0006044	23	4.21	COMPLETED	A
N5.HOG0006886	24	61.26	COMPLETED	C
N5.HOG0006935	25	37.21	COMPLETED	C
N5.HOG0007085	26	7.03	COMPLETED	A
N5.HOG0007627	27	16.66	COMPLETED	B
N5.HOG0007649	28	9.34	COMPLETED	A
N5.HOG0007656	29	11.55	COMPLETED	A
N5.HOG0007849	30	21.66	COMPLETED	B
N5.HOG0008362	31	19.00	COMPLETED	B
N5.HOG0008598	32	5.16	COMPLETED	A
N5.HOG0008600	33	72.00	NO_COMPLETED	C
N5.HOG0009118	34	27.21	COMPLETED	B
N5.HOG0009320	35	72.00	NO_COMPLETED	C
N5.HOG0009785	36	15.39	COMPLETED	B
N5.HOG0009842	37	27.02	COMPLETED	B
N5.HOG0009906	38	6.15	COMPLETED	A
N5.HOG0009960	39	51.17	COMPLETED	C
N5.HOG0009966	40	41.64	COMPLETED	C
N5.HOG0010312	41	14.33	COMPLETED	B
N5.HOG0010637	42	12.65	COMPLETED	B
N5.HOG0010646	43	72.00	NO_COMPLETED	C
N5.HOG0010647	44	31.41	COMPLETED	B
N5.HOG0010662	45	1.79	COMPLETED	A
N5.HOG0010750	46	39.75	COMPLETED	C
N5.HOG0010814	47	7.43	COMPLETED	A
N5.HOG0010817	48	72.00	NO_COMPLETED	C
N5.HOG0011367	49	31.69	COMPLETED	B
N5.HOG0011535	50	3.67	COMPLETED	A
N5.HOG0011537	51	18.22	COMPLETED	B
N5.HOG0011538	52	10.09	COMPLETED	A
N5.HOG0011852	53	9.98	COMPLETED	A
N5.HOG0011856	54	3.57	COMPLETED	A
N5.HOG0011993	55	11.57	COMPLETED	A
N5.HOG0012046	56	6.56	COMPLETED	A
N5.HOG0012047	57	22.93	COMPLETED	B
N5.HOG0012052	58	12.83	COMPLETED	B
N5.HOG0012154	59	33.62	COMPLETED	B
N5.HOG0012377	60	4.78	COMPLETED	A
N5.HOG0012725	61	60.75	COMPLETED	C
N5.HOG0012875	62	18.89	COMPLETED	B
N5.HOG0013396	63	2.65	COMPLETED	A
N5.HOG0013419	64	20.45	COMPLETED	B
N5.HOG0013420	65	37.95	COMPLETED	C
N5.HOG0013455	66	5.82	COMPLETED	A
N5.HOG0013720	67	25.99	COMPLETED	B
N5.HOG0013776	68	16.99	COMPLETED	B
N5.HOG0013778	69	27.05	COMPLETED	B
N5.HOG0013827	70	3.17	COMPLETED	A
N5.HOG0013880	71	31.64	COMPLETED	B
N5.HOG0014148	72	2.83	COMPLETED	A
N5.HOG0014159	73	13.66	COMPLETED	B
N5.HOG0014260	74	15.37	COMPLETED	B
N5.HOG0014426	75	12.75	COMPLETED	B
N5.HOG0014639	76	18.12	COMPLETED	B
N5.HOG0014645	77	13.03	COMPLETED	B
N5.HOG0014651	78	30.11	COMPLETED	B
N5.HOG0014654	79	20.05	COMPLETED	B
N5.HOG0014830	80	15.26	COMPLETED	B
N5.HOG0014831	81	5.63	COMPLETED	A
N5.HOG0014833	82	72.00	NO_COMPLETED	C
N5.HOG0014835	83	13.68	COMPLETED	B
N5.HOG0014839	84	22.99	COMPLETED	B
N5.HOG0014841	85	33.54	COMPLETED	B
N5.HOG0015039	86	27.34	COMPLETED	B
N5.HOG0015330	87	17.84	COMPLETED	B
N5.HOG0015661	88	2.96	COMPLETED	A
N5.HOG0015818	89	7.73	COMPLETED	A
N5.HOG0015821	90	8.04	COMPLETED	A
N5.HOG0015944	91	18.75	COMPLETED	B
N5.HOG0015949	92	9.88	COMPLETED	A
N5.HOG0016142	93	7.68	COMPLETED	A
N5.HOG0016308	94	1.73	COMPLETED	A
N5.HOG0016317	95	26.96	COMPLETED	B
N5.HOG0016401	96	3.45	COMPLETED	A
N5.HOG0016447	97	18.84	COMPLETED	B
N5.HOG0016643	98	53.40	COMPLETED	C
N5.HOG0016680	99	2.24	COMPLETED	A
N5.HOG0016686	100	2.40	COMPLETED	A
N5.HOG0016855	101	8.84	COMPLETED	A
N5.HOG0016882	102	4.94	COMPLETED	A
N5.HOG0016908	103	8.35	COMPLETED	A
N5.HOG0016909	104	4.64	COMPLETED	A
N5.HOG0016910	105	15.69	COMPLETED	B
N5.HOG0016911	106	15.02	COMPLETED	B
N5.HOG0017086	107	5.66	COMPLETED	A
N5.HOG0017104	108	11.80	COMPLETED	A
N5.HOG0017289	109	11.60	COMPLETED	A
N5.HOG0017299	110	9.07	COMPLETED	A
N5.HOG0017305	111	47.20	COMPLETED	C
N5.HOG0017344	112	21.57	COMPLETED	B
N5.HOG0017369	113	72.01	NO_COMPLETED	C
N5.HOG0017389	114	48.65	COMPLETED	C
N5.HOG0017655	115	18.47	COMPLETED	B
N5.HOG0017816	116	19.01	COMPLETED	B
N5.HOG0017829	117	13.35	COMPLETED	B
N5.HOG0017867	118	13.86	COMPLETED	B
N5.HOG0017875	119	2.96	COMPLETED	A
N5.HOG0017974	120	28.52	COMPLETED	B
N5.HOG0018044	121	3.17	COMPLETED	A
N5.HOG0018049	122	5.60	COMPLETED	A
N5.HOG0018470	123	16.95	COMPLETED	B
N5.HOG0018473	124	25.23	COMPLETED	B
N5.HOG0018485	125	26.07	COMPLETED	B
N5.HOG0018513	126	7.53	COMPLETED	A
N5.HOG0018516	127	10.28	COMPLETED	A
N5.HOG0018539	128	0.83	COMPLETED	A
N5.HOG0018543	129	11.11	COMPLETED	A
N5.HOG0018561	130	5.99	COMPLETED	A
N5.HOG0018585	131	3.45	COMPLETED	A
N5.HOG0018588	132	7.33	COMPLETED	A
N5.HOG0018591	133	34.97	COMPLETED	B
N5.HOG0018631	134	8.69	COMPLETED	A
N5.HOG0018666	135	5.48	COMPLETED	A
N5.HOG0018954	136	65.41	COMPLETED	C
N5.HOG0019007	137	5.61	COMPLETED	A
N5.HOG0019081	138	10.95	COMPLETED	A
N5.HOG0019085	139	11.04	COMPLETED	A
N5.HOG0019222	140	25.44	COMPLETED	B
N5.HOG0019317	141	3.77	COMPLETED	A
N5.HOG0019438	142	7.52	COMPLETED	A
N5.HOG0019619	143	21.64	COMPLETED	B
N5.HOG0019623	144	27.06	COMPLETED	B
N5.HOG0019712	145	34.67	COMPLETED	B
N5.HOG0019720	146	18.79	COMPLETED	B
N5.HOG0019725	147	43.25	COMPLETED	C
N5.HOG0019730	148	6.20	COMPLETED	A
N5.HOG0019835	149	12.50	COMPLETED	B
N5.HOG0019848	150	4.18	COMPLETED	A
N5.HOG0019864	151	38.22	COMPLETED	C
N5.HOG0019865	152	8.66	COMPLETED	A
N5.HOG0019883	153	2.94	COMPLETED	A
N5.HOG0019893	154	18.71	COMPLETED	B
N5.HOG0019894	155	5.93	COMPLETED	A
N5.HOG0019898	156	12.11	COMPLETED	B
N5.HOG0019899	157	20.74	COMPLETED	B
N5.HOG0019911	158	6.16	COMPLETED	A
N5.HOG0019920	159	7.72	COMPLETED	A
N5.HOG0019942	160	4.00	COMPLETED	A
N5.HOG0019943	161	52.88	COMPLETED	C
N5.HOG0020250	162	72.01	NO_COMPLETED	C
N5.HOG0020382	163	3.94	COMPLETED	A
N5.HOG0020439	164	51.96	COMPLETED	C
N5.HOG0020441	165	8.27	COMPLETED	A
N5.HOG0020443	166	61.33	COMPLETED	C
N5.HOG0020485	167	10.38	COMPLETED	A
N5.HOG0020577	168	9.65	COMPLETED	A
N5.HOG0020583	169	10.38	COMPLETED	A
N5.HOG0020599	170	7.20	COMPLETED	A
N5.HOG0020603	171	7.93	COMPLETED	A
N5.HOG0020670	172	24.50	COMPLETED	B
N5.HOG0020695	173	5.45	COMPLETED	A
N5.HOG0020711	174	4.19	COMPLETED	A
N5.HOG0020712	175	26.22	COMPLETED	B
N5.HOG0020751	176	9.09	COMPLETED	A
N5.HOG0020758	177	40.09	COMPLETED	C
N5.HOG0020790	178	69.65	COMPLETED	C
N5.HOG0021013	179	2.79	COMPLETED	A
N5.HOG0021073	180	6.92	COMPLETED	A
N5.HOG0021075	181	2.01	COMPLETED	A
N5.HOG0021088	182	57.96	COMPLETED	C
N5.HOG0021103	183	5.37	COMPLETED	A
N5.HOG0021104	184	4.24	COMPLETED	A
N5.HOG0021146	185	26.79	COMPLETED	B
N5.HOG0021150	186	18.06	COMPLETED	B
N5.HOG0021165	187	13.33	COMPLETED	B
N5.HOG0021167	188	2.95	COMPLETED	A
N5.HOG0021202	189	1.70	COMPLETED	A
N5.HOG0021385	190	8.54	COMPLETED	A
N5.HOG0021496	191	6.90	COMPLETED	A
N5.HOG0021497	192	30.11	COMPLETED	B
N5.HOG0021741	193	3.65	COMPLETED	A
N5.HOG0021744	194	4.54	COMPLETED	A
N5.HOG0021745	195	7.73	COMPLETED	A
N5.HOG0021928	196	3.66	COMPLETED	A
N5.HOG0021941	197	42.44	COMPLETED	C
N5.HOG0021999	198	3.63	COMPLETED	A
N5.HOG0022085	199	43.61	COMPLETED	C
N5.HOG0022095	200	35.58	COMPLETED	B
N5.HOG0022097	201	10.19	COMPLETED	A
N5.HOG0022135	202	46.62	COMPLETED	C
N5.HOG0022136	203	6.90	COMPLETED	A
N5.HOG0022170	204	27.42	COMPLETED	B
N5.HOG0022195	205	14.39	COMPLETED	B
N5.HOG0022205	206	14.60	COMPLETED	B
N5.HOG0022345	207	4.64	COMPLETED	A
N5.HOG0022376	208	45.13	COMPLETED	C
N5.HOG0022435	209	43.77	COMPLETED	C
N5.HOG0022671	210	25.70	COMPLETED	B
N5.HOG0022698	211	10.30	COMPLETED	A
N5.HOG0022701	212	5.58	COMPLETED	A
N5.HOG0022712	213	6.12	COMPLETED	A
N5.HOG0022784	214	10.90	COMPLETED	A
N5.HOG0022787	215	25.35	COMPLETED	B
N5.HOG0022972	216	44.40	COMPLETED	C
N5.HOG0022998	217	13.53	COMPLETED	B
N5.HOG0023097	218	1.40	COMPLETED	A
N5.HOG0023110	219	9.53	COMPLETED	A
N5.HOG0023120	220	2.60	COMPLETED	A
N5.HOG0023158	221	43.02	COMPLETED	C
N5.HOG0023276	222	1.62	COMPLETED	A
N5.HOG0023338	223	50.98	COMPLETED	C
N5.HOG0023359	224	17.97	COMPLETED	B
N5.HOG0023468	225	16.77	COMPLETED	B
N5.HOG0023469	226	4.58	COMPLETED	A
N5.HOG0023554	227	23.02	COMPLETED	B
N5.HOG0023613	228	60.36	COMPLETED	C
N5.HOG0023615	229	9.71	COMPLETED	A
N5.HOG0023636	230	31.20	COMPLETED	B
N5.HOG0023684	231	5.97	COMPLETED	A
N5.HOG0023685	232	13.89	COMPLETED	B
N5.HOG0023705	233	41.57	COMPLETED	C
N5.HOG0023811	234	3.14	COMPLETED	A
N5.HOG0023812	235	4.34	COMPLETED	A
N5.HOG0023830	236	5.67	COMPLETED	A
N5.HOG0023862	237	24.89	COMPLETED	B
N5.HOG0023866	238	24.66	COMPLETED	B
N5.HOG0023867	239	38.66	COMPLETED	C
N5.HOG0023969	240	54.80	COMPLETED	C
N5.HOG0024023	241	15.04	COMPLETED	B
N5.HOG0024070	242	46.97	COMPLETED	C
N5.HOG0024085	243	6.03	COMPLETED	A
N5.HOG0024098	244	18.66	COMPLETED	B
N5.HOG0024167	245	3.99	COMPLETED	A
N5.HOG0024170	246	4.55	COMPLETED	A
N5.HOG0024191	247	39.57	COMPLETED	C
N5.HOG0024261	248	30.52	COMPLETED	B
N5.HOG0024375	249	24.71	COMPLETED	B
N5.HOG0024380	250	2.67	COMPLETED	A
N5.HOG0024407	251	5.41	COMPLETED	A
N5.HOG0024458	252	23.10	COMPLETED	B
N5.HOG0024469	253	4.18	COMPLETED	A
N5.HOG0024586	254	14.43	COMPLETED	B
N5.HOG0024596	255	1.83	COMPLETED	A
N5.HOG0024597	256	10.49	COMPLETED	A
N5.HOG0024643	257	21.30	COMPLETED	B
N5.HOG0024698	258	5.72	COMPLETED	A
N5.HOG0024787	259	3.09	COMPLETED	A
N5.HOG0024811	260	4.07	COMPLETED	A
N5.HOG0024878	261	6.99	COMPLETED	A
N5.HOG0024915	262	3.49	COMPLETED	A
N5.HOG0024919	263	2.08	COMPLETED	A
N5.HOG0024930	264	4.39	COMPLETED	A
N5.HOG0024932	265	8.33	COMPLETED	A
N5.HOG0024933	266	72.01	NO_COMPLETED	C
N5.HOG0024943	267	28.98	COMPLETED	B
N5.HOG0024952	268	25.40	COMPLETED	B
N5.HOG0025014	269	26.57	COMPLETED	B
N5.HOG0025015	270	63.04	COMPLETED	C
N5.HOG0025053	271	5.03	COMPLETED	A
N5.HOG0025064	272	10.31	COMPLETED	A
N5.HOG0025127	273	16.77	COMPLETED	B
N5.HOG0025146	274	0.86	COMPLETED	A
N5.HOG0025279	275	25.66	COMPLETED	B
N5.HOG0025333	276	56.68	COMPLETED	C
N5.HOG0025376	277	44.55	COMPLETED	C
N5.HOG0025411	278	33.96	COMPLETED	B
N5.HOG0025447	279	9.41	COMPLETED	A
N5.HOG0025461	280	8.51	COMPLETED	A
N5.HOG0025527	281	8.79	COMPLETED	A
N5.HOG0025550	282	6.63	COMPLETED	A
N5.HOG0025564	283	1.96	COMPLETED	A
N5.HOG0025571	284	22.60	COMPLETED	B
N5.HOG0025572	285	10.60	COMPLETED	A
N5.HOG0025605	286	34.48	COMPLETED	B
N5.HOG0025732	287	52.27	COMPLETED	C
N5.HOG0025757	288	1.93	COMPLETED	A
N5.HOG0025760	289	3.23	COMPLETED	A
N5.HOG0025980	290	9.84	COMPLETED	A
N5.HOG0025983	291	4.58	COMPLETED	A
N5.HOG0025990	292	17.51	COMPLETED	B
N5.HOG0026015	293	4.93	COMPLETED	A
N5.HOG0026031	294	15.66	COMPLETED	B
N5.HOG0026249	295	19.25	COMPLETED	B
N5.HOG0026308	296	33.07	COMPLETED	B
N5.HOG0026327	297	27.34	COMPLETED	B
N5.HOG0026335	298	8.33	COMPLETED	A
N5.HOG0026372	299	20.10	COMPLETED	B
N5.HOG0026408	300	10.34	COMPLETED	A
N5.HOG0026409	301	27.68	COMPLETED	B
N5.HOG0026437	302	15.57	COMPLETED	B
N5.HOG0026523	303	27.28	COMPLETED	B
N5.HOG0026541	304	5.87	COMPLETED	A
N5.HOG0026543	305	21.64	COMPLETED	B
N5.HOG0026565	306	9.76	COMPLETED	A
N5.HOG0026569	307	33.03	COMPLETED	B
N5.HOG0026576	308	22.71	COMPLETED	B
N5.HOG0026601	309	3.33	COMPLETED	A
N5.HOG0026606	310	2.28	COMPLETED	A
N5.HOG0026631	311	26.83	COMPLETED	B
N5.HOG0026636	312	15.78	COMPLETED	B
N5.HOG0026722	313	13.23	COMPLETED	B
N5.HOG0026799	314	3.77	COMPLETED	A
N5.HOG0026811	315	40.10	COMPLETED	C
N5.HOG0026819	316	2.72	COMPLETED	A
N5.HOG0026827	317	0.15	NO_COMPLETED	C
N5.HOG0026858	318	20.56	COMPLETED	B
N5.HOG0026884	319	7.98	COMPLETED	A
N5.HOG0026891	320	4.99	COMPLETED	A
N5.HOG0027017	321	8.76	COMPLETED	A
N5.HOG0027025	322	18.17	COMPLETED	B
N5.HOG0027132	323	14.43	COMPLETED	B
N5.HOG0027137	324	52.33	COMPLETED	C
N5.HOG0027142	325	49.76	COMPLETED	C
N5.HOG0027161	326	7.83	COMPLETED	A
N5.HOG0027170	327	8.82	COMPLETED	A
N5.HOG0027205	328	52.56	COMPLETED	C
N5.HOG0027243	329	4.36	COMPLETED	A
N5.HOG0027244	330	26.96	COMPLETED	B
N5.HOG0027246	331	49.49	COMPLETED	C
N5.HOG0027314	332	15.40	COMPLETED	B
N5.HOG0027395	333	9.41	COMPLETED	A
N5.HOG0027399	334	25.00	COMPLETED	B
N5.HOG0027442	335	3.87	COMPLETED	A
N5.HOG0027563	336	5.33	COMPLETED	A
N5.HOG0027573	337	31.76	COMPLETED	B
N5.HOG0027653	338	6.62	COMPLETED	A
N5.HOG0027671	339	45.78	COMPLETED	C
N5.HOG0027726	340	22.37	COMPLETED	B
N5.HOG0027832	341	32.56	COMPLETED	B
N5.HOG0027833	342	29.79	COMPLETED	B
N5.HOG0027834	343	25.29	COMPLETED	B
N5.HOG0027855	344	7.82	COMPLETED	A
N5.HOG0027860	345	23.20	COMPLETED	B
N5.HOG0027887	346	12.02	COMPLETED	B
N5.HOG0027889	347	10.20	COMPLETED	A
N5.HOG0027893	348	1.31	COMPLETED	A
N5.HOG0027923	349	26.45	COMPLETED	B
N5.HOG0027934	350	30.33	COMPLETED	B
N5.HOG0027965	351	12.86	COMPLETED	B
N5.HOG0027973	352	2.16	COMPLETED	A
N5.HOG0028049	353	20.12	COMPLETED	B
N5.HOG0028050	354	2.36	COMPLETED	A
N5.HOG0028062	355	15.04	COMPLETED	B
N5.HOG0028064	356	0.68	COMPLETED	A
N5.HOG0028106	357	72.01	NO_COMPLETED	C
N5.HOG0028216	358	16.70	COMPLETED	B
N5.HOG0028221	359	6.75	COMPLETED	A
N5.HOG0028306	360	20.64	COMPLETED	B
N5.HOG0028311	361	18.98	COMPLETED	B
N5.HOG0028321	362	10.65	COMPLETED	A
N5.HOG0028454	363	8.15	COMPLETED	A
N5.HOG0028455	364	9.01	COMPLETED	A
N5.HOG0028467	365	13.26	COMPLETED	B
N5.HOG0028535	366	33.28	COMPLETED	B
N5.HOG0028555	367	4.26	COMPLETED	A
N5.HOG0028568	368	3.15	COMPLETED	A
N5.HOG0028569	369	0.50	COMPLETED	A
N5.HOG0028570	370	12.12	COMPLETED	B
N5.HOG0028613	371	4.13	COMPLETED	A
N5.HOG0028616	372	13.65	COMPLETED	B
N5.HOG0028619	373	20.22	COMPLETED	B
N5.HOG0028630	374	22.51	COMPLETED	B
N5.HOG0028632	375	4.52	COMPLETED	A
N5.HOG0028637	376	70.36	COMPLETED	C
N5.HOG0028728	377	72.01	NO_COMPLETED	C
N5.HOG0028752	378	7.48	COMPLETED	A
N5.HOG0028763	379	20.91	COMPLETED	B
N5.HOG0028764	380	24.99	COMPLETED	B
N5.HOG0028816	381	51.50	COMPLETED	C
N5.HOG0028853	382	1.71	COMPLETED	A
N5.HOG0028952	383	3.22	COMPLETED	A
N5.HOG0028983	384	4.81	COMPLETED	A
N5.HOG0029008	385	9.52	COMPLETED	A
N5.HOG0029015	386	29.30	COMPLETED	B
N5.HOG0029016	387	20.78	COMPLETED	B
N5.HOG0029022	388	7.10	COMPLETED	A
N5.HOG0029024	389	23.94	COMPLETED	B
N5.HOG0029043	390	5.99	COMPLETED	A
N5.HOG0029083	391	1.89	COMPLETED	A
N5.HOG0029085	392	4.22	COMPLETED	A
N5.HOG0029151	393	18.50	COMPLETED	B
N5.HOG0029159	394	23.79	COMPLETED	B
N5.HOG0029160	395	2.89	COMPLETED	A
N5.HOG0029161	396	13.29	COMPLETED	B
N5.HOG0029228	397	13.70	COMPLETED	B
N5.HOG0029229	398	6.36	COMPLETED	A
N5.HOG0029231	399	3.71	COMPLETED	A
N5.HOG0029234	400	2.60	COMPLETED	A
N5.HOG0029237	401	22.29	COMPLETED	B
N5.HOG0029302	402	3.95	COMPLETED	A
N5.HOG0029401	403	1.53	COMPLETED	A
N5.HOG0029425	404	6.03	COMPLETED	A
N5.HOG0029521	405	4.00	COMPLETED	A
N5.HOG0029531	406	2.37	COMPLETED	A
N5.HOG0029533	407	4.74	COMPLETED	A
N5.HOG0029535	408	3.04	COMPLETED	A
N5.HOG0029557	409	17.39	COMPLETED	B
N5.HOG0029604	410	28.07	COMPLETED	B
N5.HOG0029608	411	2.35	COMPLETED	A
N5.HOG0029660	412	28.73	COMPLETED	B
N5.HOG0029661	413	47.63	COMPLETED	C
N5.HOG0029662	414	3.59	COMPLETED	A
N5.HOG0029687	415	2.70	COMPLETED	A
N5.HOG0029695	416	5.74	COMPLETED	A
N5.HOG0029741	417	34.36	COMPLETED	B
N5.HOG0029791	418	6.94	COMPLETED	A
N5.HOG0029793	419	3.00	COMPLETED	A
N5.HOG0029896	420	18.21	COMPLETED	B
N5.HOG0029900	421	14.78	COMPLETED	B
N5.HOG0029962	422	1.01	COMPLETED	A
N5.HOG0029990	423	12.86	COMPLETED	B
N5.HOG0029997	424	5.80	COMPLETED	A
N5.HOG0030001	425	6.95	COMPLETED	A
N5.HOG0030014	426	2.00	COMPLETED	A
N5.HOG0030161	427	53.20	COMPLETED	C
N5.HOG0030172	428	2.62	COMPLETED	A
N5.HOG0030173	429	1.65	COMPLETED	A
N5.HOG0030194	430	9.86	COMPLETED	A
N5.HOG0030279	431	22.48	COMPLETED	B
N5.HOG0030294	432	23.20	COMPLETED	B
N5.HOG0030296	433	4.13	COMPLETED	A
N5.HOG0030300	434	2.64	COMPLETED	A
N5.HOG0030306	435	35.86	COMPLETED	B
N5.HOG0030307	436	7.92	COMPLETED	A
N5.HOG0030390	437	10.05	COMPLETED	A
N5.HOG0030400	438	30.31	COMPLETED	B
N5.HOG0030419	439	9.73	COMPLETED	A
N5.HOG0030447	440	2.26	COMPLETED	A
N5.HOG0030448	441	1.59	COMPLETED	A
N5.HOG0030452	442	2.15	COMPLETED	A
N5.HOG0030453	443	17.12	COMPLETED	B
N5.HOG0030475	444	2.15	COMPLETED	A
N5.HOG0030482	445	0.97	COMPLETED	A
N5.HOG0030486	446	1.63	COMPLETED	A
N5.HOG0030488	447	7.25	COMPLETED	A
N5.HOG0030490	448	12.26	COMPLETED	B
N5.HOG0030534	449	4.49	COMPLETED	A
N5.HOG0030535	450	0.85	COMPLETED	A
N5.HOG0030566	451	9.78	COMPLETED	A
N5.HOG0030664	452	1.65	COMPLETED	A
N5.HOG0030671	453	3.82	COMPLETED	A
N5.HOG0030685	454	2.23	COMPLETED	A
N5.HOG0030687	455	18.39	COMPLETED	B
N5.HOG0030727	456	1.83	COMPLETED	A
N5.HOG0030728	457	3.78	COMPLETED	A
N5.HOG0030744	458	27.30	COMPLETED	B
N5.HOG0030746	459	3.12	COMPLETED	A
N5.HOG0030748	460	5.05	COMPLETED	A
N5.HOG0030773	461	25.41	COMPLETED	B
N5.HOG0030781	462	21.72	COMPLETED	B
N5.HOG0030782	463	22.20	COMPLETED	B
N5.HOG0030783	464	24.60	COMPLETED	B
N5.HOG0030784	465	19.73	COMPLETED	B
N5.HOG0030799	466	21.96	COMPLETED	B
N5.HOG0030891	467	6.32	COMPLETED	A
N5.HOG0030973	468	69.70	COMPLETED	C
N5.HOG0030985	469	4.95	COMPLETED	A
N5.HOG0031010	470	32.23	COMPLETED	B
N5.HOG0031055	471	4.17	COMPLETED	A
N5.HOG0031064	472	21.59	COMPLETED	B
N5.HOG0031088	473	21.27	COMPLETED	B
N5.HOG0031090	474	15.47	COMPLETED	B
N5.HOG0031113	475	3.95	COMPLETED	A
N5.HOG0031114	476	1.77	COMPLETED	A
N5.HOG0031117	477	2.12	COMPLETED	A
N5.HOG0031119	478	35.72	COMPLETED	B
N5.HOG0031120	479	50.21	COMPLETED	C
N5.HOG0031208	480	15.58	COMPLETED	B
N5.HOG0031209	481	2.78	COMPLETED	A
N5.HOG0031255	482	72.01	NO_COMPLETED	C
N5.HOG0031271	483	6.00	COMPLETED	A
N5.HOG0031294	484	20.97	COMPLETED	B
N5.HOG0031312	485	4.24	COMPLETED	A
N5.HOG0031377	486	5.44	COMPLETED	A
N5.HOG0031378	487	38.02	COMPLETED	C
N5.HOG0031396	488	26.32	COMPLETED	B
N5.HOG0031437	489	10.56	COMPLETED	A
N5.HOG0031445	490	27.53	COMPLETED	B
N5.HOG0031505	491	20.60	COMPLETED	B
N5.HOG0031506	492	12.51	COMPLETED	B
N5.HOG0031528	493	4.13	COMPLETED	A
N5.HOG0031529	494	31.60	COMPLETED	B
N5.HOG0031530	495	2.50	COMPLETED	A
N5.HOG0031533	496	27.32	COMPLETED	B
N5.HOG0031616	497	1.63	COMPLETED	A
N5.HOG0031630	498	20.59	COMPLETED	B
N5.HOG0031681	499	27.09	COMPLETED	B
N5.HOG0031747	500	12.24	COMPLETED	B
N5.HOG0031776	501	43.56	COMPLETED	C
N5.HOG0031782	502	2.40	COMPLETED	A
N5.HOG0031796	503	14.44	COMPLETED	B
N5.HOG0031800	504	24.32	COMPLETED	B
N5.HOG0031827	505	6.34	COMPLETED	A
N5.HOG0031865	506	7.47	COMPLETED	A
N5.HOG0031892	507	11.84	COMPLETED	A
N5.HOG0031894	508	5.67	COMPLETED	A
N5.HOG0031897	509	23.86	COMPLETED	B
N5.HOG0031951	510	12.35	COMPLETED	B
N5.HOG0031953	511	0.47	COMPLETED	A
N5.HOG0031956	512	0.29	COMPLETED	A
N5.HOG0031999	513	65.32	COMPLETED	C
N5.HOG0032001	514	48.26	COMPLETED	C
N5.HOG0032002	515	39.66	COMPLETED	C
N5.HOG0032113	516	12.44	COMPLETED	B
N5.HOG0032150	517	13.41	COMPLETED	B
N5.HOG0032153	518	1.83	COMPLETED	A
N5.HOG0032157	519	14.03	COMPLETED	B
N5.HOG0032158	520	8.32	COMPLETED	A
N5.HOG0032199	521	11.66	COMPLETED	A
N5.HOG0032201	522	4.28	COMPLETED	A
N5.HOG0032203	523	11.98	COMPLETED	A
N5.HOG0032217	524	30.75	COMPLETED	B
N5.HOG0032219	525	69.90	COMPLETED	C
N5.HOG0032276	526	4.55	COMPLETED	A
N5.HOG0032277	527	11.08	COMPLETED	A
N5.HOG0032410	528	18.08	COMPLETED	B
N5.HOG0032433	529	1.57	COMPLETED	A
N5.HOG0032434	530	5.66	COMPLETED	A
N5.HOG0032437	531	36.79	COMPLETED	C
N5.HOG0032489	532	45.26	COMPLETED	C
N5.HOG0032494	533	47.64	COMPLETED	C
N5.HOG0032499	534	51.01	COMPLETED	C
N5.HOG0032507	535	3.14	COMPLETED	A
N5.HOG0032555	536	6.40	COMPLETED	A
N5.HOG0032556	537	3.41	COMPLETED	A
N5.HOG0032583	538	12.17	COMPLETED	B
N5.HOG0032584	539	8.11	COMPLETED	A
N5.HOG0032600	540	51.59	COMPLETED	C
N5.HOG0032603	541	5.06	COMPLETED	A
N5.HOG0032644	542	3.65	COMPLETED	A
N5.HOG0032648	543	0.89	COMPLETED	A
N5.HOG0032673	544	54.60	COMPLETED	C
N5.HOG0032685	545	9.60	COMPLETED	A
N5.HOG0032702	546	6.34	COMPLETED	A
N5.HOG0032703	547	3.84	COMPLETED	A
N5.HOG0032705	548	24.79	COMPLETED	B
N5.HOG0032710	549	46.08	COMPLETED	C
N5.HOG0032735	550	23.56	COMPLETED	B
N5.HOG0032740	551	16.51	COMPLETED	B
N5.HOG0032766	552	4.01	COMPLETED	A
N5.HOG0032784	553	16.50	COMPLETED	B
N5.HOG0032805	554	9.19	COMPLETED	A
N5.HOG0032806	555	17.71	COMPLETED	B
N5.HOG0032829	556	21.35	COMPLETED	B
N5.HOG0032830	557	5.87	COMPLETED	A
N5.HOG0032842	558	3.41	COMPLETED	A
N5.HOG0032851	559	22.46	COMPLETED	B
N5.HOG0032852	560	13.28	COMPLETED	B
N5.HOG0032955	561	17.34	COMPLETED	B
N5.HOG0032957	562	63.02	COMPLETED	C
N5.HOG0032975	563	3.43	COMPLETED	A
N5.HOG0033035	564	17.66	COMPLETED	B
N5.HOG0033050	565	10.62	COMPLETED	A
N5.HOG0033055	566	6.16	COMPLETED	A
N5.HOG0033059	567	4.97	COMPLETED	A
N5.HOG0033062	568	9.05	COMPLETED	A
N5.HOG0033065	569	3.35	COMPLETED	A
N5.HOG0033066	570	32.40	COMPLETED	B
N5.HOG0033085	571	7.56	COMPLETED	A
N5.HOG0033088	572	23.06	COMPLETED	B
N5.HOG0033114	573	13.10	COMPLETED	B
N5.HOG0033115	574	4.06	COMPLETED	A
N5.HOG0033117	575	34.89	COMPLETED	B
N5.HOG0033126	576	3.55	COMPLETED	A
N5.HOG0033128	577	53.42	COMPLETED	C
N5.HOG0033134	578	71.68	COMPLETED	C
N5.HOG0033142	579	7.90	COMPLETED	A
N5.HOG0033150	580	11.29	COMPLETED	A
N5.HOG0033193	581	65.10	COMPLETED	C
N5.HOG0033195	582	1.61	COMPLETED	A
N5.HOG0033203	583	1.68	COMPLETED	A
N5.HOG0033222	584	8.38	COMPLETED	A
N5.HOG0033225	585	5.00	COMPLETED	A
N5.HOG0033226	586	3.33	COMPLETED	A
N5.HOG0033230	587	68.25	COMPLETED	C
N5.HOG0033247	588	3.55	COMPLETED	A
N5.HOG0033249	589	15.02	COMPLETED	B
N5.HOG0033250	590	17.93	COMPLETED	B
N5.HOG0033266	591	1.71	COMPLETED	A
N5.HOG0033267	592	18.65	COMPLETED	B
N5.HOG0033268	593	20.84	COMPLETED	B
N5.HOG0033284	594	4.09	COMPLETED	A
N5.HOG0033287	595	17.12	COMPLETED	B
N5.HOG0033288	596	19.67	COMPLETED	B
N5.HOG0033291	597	11.88	COMPLETED	A
N5.HOG0033310	598	49.50	COMPLETED	C
N5.HOG0033385	599	10.60	COMPLETED	A
N5.HOG0033406	600	6.49	COMPLETED	A
N5.HOG0033434	601	34.50	COMPLETED	B
N5.HOG0033491	602	2.29	COMPLETED	A
N5.HOG0033493	603	2.52	COMPLETED	A
N5.HOG0033532	604	30.41	COMPLETED	B
N5.HOG0033555	605	54.07	COMPLETED	C
N5.HOG0033584	606	33.63	COMPLETED	B
N5.HOG0033591	607	19.41	COMPLETED	B
N5.HOG0033641	608	8.12	COMPLETED	A
N5.HOG0033646	609	40.64	COMPLETED	C
N5.HOG0033651	610	15.43	COMPLETED	B
N5.HOG0033675	611	5.22	COMPLETED	A
N5.HOG0033743	612	18.98	COMPLETED	B
N5.HOG0033745	613	12.10	COMPLETED	B
N5.HOG0033769	614	7.47	COMPLETED	A
N5.HOG0033810	615	2.56	COMPLETED	A
N5.HOG0033829	616	45.11	COMPLETED	C
N5.HOG0033913	617	25.22	COMPLETED	B
N5.HOG0033992	618	11.61	COMPLETED	A
N5.HOG0034013	619	2.85	COMPLETED	A
N5.HOG0034014	620	15.54	COMPLETED	B
N5.HOG0034024	621	14.01	COMPLETED	B
N5.HOG0034061	622	4.65	COMPLETED	A
N5.HOG0034078	623	5.89	COMPLETED	A
N5.HOG0034079	624	18.64	COMPLETED	B
N5.HOG0034097	625	26.44	COMPLETED	B
N5.HOG0034119	626	3.08	COMPLETED	A
N5.HOG0034226	627	32.42	COMPLETED	B
N5.HOG0034239	628	20.56	COMPLETED	B
N5.HOG0034286	629	14.14	COMPLETED	B
N5.HOG0034317	630	15.30	COMPLETED	B
N5.HOG0034389	631	49.13	COMPLETED	C
N5.HOG0034390	632	33.51	COMPLETED	B
N5.HOG0034424	633	17.37	COMPLETED	B
N5.HOG0034442	634	36.67	COMPLETED	C
N5.HOG0034504	635	9.75	COMPLETED	A
N5.HOG0034623	636	13.78	COMPLETED	B
N5.HOG0034624	637	11.46	COMPLETED	A
N5.HOG0034625	638	2.60	COMPLETED	A
N5.HOG0034632	639	3.32	COMPLETED	A
N5.HOG0034634	640	26.97	COMPLETED	B
N5.HOG0034641	641	3.42	COMPLETED	A
N5.HOG0034643	642	2.36	COMPLETED	A
N5.HOG0034646	643	7.19	COMPLETED	A
N5.HOG0034650	644	3.85	COMPLETED	A
N5.HOG0034666	645	8.04	COMPLETED	A
N5.HOG0034682	646	69.23	COMPLETED	C
N5.HOG0034683	647	59.40	COMPLETED	C
N5.HOG0034685	648	1.75	COMPLETED	A
N5.HOG0034686	649	0.95	COMPLETED	A
N5.HOG0034687	650	57.24	COMPLETED	C
N5.HOG0034724	651	15.46	COMPLETED	B
N5.HOG0034725	652	19.14	COMPLETED	B
N5.HOG0034728	653	51.70	COMPLETED	C
N5.HOG0034729	654	25.37	COMPLETED	B
N5.HOG0034842	655	10.19	COMPLETED	A
N5.HOG0034844	656	72.00	NO_COMPLETED	C
N5.HOG0034845	657	9.27	COMPLETED	A
N5.HOG0034853	658	36.22	COMPLETED	C
N5.HOG0034859	659	25.08	COMPLETED	B
N5.HOG0034867	660	43.83	COMPLETED	C
N5.HOG0034912	661	45.75	COMPLETED	C
N5.HOG0034913	662	5.97	COMPLETED	A
N5.HOG0034948	663	33.66	COMPLETED	B
N5.HOG0034950	664	18.97	COMPLETED	B
N5.HOG0034974	665	24.13	COMPLETED	B
N5.HOG0034984	666	2.99	COMPLETED	A
N5.HOG0035008	667	12.73	COMPLETED	B
N5.HOG0035012	668	11.13	COMPLETED	A
N5.HOG0035013	669	9.69	COMPLETED	A
N5.HOG0035014	670	16.75	COMPLETED	B
N5.HOG0035029	671	22.42	COMPLETED	B
N5.HOG0035030	672	14.28	COMPLETED	B
N5.HOG0035032	673	5.18	COMPLETED	A
N5.HOG0035033	674	6.16	COMPLETED	A
N5.HOG0035035	675	10.26	COMPLETED	A
N5.HOG0035036	676	9.09	COMPLETED	A
N5.HOG0035048	677	31.79	COMPLETED	B
N5.HOG0035082	678	12.15	COMPLETED	B
N5.HOG0035083	679	17.11	COMPLETED	B
N5.HOG0035085	680	63.20	COMPLETED	C
N5.HOG0035149	681	39.78	COMPLETED	C
N5.HOG0035166	682	30.38	COMPLETED	B
N5.HOG0035167	683	38.22	COMPLETED	C
N5.HOG0035174	684	38.16	COMPLETED	C
N5.HOG0035178	685	23.74	COMPLETED	B
N5.HOG0035204	686	26.03	COMPLETED	B
N5.HOG0035251	687	63.50	COMPLETED	C
N5.HOG0035275	688	12.42	COMPLETED	B
N5.HOG0035277	689	24.37	COMPLETED	B
N5.HOG0035280	690	28.80	COMPLETED	B
N5.HOG0035281	691	4.45	COMPLETED	A
N5.HOG0035298	692	16.39	COMPLETED	B
N5.HOG0035302	693	54.34	COMPLETED	C
N5.HOG0035413	694	29.04	COMPLETED	B
N5.HOG0035415	695	12.93	COMPLETED	B
N5.HOG0035416	696	9.85	COMPLETED	A
N5.HOG0035451	697	4.34	COMPLETED	A
N5.HOG0035481	698	11.45	COMPLETED	A
N5.HOG0035483	699	3.31	COMPLETED	A
N5.HOG0035510	700	2.71	COMPLETED	A
N5.HOG0035532	701	39.78	COMPLETED	C
N5.HOG0035533	702	3.51	COMPLETED	A
N5.HOG0035534	703	10.80	COMPLETED	A
N5.HOG0035591	704	28.29	COMPLETED	B
N5.HOG0035592	705	67.88	COMPLETED	C
N5.HOG0035631	706	25.77	COMPLETED	B
N5.HOG0035667	707	5.29	COMPLETED	A
N5.HOG0035679	708	72.01	NO_COMPLETED	C
N5.HOG0035715	709	66.23	COMPLETED	C
N5.HOG0035716	710	47.52	COMPLETED	C
N5.HOG0035751	711	17.09	COMPLETED	B
N5.HOG0035798	712	4.70	COMPLETED	A
N5.HOG0035799	713	3.46	COMPLETED	A
N5.HOG0035805	714	13.69	COMPLETED	B
N5.HOG0035885	715	10.71	COMPLETED	A
N5.HOG0035891	716	1.42	COMPLETED	A
N5.HOG0035900	717	7.97	COMPLETED	A
N5.HOG0035901	718	5.51	COMPLETED	A
N5.HOG0035902	719	31.69	COMPLETED	B
N5.HOG0035905	720	9.98	COMPLETED	A
N5.HOG0035913	721	10.90	COMPLETED	A
N5.HOG0035915	722	8.45	COMPLETED	A
N5.HOG0035922	723	34.58	COMPLETED	B
N5.HOG0035924	724	57.74	COMPLETED	C
N5.HOG0035952	725	5.81	COMPLETED	A
N5.HOG0035987	726	14.99	COMPLETED	B
N5.HOG0035988	727	5.36	COMPLETED	A
N5.HOG0035993	728	41.66	COMPLETED	C
N5.HOG0036003	729	1.21	COMPLETED	A
N5.HOG0036053	730	11.52	COMPLETED	A
N5.HOG0036054	731	35.86	COMPLETED	B
N5.HOG0036058	732	4.29	COMPLETED	A
N5.HOG0036119	733	12.77	COMPLETED	B
N5.HOG0036120	734	15.56	COMPLETED	B
N5.HOG0036146	735	21.93	COMPLETED	B
N5.HOG0036148	736	9.97	COMPLETED	A
N5.HOG0036161	737	52.02	COMPLETED	C
N5.HOG0036183	738	31.84	COMPLETED	B
N5.HOG0036234	739	27.84	COMPLETED	B
N5.HOG0036235	740	26.91	COMPLETED	B
N5.HOG0036236	741	14.91	COMPLETED	B
N5.HOG0036243	742	7.69	COMPLETED	A
N5.HOG0036245	743	56.72	COMPLETED	C
N5.HOG0036247	744	23.86	COMPLETED	B
N5.HOG0036249	745	9.65	COMPLETED	A
N5.HOG0036254	746	1.57	COMPLETED	A
N5.HOG0036281	747	45.40	COMPLETED	C
N5.HOG0036282	748	8.52	COMPLETED	A
N5.HOG0036331	749	4.00	COMPLETED	A
N5.HOG0036332	750	4.44	COMPLETED	A
N5.HOG0036359	751	22.70	COMPLETED	B
N5.HOG0036365	752	7.32	COMPLETED	A
N5.HOG0036366	753	13.60	COMPLETED	B
N5.HOG0036390	754	31.98	COMPLETED	B
N5.HOG0036452	755	9.31	COMPLETED	A
N5.HOG0036453	756	11.12	COMPLETED	A
N5.HOG0036455	757	65.50	COMPLETED	C
N5.HOG0036458	758	2.03	COMPLETED	A
N5.HOG0036466	759	15.51	COMPLETED	B
N5.HOG0036485	760	20.09	COMPLETED	B
N5.HOG0036569	761	10.09	COMPLETED	A
N5.HOG0036576	762	1.65	COMPLETED	A
N5.HOG0036577	763	1.33	COMPLETED	A
N5.HOG0036634	764	30.01	COMPLETED	B
N5.HOG0036636	765	63.67	COMPLETED	C
N5.HOG0036697	766	5.31	COMPLETED	A
N5.HOG0036698	767	28.76	COMPLETED	B
N5.HOG0036747	768	3.37	COMPLETED	A
N5.HOG0036749	769	4.77	COMPLETED	A
N5.HOG0036765	770	26.21	COMPLETED	B
N5.HOG0036769	771	8.69	COMPLETED	A
N5.HOG0036803	772	26.21	COMPLETED	B
N5.HOG0036877	773	13.16	COMPLETED	B
N5.HOG0036879	774	23.01	COMPLETED	B
N5.HOG0036883	775	2.64	COMPLETED	A
N5.HOG0036918	776	16.59	COMPLETED	B
N5.HOG0036940	777	18.72	COMPLETED	B
N5.HOG0036996	778	12.37	COMPLETED	B
N5.HOG0037023	779	4.78	COMPLETED	A
N5.HOG0037028	780	14.33	COMPLETED	B
N5.HOG0037109	781	2.69	COMPLETED	A
N5.HOG0037135	782	43.44	COMPLETED	C
N5.HOG0037178	783	19.44	COMPLETED	B
N5.HOG0037186	784	13.82	COMPLETED	B
N5.HOG0037219	785	7.05	COMPLETED	A
N5.HOG0037220	786	5.18	COMPLETED	A
N5.HOG0037251	787	46.57	COMPLETED	C
N5.HOG0037252	788	12.46	COMPLETED	B
N5.HOG0037286	789	7.90	COMPLETED	A
N5.HOG0037303	790	9.93	COMPLETED	A
N5.HOG0037304	791	4.95	COMPLETED	A
N5.HOG0037316	792	11.89	COMPLETED	A
N5.HOG0037317	793	13.95	COMPLETED	B
N5.HOG0037322	794	55.89	COMPLETED	C
N5.HOG0037341	795	71.01	COMPLETED	C
N5.HOG0037347	796	11.28	COMPLETED	A
N5.HOG0037359	797	12.58	COMPLETED	B
N5.HOG0037360	798	22.33	COMPLETED	B
N5.HOG0037388	799	9.32	COMPLETED	A
N5.HOG0037427	800	72.01	NO_COMPLETED	C
N5.HOG0037429	801	38.40	COMPLETED	C
N5.HOG0037430	802	18.36	COMPLETED	B
N5.HOG0037546	803	9.63	COMPLETED	A
N5.HOG0037547	804	17.42	COMPLETED	B
N5.HOG0037551	805	11.50	COMPLETED	A
N5.HOG0037563	806	48.55	COMPLETED	C
N5.HOG0037565	807	30.44	COMPLETED	B
N5.HOG0037632	808	2.54	COMPLETED	A
N5.HOG0037665	809	23.83	COMPLETED	B
N5.HOG0037690	810	11.08	COMPLETED	A
N5.HOG0037691	811	57.55	COMPLETED	C
N5.HOG0037693	812	39.31	COMPLETED	C
N5.HOG0037735	813	2.54	COMPLETED	A
N5.HOG0037741	814	35.71	COMPLETED	B
N5.HOG0037745	815	66.60	COMPLETED	C
N5.HOG0037747	816	23.24	COMPLETED	B
N5.HOG0037748	817	6.14	COMPLETED	A
N5.HOG0037759	818	18.70	COMPLETED	B
N5.HOG0037760	819	13.29	COMPLETED	B
N5.HOG0037767	820	14.26	COMPLETED	B
N5.HOG0037768	821	9.62	COMPLETED	A
N5.HOG0037770	822	20.25	COMPLETED	B
N5.HOG0037817	823	11.25	COMPLETED	A
N5.HOG0037823	824	47.72	COMPLETED	C
N5.HOG0037858	825	1.85	COMPLETED	A
N5.HOG0037859	826	8.57	COMPLETED	A
N5.HOG0037868	827	28.06	COMPLETED	B
N5.HOG0037873	828	72.01	NO_COMPLETED	C
N5.HOG0037875	829	4.40	COMPLETED	A
N5.HOG0037878	830	1.16	COMPLETED	A
N5.HOG0037955	831	11.15	COMPLETED	A
N5.HOG0037962	832	47.04	COMPLETED	C
N5.HOG0038014	833	23.55	COMPLETED	B
N5.HOG0038050	834	4.65	COMPLETED	A
N5.HOG0038056	835	35.56	COMPLETED	B
N5.HOG0038057	836	12.67	COMPLETED	B
N5.HOG0038061	837	2.81	COMPLETED	A
N5.HOG0038121	838	45.27	COMPLETED	C
N5.HOG0038243	839	12.43	COMPLETED	B
N5.HOG0038280	840	23.94	COMPLETED	B
N5.HOG0038324	841	18.06	COMPLETED	B
N5.HOG0038377	842	15.78	COMPLETED	B
N5.HOG0038418	843	18.08	COMPLETED	B
N5.HOG0038423	844	36.56	COMPLETED	C
N5.HOG0038436	845	4.31	COMPLETED	A
N5.HOG0038444	846	2.14	COMPLETED	A
N5.HOG0038448	847	3.77	COMPLETED	A
N5.HOG0038471	848	9.22	COMPLETED	A
N5.HOG0038477	849	2.80	COMPLETED	A
N5.HOG0038490	850	11.22	COMPLETED	A
N5.HOG0038491	851	22.56	COMPLETED	B
N5.HOG0038506	852	0.47	COMPLETED	A
N5.HOG0038544	853	36.39	COMPLETED	C
N5.HOG0038592	854	7.01	COMPLETED	A
N5.HOG0038628	855	9.84	COMPLETED	A
N5.HOG0038631	856	18.05	COMPLETED	B
N5.HOG0038632	857	6.78	COMPLETED	A
N5.HOG0038634	858	5.96	COMPLETED	A
N5.HOG0038636	859	13.61	COMPLETED	B
N5.HOG0038686	860	72.01	NO_COMPLETED	C
N5.HOG0038691	861	41.20	COMPLETED	C
N5.HOG0038692	862	2.30	COMPLETED	A
N5.HOG0038717	863	10.45	COMPLETED	A
N5.HOG0038910	864	24.33	COMPLETED	B
N5.HOG0038912	865	37.56	COMPLETED	C
N5.HOG0038916	866	7.78	COMPLETED	A
N5.HOG0038918	867	15.96	COMPLETED	B
N5.HOG0038921	868	12.44	COMPLETED	B
N5.HOG0039027	869	35.98	COMPLETED	B
N5.HOG0039078	870	3.05	COMPLETED	A
N5.HOG0039080	871	15.02	COMPLETED	B
N5.HOG0039081	872	1.69	COMPLETED	A
N5.HOG0039115	873	27.98	COMPLETED	B
N5.HOG0039158	874	32.62	COMPLETED	B
N5.HOG0039261	875	39.74	COMPLETED	C
N5.HOG0039262	876	5.28	COMPLETED	A
N5.HOG0039263	877	12.77	COMPLETED	B
N5.HOG0039285	878	9.57	COMPLETED	A
N5.HOG0039287	879	23.02	COMPLETED	B
N5.HOG0039289	880	9.47	COMPLETED	A
N5.HOG0039290	881	3.80	COMPLETED	A
N5.HOG0039357	882	20.76	COMPLETED	B
N5.HOG0039358	883	13.27	COMPLETED	B
N5.HOG0039360	884	25.84	COMPLETED	B
N5.HOG0039393	885	61.16	COMPLETED	C
N5.HOG0039409	886	29.87	COMPLETED	B
N5.HOG0039412	887	9.51	COMPLETED	A
N5.HOG0039422	888	27.80	COMPLETED	B
N5.HOG0039445	889	16.38	COMPLETED	B
N5.HOG0039457	890	44.55	COMPLETED	C
N5.HOG0039484	891	9.27	COMPLETED	A
N5.HOG0039544	892	2.26	COMPLETED	A
N5.HOG0039545	893	17.27	COMPLETED	B
N5.HOG0039595	894	0.23	COMPLETED	A
N5.HOG0039727	895	11.08	COMPLETED	A
N5.HOG0039799	896	37.94	COMPLETED	C
N5.HOG0039803	897	9.30	COMPLETED	A
N5.HOG0039805	898	38.03	COMPLETED	C
N5.HOG0039806	899	8.20	COMPLETED	A
N5.HOG0039807	900	7.18	COMPLETED	A
N5.HOG0039848	901	23.32	COMPLETED	B
N5.HOG0039879	902	44.28	COMPLETED	C
N5.HOG0039882	903	9.55	COMPLETED	A
N5.HOG0039885	904	49.27	COMPLETED	C
N5.HOG0039934	905	4.81	COMPLETED	A
N5.HOG0039959	906	32.92	COMPLETED	B
N5.HOG0039961	907	32.50	COMPLETED	B
N5.HOG0039973	908	47.67	COMPLETED	C
N5.HOG0039977	909	72.01	NO_COMPLETED	C
N5.HOG0040013	910	12.20	COMPLETED	B
N5.HOG0040014	911	31.11	COMPLETED	B
N5.HOG0040030	912	56.68	COMPLETED	C
N5.HOG0040133	913	8.81	COMPLETED	A
N5.HOG0040150	914	17.59	COMPLETED	B
N5.HOG0040152	915	42.28	COMPLETED	C
N5.HOG0040178	916	54.44	COMPLETED	C
N5.HOG0040185	917	8.88	COMPLETED	A
N5.HOG0040211	918	31.35	COMPLETED	B
N5.HOG0040213	919	14.17	COMPLETED	B
N5.HOG0040215	920	12.78	COMPLETED	B
N5.HOG0040216	921	2.24	COMPLETED	A
N5.HOG0040254	922	19.05	COMPLETED	B
N5.HOG0040278	923	25.79	COMPLETED	B
N5.HOG0040346	924	4.48	COMPLETED	A
N5.HOG0040381	925	32.44	COMPLETED	B
N5.HOG0040387	926	35.52	COMPLETED	B
N5.HOG0040419	927	49.68	COMPLETED	C
N5.HOG0040420	928	7.02	COMPLETED	A
N5.HOG0040421	929	19.13	COMPLETED	B
N5.HOG0040468	930	24.11	COMPLETED	B
N5.HOG0040534	931	66.32	COMPLETED	C
N5.HOG0040579	932	0.71	COMPLETED	A
N5.HOG0040581	933	1.90	COMPLETED	A
N5.HOG0040582	934	11.65	COMPLETED	A
N5.HOG0040619	935	23.23	COMPLETED	B
N5.HOG0040654	936	19.96	COMPLETED	B
N5.HOG0040749	937	50.04	COMPLETED	C
N5.HOG0040774	938	29.46	COMPLETED	B
N5.HOG0040776	939	23.31	COMPLETED	B
N5.HOG0040779	940	9.67	COMPLETED	A
N5.HOG0040788	941	52.40	COMPLETED	C
N5.HOG0040824	942	55.58	COMPLETED	C
N5.HOG0040825	943	44.34	COMPLETED	C
N5.HOG0040938	944	24.87	COMPLETED	B
N5.HOG0040942	945	40.99	COMPLETED	C
N5.HOG0040944	946	19.23	COMPLETED	B
N5.HOG0040947	947	58.60	COMPLETED	C
N5.HOG0040969	948	17.97	COMPLETED	B
N5.HOG0041015	949	29.15	COMPLETED	B
N5.HOG0041032	950	29.94	COMPLETED	B
N5.HOG0041065	951	1.77	COMPLETED	A
N5.HOG0041068	952	36.56	COMPLETED	C
N5.HOG0041097	953	72.01	NO_COMPLETED	C
N5.HOG0041122	954	19.72	COMPLETED	B
N5.HOG0041159	955	2.44	COMPLETED	A
N5.HOG0041195	956	26.23	COMPLETED	B
N5.HOG0041229	957	65.57	COMPLETED	C
N5.HOG0041237	958	72.01	NO_COMPLETED	C
N5.HOG0041239	959	8.04	COMPLETED	A
N5.HOG0041240	960	16.42	COMPLETED	B
N5.HOG0041303	961	5.67	COMPLETED	A
N5.HOG0041350	962	0.92	COMPLETED	A
N5.HOG0041352	963	5.96	COMPLETED	A
N5.HOG0041381	964	40.86	COMPLETED	C
N5.HOG0041383	965	19.35	COMPLETED	B
N5.HOG0041410	966	38.43	COMPLETED	C
N5.HOG0041445	967	8.19	COMPLETED	A
N5.HOG0041449	968	7.23	COMPLETED	A
N5.HOG0041454	969	20.34	COMPLETED	B
N5.HOG0041507	970	11.90	COMPLETED	A
N5.HOG0041508	971	2.02	COMPLETED	A
N5.HOG0041511	972	25.92	COMPLETED	B
N5.HOG0041512	973	54.34	COMPLETED	C
N5.HOG0041541	974	42.17	COMPLETED	C
N5.HOG0041569	975	36.78	COMPLETED	C
N5.HOG0041634	976	9.19	COMPLETED	A
N5.HOG0041640	977	18.76	COMPLETED	B
N5.HOG0041643	978	12.46	COMPLETED	B
N5.HOG0041645	979	32.25	COMPLETED	B
N5.HOG0041646	980	25.61	COMPLETED	B
N5.HOG0041647	981	9.25	COMPLETED	A
N5.HOG0041752	982	13.44	COMPLETED	B
N5.HOG0041782	983	21.98	COMPLETED	B
N5.HOG0041792	984	19.96	COMPLETED	B
N5.HOG0041797	985	50.57	COMPLETED	C
N5.HOG0041902	986	24.59	COMPLETED	B
N5.HOG0041908	987	1.71	COMPLETED	A
N5.HOG0041909	988	18.15	COMPLETED	B
N5.HOG0041911	989	22.71	COMPLETED	B
N5.HOG0041971	990	11.99	COMPLETED	A
N5.HOG0041972	991	28.40	COMPLETED	B
N5.HOG0041973	992	3.92	COMPLETED	A
N5.HOG0041998	993	32.95	COMPLETED	B
N5.HOG0042034	994	24.14	COMPLETED	B
N5.HOG0042081	995	9.30	COMPLETED	A
N5.HOG0042107	996	19.09	COMPLETED	B
N5.HOG0042108	997	26.49	COMPLETED	B
N5.HOG0042170	998	16.17	COMPLETED	B
N5.HOG0042193	999	41.06	COMPLETED	C
N5.HOG0042198	1000	11.40	COMPLETED	A
N5.HOG0042217	1001	12.57	COMPLETED	B
N5.HOG0042219	1002	15.38	COMPLETED	B
N5.HOG0042271	1003	12.79	COMPLETED	B
N5.HOG0042328	1004	41.72	COMPLETED	C
N5.HOG0042348	1005	30.39	COMPLETED	B
N5.HOG0042379	1006	6.60	COMPLETED	A
N5.HOG0042392	1007	63.60	COMPLETED	C
N5.HOG0042415	1008	68.63	COMPLETED	C
N5.HOG0042485	1009	16.16	COMPLETED	B
N5.HOG0042489	1010	41.19	COMPLETED	C
N5.HOG0042491	1011	72.01	NO_COMPLETED	C
N5.HOG0042527	1012	11.22	COMPLETED	A
N5.HOG0042539	1013	26.25	COMPLETED	B
N5.HOG0042584	1014	7.25	COMPLETED	A
N5.HOG0042586	1015	38.38	COMPLETED	C
N5.HOG0042587	1016	9.31	COMPLETED	A
N5.HOG0042660	1017	22.98	COMPLETED	B
N5.HOG0042689	1018	12.76	COMPLETED	B
N5.HOG0042691	1019	16.83	COMPLETED	B
N5.HOG0042718	1020	21.70	COMPLETED	B
N5.HOG0042791	1021	17.66	COMPLETED	B
N5.HOG0042792	1022	7.30	COMPLETED	A
N5.HOG0042801	1023	10.94	COMPLETED	A
N5.HOG0042822	1024	8.04	COMPLETED	A
N5.HOG0042863	1025	61.15	COMPLETED	C
N5.HOG0042892	1026	8.77	COMPLETED	A
N5.HOG0042919	1027	8.61	COMPLETED	A
N5.HOG0042922	1028	14.53	COMPLETED	B
N5.HOG0042940	1029	5.45	COMPLETED	A
N5.HOG0042953	1030	15.27	COMPLETED	B
N5.HOG0043007	1031	6.18	COMPLETED	A
N5.HOG0043020	1032	13.29	COMPLETED	B
N5.HOG0043022	1033	67.12	COMPLETED	C
N5.HOG0043101	1034	54.30	COMPLETED	C
N5.HOG0043118	1035	5.34	COMPLETED	A
N5.HOG0043153	1036	42.37	COMPLETED	C
N5.HOG0043156	1037	25.80	COMPLETED	B
N5.HOG0043163	1038	52.21	COMPLETED	C
N5.HOG0043172	1039	42.77	COMPLETED	C
N5.HOG0043175	1040	25.74	COMPLETED	B
N5.HOG0043273	1041	0.25	COMPLETED	A
N5.HOG0043274	1042	5.53	COMPLETED	A
N5.HOG0043353	1043	9.89	COMPLETED	A
N5.HOG0043377	1044	4.78	COMPLETED	A
N5.HOG0043408	1045	11.67	COMPLETED	A
N5.HOG0043513	1046	6.38	COMPLETED	A
N5.HOG0043542	1047	11.16	COMPLETED	A
N5.HOG0043645	1048	15.65	COMPLETED	B
N5.HOG0043648	1049	1.42	COMPLETED	A
N5.HOG0043649	1050	4.51	COMPLETED	A
N5.HOG0043730	1051	20.88	COMPLETED	B
N5.HOG0043744	1052	40.31	COMPLETED	C
N5.HOG0043746	1053	4.39	COMPLETED	A
N5.HOG0043747	1054	44.32	COMPLETED	C
N5.HOG0043756	1055	44.15	COMPLETED	C
N5.HOG0043801	1056	44.80	COMPLETED	C
N5.HOG0043841	1057	13.96	COMPLETED	B
N5.HOG0043875	1058	45.98	COMPLETED	C
N5.HOG0043955	1059	15.46	COMPLETED	B
N5.HOG0043966	1060	7.29	COMPLETED	A
N5.HOG0043967	1061	8.93	COMPLETED	A
N5.HOG0043968	1062	20.38	COMPLETED	B
N5.HOG0044023	1063	13.40	COMPLETED	B
N5.HOG0044030	1064	27.02	COMPLETED	B
N5.HOG0044104	1065	20.37	COMPLETED	B
N5.HOG0044105	1066	13.58	COMPLETED	B
N5.HOG0044112	1067	64.31	COMPLETED	C
N5.HOG0044150	1068	21.66	COMPLETED	B
N5.HOG0044216	1069	16.36	COMPLETED	B
N5.HOG0044226	1070	32.46	COMPLETED	B
N5.HOG0044266	1071	18.69	COMPLETED	B
N5.HOG0044303	1072	12.51	COMPLETED	B
N5.HOG0044310	1073	21.51	COMPLETED	B
N5.HOG0044323	1074	13.59	COMPLETED	B
N5.HOG0044325	1075	50.79	COMPLETED	C
N5.HOG0044336	1076	37.51	COMPLETED	C
N5.HOG0044339	1077	57.78	COMPLETED	C
N5.HOG0044350	1078	29.55	COMPLETED	B
N5.HOG0044354	1079	3.96	COMPLETED	A
N5.HOG0044361	1080	18.83	COMPLETED	B
N5.HOG0044395	1081	19.56	COMPLETED	B
N5.HOG0044423	1082	72.00	COMPLETED	C
N5.HOG0044434	1083	33.64	COMPLETED	B
N5.HOG0044445	1084	40.88	COMPLETED	C
N5.HOG0044522	1085	20.66	COMPLETED	B
N5.HOG0044523	1086	42.38	COMPLETED	C
N5.HOG0044549	1087	8.96	COMPLETED	A
N5.HOG0044576	1088	13.70	COMPLETED	B
N5.HOG0044594	1089	43.75	COMPLETED	C
N5.HOG0044603	1090	18.50	COMPLETED	B
N5.HOG0044620	1091	30.16	COMPLETED	B
N5.HOG0044635	1092	11.19	COMPLETED	A
N5.HOG0044638	1093	7.40	COMPLETED	A
N5.HOG0044639	1094	10.76	COMPLETED	A
N5.HOG0044640	1095	51.62	COMPLETED	C
N5.HOG0044645	1096	37.47	COMPLETED	C
N5.HOG0044684	1097	66.82	COMPLETED	C
N5.HOG0044706	1098	58.57	COMPLETED	C
N5.HOG0044717	1099	34.31	COMPLETED	B
N5.HOG0044755	1100	17.67	COMPLETED	B
N5.HOG0044921	1101	30.43	COMPLETED	B
N5.HOG0044924	1102	19.24	COMPLETED	B
N5.HOG0044946	1103	7.36	COMPLETED	A
N5.HOG0044950	1104	72.01	NO_COMPLETED	C
N5.HOG0044954	1105	14.50	COMPLETED	B
N5.HOG0044957	1106	69.46	COMPLETED	C
N5.HOG0044961	1107	68.41	COMPLETED	C
N5.HOG0044966	1108	27.05	COMPLETED	B
N5.HOG0045002	1109	6.91	COMPLETED	A
N5.HOG0045142	1110	14.18	COMPLETED	B
N5.HOG0045170	1111	4.62	COMPLETED	A
N5.HOG0045177	1112	28.90	COMPLETED	B
N5.HOG0045197	1113	10.79	COMPLETED	A
N5.HOG0045202	1114	17.07	COMPLETED	B
N5.HOG0045216	1115	21.20	COMPLETED	B
N5.HOG0045251	1116	61.43	COMPLETED	C
N5.HOG0045291	1117	13.79	COMPLETED	B
N5.HOG0045308	1118	9.31	COMPLETED	A
N5.HOG0045323	1119	60.10	COMPLETED	C
N5.HOG0045324	1120	7.31	COMPLETED	A
N5.HOG0045350	1121	12.53	COMPLETED	B
N5.HOG0045378	1122	58.75	COMPLETED	C
N5.HOG0045379	1123	15.39	COMPLETED	B
N5.HOG0045385	1124	7.78	COMPLETED	A
N5.HOG0045407	1125	4.50	COMPLETED	A
N5.HOG0045452	1126	0.95	COMPLETED	A
N5.HOG0045460	1127	15.00	COMPLETED	B
N5.HOG0045479	1128	6.46	COMPLETED	A
N5.HOG0045483	1129	9.88	COMPLETED	A
N5.HOG0045485	1130	4.67	COMPLETED	A
N5.HOG0045486	1131	27.18	COMPLETED	B
N5.HOG0045491	1132	7.35	COMPLETED	A
N5.HOG0045582	1133	10.24	COMPLETED	A
N5.HOG0045598	1134	48.12	COMPLETED	C
N5.HOG0045622	1135	8.29	COMPLETED	A
N5.HOG0045623	1136	15.77	COMPLETED	B
N5.HOG0045696	1137	43.61	COMPLETED	C
N5.HOG0045699	1138	16.59	COMPLETED	B
N5.HOG0045716	1139	10.38	COMPLETED	A
N5.HOG0045802	1140	47.92	COMPLETED	C
N5.HOG0045812	1141	26.80	COMPLETED	B
N5.HOG0045838	1142	26.40	COMPLETED	B
N5.HOG0045856	1143	45.27	COMPLETED	C
N5.HOG0045876	1144	43.99	COMPLETED	C
N5.HOG0045895	1145	42.85	COMPLETED	C
N5.HOG0045918	1146	19.41	COMPLETED	B
N5.HOG0045921	1147	10.76	COMPLETED	A
N5.HOG0045924	1148	14.24	COMPLETED	B
N5.HOG0045945	1149	36.50	COMPLETED	C
N5.HOG0045960	1150	23.97	COMPLETED	B
N5.HOG0045962	1151	61.52	COMPLETED	C
N5.HOG0045990	1152	70.54	COMPLETED	C
N5.HOG0045995	1153	48.22	COMPLETED	C
N5.HOG0046050	1154	17.95	COMPLETED	B
N5.HOG0046082	1155	6.65	COMPLETED	A
N5.HOG0046103	1156	27.77	COMPLETED	B
N5.HOG0046136	1157	9.93	COMPLETED	A
N5.HOG0046137	1158	23.54	COMPLETED	B
N5.HOG0046144	1159	7.03	COMPLETED	A
N5.HOG0046173	1160	38.73	COMPLETED	C
N5.HOG0046175	1161	55.52	COMPLETED	C
N5.HOG0046224	1162	18.17	COMPLETED	B
N5.HOG0046245	1163	2.02	COMPLETED	A
N5.HOG0046247	1164	46.39	COMPLETED	C
N5.HOG0046250	1165	16.58	COMPLETED	B
N5.HOG0046252	1166	9.65	COMPLETED	A
N5.HOG0046265	1167	21.75	COMPLETED	B
N5.HOG0046293	1168	36.51	COMPLETED	C
N5.HOG0046305	1169	7.14	COMPLETED	A
N5.HOG0046377	1170	18.62	COMPLETED	B
N5.HOG0046378	1171	33.07	COMPLETED	B
N5.HOG0046381	1172	27.01	COMPLETED	B
N5.HOG0046390	1173	43.62	COMPLETED	C
N5.HOG0046401	1174	60.97	COMPLETED	C
N5.HOG0046429	1175	58.70	COMPLETED	C
N5.HOG0046465	1176	34.97	COMPLETED	B
N5.HOG0046539	1177	19.13	COMPLETED	B
N5.HOG0046563	1178	3.85	COMPLETED	A
N5.HOG0046568	1179	49.52	COMPLETED	C
N5.HOG0046571	1180	14.37	COMPLETED	B
N5.HOG0046610	1181	24.49	COMPLETED	B
N5.HOG0046621	1182	0.94	COMPLETED	A
N5.HOG0046623	1183	0.90	COMPLETED	A
N5.HOG0046641	1184	8.25	COMPLETED	A
N5.HOG0046680	1185	53.32	COMPLETED	C
N5.HOG0046771	1186	1.37	COMPLETED	A
N5.HOG0046775	1187	33.52	COMPLETED	B
N5.HOG0046788	1188	23.17	COMPLETED	B
N5.HOG0046830	1189	11.78	COMPLETED	A
N5.HOG0046839	1190	72.01	NO_COMPLETED	C
N5.HOG0046868	1191	18.30	COMPLETED	B
N5.HOG0046871	1192	25.75	COMPLETED	B
N5.HOG0046872	1193	4.06	COMPLETED	A
N5.HOG0046894	1194	1.70	COMPLETED	A
N5.HOG0046897	1195	5.30	COMPLETED	A
N5.HOG0046925	1196	59.13	COMPLETED	C
N5.HOG0046935	1197	17.94	COMPLETED	B
N5.HOG0046964	1198	26.70	COMPLETED	B
N5.HOG0046985	1199	21.09	COMPLETED	B
N5.HOG0047033	1200	17.64	COMPLETED	B
N5.HOG0047052	1201	27.22	COMPLETED	B
N5.HOG0047107	1202	10.94	COMPLETED	A
N5.HOG0047142	1203	68.44	COMPLETED	C
N5.HOG0047145	1204	14.54	COMPLETED	B
N5.HOG0047146	1205	13.06	COMPLETED	B
N5.HOG0047150	1206	40.28	COMPLETED	C
N5.HOG0047152	1207	22.46	COMPLETED	B
N5.HOG0047157	1208	44.47	COMPLETED	C
N5.HOG0047183	1209	58.37	COMPLETED	C
N5.HOG0047199	1210	16.79	COMPLETED	B
N5.HOG0047200	1211	12.19	COMPLETED	B
N5.HOG0047206	1212	6.42	COMPLETED	A
N5.HOG0047291	1213	24.52	COMPLETED	B
N5.HOG0047292	1214	55.98	COMPLETED	C
N5.HOG0047326	1215	57.61	COMPLETED	C
N5.HOG0047329	1216	26.34	COMPLETED	B
N5.HOG0047340	1217	13.85	COMPLETED	B
N5.HOG0047352	1218	11.62	COMPLETED	A
N5.HOG0047356	1219	8.81	COMPLETED	A
N5.HOG0047402	1220	21.31	COMPLETED	B
N5.HOG0047407	1221	8.53	COMPLETED	A
N5.HOG0047415	1222	60.77	COMPLETED	C
N5.HOG0047418	1223	23.02	COMPLETED	B
N5.HOG0047447	1224	23.06	COMPLETED	B
N5.HOG0047487	1225	9.07	COMPLETED	A
N5.HOG0047500	1226	5.82	COMPLETED	A
N5.HOG0047525	1227	72.00	NO_COMPLETED	C
N5.HOG0047568	1228	9.31	COMPLETED	A
N5.HOG0047576	1229	28.93	COMPLETED	B
N5.HOG0047579	1230	27.60	COMPLETED	B
N5.HOG0047590	1231	33.89	COMPLETED	B
N5.HOG0047617	1232	7.25	COMPLETED	A
N5.HOG0047628	1233	26.64	COMPLETED	B
N5.HOG0047632	1234	29.39	COMPLETED	B
N5.HOG0047662	1235	6.60	COMPLETED	A
N5.HOG0047663	1236	16.12	COMPLETED	B
N5.HOG0047664	1237	30.69	COMPLETED	B
N5.HOG0047681	1238	15.04	COMPLETED	B
N5.HOG0047683	1239	26.83	COMPLETED	B
N5.HOG0047758	1240	19.77	COMPLETED	B
N5.HOG0047797	1241	15.88	COMPLETED	B
N5.HOG0047829	1242	2.59	COMPLETED	A
N5.HOG0047837	1243	8.88	COMPLETED	A
N5.HOG0047839	1244	20.68	COMPLETED	B
N5.HOG0047848	1245	4.29	COMPLETED	A
N5.HOG0047855	1246	7.06	COMPLETED	A
N5.HOG0047895	1247	58.38	COMPLETED	C
N5.HOG0047928	1248	0.72	COMPLETED	A
N5.HOG0047935	1249	3.33	COMPLETED	A
N5.HOG0047946	1250	4.97	COMPLETED	A
N5.HOG0047947	1251	10.62	COMPLETED	A
N5.HOG0048044	1252	19.48	COMPLETED	B
N5.HOG0048063	1253	6.39	COMPLETED	A
N5.HOG0048096	1254	18.33	COMPLETED	B
N5.HOG0048112	1255	34.54	COMPLETED	B
N5.HOG0048186	1256	14.93	COMPLETED	B
N5.HOG0048189	1257	54.56	COMPLETED	C
N5.HOG0048201	1258	25.00	COMPLETED	B
N5.HOG0048225	1259	50.83	COMPLETED	C
N5.HOG0048271	1260	29.21	COMPLETED	B
N5.HOG0048274	1261	3.26	COMPLETED	A
N5.HOG0048306	1262	42.67	COMPLETED	C
N5.HOG0048321	1263	40.81	COMPLETED	C
N5.HOG0048336	1264	8.46	COMPLETED	A
N5.HOG0048337	1265	48.34	COMPLETED	C
N5.HOG0048349	1266	21.05	COMPLETED	B
N5.HOG0048399	1267	26.29	COMPLETED	B
N5.HOG0048400	1268	10.99	COMPLETED	A
N5.HOG0048435	1269	9.12	COMPLETED	A
N5.HOG0048453	1270	10.80	COMPLETED	A
N5.HOG0048454	1271	41.35	COMPLETED	C
N5.HOG0048462	1272	47.32	COMPLETED	C
N5.HOG0048466	1273	64.75	COMPLETED	C
N5.HOG0048489	1274	66.22	COMPLETED	C
N5.HOG0048496	1275	4.52	COMPLETED	A
N5.HOG0048497	1276	15.27	COMPLETED	B
N5.HOG0048515	1277	10.27	COMPLETED	A
N5.HOG0048529	1278	10.56	COMPLETED	A
N5.HOG0048531	1279	12.29	COMPLETED	B
N5.HOG0048540	1280	49.78	COMPLETED	C
N5.HOG0048551	1281	28.11	COMPLETED	B
N5.HOG0048571	1282	8.36	COMPLETED	A
N5.HOG0048590	1283	45.76	COMPLETED	C
N5.HOG0048599	1284	10.17	COMPLETED	A
N5.HOG0048619	1285	14.75	COMPLETED	B
N5.HOG0048621	1286	28.48	COMPLETED	B
N5.HOG0048622	1287	25.16	COMPLETED	B
N5.HOG0048626	1288	29.36	COMPLETED	B
N5.HOG0048666	1289	38.11	COMPLETED	C
N5.HOG0048721	1290	30.49	COMPLETED	B
N5.HOG0048724	1291	66.71	COMPLETED	C
N5.HOG0048737	1292	24.34	COMPLETED	B
N5.HOG0048760	1293	8.51	COMPLETED	A
N5.HOG0048764	1294	7.81	COMPLETED	A
N5.HOG0048833	1295	12.88	COMPLETED	B
N5.HOG0048857	1296	16.27	COMPLETED	B
N5.HOG0048867	1297	8.63	COMPLETED	A
N5.HOG0048870	1298	3.94	COMPLETED	A
N5.HOG0048881	1299	40.78	COMPLETED	C
N5.HOG0048900	1300	8.49	COMPLETED	A
N5.HOG0048918	1301	19.48	COMPLETED	B
N5.HOG0048919	1302	37.76	COMPLETED	C
N5.HOG0048939	1303	32.33	COMPLETED	B
N5.HOG0048982	1304	16.45	COMPLETED	B
N5.HOG0048984	1305	28.15	COMPLETED	B
N5.HOG0049006	1306	17.50	COMPLETED	B
N5.HOG0049044	1307	52.30	COMPLETED	C
N5.HOG0049061	1308	5.42	COMPLETED	A
N5.HOG0049066	1309	19.19	COMPLETED	B
N5.HOG0049072	1310	15.05	COMPLETED	B
N5.HOG0049119	1311	30.10	COMPLETED	B
N5.HOG0049127	1312	7.97	COMPLETED	A
N5.HOG0049132	1313	4.15	COMPLETED	A
N5.HOG0049191	1314	2.49	COMPLETED	A
N5.HOG0049214	1315	27.84	COMPLETED	B
N5.HOG0049216	1316	72.01	NO_COMPLETED	C
N5.HOG0049220	1317	9.16	COMPLETED	A
N5.HOG0049247	1318	26.96	COMPLETED	B
N5.HOG0049256	1319	39.48	COMPLETED	C
N5.HOG0049261	1320	16.16	COMPLETED	B
N5.HOG0049268	1321	5.20	COMPLETED	A
N5.HOG0049269	1322	59.26	COMPLETED	C
N5.HOG0049287	1323	6.25	COMPLETED	A
N5.HOG0049325	1324	5.83	COMPLETED	A
N5.HOG0049336	1325	14.55	COMPLETED	B
N5.HOG0049348	1326	17.76	COMPLETED	B
N5.HOG0049391	1327	3.02	COMPLETED	A
N5.HOG0049395	1328	4.37	COMPLETED	A
N5.HOG0049403	1329	4.89	COMPLETED	A
N5.HOG0049457	1330	43.74	COMPLETED	C
N5.HOG0049459	1331	16.14	COMPLETED	B
N5.HOG0049461	1332	53.63	COMPLETED	C
N5.HOG0049463	1333	22.41	COMPLETED	B
N5.HOG0049464	1334	14.72	COMPLETED	B
N5.HOG0049528	1335	6.76	COMPLETED	A
N5.HOG0049530	1336	26.91	COMPLETED	B
N5.HOG0049531	1337	17.35	COMPLETED	B
N5.HOG0049543	1338	15.25	COMPLETED	B
N5.HOG0049549	1339	36.04	COMPLETED	C
N5.HOG0049551	1340	18.18	COMPLETED	B
N5.HOG0049555	1341	5.10	COMPLETED	A
N5.HOG0049627	1342	14.37	COMPLETED	B
N5.HOG0049680	1343	8.01	COMPLETED	A
N5.HOG0049689	1344	12.80	COMPLETED	B
N5.HOG0049735	1345	34.11	COMPLETED	B
N5.HOG0049736	1346	25.24	COMPLETED	B
N5.HOG0049745	1347	20.96	COMPLETED	B
N5.HOG0049747	1348	18.38	COMPLETED	B
N5.HOG0049749	1349	10.34	COMPLETED	A
N5.HOG0049750	1350	40.51	COMPLETED	C
N5.HOG0049780	1351	5.07	COMPLETED	A
N5.HOG0049782	1352	8.00	COMPLETED	A
N5.HOG0049819	1353	9.37	COMPLETED	A
N5.HOG0049830	1354	0.00	NO_COMPLETED	C
N5.HOG0049835	1355	10.29	COMPLETED	A
N5.HOG0049836	1356	3.96	COMPLETED	A
N5.HOG0049837	1357	22.58	COMPLETED	B
N5.HOG0049877	1358	15.87	COMPLETED	B
N5.HOG0049883	1359	17.70	COMPLETED	B
N5.HOG0049887	1360	38.10	COMPLETED	C
N5.HOG0049889	1361	40.52	COMPLETED	C
N5.HOG0049897	1362	60.28	COMPLETED	C
N5.HOG0049906	1363	23.73	COMPLETED	B
N5.HOG0049932	1364	8.63	COMPLETED	A
N5.HOG0049936	1365	11.72	COMPLETED	A
N5.HOG0049938	1366	40.17	COMPLETED	C
N5.HOG0049961	1367	16.39	COMPLETED	B
N5.HOG0049977	1368	29.13	COMPLETED	B
N5.HOG0050017	1369	14.54	COMPLETED	B
N5.HOG0050021	1370	28.69	COMPLETED	B
N5.HOG0050049	1371	28.62	COMPLETED	B
N5.HOG0050057	1372	45.18	COMPLETED	C
N5.HOG0050077	1373	10.40	COMPLETED	A
N5.HOG0050079	1374	33.39	COMPLETED	B
N5.HOG0050080	1375	22.09	COMPLETED	B
N5.HOG0050081	1376	63.16	COMPLETED	C
N5.HOG0050090	1377	30.00	COMPLETED	B
N5.HOG0050115	1378	36.75	COMPLETED	C
N5.HOG0050122	1379	25.02	COMPLETED	B
N5.HOG0050136	1380	50.42	COMPLETED	C
N5.HOG0050138	1381	45.25	COMPLETED	C
N5.HOG0050149	1382	22.79	COMPLETED	B
N5.HOG0050158	1383	4.31	COMPLETED	A
N5.HOG0050206	1384	38.30	COMPLETED	C
N5.HOG0050208	1385	33.92	COMPLETED	B
N5.HOG0050233	1386	29.57	COMPLETED	B
N5.HOG0050249	1387	45.26	COMPLETED	C
N5.HOG0050252	1388	21.04	COMPLETED	B
N5.HOG0050266	1389	9.34	COMPLETED	A
N5.HOG0050270	1390	7.07	COMPLETED	A
N5.HOG0050287	1391	8.66	COMPLETED	A
N5.HOG0050327	1392	15.88	COMPLETED	B
N5.HOG0050331	1393	19.73	COMPLETED	B
N5.HOG0050334	1394	19.78	COMPLETED	B
N5.HOG0050338	1395	5.55	COMPLETED	A
N5.HOG0050374	1396	16.71	COMPLETED	B
N5.HOG0050388	1397	20.37	COMPLETED	B
N5.HOG0050397	1398	33.73	COMPLETED	B
N5.HOG0050425	1399	39.53	COMPLETED	C
N5.HOG0050433	1400	15.15	COMPLETED	B
N5.HOG0050457	1401	19.05	COMPLETED	B
N5.HOG0050479	1402	37.40	COMPLETED	C
N5.HOG0050507	1403	28.79	COMPLETED	B
N5.HOG0050514	1404	30.93	COMPLETED	B
N5.HOG0050518	1405	13.70	COMPLETED	B
N5.HOG0050520	1406	59.09	COMPLETED	C
N5.HOG0050523	1407	26.16	COMPLETED	B
N5.HOG0050545	1408	13.79	COMPLETED	B
N5.HOG0050592	1409	28.91	COMPLETED	B
N5.HOG0050600	1410	3.74	COMPLETED	A
N5.HOG0050625	1411	28.31	COMPLETED	B
N5.HOG0050681	1412	16.35	COMPLETED	B
N5.HOG0050687	1413	32.86	COMPLETED	B
N5.HOG0050688	1414	57.09	COMPLETED	C
N5.HOG0050702	1415	27.51	COMPLETED	B
N5.HOG0050755	1416	34.87	COMPLETED	B
N5.HOG0050757	1417	16.37	COMPLETED	B
N5.HOG0050758	1418	23.70	COMPLETED	B
N5.HOG0050759	1419	24.82	COMPLETED	B
N5.HOG0050864	1420	36.02	COMPLETED	C
N5.HOG0050866	1421	2.66	COMPLETED	A
N5.HOG0050867	1422	29.05	COMPLETED	B
N5.HOG0050873	1423	2.61	COMPLETED	A
N5.HOG0050887	1424	5.46	COMPLETED	A
N5.HOG0050919	1425	31.66	COMPLETED	B
N5.HOG0050932	1426	37.95	COMPLETED	C
N5.HOG0050934	1427	41.29	COMPLETED	C
N5.HOG0050954	1428	10.63	COMPLETED	A
N5.HOG0050967	1429	7.90	COMPLETED	A
N5.HOG0050968	1430	21.05	COMPLETED	B
N5.HOG0050970	1431	19.76	COMPLETED	B
N5.HOG0050971	1432	11.19	COMPLETED	A
N5.HOG0050975	1433	38.99	COMPLETED	C
N5.HOG0050976	1434	27.94	COMPLETED	B
N5.HOG0050986	1435	8.87	COMPLETED	A
N5.HOG0051006	1436	10.47	COMPLETED	A
N5.HOG0051022	1437	31.24	COMPLETED	B
N5.HOG0051023	1438	62.27	COMPLETED	C
N5.HOG0051038	1439	25.15	COMPLETED	B
N5.HOG0051039	1440	25.92	COMPLETED	B
N5.HOG0051040	1441	23.63	COMPLETED	B
N5.HOG0051043	1442	15.99	COMPLETED	B
N5.HOG0051052	1443	5.53	COMPLETED	A
N5.HOG0051078	1444	12.19	COMPLETED	B
N5.HOG0051107	1445	12.75	COMPLETED	B
N5.HOG0051110	1446	8.22	COMPLETED	A
N5.HOG0051130	1447	36.59	COMPLETED	C
N5.HOG0051178	1448	30.53	COMPLETED	B
N5.HOG0051187	1449	19.03	COMPLETED	B
N5.HOG0051200	1450	29.83	COMPLETED	B
N5.HOG0051202	1451	37.87	COMPLETED	C
N5.HOG0051228	1452	48.19	COMPLETED	C
N5.HOG0051281	1453	1.36	COMPLETED	A
N5.HOG0051314	1454	15.26	COMPLETED	B
N5.HOG0051317	1455	68.65	COMPLETED	C
N5.HOG0051318	1456	28.34	COMPLETED	B
N5.HOG0051320	1457	49.82	COMPLETED	C
N5.HOG0051341	1458	21.32	COMPLETED	B
N5.HOG0051360	1459	13.33	COMPLETED	B
N5.HOG0051429	1460	21.19	COMPLETED	B
N5.HOG0051432	1461	43.10	COMPLETED	C
N5.HOG0051442	1462	10.19	COMPLETED	A
N5.HOG0051445	1463	23.73	COMPLETED	B
N5.HOG0051460	1464	7.10	COMPLETED	A
N5.HOG0051469	1465	50.09	COMPLETED	C
N5.HOG0051488	1466	15.39	COMPLETED	B
N5.HOG0051491	1467	23.95	COMPLETED	B
N5.HOG0051492	1468	2.86	COMPLETED	A
N5.HOG0051516	1469	40.67	COMPLETED	C
N5.HOG0051546	1470	23.13	COMPLETED	B
N5.HOG0051548	1471	38.96	COMPLETED	C
N5.HOG0051567	1472	11.84	COMPLETED	A
N5.HOG0051569	1473	14.13	COMPLETED	B
N5.HOG0051614	1474	16.55	COMPLETED	B
N5.HOG0051615	1475	24.42	COMPLETED	B
N5.HOG0051631	1476	50.10	COMPLETED	C
N5.HOG0051633	1477	11.44	COMPLETED	A
N5.HOG0051640	1478	15.25	COMPLETED	B
N5.HOG0051646	1479	16.23	COMPLETED	B
N5.HOG0051649	1480	42.58	COMPLETED	C
N5.HOG0051682	1481	57.51	COMPLETED	C
N5.HOG0051689	1482	6.97	COMPLETED	A
N5.HOG0051707	1483	21.80	COMPLETED	B
N5.HOG0051720	1484	7.92	COMPLETED	A
N5.HOG0051722	1485	21.02	COMPLETED	B
N5.HOG0051756	1486	9.71	COMPLETED	A
N5.HOG0051764	1487	65.74	COMPLETED	C
N5.HOG0051785	1488	24.39	COMPLETED	B
N5.HOG0051812	1489	36.93	COMPLETED	C
N5.HOG0051834	1490	9.50	COMPLETED	A
N5.HOG0051838	1491	61.60	COMPLETED	C
N5.HOG0051863	1492	2.52	COMPLETED	A
N5.HOG0051864	1493	12.40	COMPLETED	B
N5.HOG0051865	1494	14.25	COMPLETED	B
N5.HOG0051879	1495	28.01	COMPLETED	B
N5.HOG0051895	1496	14.69	COMPLETED	B
N5.HOG0051917	1497	27.79	COMPLETED	B
N5.HOG0051940	1498	8.62	COMPLETED	A
N5.HOG0051989	1499	24.38	COMPLETED	B
N5.HOG0051990	1500	16.35	COMPLETED	B
N5.HOG0051992	1501	31.19	COMPLETED	B
N5.HOG0052079	1502	7.67	COMPLETED	A
N5.HOG0052114	1503	25.92	COMPLETED	B
N5.HOG0052115	1504	23.97	COMPLETED	B
N5.HOG0052124	1505	68.34	COMPLETED	C
N5.HOG0052135	1506	4.87	COMPLETED	A
N5.HOG0052138	1507	25.43	COMPLETED	B
N5.HOG0052156	1508	2.18	COMPLETED	A
N5.HOG0052157	1509	4.33	COMPLETED	A
N5.HOG0052180	1510	12.49	COMPLETED	B
N5.HOG0052184	1511	5.86	COMPLETED	A
N5.HOG0052201	1512	11.29	COMPLETED	A
N5.HOG0052206	1513	23.37	COMPLETED	B
N5.HOG0052216	1514	25.86	COMPLETED	B
N5.HOG0052330	1515	12.54	COMPLETED	B
N5.HOG0052367	1516	9.68	COMPLETED	A
N5.HOG0052375	1517	6.27	COMPLETED	A
N5.HOG0052378	1518	6.62	COMPLETED	A
N5.HOG0052379	1519	24.63	COMPLETED	B
N5.HOG0052384	1520	18.52	COMPLETED	B
N5.HOG0052387	1521	17.04	COMPLETED	B
N5.HOG0052390	1522	20.15	COMPLETED	B
N5.HOG0052434	1523	40.83	COMPLETED	C
N5.HOG0052438	1524	28.59	COMPLETED	B
N5.HOG0052479	1525	18.69	COMPLETED	B
N5.HOG0052481	1526	44.78	COMPLETED	C
N5.HOG0052489	1527	10.29	COMPLETED	A
N5.HOG0052497	1528	11.73	COMPLETED	A
N5.HOG0052500	1529	30.85	COMPLETED	B
N5.HOG0052515	1530	26.68	COMPLETED	B
N5.HOG0052519	1531	53.03	COMPLETED	C
N5.HOG0052535	1532	4.79	COMPLETED	A
N5.HOG0052536	1533	72.01	NO_COMPLETED	C
N5.HOG0052627	1534	7.39	COMPLETED	A
N5.HOG0052662	1535	21.47	COMPLETED	B
N5.HOG0052673	1536	4.22	COMPLETED	A
N5.HOG0052677	1537	14.80	COMPLETED	B
N5.HOG0052687	1538	18.84	COMPLETED	B
N5.HOG0052715	1539	6.41	COMPLETED	A
N5.HOG0052726	1540	70.75	COMPLETED	C
N5.HOG0052727	1541	11.03	COMPLETED	A
N5.HOG0052733	1542	13.67	COMPLETED	B
N5.HOG0052746	1543	12.43	COMPLETED	B
N5.HOG0052764	1544	18.25	COMPLETED	B
N5.HOG0052799	1545	33.94	COMPLETED	B
N5.HOG0052852	1546	13.70	COMPLETED	B
N5.HOG0052853	1547	19.91	COMPLETED	B
N5.HOG0052855	1548	5.99	COMPLETED	A
N5.HOG0052897	1549	10.77	COMPLETED	A
N5.HOG0052901	1550	6.30	COMPLETED	A
N5.HOG0052947	1551	24.06	COMPLETED	B
N5.HOG0052976	1552	20.12	COMPLETED	B
N5.HOG0053011	1553	27.00	COMPLETED	B
N5.HOG0053081	1554	9.16	COMPLETED	A
N5.HOG0053089	1555	13.96	COMPLETED	B
N5.HOG0053090	1556	8.12	COMPLETED	A
N5.HOG0053107	1557	26.95	COMPLETED	B
N5.HOG0053135	1558	32.48	COMPLETED	B
N5.HOG0053152	1559	3.48	COMPLETED	A
N5.HOG0053153	1560	3.86	COMPLETED	A
N5.HOG0053164	1561	17.76	COMPLETED	B
N5.HOG0053188	1562	28.60	COMPLETED	B
N5.HOG0053190	1563	26.07	COMPLETED	B
N5.HOG0053191	1564	10.27	COMPLETED	A
N5.HOG0053192	1565	17.04	COMPLETED	B
N5.HOG0053197	1566	19.31	COMPLETED	B
N5.HOG0053198	1567	37.28	COMPLETED	C
N5.HOG0053203	1568	35.83	COMPLETED	B
N5.HOG0053205	1569	3.53	COMPLETED	A
N5.HOG0053223	1570	42.41	COMPLETED	C
N5.HOG0053276	1571	69.57	COMPLETED	C
N5.HOG0053277	1572	17.91	COMPLETED	B
N5.HOG0053294	1573	52.04	COMPLETED	C
N5.HOG0053352	1574	35.13	COMPLETED	B
N5.HOG0053389	1575	41.28	COMPLETED	C
N5.HOG0053398	1576	21.54	COMPLETED	B
N5.HOG0053439	1577	2.85	COMPLETED	A
N5.HOG0053474	1578	9.71	COMPLETED	A
N5.HOG0053477	1579	70.75	COMPLETED	C
N5.HOG0053505	1580	16.67	COMPLETED	B
N5.HOG0053508	1581	5.79	COMPLETED	A
N5.HOG0053523	1582	15.31	COMPLETED	B
N5.HOG0053539	1583	26.73	COMPLETED	B
N5.HOG0053541	1584	13.95	COMPLETED	B
N5.HOG0053542	1585	15.95	COMPLETED	B
N5.HOG0053553	1586	13.06	COMPLETED	B
N5.HOG0053555	1587	1.11	COMPLETED	A
N5.HOG0053556	1588	21.53	COMPLETED	B
N5.HOG0053557	1589	13.62	COMPLETED	B
N5.HOG0053568	1590	11.67	COMPLETED	A
N5.HOG0053611	1591	45.11	COMPLETED	C
N5.HOG0053612	1592	12.22	COMPLETED	B
N5.HOG0053613	1593	17.37	COMPLETED	B
N5.HOG0053629	1594	29.78	COMPLETED	B
N5.HOG0053643	1595	50.82	COMPLETED	C
N5.HOG0053654	1596	11.18	COMPLETED	A
N5.HOG0053657	1597	12.42	COMPLETED	B
N5.HOG0053694	1598	3.35	COMPLETED	A
N5.HOG0053700	1599	6.83	COMPLETED	A
N5.HOG0053702	1600	13.72	COMPLETED	B
N5.HOG0053703	1601	18.17	COMPLETED	B
N5.HOG0053704	1602	30.83	COMPLETED	B
N5.HOG0053718	1603	42.12	COMPLETED	C
N5.HOG0053742	1604	23.28	COMPLETED	B
N5.HOG0053753	1605	10.10	COMPLETED	A
N5.HOG0053762	1606	35.15	COMPLETED	B
N5.HOG0053763	1607	5.57	COMPLETED	A
N5.HOG0053766	1608	23.67	COMPLETED	B
N5.HOG0053777	1609	24.81	COMPLETED	B
N5.HOG0053780	1610	5.95	COMPLETED	A
N5.HOG0053781	1611	7.33	COMPLETED	A
N5.HOG0053785	1612	9.24	COMPLETED	A
N5.HOG0053800	1613	20.39	COMPLETED	B
N5.HOG0053803	1614	20.81	COMPLETED	B
N5.HOG0053805	1615	28.48	COMPLETED	B
N5.HOG0053809	1616	21.55	COMPLETED	B
N5.HOG0053820	1617	5.29	COMPLETED	A
N5.HOG0053823	1618	7.21	COMPLETED	A
N5.HOG0053825	1619	9.07	COMPLETED	A
N5.HOG0053831	1620	5.04	COMPLETED	A
N5.HOG0053864	1621	15.59	COMPLETED	B
N5.HOG0053865	1622	31.24	COMPLETED	B
N5.HOG0053931	1623	31.65	COMPLETED	B
N5.HOG0053943	1624	29.66	COMPLETED	B
N5.HOG0053947	1625	22.13	COMPLETED	B
N5.HOG0053951	1626	9.37	COMPLETED	A
N5.HOG0053952	1627	7.58	COMPLETED	A
N5.HOG0053953	1628	56.19	COMPLETED	C
N5.HOG0054003	1629	29.95	COMPLETED	B
N5.HOG0054004	1630	37.01	COMPLETED	C
N5.HOG0054006	1631	15.25	COMPLETED	B
N5.HOG0054007	1632	2.88	COMPLETED	A
N5.HOG0054026	1633	27.41	COMPLETED	B
N5.HOG0054027	1634	72.01	NO_COMPLETED	C
N5.HOG0054028	1635	30.47	COMPLETED	B
N5.HOG0054029	1636	69.16	COMPLETED	C
N5.HOG0054057	1637	7.41	COMPLETED	A
N5.HOG0054060	1638	11.31	COMPLETED	A
N5.HOG0054061	1639	8.90	COMPLETED	A
N5.HOG0054062	1640	23.81	COMPLETED	B
N5.HOG0054064	1641	41.88	COMPLETED	C
N5.HOG0054084	1642	9.02	COMPLETED	A
N5.HOG0054094	1643	23.86	COMPLETED	B
N5.HOG0054095	1644	34.62	COMPLETED	B
N5.HOG0054097	1645	18.64	COMPLETED	B
N5.HOG0054098	1646	19.09	COMPLETED	B
N5.HOG0054100	1647	26.22	COMPLETED	B
N5.HOG0054101	1648	23.34	COMPLETED	B
N5.HOG0054121	1649	8.42	COMPLETED	A
N5.HOG0054123	1650	9.47	COMPLETED	A
N5.HOG0054135	1651	9.74	COMPLETED	A
N5.HOG0054138	1652	17.39	COMPLETED	B
N5.HOG0054173	1653	4.87	COMPLETED	A
N5.HOG0054176	1654	25.70	COMPLETED	B
N5.HOG0054177	1655	27.88	COMPLETED	B
N5.HOG0054209	1656	12.13	COMPLETED	B
N5.HOG0054210	1657	9.76	COMPLETED	A
N5.HOG0054213	1658	29.89	COMPLETED	B
N5.HOG0054225	1659	54.72	COMPLETED	C
N5.HOG0054227	1660	47.95	COMPLETED	C
N5.HOG0054232	1661	18.39	COMPLETED	B
N5.HOG0054283	1662	47.54	COMPLETED	C
N5.HOG0054285	1663	70.23	COMPLETED	C
N5.HOG0054294	1664	5.11	COMPLETED	A
N5.HOG0054296	1665	23.26	COMPLETED	B
N5.HOG0054356	1666	33.01	COMPLETED	B
N5.HOG0054359	1667	3.78	COMPLETED	A
N5.HOG0054369	1668	3.24	COMPLETED	A
N5.HOG0054370	1669	30.84	COMPLETED	B
N5.HOG0054371	1670	17.61	COMPLETED	B
N5.HOG0054387	1671	23.49	COMPLETED	B
N5.HOG0054388	1672	30.52	COMPLETED	B
N5.HOG0054389	1673	18.59	COMPLETED	B
N5.HOG0054393	1674	16.82	COMPLETED	B
N5.HOG0054397	1675	34.06	COMPLETED	B
N5.HOG0054399	1676	56.97	COMPLETED	C
N5.HOG0054403	1677	20.86	COMPLETED	B
N5.HOG0054404	1678	24.56	COMPLETED	B
N5.HOG0054405	1679	14.80	COMPLETED	B
N5.HOG0054408	1680	7.85	COMPLETED	A
N5.HOG0054409	1681	57.05	COMPLETED	C
N5.HOG0054414	1682	13.02	COMPLETED	B
N5.HOG0054434	1683	6.68	COMPLETED	A
N5.HOG0054452	1684	28.00	COMPLETED	B
N5.HOG0054457	1685	13.31	COMPLETED	B
N5.HOG0054480	1686	12.87	COMPLETED	B
N5.HOG0054488	1687	26.11	COMPLETED	B
N5.HOG0054502	1688	4.16	COMPLETED	A
N5.HOG0054505	1689	56.91	COMPLETED	C
N5.HOG0054507	1690	57.15	COMPLETED	C
N5.HOG0054511	1691	4.85	COMPLETED	A
N5.HOG0054524	1692	23.19	COMPLETED	B
N5.HOG0054577	1693	14.64	COMPLETED	B
N5.HOG0054578	1694	11.20	COMPLETED	A
N5.HOG0054633	1695	8.34	COMPLETED	A
N5.HOG0054637	1696	9.04	COMPLETED	A
N5.HOG0054638	1697	56.73	COMPLETED	C
N5.HOG0054640	1698	36.00	COMPLETED	C
N5.HOG0054642	1699	36.30	COMPLETED	C
N5.HOG0054713	1700	37.51	COMPLETED	C
N5.HOG0054716	1701	27.37	COMPLETED	B
N5.HOG0054717	1702	10.74	COMPLETED	A
N5.HOG0054726	1703	46.22	COMPLETED	C
N5.HOG0054727	1704	46.04	COMPLETED	C
N5.HOG0054746	1705	10.16	COMPLETED	A
N5.HOG0054752	1706	12.43	COMPLETED	B
N5.HOG0054785	1707	7.17	COMPLETED	A
N5.HOG0054791	1708	24.69	COMPLETED	B
N5.HOG0054795	1709	8.62	COMPLETED	A
N5.HOG0054831	1710	9.46	COMPLETED	A
N5.HOG0054832	1711	54.74	COMPLETED	C
N5.HOG0054842	1712	42.60	COMPLETED	C
N5.HOG0054845	1713	14.51	COMPLETED	B
N5.HOG0054849	1714	44.45	COMPLETED	C
N5.HOG0054857	1715	7.51	COMPLETED	A
N5.HOG0054866	1716	4.54	COMPLETED	A
N5.HOG0054874	1717	11.57	COMPLETED	A
N5.HOG0054876	1718	8.65	COMPLETED	A
N5.HOG0054877	1719	11.37	COMPLETED	A
N5.HOG0054884	1720	41.09	COMPLETED	C
N5.HOG0054889	1721	21.41	COMPLETED	B
N5.HOG0054901	1722	9.29	COMPLETED	A
N5.HOG0054903	1723	16.32	COMPLETED	B
N5.HOG0054910	1724	5.54	COMPLETED	A
N5.HOG0054912	1725	21.63	COMPLETED	B
N5.HOG0054916	1726	31.24	COMPLETED	B
N5.HOG0054919	1727	50.80	COMPLETED	C
N5.HOG0054940	1728	30.90	COMPLETED	B
N5.HOG0054954	1729	13.23	COMPLETED	B
N5.HOG0054956	1730	57.90	COMPLETED	C
N5.HOG0054967	1731	55.62	COMPLETED	C
N5.HOG0054988	1732	26.84	COMPLETED	B
N5.HOG0054990	1733	17.03	COMPLETED	B
N5.HOG0054991	1734	3.74	COMPLETED	A
N5.HOG0054992	1735	30.32	COMPLETED	B
N5.HOG0054993	1736	17.34	COMPLETED	B
N5.HOG0054994	1737	48.85	COMPLETED	C
N5.HOG0055000	1738	12.33	COMPLETED	B
N5.HOG0055003	1739	21.99	COMPLETED	B
N5.HOG0055004	1740	12.47	COMPLETED	B
N5.HOG0055014	1741	42.18	COMPLETED	C
N5.HOG0055044	1742	47.78	COMPLETED	C
N5.HOG0055046	1743	16.55	COMPLETED	B
N5.HOG0055047	1744	6.13	COMPLETED	A
N5.HOG0055064	1745	48.10	COMPLETED	C
N5.HOG0055067	1746	13.47	COMPLETED	B
N5.HOG0055068	1747	26.30	COMPLETED	B
N5.HOG0055082	1748	12.55	COMPLETED	B
N5.HOG0055126	1749	35.06	COMPLETED	B
N5.HOG0055127	1750	21.93	COMPLETED	B
N5.HOG0055131	1751	18.49	COMPLETED	B
N5.HOG0055132	1752	6.82	COMPLETED	A
N5.HOG0055145	1753	6.14	COMPLETED	A
N5.HOG0055149	1754	46.11	COMPLETED	C
N5.HOG0055151	1755	26.98	COMPLETED	B
N5.HOG0055154	1756	45.77	COMPLETED	C
N5.HOG0055160	1757	3.14	COMPLETED	A
N5.HOG0055171	1758	50.51	COMPLETED	C
N5.HOG0055182	1759	21.67	COMPLETED	B
N5.HOG0055183	1760	12.88	COMPLETED	B
N5.HOG0055205	1761	46.15	COMPLETED	C
N5.HOG0055225	1762	12.89	COMPLETED	B
N5.HOG0055266	1763	4.95	COMPLETED	A
N5.HOG0055287	1764	26.92	COMPLETED	B
N5.HOG0055288	1765	8.40	COMPLETED	A
N5.HOG0055290	1766	14.45	COMPLETED	B
N5.HOG0055293	1767	9.61	COMPLETED	A
N5.HOG0055302	1768	11.85	COMPLETED	A
N5.HOG0055311	1769	22.93	COMPLETED	B
N5.HOG0055312	1770	20.94	COMPLETED	B
N5.HOG0055313	1771	70.10	COMPLETED	C
N5.HOG0055326	1772	4.25	COMPLETED	A
N5.HOG0055387	1773	24.67	COMPLETED	B
N5.HOG0055389	1774	21.13	COMPLETED	B
N5.HOG0055394	1775	40.11	COMPLETED	C
N5.HOG0055398	1776	30.22	COMPLETED	B
N5.HOG0055401	1777	18.23	COMPLETED	B
N5.HOG0055409	1778	12.55	COMPLETED	B
N5.HOG0055414	1779	36.23	COMPLETED	C
N5.HOG0055417	1780	34.44	COMPLETED	B
N5.HOG0055420	1781	9.95	COMPLETED	A
N5.HOG0055449	1782	43.56	COMPLETED	C
N5.HOG0055451	1783	7.05	COMPLETED	A
N5.HOG0055459	1784	27.01	COMPLETED	B
N5.HOG0055466	1785	48.72	COMPLETED	C
N5.HOG0055468	1786	22.60	COMPLETED	B
N5.HOG0055471	1787	24.22	COMPLETED	B
N5.HOG0055480	1788	52.80	COMPLETED	C
N5.HOG0055488	1789	30.50	COMPLETED	B
N5.HOG0055502	1790	20.97	COMPLETED	B
N5.HOG0055518	1791	5.36	COMPLETED	A
N5.HOG0055552	1792	9.89	COMPLETED	A
N5.HOG0055553	1793	17.91	COMPLETED	B
N5.HOG0055569	1794	29.43	COMPLETED	B
N5.HOG0055571	1795	43.19	COMPLETED	C
N5.HOG0055575	1796	4.70	COMPLETED	A
N5.HOG0055578	1797	41.90	COMPLETED	C
N5.HOG0055614	1798	4.36	COMPLETED	A
N5.HOG0055615	1799	9.82	COMPLETED	A
N5.HOG0055649	1800	9.57	COMPLETED	A
N5.HOG0055650	1801	43.84	COMPLETED	C
N5.HOG0055655	1802	44.47	COMPLETED	C
N5.HOG0055679	1803	70.89	COMPLETED	C
N5.HOG0055690	1804	17.39	COMPLETED	B
N5.HOG0055703	1805	4.99	COMPLETED	A
N5.HOG0055721	1806	29.85	COMPLETED	B
N5.HOG0055735	1807	31.91	COMPLETED	B
N5.HOG0055749	1808	49.37	COMPLETED	C
N5.HOG0055752	1809	13.67	COMPLETED	B
N5.HOG0055763	1810	3.17	COMPLETED	A
N5.HOG0055770	1811	29.91	COMPLETED	B
N5.HOG0055772	1812	36.45	COMPLETED	C
N5.HOG0055785	1813	4.26	COMPLETED	A
N5.HOG0055796	1814	16.16	COMPLETED	B
N5.HOG0055802	1815	35.12	COMPLETED	B
N5.HOG0055808	1816	9.74	COMPLETED	A
N5.HOG0055811	1817	15.83	COMPLETED	B
N5.HOG0055823	1818	7.13	COMPLETED	A
N5.HOG0055858	1819	16.88	COMPLETED	B
N5.HOG0055866	1820	17.15	COMPLETED	B
N5.HOG0055868	1821	20.49	COMPLETED	B
N5.HOG0055903	1822	43.73	COMPLETED	C
N5.HOG0055910	1823	30.78	COMPLETED	B
N5.HOG0055912	1824	8.41	COMPLETED	A
N5.HOG0055915	1825	32.99	COMPLETED	B
N5.HOG0055917	1826	8.24	COMPLETED	A
N5.HOG0055918	1827	21.66	COMPLETED	B
N5.HOG0055932	1828	18.60	COMPLETED	B
N5.HOG0055934	1829	21.86	COMPLETED	B
N5.HOG0055963	1830	9.00	COMPLETED	A
N5.HOG0055998	1831	37.45	COMPLETED	C
N5.HOG0056015	1832	17.01	COMPLETED	B
N5.HOG0056016	1833	14.22	COMPLETED	B
N5.HOG0056017	1834	24.72	COMPLETED	B
N5.HOG0056026	1835	18.42	COMPLETED	B
N5.HOG0056033	1836	18.76	COMPLETED	B
N5.HOG0056051	1837	6.03	COMPLETED	A
N5.HOG0056052	1838	17.54	COMPLETED	B
N5.HOG0056066	1839	20.36	COMPLETED	B
N5.HOG0056077	1840	13.62	COMPLETED	B
N5.HOG0056082	1841	35.91	COMPLETED	B
N5.HOG0056084	1842	5.65	COMPLETED	A
N5.HOG0056086	1843	16.18	COMPLETED	B
N5.HOG0056120	1844	70.05	COMPLETED	C
N5.HOG0056121	1845	39.41	COMPLETED	C
N5.HOG0056124	1846	8.92	COMPLETED	A
N5.HOG0056125	1847	11.33	COMPLETED	A
N5.HOG0056126	1848	7.95	COMPLETED	A
N5.HOG0056136	1849	66.95	COMPLETED	C
N5.HOG0056138	1850	65.24	COMPLETED	C
N5.HOG0056151	1851	27.87	COMPLETED	B
N5.HOG0056154	1852	22.69	COMPLETED	B
N5.HOG0056160	1853	6.43	COMPLETED	A
N5.HOG0056206	1854	18.35	COMPLETED	B
N5.HOG0056207	1855	40.67	COMPLETED	C
N5.HOG0056217	1856	15.97	COMPLETED	B
N5.HOG0056219	1857	5.10	COMPLETED	A
N5.HOG0056235	1858	10.87	COMPLETED	A
N5.HOG0056241	1859	35.93	COMPLETED	B
N5.HOG0056258	1860	22.33	COMPLETED	B
N5.HOG0056264	1861	44.06	COMPLETED	C
N5.HOG0056278	1862	19.46	COMPLETED	B
N5.HOG0056284	1863	5.24	COMPLETED	A
N5.HOG0056287	1864	2.84	COMPLETED	A
N5.HOG0056303	1865	17.48	COMPLETED	B
N5.HOG0056305	1866	16.53	COMPLETED	B
N5.HOG0056308	1867	28.36	COMPLETED	B
N5.HOG0056317	1868	15.24	COMPLETED	B
N5.HOG0056319	1869	9.81	COMPLETED	A
N5.HOG0056322	1870	4.19	COMPLETED	A
N5.HOG0056345	1871	59.72	COMPLETED	C
N5.HOG0056356	1872	27.04	COMPLETED	B
N5.HOG0056382	1873	4.50	COMPLETED	A
N5.HOG0056414	1874	7.02	COMPLETED	A
N5.HOG0056432	1875	11.77	COMPLETED	A
N5.HOG0056441	1876	19.94	COMPLETED	B
N5.HOG0056464	1877	4.80	COMPLETED	A
N5.HOG0056474	1878	16.51	COMPLETED	B
N5.HOG0056496	1879	31.70	COMPLETED	B
N5.HOG0056501	1880	5.99	COMPLETED	A
N5.HOG0056509	1881	8.08	COMPLETED	A
N5.HOG0056527	1882	14.75	COMPLETED	B
N5.HOG0056628	1883	21.50	COMPLETED	B
N5.HOG0056631	1884	19.30	COMPLETED	B
N5.HOG0056632	1885	15.06	COMPLETED	B
N5.HOG0056650	1886	24.60	COMPLETED	B
N5.HOG0056665	1887	8.97	COMPLETED	A
N5.HOG0056667	1888	26.27	COMPLETED	B
N5.HOG0056679	1889	16.50	COMPLETED	B
N5.HOG0056681	1890	5.51	COMPLETED	A
N5.HOG0056694	1891	9.09	COMPLETED	A
N5.HOG0056707	1892	48.43	COMPLETED	C
N5.HOG0056708	1893	26.81	COMPLETED	B
N5.HOG0056733	1894	49.69	COMPLETED	C
N5.HOG0056734	1895	25.68	COMPLETED	B
N5.HOG0056745	1896	8.46	COMPLETED	A
N5.HOG0056757	1897	19.71	COMPLETED	B
N5.HOG0056765	1898	16.30	COMPLETED	B
N5.HOG0056767	1899	43.84	COMPLETED	C
N5.HOG0056768	1900	15.90	COMPLETED	B
N5.HOG0056774	1901	37.74	COMPLETED	C
N5.HOG0056796	1902	30.88	COMPLETED	B
N5.HOG0056811	1903	11.71	COMPLETED	A
N5.HOG0056816	1904	15.22	COMPLETED	B
N5.HOG0056839	1905	16.36	COMPLETED	B
N5.HOG0056840	1906	23.74	COMPLETED	B
N5.HOG0056841	1907	13.49	COMPLETED	B
N5.HOG0056859	1908	36.34	COMPLETED	C
N5.HOG0056864	1909	15.69	COMPLETED	B
N5.HOG0056872	1910	16.77	COMPLETED	B
N5.HOG0056874	1911	31.94	COMPLETED	B
N5.HOG0056875	1912	17.30	COMPLETED	B
N5.HOG0056923	1913	12.66	COMPLETED	B
N5.HOG0056928	1914	40.15	COMPLETED	C
N5.HOG0056975	1915	56.14	COMPLETED	C
N5.HOG0056976	1916	22.03	COMPLETED	B
N5.HOG0056991	1917	19.23	COMPLETED	B
N5.HOG0056995	1918	35.80	COMPLETED	B
N5.HOG0056996	1919	8.10	COMPLETED	A
N5.HOG0057006	1920	66.58	COMPLETED	C
N5.HOG0057039	1921	28.90	COMPLETED	B
N5.HOG0057040	1922	27.83	COMPLETED	B
N5.HOG0057059	1923	3.98	COMPLETED	A
N5.HOG0057070	1924	19.17	COMPLETED	B
N5.HOG0057074	1925	3.32	COMPLETED	A
N5.HOG0057096	1926	22.70	COMPLETED	B
N5.HOG0057097	1927	53.62	COMPLETED	C
N5.HOG0057109	1928	43.81	COMPLETED	C
N5.HOG0057122	1929	22.00	COMPLETED	B
N5.HOG0057127	1930	15.46	COMPLETED	B
N5.HOG0057128	1931	13.30	COMPLETED	B
N5.HOG0057145	1932	13.10	COMPLETED	B
N5.HOG0057147	1933	35.03	COMPLETED	B
N5.HOG0057154	1934	35.33	COMPLETED	B
N5.HOG0057161	1935	10.96	COMPLETED	A
N5.HOG0057164	1936	15.18	COMPLETED	B
N5.HOG0057165	1937	3.77	COMPLETED	A
N5.HOG0057166	1938	12.06	COMPLETED	B
N5.HOG0057177	1939	40.78	COMPLETED	C
N5.HOG0057186	1940	52.01	COMPLETED	C
N5.HOG0057187	1941	36.47	COMPLETED	C
N5.HOG0057203	1942	63.30	COMPLETED	C
N5.HOG0057204	1943	11.54	COMPLETED	A
N5.HOG0057205	1944	16.79	COMPLETED	B
N5.HOG0057213	1945	24.37	COMPLETED	B
N5.HOG0057217	1946	10.34	COMPLETED	A
N5.HOG0057220	1947	17.70	COMPLETED	B
N5.HOG0057234	1948	13.00	COMPLETED	B
N5.HOG0057253	1949	2.53	COMPLETED	A
N5.HOG0057278	1950	4.07	COMPLETED	A
N5.HOG0057280	1951	19.50	COMPLETED	B
N5.HOG0057284	1952	5.19	COMPLETED	A
N5.HOG0057294	1953	44.69	COMPLETED	C
N5.HOG0057304	1954	6.84	COMPLETED	A
N5.HOG0057305	1955	25.57	COMPLETED	B
N5.HOG0057311	1956	32.40	COMPLETED	B
N5.HOG0057312	1957	23.02	COMPLETED	B
N5.HOG0057319	1958	10.09	COMPLETED	A
N5.HOG0057327	1959	10.91	COMPLETED	A
N5.HOG0057329	1960	8.80	COMPLETED	A
N5.HOG0057347	1961	4.41	COMPLETED	A
N5.HOG0057377	1962	4.92	COMPLETED	A
N5.HOG0057379	1963	7.44	COMPLETED	A
N5.HOG0057386	1964	3.64	COMPLETED	A
N5.HOG0057400	1965	30.58	COMPLETED	B
N5.HOG0057412	1966	15.64	COMPLETED	B
N5.HOG0057421	1967	28.52	COMPLETED	B
N5.HOG0057422	1968	8.69	COMPLETED	A
N5.HOG0057436	1969	33.17	COMPLETED	B
N5.HOG0057439	1970	6.73	COMPLETED	A
N5.HOG0057441	1971	19.71	COMPLETED	B
N5.HOG0057448	1972	17.57	COMPLETED	B
N5.HOG0057451	1973	12.23	COMPLETED	B
N5.HOG0057469	1974	30.22	COMPLETED	B
N5.HOG0057472	1975	6.95	COMPLETED	A
N5.HOG0057477	1976	25.61	COMPLETED	B
N5.HOG0057479	1977	19.74	COMPLETED	B
N5.HOG0057490	1978	30.29	COMPLETED	B
N5.HOG0057495	1979	47.31	COMPLETED	C
N5.HOG0057498	1980	18.04	COMPLETED	B
N5.HOG0057499	1981	5.26	COMPLETED	A
N5.HOG0057500	1982	15.12	COMPLETED	B
N5.HOG0057506	1983	5.56	COMPLETED	A
N5.HOG0057508	1984	11.49	COMPLETED	A
N5.HOG0057509	1985	18.18	COMPLETED	B
N5.HOG0057516	1986	13.53	COMPLETED	B
N5.HOG0057517	1987	7.06	COMPLETED	A
N5.HOG0057534	1988	23.29	COMPLETED	B
N5.HOG0057575	1989	11.90	COMPLETED	A
N5.HOG0057598	1990	27.51	COMPLETED	B
N5.HOG0057607	1991	11.74	COMPLETED	A
N5.HOG0057631	1992	14.94	COMPLETED	B
N5.HOG0057660	1993	25.81	COMPLETED	B
N5.HOG0057661	1994	41.01	COMPLETED	C
N5.HOG0057663	1995	25.28	COMPLETED	B
N5.HOG0057681	1996	3.98	COMPLETED	A
N5.HOG0057688	1997	35.42	COMPLETED	B
N5.HOG0057689	1998	33.21	COMPLETED	B
N5.HOG0057690	1999	16.50	COMPLETED	B
N5.HOG0057691	2000	15.81	COMPLETED	B
N5.HOG0057692	2001	32.89	COMPLETED	B
N5.HOG0057702	2002	22.78	COMPLETED	B
N5.HOG0057703	2003	62.93	COMPLETED	C
N5.HOG0057707	2004	13.83	COMPLETED	B
N5.HOG0057714	2005	11.70	COMPLETED	A
N5.HOG0057715	2006	9.50	COMPLETED	A
N5.HOG0057716	2007	5.48	COMPLETED	A
N5.HOG0057723	2008	38.55	COMPLETED	C
N5.HOG0057725	2009	23.57	COMPLETED	B
N5.HOG0057726	2010	8.54	COMPLETED	A
N5.HOG0057728	2011	35.20	COMPLETED	B
N5.HOG0057729	2012	13.41	COMPLETED	B
N5.HOG0057731	2013	28.56	COMPLETED	B
N5.HOG0057738	2014	2.80	COMPLETED	A
N5.HOG0057740	2015	30.29	COMPLETED	B
N5.HOG0057743	2016	24.18	COMPLETED	B
N5.HOG0057746	2017	3.50	COMPLETED	A
N5.HOG0057765	2018	17.02	COMPLETED	B
N5.HOG0057768	2019	31.44	COMPLETED	B
N5.HOG0057771	2020	26.71	COMPLETED	B
N5.HOG0057778	2021	17.00	COMPLETED	B
N5.HOG0057801	2022	27.49	COMPLETED	B
N5.HOG0057807	2023	12.66	COMPLETED	B
N5.HOG0057809	2024	5.65	COMPLETED	A
N5.HOG0057813	2025	22.40	COMPLETED	B
N5.HOG0057814	2026	20.21	COMPLETED	B
N5.HOG0057815	2027	17.99	COMPLETED	B
N5.HOG0057820	2028	12.18	COMPLETED	B
N5.HOG0057827	2029	8.10	COMPLETED	A
N5.HOG0057845	2030	17.80	COMPLETED	B
N5.HOG0057846	2031	48.90	COMPLETED	C
N5.HOG0057851	2032	65.59	COMPLETED	C
N5.HOG0057856	2033	6.52	COMPLETED	A
N5.HOG0057868	2034	31.71	COMPLETED	B
N5.HOG0057876	2035	8.06	COMPLETED	A
N5.HOG0057879	2036	61.36	COMPLETED	C
N5.HOG0057899	2037	11.88	COMPLETED	A
N5.HOG0057900	2038	15.18	COMPLETED	B
N5.HOG0057901	2039	49.39	COMPLETED	C
N5.HOG0057903	2040	7.31	COMPLETED	A
N5.HOG0057913	2041	9.98	COMPLETED	A
N5.HOG0057922	2042	48.67	COMPLETED	C
N5.HOG0057941	2043	38.14	COMPLETED	C
N5.HOG0057948	2044	6.96	COMPLETED	A
N5.HOG0057950	2045	16.35	COMPLETED	B
N5.HOG0057966	2046	6.60	COMPLETED	A
N5.HOG0057967	2047	7.62	COMPLETED	A
N5.HOG0057969	2048	45.98	COMPLETED	C
N5.HOG0057973	2049	18.66	COMPLETED	B
N5.HOG0057974	2050	28.47	COMPLETED	B
N5.HOG0057977	2051	15.09	COMPLETED	B
N5.HOG0057979	2052	8.82	COMPLETED	A
N5.HOG0057991	2053	24.03	COMPLETED	B
N5.HOG0057994	2054	22.46	COMPLETED	B
N5.HOG0057997	2055	18.64	COMPLETED	B
N5.HOG0058002	2056	8.67	COMPLETED	A
N5.HOG0058004	2057	0.60	COMPLETED	A
N5.HOG0058044	2058	12.58	COMPLETED	B
N5.HOG0058046	2059	32.57	COMPLETED	B
N5.HOG0058052	2060	22.66	COMPLETED	B
N5.HOG0058053	2061	41.72	COMPLETED	C
N5.HOG0058055	2062	47.62	COMPLETED	C
N5.HOG0058056	2063	11.12	COMPLETED	A
N5.HOG0058078	2064	39.41	COMPLETED	C
N5.HOG0058080	2065	16.41	COMPLETED	B
N5.HOG0058097	2066	50.15	COMPLETED	C
N5.HOG0058105	2067	46.80	COMPLETED	C
N5.HOG0058106	2068	11.55	COMPLETED	A
N5.HOG0058107	2069	6.82	COMPLETED	A
N5.HOG0058108	2070	56.24	COMPLETED	C
N5.HOG0058113	2071	15.30	COMPLETED	B
N5.HOG0058114	2072	63.77	COMPLETED	C
N5.HOG0058118	2073	12.17	COMPLETED	B
N5.HOG0058119	2074	16.83	COMPLETED	B
N5.HOG0058131	2075	65.69	COMPLETED	C
N5.HOG0058137	2076	20.22	COMPLETED	B
N5.HOG0058140	2077	7.92	COMPLETED	A
N5.HOG0058149	2078	48.02	COMPLETED	C
N5.HOG0058166	2079	66.30	COMPLETED	C
N5.HOG0058167	2080	58.42	COMPLETED	C
N5.HOG0058170	2081	11.08	COMPLETED	A
N5.HOG0058193	2082	29.19	COMPLETED	B
N5.HOG0058205	2083	29.78	COMPLETED	B
N5.HOG0058206	2084	6.03	COMPLETED	A
N5.HOG0058214	2085	18.52	COMPLETED	B
N5.HOG0058215	2086	8.49	COMPLETED	A
N5.HOG0058223	2087	21.92	COMPLETED	B
N5.HOG0058226	2088	14.86	COMPLETED	B
N5.HOG0058239	2089	8.66	COMPLETED	A
N5.HOG0058242	2090	16.59	COMPLETED	B
N5.HOG0058262	2091	23.52	COMPLETED	B
N5.HOG0058276	2092	20.66	COMPLETED	B
N5.HOG0058287	2093	30.96	COMPLETED	B
N5.HOG0058294	2094	16.06	COMPLETED	B
N5.HOG0058303	2095	3.76	COMPLETED	A
N5.HOG0058310	2096	6.89	COMPLETED	A
N5.HOG0058311	2097	11.18	COMPLETED	A
N5.HOG0058328	2098	5.34	COMPLETED	A
N5.HOG0058333	2099	7.83	COMPLETED	A
N5.HOG0058334	2100	18.43	COMPLETED	B
N5.HOG0058337	2101	72.00	NO_COMPLETED	C
N5.HOG0058341	2102	9.00	COMPLETED	A
N5.HOG0058342	2103	9.78	COMPLETED	A
N5.HOG0058355	2104	14.42	COMPLETED	B
N5.HOG0058356	2105	19.17	COMPLETED	B
N5.HOG0058371	2106	72.00	NO_COMPLETED	C
N5.HOG0058372	2107	16.51	COMPLETED	B
N5.HOG0058392	2108	6.03	COMPLETED	A
N5.HOG0058408	2109	8.95	COMPLETED	A
N5.HOG0058409	2110	24.69	COMPLETED	B
N5.HOG0058419	2111	19.76	COMPLETED	B
N5.HOG0058420	2112	28.39	COMPLETED	B
N5.HOG0058431	2113	18.26	COMPLETED	B
N5.HOG0058434	2114	9.09	COMPLETED	A
N5.HOG0058435	2115	61.80	COMPLETED	C
N5.HOG0058468	2116	7.62	COMPLETED	A
N5.HOG0058481	2117	11.37	COMPLETED	A
N5.HOG0058484	2118	8.00	COMPLETED	A
N5.HOG0058485	2119	20.46	COMPLETED	B
N5.HOG0058486	2120	54.46	COMPLETED	C
N5.HOG0058487	2121	9.06	COMPLETED	A
N5.HOG0058489	2122	13.21	COMPLETED	B
N5.HOG0058490	2123	44.30	COMPLETED	C
N5.HOG0058493	2124	9.75	COMPLETED	A
N5.HOG0058494	2125	28.23	COMPLETED	B
N5.HOG0058510	2126	11.84	COMPLETED	A
N5.HOG0058513	2127	3.34	COMPLETED	A
N5.HOG0058514	2128	41.68	COMPLETED	C
N5.HOG0058518	2129	13.80	COMPLETED	B
N5.HOG0058519	2130	28.57	COMPLETED	B
N5.HOG0058528	2131	11.69	COMPLETED	A
N5.HOG0058531	2132	41.78	COMPLETED	C
N5.HOG0058537	2133	4.92	COMPLETED	A
N5.HOG0058539	2134	20.56	COMPLETED	B
N5.HOG0058553	2135	11.14	COMPLETED	A
N5.HOG0058554	2136	7.12	COMPLETED	A
N5.HOG0058556	2137	35.19	COMPLETED	B
N5.HOG0058560	2138	4.54	COMPLETED	A
N5.HOG0058563	2139	39.27	COMPLETED	C
N5.HOG0058570	2140	47.67	COMPLETED	C
N5.HOG0058585	2141	5.14	COMPLETED	A
N5.HOG0058590	2142	9.88	COMPLETED	A
N5.HOG0058592	2143	13.10	COMPLETED	B
N5.HOG0058602	2144	19.92	COMPLETED	B
N5.HOG0058604	2145	50.74	COMPLETED	C
N5.HOG0058609	2146	41.69	COMPLETED	C
N5.HOG0058625	2147	9.75	COMPLETED	A
N5.HOG0058633	2148	11.19	COMPLETED	A
N5.HOG0058647	2149	5.60	COMPLETED	A
N5.HOG0058656	2150	15.37	COMPLETED	B
N5.HOG0058657	2151	7.90	COMPLETED	A
N5.HOG0058658	2152	18.01	COMPLETED	B
N5.HOG0058667	2153	40.63	COMPLETED	C
N5.HOG0058669	2154	27.56	COMPLETED	B
N5.HOG0058670	2155	9.67	COMPLETED	A
N5.HOG0058671	2156	40.25	COMPLETED	C
N5.HOG0058672	2157	17.32	COMPLETED	B
N5.HOG0058673	2158	38.22	COMPLETED	C
N5.HOG0058674	2159	36.39	COMPLETED	C
N5.HOG0058676	2160	1.20	COMPLETED	A
N5.HOG0058690	2161	16.07	COMPLETED	B
N5.HOG0058706	2162	18.47	COMPLETED	B
N5.HOG0058715	2163	6.16	COMPLETED	A
N5.HOG0058734	2164	22.39	COMPLETED	B
N5.HOG0058742	2165	8.13	COMPLETED	A
N5.HOG0058744	2166	27.27	COMPLETED	B
N5.HOG0058753	2167	25.09	COMPLETED	B
N5.HOG0058754	2168	63.39	COMPLETED	C
N5.HOG0058762	2169	7.87	COMPLETED	A
N5.HOG0058764	2170	10.06	COMPLETED	A
N5.HOG0058774	2171	14.49	COMPLETED	B
N5.HOG0058776	2172	16.16	COMPLETED	B
N5.HOG0058793	2173	6.48	COMPLETED	A
N5.HOG0058806	2174	17.24	COMPLETED	B
N5.HOG0058808	2175	13.10	COMPLETED	B
N5.HOG0058815	2176	20.46	COMPLETED	B
N5.HOG0058817	2177	9.10	COMPLETED	A
N5.HOG0058825	2178	10.61	COMPLETED	A
N5.HOG0058829	2179	6.73	COMPLETED	A
N5.HOG0058857	2180	3.94	COMPLETED	A
N5.HOG0058864	2181	10.41	COMPLETED	A
N5.HOG0058865	2182	11.95	COMPLETED	A
N5.HOG0058866	2183	16.00	COMPLETED	B
N5.HOG0058895	2184	38.84	COMPLETED	C
N5.HOG0058896	2185	47.13	COMPLETED	C
N5.HOG0058897	2186	37.46	COMPLETED	C
N5.HOG0058930	2187	3.61	COMPLETED	A
N5.HOG0058941	2188	8.09	COMPLETED	A
N5.HOG0058942	2189	50.16	COMPLETED	C
N5.HOG0058959	2190	7.92	COMPLETED	A
N5.HOG0058967	2191	6.74	COMPLETED	A
N5.HOG0058968	2192	47.34	COMPLETED	C
N5.HOG0058972	2193	17.38	COMPLETED	B
N5.HOG0058973	2194	5.01	COMPLETED	A
N5.HOG0058975	2195	7.55	COMPLETED	A
N5.HOG0058976	2196	70.59	COMPLETED	C
N5.HOG0058977	2197	36.88	COMPLETED	C
N5.HOG0058978	2198	7.33	COMPLETED	A
N5.HOG0058985	2199	13.31	COMPLETED	B
N5.HOG0058990	2200	28.18	COMPLETED	B
N5.HOG0058991	2201	14.39	COMPLETED	B
N5.HOG0058999	2202	37.90	COMPLETED	C
N5.HOG0059005	2203	27.42	COMPLETED	B
N5.HOG0059007	2204	5.97	COMPLETED	A
N5.HOG0059011	2205	4.82	COMPLETED	A
N5.HOG0059015	2206	25.48	COMPLETED	B
N5.HOG0059018	2207	18.39	COMPLETED	B
N5.HOG0059023	2208	15.34	COMPLETED	B
N5.HOG0059024	2209	10.76	COMPLETED	A
N5.HOG0059043	2210	34.33	COMPLETED	B
N5.HOG0059044	2211	16.93	COMPLETED	B
N5.HOG0059046	2212	20.44	COMPLETED	B
N5.HOG0059059	2213	31.98	COMPLETED	B
N5.HOG0059063	2214	6.13	COMPLETED	A
N5.HOG0059065	2215	15.78	COMPLETED	B
N5.HOG0059066	2216	29.46	COMPLETED	B
N5.HOG0059069	2217	13.29	COMPLETED	B
N5.HOG0059107	2218	27.37	COMPLETED	B
N5.HOG0059145	2219	8.16	COMPLETED	A
N5.HOG0059160	2220	14.25	COMPLETED	B
N5.HOG0059162	2221	7.07	COMPLETED	A
N5.HOG0059163	2222	18.33	COMPLETED	B
N5.HOG0059172	2223	23.76	COMPLETED	B
N5.HOG0059174	2224	8.17	COMPLETED	A
N5.HOG0059180	2225	9.36	COMPLETED	A
N5.HOG0059184	2226	7.16	COMPLETED	A
N5.HOG0059185	2227	4.33	COMPLETED	A
N5.HOG0059186	2228	40.67	COMPLETED	C
N5.HOG0059188	2229	44.25	COMPLETED	C
N5.HOG0059189	2230	2.80	COMPLETED	A
N5.HOG0059196	2231	8.13	COMPLETED	A
N5.HOG0059203	2232	52.86	COMPLETED	C
N5.HOG0059204	2233	9.93	COMPLETED	A
N5.HOG0059232	2234	67.83	COMPLETED	C
N5.HOG0059233	2235	40.61	COMPLETED	C
N5.HOG0059234	2236	6.79	COMPLETED	A
N5.HOG0059237	2237	12.45	COMPLETED	B
N5.HOG0059260	2238	17.92	COMPLETED	B
N5.HOG0059269	2239	11.67	COMPLETED	A
N5.HOG0059271	2240	19.13	COMPLETED	B
N5.HOG0059274	2241	20.29	COMPLETED	B
N5.HOG0059279	2242	3.94	COMPLETED	A
N5.HOG0059302	2243	13.08	COMPLETED	B
N5.HOG0059303	2244	17.03	COMPLETED	B
N5.HOG0059304	2245	7.94	COMPLETED	A
N5.HOG0059331	2246	15.03	COMPLETED	B
N5.HOG0059332	2247	9.81	COMPLETED	A
N5.HOG0059333	2248	24.30	COMPLETED	B
N5.HOG0059335	2249	16.14	COMPLETED	B
N5.HOG0059337	2250	48.97	COMPLETED	C
N5.HOG0059353	2251	10.73	COMPLETED	A
N5.HOG0059354	2252	33.03	COMPLETED	B
N5.HOG0059359	2253	28.87	COMPLETED	B
N5.HOG0059384	2254	13.37	COMPLETED	B
N5.HOG0059386	2255	21.31	COMPLETED	B
N5.HOG0059388	2256	58.97	COMPLETED	C
N5.HOG0059399	2257	22.94	COMPLETED	B
N5.HOG0059401	2258	3.89	COMPLETED	A
N5.HOG0059402	2259	4.92	COMPLETED	A
N5.HOG0059411	2260	8.43	COMPLETED	A
N5.HOG0059416	2261	5.16	COMPLETED	A
N5.HOG0059419	2262	12.87	COMPLETED	B
N5.HOG0059423	2263	19.74	COMPLETED	B
N5.HOG0059425	2264	21.87	COMPLETED	B
N5.HOG0059440	2265	19.79	COMPLETED	B
N5.HOG0059455	2266	16.23	COMPLETED	B
N5.HOG0059457	2267	23.83	COMPLETED	B
N5.HOG0059484	2268	11.25	COMPLETED	A
N5.HOG0059492	2269	58.92	COMPLETED	C
N5.HOG0059518	2270	25.82	COMPLETED	B
N5.HOG0059519	2271	7.90	COMPLETED	A
N5.HOG0059540	2272	3.57	COMPLETED	A
N5.HOG0059552	2273	45.92	COMPLETED	C
N5.HOG0059567	2274	15.60	COMPLETED	B
N5.HOG0059574	2275	7.66	COMPLETED	A
N5.HOG0059577	2276	13.50	COMPLETED	B
N5.HOG0059579	2277	24.41	COMPLETED	B
N5.HOG0059590	2278	31.98	COMPLETED	B
N5.HOG0059592	2279	32.18	COMPLETED	B
N5.HOG0059596	2280	32.05	COMPLETED	B
N5.HOG0059647	2281	26.32	COMPLETED	B
N5.HOG0059649	2282	29.07	COMPLETED	B
N5.HOG0059660	2283	35.40	COMPLETED	B
N5.HOG0059668	2284	23.25	COMPLETED	B
N5.HOG0059669	2285	18.59	COMPLETED	B
N5.HOG0059670	2286	11.53	COMPLETED	A
N5.HOG0059678	2287	11.89	COMPLETED	A
N5.HOG0059680	2288	15.45	COMPLETED	B
N5.HOG0059685	2289	22.99	COMPLETED	B
N5.HOG0059689	2290	19.84	COMPLETED	B
N5.HOG0059691	2291	13.46	COMPLETED	B
N5.HOG0059707	2292	28.14	COMPLETED	B
N5.HOG0059708	2293	6.74	COMPLETED	A
N5.HOG0059709	2294	23.38	COMPLETED	B
N5.HOG0059715	2295	31.74	COMPLETED	B
N5.HOG0059719	2296	31.70	COMPLETED	B
N5.HOG0059732	2297	9.68	COMPLETED	A
N5.HOG0059743	2298	4.17	COMPLETED	A
N5.HOG0059749	2299	18.52	COMPLETED	B
N5.HOG0059751	2300	29.68	COMPLETED	B
N5.HOG0059760	2301	15.07	COMPLETED	B
N5.HOG0059761	2302	46.02	COMPLETED	C
N5.HOG0059763	2303	36.90	COMPLETED	C
N5.HOG0059764	2304	27.74	COMPLETED	B
N5.HOG0059766	2305	13.73	COMPLETED	B
N5.HOG0059768	2306	31.19	COMPLETED	B
N5.HOG0059769	2307	6.28	COMPLETED	A
N5.HOG0059792	2308	5.07	COMPLETED	A
N5.HOG0059794	2309	25.10	COMPLETED	B
N5.HOG0059795	2310	22.32	COMPLETED	B
N5.HOG0059796	2311	8.47	COMPLETED	A
N5.HOG0059805	2312	45.89	COMPLETED	C
N5.HOG0059806	2313	40.01	COMPLETED	C
N5.HOG0059807	2314	17.62	COMPLETED	B
N5.HOG0059811	2315	46.42	COMPLETED	C
N5.HOG0059812	2316	49.78	COMPLETED	C
N5.HOG0059819	2317	50.63	COMPLETED	C
N5.HOG0059821	2318	16.23	COMPLETED	B
N5.HOG0059828	2319	7.35	COMPLETED	A
N5.HOG0059831	2320	20.97	COMPLETED	B
N5.HOG0059833	2321	18.18	COMPLETED	B
N5.HOG0059834	2322	16.67	COMPLETED	B
N5.HOG0059839	2323	64.21	COMPLETED	C
N5.HOG0059840	2324	24.73	COMPLETED	B
N5.HOG0059841	2325	49.72	COMPLETED	C
N5.HOG0059850	2326	44.79	COMPLETED	C
N5.HOG0059855	2327	25.45	COMPLETED	B
N5.HOG0059867	2328	23.45	COMPLETED	B
N5.HOG0059868	2329	17.05	COMPLETED	B
N5.HOG0059878	2330	6.24	COMPLETED	A
N5.HOG0059934	2331	26.03	COMPLETED	B
N5.HOG0059939	2332	25.79	COMPLETED	B
N5.HOG0059941	2333	20.27	COMPLETED	B
N5.HOG0059945	2334	9.44	COMPLETED	A
N5.HOG0059968	2335	14.01	COMPLETED	B
N5.HOG0059970	2336	20.69	COMPLETED	B
N5.HOG0059985	2337	12.60	COMPLETED	B
N5.HOG0059986	2338	33.18	COMPLETED	B
N5.HOG0059987	2339	8.19	COMPLETED	A
N5.HOG0059995	2340	8.96	COMPLETED	A
N5.HOG0059996	2341	20.81	COMPLETED	B
N5.HOG0059998	2342	11.04	COMPLETED	A
N5.HOG0059999	2343	49.66	COMPLETED	C
N5.HOG0060010	2344	5.22	COMPLETED	A
N5.HOG0060021	2345	14.79	COMPLETED	B
N5.HOG0060022	2346	18.21	COMPLETED	B
N5.HOG0060023	2347	15.48	COMPLETED	B
N5.HOG0060026	2348	69.05	COMPLETED	C
N5.HOG0060028	2349	60.96	COMPLETED	C
N5.HOG0060031	2350	8.39	COMPLETED	A
N5.HOG0060034	2351	25.29	COMPLETED	B
N5.HOG0060035	2352	30.81	COMPLETED	B
N5.HOG0060039	2353	20.03	COMPLETED	B
N5.HOG0060047	2354	50.47	COMPLETED	C
N5.HOG0060049	2355	59.08	COMPLETED	C
N5.HOG0060061	2356	32.10	COMPLETED	B
N5.HOG0060062	2357	29.61	COMPLETED	B
N5.HOG0060063	2358	11.52	COMPLETED	A
N5.HOG0060065	2359	19.69	COMPLETED	B
N5.HOG0060067	2360	15.15	COMPLETED	B
N5.HOG0060069	2361	8.59	COMPLETED	A
N5.HOG0060071	2362	8.16	COMPLETED	A
N5.HOG0060075	2363	24.21	COMPLETED	B
N5.HOG0060084	2364	37.81	COMPLETED	C
N5.HOG0060089	2365	8.42	COMPLETED	A
N5.HOG0060091	2366	19.41	COMPLETED	B
N5.HOG0060098	2367	49.63	COMPLETED	C
N5.HOG0060099	2368	23.02	COMPLETED	B
N5.HOG0060100	2369	11.98	COMPLETED	A
N5.HOG0060112	2370	19.78	COMPLETED	B
N5.HOG0060113	2371	29.28	COMPLETED	B
N5.HOG0060132	2372	29.37	COMPLETED	B
N5.HOG0060133	2373	29.58	COMPLETED	B
N5.HOG0060134	2374	37.49	COMPLETED	C
N5.HOG0060137	2375	10.30	COMPLETED	A
N5.HOG0060138	2376	14.03	COMPLETED	B
N5.HOG0060139	2377	39.34	COMPLETED	C
N5.HOG0060142	2378	10.26	COMPLETED	A
N5.HOG0060147	2379	16.53	COMPLETED	B
N5.HOG0060149	2380	16.34	COMPLETED	B
N5.HOG0060151	2381	8.80	COMPLETED	A
N5.HOG0060153	2382	6.04	COMPLETED	A
N5.HOG0060155	2383	45.54	COMPLETED	C
N5.HOG0060157	2384	3.29	COMPLETED	A
N5.HOG0060161	2385	7.10	COMPLETED	A
N5.HOG0060186	2386	43.85	COMPLETED	C
N5.HOG0060198	2387	26.88	COMPLETED	B
N5.HOG0060199	2388	26.40	COMPLETED	B
N5.HOG0060203	2389	41.60	COMPLETED	C
N5.HOG0060215	2390	10.16	COMPLETED	A
N5.HOG0060216	2391	14.66	COMPLETED	B
N5.HOG0060258	2392	14.37	COMPLETED	B
N5.HOG0060266	2393	11.42	COMPLETED	A
N5.HOG0060267	2394	20.79	COMPLETED	B
N5.HOG0060268	2395	15.64	COMPLETED	B
N5.HOG0060283	2396	50.19	COMPLETED	C
N5.HOG0060290	2397	24.40	COMPLETED	B
N5.HOG0060292	2398	4.35	COMPLETED	A
N5.HOG0060293	2399	6.56	COMPLETED	A
N5.HOG0060294	2400	11.56	COMPLETED	A
N5.HOG0060295	2401	31.14	COMPLETED	B
N5.HOG0060298	2402	38.93	COMPLETED	C
N5.HOG0060299	2403	36.35	COMPLETED	C
N5.HOG0060301	2404	15.67	COMPLETED	B
N5.HOG0060302	2405	40.99	COMPLETED	C
N5.HOG0060303	2406	38.49	COMPLETED	C
N5.HOG0060304	2407	10.57	COMPLETED	A
N5.HOG0060306	2408	14.28	COMPLETED	B
N5.HOG0060311	2409	27.55	COMPLETED	B
N5.HOG0060348	2410	36.72	COMPLETED	C
N5.HOG0060349	2411	11.84	COMPLETED	A
N5.HOG0060350	2412	25.93	COMPLETED	B
N5.HOG0060351	2413	13.44	COMPLETED	B
N5.HOG0060355	2414	12.88	COMPLETED	B
N5.HOG0060374	2415	9.70	COMPLETED	A
N5.HOG0060376	2416	24.01	COMPLETED	B
N5.HOG0060390	2417	18.38	COMPLETED	B
N5.HOG0060391	2418	11.46	COMPLETED	A
N5.HOG0060392	2419	3.07	COMPLETED	A
N5.HOG0060393	2420	25.82	COMPLETED	B
N5.HOG0060394	2421	28.86	COMPLETED	B
N5.HOG0060412	2422	5.79	COMPLETED	A
N5.HOG0060413	2423	47.05	COMPLETED	C
N5.HOG0060414	2424	11.88	COMPLETED	A
N5.HOG0060415	2425	22.10	COMPLETED	B
N5.HOG0060417	2426	16.76	COMPLETED	B
N5.HOG0060435	2427	4.40	COMPLETED	A
N5.HOG0060437	2428	9.33	COMPLETED	A
N5.HOG0060438	2429	6.45	COMPLETED	A
N5.HOG0060439	2430	17.73	COMPLETED	B
N5.HOG0060449	2431	5.48	COMPLETED	A
N5.HOG0060450	2432	15.69	COMPLETED	B
N5.HOG0060452	2433	2.96	COMPLETED	A
N5.HOG0060455	2434	32.26	COMPLETED	B
N5.HOG0060457	2435	2.59	COMPLETED	A
N5.HOG0060459	2436	28.54	COMPLETED	B
N5.HOG0060460	2437	48.48	COMPLETED	C
N5.HOG0060467	2438	9.36	COMPLETED	A
N5.HOG0060472	2439	18.91	COMPLETED	B
N5.HOG0060473	2440	11.82	COMPLETED	A
N5.HOG0060475	2441	15.79	COMPLETED	B
N5.HOG0060478	2442	10.82	COMPLETED	A
N5.HOG0060481	2443	12.31	COMPLETED	B
N5.HOG0060504	2444	2.55	COMPLETED	A
N5.HOG0060505	2445	10.65	COMPLETED	A
N5.HOG0060507	2446	33.37	COMPLETED	B
N5.HOG0060515	2447	2.12	COMPLETED	A
N5.HOG0060519	2448	4.88	COMPLETED	A
N5.HOG0060530	2449	43.83	COMPLETED	C
N5.HOG0060531	2450	7.42	COMPLETED	A
N5.HOG0060533	2451	38.98	COMPLETED	C
N5.HOG0060545	2452	7.91	COMPLETED	A
N5.HOG0060546	2453	23.25	COMPLETED	B
N5.HOG0060547	2454	11.49	COMPLETED	A
N5.HOG0060548	2455	9.36	COMPLETED	A
N5.HOG0060549	2456	0.00	NO_COMPLETED	C
N5.HOG0060551	2457	6.91	COMPLETED	A
N5.HOG0060563	2458	6.56	COMPLETED	A
N5.HOG0060564	2459	42.78	COMPLETED	C
N5.HOG0060567	2460	72.00	NO_COMPLETED	C
N5.HOG0060582	2461	40.88	COMPLETED	C
N5.HOG0060598	2462	3.76	COMPLETED	A
N5.HOG0060628	2463	27.96	COMPLETED	B
N5.HOG0060652	2464	6.58	COMPLETED	A
N5.HOG0060653	2465	10.94	COMPLETED	A
N5.HOG0060671	2466	33.27	COMPLETED	B
N5.HOG0060672	2467	14.27	COMPLETED	B
N5.HOG0060695	2468	14.46	COMPLETED	B
N5.HOG0060704	2469	5.38	COMPLETED	A
N5.HOG0060720	2470	33.89	COMPLETED	B
N5.HOG0060731	2471	10.55	COMPLETED	A
N5.HOG0060742	2472	8.10	COMPLETED	A
N5.HOG0060751	2473	20.51	COMPLETED	B
N5.HOG0060752	2474	50.28	COMPLETED	C
N5.HOG0060775	2475	19.87	COMPLETED	B
N5.HOG0060778	2476	6.24	COMPLETED	A
N5.HOG0060793	2477	14.49	COMPLETED	B
N5.HOG0060801	2478	17.77	COMPLETED	B
N5.HOG0060803	2479	14.26	COMPLETED	B
N5.HOG0060805	2480	35.55	COMPLETED	B
N5.HOG0060834	2481	15.26	COMPLETED	B
N5.HOG0060835	2482	19.23	COMPLETED	B
N5.HOG0060859	2483	10.86	COMPLETED	A
N5.HOG0060863	2484	34.24	COMPLETED	B
N5.HOG0060864	2485	39.23	COMPLETED	C
N5.HOG0060868	2486	32.31	COMPLETED	B
N5.HOG0060874	2487	21.82	COMPLETED	B
N5.HOG0060875	2488	5.30	COMPLETED	A
N5.HOG0060876	2489	12.84	COMPLETED	B
N5.HOG0060880	2490	24.52	COMPLETED	B
N5.HOG0060881	2491	27.59	COMPLETED	B
N5.HOG0060886	2492	13.31	COMPLETED	B
N5.HOG0060899	2493	72.00	NO_COMPLETED	C
N5.HOG0060904	2494	4.53	COMPLETED	A
N5.HOG0060905	2495	72.00	NO_COMPLETED	C
N5.HOG0060907	2496	39.62	COMPLETED	C
N5.HOG0060910	2497	5.70	COMPLETED	A
N5.HOG0060912	2498	40.82	COMPLETED	C
N5.HOG0060917	2499	5.13	COMPLETED	A
N5.HOG0060919	2500	18.35	COMPLETED	B
N5.HOG0060923	2501	11.70	COMPLETED	A
N5.HOG0060927	2502	3.99	COMPLETED	A
N5.HOG0060928	2503	39.26	COMPLETED	C
N5.HOG0060929	2504	32.61	COMPLETED	B
N5.HOG0060932	2505	9.49	COMPLETED	A
N5.HOG0060933	2506	14.55	COMPLETED	B
N5.HOG0060936	2507	17.04	COMPLETED	B
N5.HOG0060959	2508	7.10	COMPLETED	A
N5.HOG0060967	2509	43.88	COMPLETED	C
N5.HOG0060968	2510	49.02	COMPLETED	C
N5.HOG0060970	2511	9.03	COMPLETED	A
N5.HOG0060971	2512	11.84	COMPLETED	A
N5.HOG0060972	2513	32.56	COMPLETED	B
N5.HOG0060973	2514	42.21	COMPLETED	C
N5.HOG0060981	2515	19.56	COMPLETED	B
N5.HOG0060982	2516	10.06	COMPLETED	A
N5.HOG0060983	2517	12.39	COMPLETED	B
N5.HOG0060993	2518	37.75	COMPLETED	C
N5.HOG0060995	2519	52.67	COMPLETED	C
N5.HOG0060999	2520	37.31	COMPLETED	C
N5.HOG0061002	2521	35.86	COMPLETED	B
N5.HOG0061004	2522	25.02	COMPLETED	B
N5.HOG0061071	2523	21.89	COMPLETED	B
N5.HOG0061073	2524	13.60	COMPLETED	B
N5.HOG0061083	2525	20.14	COMPLETED	B
N5.HOG0061084	2526	34.49	COMPLETED	B
N5.HOG0061085	2527	16.12	COMPLETED	B
N5.HOG0061089	2528	31.34	COMPLETED	B
N5.HOG0061090	2529	65.05	COMPLETED	C
N5.HOG0061093	2530	72.00	NO_COMPLETED	C
N5.HOG0061094	2531	59.01	COMPLETED	C
N5.HOG0061098	2532	72.00	NO_COMPLETED	C
N5.HOG0061099	2533	61.14	COMPLETED	C
N5.HOG0061100	2534	10.15	COMPLETED	A
N5.HOG0061103	2535	8.45	COMPLETED	A
N5.HOG0061105	2536	11.91	COMPLETED	A
N5.HOG0061106	2537	3.39	COMPLETED	A
N5.HOG0061132	2538	5.81	COMPLETED	A
N5.HOG0061151	2539	7.10	COMPLETED	A
N5.HOG0061161	2540	4.96	COMPLETED	A
N5.HOG0061162	2541	16.02	COMPLETED	B
N5.HOG0061163	2542	72.00	NO_COMPLETED	C
N5.HOG0061171	2543	25.28	COMPLETED	B
N5.HOG0061173	2544	15.80	COMPLETED	B
N5.HOG0061177	2545	14.55	COMPLETED	B
N5.HOG0061178	2546	8.41	COMPLETED	A
N5.HOG0061186	2547	23.92	COMPLETED	B
N5.HOG0061194	2548	18.84	COMPLETED	B
N5.HOG0061195	2549	3.61	COMPLETED	A
N5.HOG0061196	2550	8.74	COMPLETED	A
N5.HOG0061197	2551	23.49	COMPLETED	B
N5.HOG0061198	2552	28.95	COMPLETED	B
N5.HOG0061199	2553	10.98	COMPLETED	A
N5.HOG0061210	2554	8.88	COMPLETED	A
N5.HOG0061213	2555	4.86	COMPLETED	A
N5.HOG0061223	2556	25.26	COMPLETED	B
N5.HOG0061225	2557	10.70	COMPLETED	A
N5.HOG0061227	2558	72.00	NO_COMPLETED	C
N5.HOG0061236	2559	30.20	COMPLETED	B
N5.HOG0061238	2560	25.72	COMPLETED	B
N5.HOG0061239	2561	49.23	COMPLETED	C
N5.HOG0061240	2562	2.68	COMPLETED	A
N5.HOG0061242	2563	14.72	COMPLETED	B
N5.HOG0061248	2564	8.32	COMPLETED	A
N5.HOG0061264	2565	5.06	COMPLETED	A
N5.HOG0061265	2566	25.35	COMPLETED	B
N5.HOG0061267	2567	15.87	COMPLETED	B
N5.HOG0061294	2568	11.78	COMPLETED	A
N5.HOG0061323	2569	13.51	COMPLETED	B
N5.HOG0061334	2570	13.76	COMPLETED	B
N5.HOG0061347	2571	26.00	COMPLETED	B
N5.HOG0061348	2572	24.63	COMPLETED	B
N5.HOG0061350	2573	6.45	COMPLETED	A
N5.HOG0061352	2574	16.64	COMPLETED	B
N5.HOG0061358	2575	18.58	COMPLETED	B
N5.HOG0061359	2576	17.86	COMPLETED	B
N5.HOG0061360	2577	34.88	COMPLETED	B
N5.HOG0061365	2578	20.61	COMPLETED	B
N5.HOG0061366	2579	19.99	COMPLETED	B
N5.HOG0061368	2580	5.65	COMPLETED	A
N5.HOG0061369	2581	14.92	COMPLETED	B
N5.HOG0061374	2582	9.52	COMPLETED	A
N5.HOG0061377	2583	7.87	COMPLETED	A
N5.HOG0061421	2584	18.92	COMPLETED	B
N5.HOG0061422	2585	3.78	COMPLETED	A
N5.HOG0061428	2586	15.08	COMPLETED	B
N5.HOG0061430	2587	9.73	COMPLETED	A
N5.HOG0061431	2588	27.51	COMPLETED	B
N5.HOG0061432	2589	11.27	COMPLETED	A
N5.HOG0061436	2590	63.87	COMPLETED	C
N5.HOG0061437	2591	11.97	COMPLETED	A
N5.HOG0061438	2592	25.49	COMPLETED	B
N5.HOG0061449	2593	19.76	COMPLETED	B
N5.HOG0061462	2594	13.15	COMPLETED	B
N5.HOG0061464	2595	2.70	COMPLETED	A
N5.HOG0061465	2596	12.45	COMPLETED	B
N5.HOG0061466	2597	32.46	COMPLETED	B
N5.HOG0061468	2598	17.58	COMPLETED	B
N5.HOG0061469	2599	50.27	COMPLETED	C
N5.HOG0061491	2600	3.06	COMPLETED	A
N5.HOG0061495	2601	5.17	COMPLETED	A
N5.HOG0061498	2602	18.12	COMPLETED	B
N5.HOG0061501	2603	68.91	COMPLETED	C
N5.HOG0061509	2604	20.39	COMPLETED	B
N5.HOG0061511	2605	12.71	COMPLETED	B
N5.HOG0061514	2606	51.73	COMPLETED	C
N5.HOG0061532	2607	38.41	COMPLETED	C
N5.HOG0061541	2608	15.23	COMPLETED	B
N5.HOG0061542	2609	6.62	COMPLETED	A
N5.HOG0061544	2610	48.56	COMPLETED	C
N5.HOG0061554	2611	49.41	COMPLETED	C
N5.HOG0061557	2612	48.56	COMPLETED	C
N5.HOG0061558	2613	35.62	COMPLETED	B
N5.HOG0061587	2614	18.47	COMPLETED	B
N5.HOG0061589	2615	9.22	COMPLETED	A
N5.HOG0061590	2616	19.29	COMPLETED	B
N5.HOG0061595	2617	40.44	COMPLETED	C
N5.HOG0061604	2618	39.13	COMPLETED	C
N5.HOG0061605	2619	18.25	COMPLETED	B
N5.HOG0061630	2620	38.92	COMPLETED	C
N5.HOG0061631	2621	42.05	COMPLETED	C
N5.HOG0061633	2622	6.06	COMPLETED	A
N5.HOG0061634	2623	12.61	COMPLETED	B
N5.HOG0061635	2624	14.04	COMPLETED	B
N5.HOG0061638	2625	6.65	COMPLETED	A
N5.HOG0061639	2626	51.80	COMPLETED	C
N5.HOG0061648	2627	30.11	COMPLETED	B
N5.HOG0061649	2628	20.86	COMPLETED	B
N5.HOG0061650	2629	22.48	COMPLETED	B
N5.HOG0061654	2630	5.02	COMPLETED	A
N5.HOG0061655	2631	51.14	COMPLETED	C
N5.HOG0061656	2632	12.89	COMPLETED	B
N5.HOG0061657	2633	11.05	COMPLETED	A
N5.HOG0061666	2634	36.46	COMPLETED	C
N5.HOG0061678	2635	20.30	COMPLETED	B
N5.HOG0061679	2636	19.74	COMPLETED	B
N5.HOG0061682	2637	15.86	COMPLETED	B
N5.HOG0061683	2638	62.03	COMPLETED	C
N5.HOG0061684	2639	17.84	COMPLETED	B
N5.HOG0061685	2640	27.64	COMPLETED	B
N5.HOG0061687	2641	9.95	COMPLETED	A
N5.HOG0061692	2642	11.53	COMPLETED	A
N5.HOG0061696	2643	15.21	COMPLETED	B
N5.HOG0061697	2644	11.31	COMPLETED	A
N5.HOG0061700	2645	3.35	COMPLETED	A
N5.HOG0061703	2646	45.16	COMPLETED	C
N5.HOG0061708	2647	21.95	COMPLETED	B
N5.HOG0061709	2648	29.96	COMPLETED	B
N5.HOG0061710	2649	7.56	COMPLETED	A
N5.HOG0061715	2650	17.29	COMPLETED	B
N5.HOG0061717	2651	5.21	COMPLETED	A
N5.HOG0061744	2652	14.85	COMPLETED	B
N5.HOG0061750	2653	19.91	COMPLETED	B
N5.HOG0061757	2654	4.84	COMPLETED	A
N5.HOG0061758	2655	27.99	COMPLETED	B
N5.HOG0061759	2656	13.84	COMPLETED	B
N5.HOG0061769	2657	43.70	COMPLETED	C
N5.HOG0061780	2658	4.11	COMPLETED	A
N5.HOG0061840	2659	55.67	COMPLETED	C
N5.HOG0061863	2660	7.61	COMPLETED	A
N5.HOG0061867	2661	14.49	COMPLETED	B
N5.HOG0061868	2662	6.56	COMPLETED	A
N5.HOG0061870	2663	26.79	COMPLETED	B
N5.HOG0061871	2664	49.97	COMPLETED	C
N5.HOG0061872	2665	26.21	COMPLETED	B
N5.HOG0061873	2666	10.85	COMPLETED	A
N5.HOG0061891	2667	27.16	COMPLETED	B
N5.HOG0061892	2668	25.11	COMPLETED	B
N5.HOG0061896	2669	30.09	COMPLETED	B
N5.HOG0061898	2670	9.17	COMPLETED	A
N5.HOG0061901	2671	31.20	COMPLETED	B
N5.HOG0061902	2672	15.25	COMPLETED	B
N5.HOG0061909	2673	0.00	NO_COMPLETED	C
N5.HOG0061916	2674	72.00	NO_COMPLETED	C
N5.HOG0061921	2675	44.84	COMPLETED	C
N5.HOG0061934	2676	14.86	COMPLETED	B
N5.HOG0061940	2677	11.44	COMPLETED	A
N5.HOG0061944	2678	0.00	NO_COMPLETED	C
N5.HOG0061946	2679	12.48	COMPLETED	B
N5.HOG0061947	2680	9.12	COMPLETED	A
N5.HOG0061948	2681	52.57	COMPLETED	C
N5.HOG0061950	2682	21.14	COMPLETED	B
N5.HOG0061951	2683	4.45	COMPLETED	A
N5.HOG0061956	2684	15.88	COMPLETED	B
N5.HOG0061965	2685	5.97	COMPLETED	A
N5.HOG0061968	2686	20.00	COMPLETED	B
N5.HOG0061991	2687	18.97	COMPLETED	B
N5.HOG0062007	2688	25.35	COMPLETED	B
N5.HOG0062008	2689	13.92	COMPLETED	B
N5.HOG0062014	2690	23.59	COMPLETED	B
N5.HOG0062043	2691	4.71	COMPLETED	A
N5.HOG0062044	2692	32.11	COMPLETED	B
N5.HOG0062052	2693	11.21	COMPLETED	A
N5.HOG0062054	2694	18.68	COMPLETED	B
N5.HOG0062057	2695	22.01	COMPLETED	B
N5.HOG0062076	2696	29.57	COMPLETED	B
N5.HOG0062078	2697	13.65	COMPLETED	B
N5.HOG0062079	2698	0.00	NO_COMPLETED	C
N5.HOG0062089	2699	38.35	COMPLETED	C
N5.HOG0062091	2700	31.30	COMPLETED	B
N5.HOG0062093	2701	23.33	COMPLETED	B
N5.HOG0062094	2702	8.43	COMPLETED	A
N5.HOG0062095	2703	55.25	COMPLETED	C
N5.HOG0062096	2704	51.75	COMPLETED	C
N5.HOG0062098	2705	5.21	COMPLETED	A
N5.HOG0062106	2706	31.41	COMPLETED	B
N5.HOG0062108	2707	19.90	COMPLETED	B
N5.HOG0062109	2708	30.65	COMPLETED	B
N5.HOG0062116	2709	25.60	COMPLETED	B
N5.HOG0062141	2710	6.46	COMPLETED	A
N5.HOG0062144	2711	41.79	COMPLETED	C
N5.HOG0062145	2712	11.13	COMPLETED	A
N5.HOG0062146	2713	27.95	COMPLETED	B
N5.HOG0062147	2714	17.13	COMPLETED	B
N5.HOG0062148	2715	11.14	COMPLETED	A
N5.HOG0062149	2716	16.24	COMPLETED	B
N5.HOG0062152	2717	14.28	COMPLETED	B
N5.HOG0062153	2718	11.54	COMPLETED	A
N5.HOG0062154	2719	34.62	COMPLETED	B
N5.HOG0062155	2720	2.86	COMPLETED	A
N5.HOG0062156	2721	9.15	COMPLETED	A
N5.HOG0062158	2722	10.90	COMPLETED	A
N5.HOG0062159	2723	72.00	NO_COMPLETED	C
N5.HOG0062160	2724	21.73	COMPLETED	B
N5.HOG0062161	2725	23.19	COMPLETED	B
N5.HOG0062162	2726	9.25	COMPLETED	A
N5.HOG0062163	2727	35.71	COMPLETED	B
N5.HOG0062164	2728	2.86	COMPLETED	A
N5.HOG0062169	2729	7.11	COMPLETED	A
N5.HOG0062185	2730	10.61	COMPLETED	A
N5.HOG0062187	2731	19.09	COMPLETED	B
N5.HOG0062188	2732	17.27	COMPLETED	B
N5.HOG0062191	2733	6.32	COMPLETED	A
N5.HOG0062194	2734	11.10	COMPLETED	A
N5.HOG0062257	2735	43.55	COMPLETED	C
N5.HOG0062266	2736	40.99	COMPLETED	C
N5.HOG0062267	2737	31.59	COMPLETED	B
N5.HOG0062313	2738	8.54	COMPLETED	A
N5.HOG0062315	2739	37.20	COMPLETED	C
N5.HOG0062316	2740	14.92	COMPLETED	B
N5.HOG0062317	2741	24.99	COMPLETED	B
N5.HOG0062328	2742	56.83	COMPLETED	C
N5.HOG0062329	2743	34.02	COMPLETED	B
N5.HOG0062342	2744	62.96	COMPLETED	C
N5.HOG0062343	2745	6.59	COMPLETED	A
N5.HOG0062345	2746	26.29	COMPLETED	B
N5.HOG0062362	2747	3.79	COMPLETED	A
N5.HOG0062364	2748	11.51	COMPLETED	A
N5.HOG0062377	2749	24.29	COMPLETED	B
N5.HOG0062387	2750	18.49	COMPLETED	B
N5.HOG0062389	2751	25.43	COMPLETED	B
N5.HOG0062390	2752	66.35	COMPLETED	C
N5.HOG0062400	2753	17.57	COMPLETED	B
N5.HOG0062408	2754	7.90	COMPLETED	A
N5.HOG0062411	2755	24.92	COMPLETED	B
N5.HOG0062413	2756	18.92	COMPLETED	B
N5.HOG0062421	2757	20.53	COMPLETED	B
N5.HOG0062422	2758	6.77	COMPLETED	A
N5.HOG0062425	2759	22.11	COMPLETED	B
N5.HOG0062437	2760	38.35	COMPLETED	C
N5.HOG0062446	2761	36.68	COMPLETED	C
N5.HOG0062451	2762	12.88	COMPLETED	B
N5.HOG0062452	2763	46.65	COMPLETED	C
N5.HOG0062453	2764	14.73	COMPLETED	B
N5.HOG0062454	2765	5.65	COMPLETED	A
N5.HOG0062455	2766	34.43	COMPLETED	B
N5.HOG0062456	2767	24.42	COMPLETED	B
N5.HOG0062472	2768	5.61	COMPLETED	A
N5.HOG0062473	2769	23.26	COMPLETED	B
N5.HOG0062475	2770	15.32	COMPLETED	B
N5.HOG0062477	2771	13.09	COMPLETED	B
N5.HOG0062479	2772	43.33	COMPLETED	C
N5.HOG0062480	2773	22.90	COMPLETED	B
N5.HOG0062483	2774	52.37	COMPLETED	C
N5.HOG0062486	2775	53.08	COMPLETED	C
N5.HOG0062487	2776	47.31	COMPLETED	C
N5.HOG0062488	2777	10.69	COMPLETED	A
N5.HOG0062492	2778	10.80	COMPLETED	A
N5.HOG0062493	2779	5.36	COMPLETED	A
N5.HOG0062494	2780	10.19	COMPLETED	A
N5.HOG0062495	2781	3.83	COMPLETED	A
N5.HOG0062498	2782	19.46	COMPLETED	B
N5.HOG0062499	2783	11.46	COMPLETED	A
N5.HOG0062507	2784	31.57	COMPLETED	B
N5.HOG0062516	2785	55.84	COMPLETED	C
N5.HOG0062522	2786	38.86	COMPLETED	C
N5.HOG0062528	2787	23.22	COMPLETED	B
N5.HOG0062537	2788	28.48	COMPLETED	B
N5.HOG0062544	2789	38.28	COMPLETED	C
N5.HOG0062545	2790	18.86	COMPLETED	B
N5.HOG0062546	2791	27.57	COMPLETED	B
N5.HOG0062547	2792	29.23	COMPLETED	B
N5.HOG0062553	2793	28.56	COMPLETED	B
N5.HOG0062557	2794	14.33	COMPLETED	B
N5.HOG0062558	2795	7.64	COMPLETED	A
N5.HOG0062559	2796	22.97	COMPLETED	B
N5.HOG0062561	2797	16.01	COMPLETED	B
N5.HOG0062564	2798	3.24	COMPLETED	A
N5.HOG0062570	2799	15.20	COMPLETED	B
N5.HOG0062576	2800	52.92	COMPLETED	C
N5.HOG0062578	2801	7.66	COMPLETED	A
N5.HOG0062579	2802	17.12	COMPLETED	B
N5.HOG0062581	2803	53.95	COMPLETED	C
N5.HOG0062582	2804	29.69	COMPLETED	B
N5.HOG0062605	2805	16.85	COMPLETED	B
N5.HOG0062606	2806	33.89	COMPLETED	B
N5.HOG0062610	2807	22.88	COMPLETED	B
N5.HOG0062619	2808	11.09	COMPLETED	A
N5.HOG0062620	2809	21.27	COMPLETED	B
N5.HOG0062621	2810	4.61	COMPLETED	A
N5.HOG0062638	2811	15.88	COMPLETED	B
N5.HOG0062641	2812	7.93	COMPLETED	A
N5.HOG0062661	2813	7.83	COMPLETED	A
N5.HOG0062664	2814	15.53	COMPLETED	B
N5.HOG0062672	2815	40.22	COMPLETED	C
N5.HOG0062673	2816	43.48	COMPLETED	C
N5.HOG0062678	2817	25.18	COMPLETED	B
N5.HOG0062680	2818	5.86	COMPLETED	A
N5.HOG0062687	2819	5.00	COMPLETED	A
N5.HOG0062698	2820	5.55	COMPLETED	A
N5.HOG0062699	2821	22.33	COMPLETED	B
N5.HOG0062701	2822	10.71	COMPLETED	A
N5.HOG0062754	2823	72.00	NO_COMPLETED	C
N5.HOG0062758	2824	34.26	COMPLETED	B
N5.HOG0062759	2825	72.00	NO_COMPLETED	C
N5.HOG0062760	2826	9.61	COMPLETED	A
N5.HOG0062761	2827	47.09	COMPLETED	C
N5.HOG0062762	2828	10.45	COMPLETED	A
N5.HOG0062764	2829	17.23	COMPLETED	B
N5.HOG0062765	2830	11.80	COMPLETED	A
N5.HOG0062768	2831	55.13	COMPLETED	C
N5.HOG0062769	2832	43.46	COMPLETED	C
N5.HOG0062770	2833	5.47	COMPLETED	A
N5.HOG0062779	2834	11.13	COMPLETED	A
N5.HOG0062780	2835	35.41	COMPLETED	B
N5.HOG0062782	2836	54.08	COMPLETED	C
N5.HOG0062787	2837	14.05	COMPLETED	B
N5.HOG0062788	2838	15.70	COMPLETED	B
N5.HOG0062789	2839	27.32	COMPLETED	B
N5.HOG0062791	2840	10.98	COMPLETED	A
N5.HOG0062806	2841	8.76	COMPLETED	A
N5.HOG0062807	2842	14.45	COMPLETED	B
N5.HOG0062808	2843	27.77	COMPLETED	B
N5.HOG0062830	2844	10.02	COMPLETED	A
N5.HOG0062843	2845	9.15	COMPLETED	A
N5.HOG0062851	2846	41.22	COMPLETED	C
N5.HOG0062862	2847	11.32	COMPLETED	A
N5.HOG0062863	2848	7.05	COMPLETED	A
N5.HOG0062867	2849	72.00	NO_COMPLETED	C
N5.HOG0062868	2850	3.52	COMPLETED	A
N5.HOG0062869	2851	14.00	COMPLETED	B
N5.HOG0062876	2852	4.38	COMPLETED	A
N5.HOG0062891	2853	32.68	COMPLETED	B
N5.HOG0062894	2854	5.63	COMPLETED	A
N5.HOG0062899	2855	11.84	COMPLETED	A
N5.HOG0062909	2856	10.89	COMPLETED	A
N5.HOG0062912	2857	18.80	COMPLETED	B
N5.HOG0062917	2858	30.29	COMPLETED	B
N5.HOG0062920	2859	21.12	COMPLETED	B
N5.HOG0062921	2860	17.62	COMPLETED	B
N5.HOG0062926	2861	40.61	COMPLETED	C
N5.HOG0062927	2862	10.89	COMPLETED	A
N5.HOG0062928	2863	64.21	COMPLETED	C
N5.HOG0062931	2864	14.74	COMPLETED	B
N5.HOG0062932	2865	27.47	COMPLETED	B
N5.HOG0062936	2866	15.05	COMPLETED	B
N5.HOG0062939	2867	31.36	COMPLETED	B
N5.HOG0062941	2868	15.53	COMPLETED	B
N5.HOG0062942	2869	12.35	COMPLETED	B
N5.HOG0062943	2870	20.58	COMPLETED	B
N5.HOG0062953	2871	7.70	COMPLETED	A
N5.HOG0062961	2872	15.93	COMPLETED	B
N5.HOG0062969	2873	12.25	COMPLETED	B
N5.HOG0062974	2874	34.59	COMPLETED	B
N5.HOG0062977	2875	5.45	COMPLETED	A
N5.HOG0062993	2876	5.20	COMPLETED	A
N5.HOG0062994	2877	7.22	COMPLETED	A
N5.HOG0062996	2878	48.36	COMPLETED	C
N5.HOG0062998	2879	53.60	COMPLETED	C
N5.HOG0063001	2880	12.42	COMPLETED	B
N5.HOG0063009	2881	31.58	COMPLETED	B
N5.HOG0063010	2882	28.29	COMPLETED	B
N5.HOG0063012	2883	40.32	COMPLETED	C
N5.HOG0063014	2884	25.07	COMPLETED	B
N5.HOG0063015	2885	34.85	COMPLETED	B
N5.HOG0063017	2886	26.84	COMPLETED	B
N5.HOG0063038	2887	7.45	COMPLETED	A
N5.HOG0063040	2888	36.03	COMPLETED	C
N5.HOG0063047	2889	5.69	COMPLETED	A
N5.HOG0063056	2890	12.94	COMPLETED	B
N5.HOG0063058	2891	5.09	COMPLETED	A
N5.HOG0063062	2892	19.11	COMPLETED	B
N5.HOG0063064	2893	7.47	COMPLETED	A
N5.HOG0063065	2894	15.61	COMPLETED	B
N5.HOG0063066	2895	25.57	COMPLETED	B
N5.HOG0063067	2896	14.64	COMPLETED	B
N5.HOG0063074	2897	7.22	COMPLETED	A
N5.HOG0063077	2898	30.35	COMPLETED	B
N5.HOG0063079	2899	50.74	COMPLETED	C
N5.HOG0063080	2900	8.56	COMPLETED	A
N5.HOG0063083	2901	45.57	COMPLETED	C
N5.HOG0063084	2902	36.95	COMPLETED	C
N5.HOG0063085	2903	16.01	COMPLETED	B
N5.HOG0063086	2904	15.05	COMPLETED	B
N5.HOG0063088	2905	11.92	COMPLETED	A
N5.HOG0063092	2906	12.73	COMPLETED	B
N5.HOG0063134	2907	19.39	COMPLETED	B
N5.HOG0063135	2908	33.22	COMPLETED	B
N5.HOG0063136	2909	7.29	COMPLETED	A
N5.HOG0063137	2910	22.43	COMPLETED	B
N5.HOG0063138	2911	43.01	COMPLETED	C
N5.HOG0063147	2912	28.83	COMPLETED	B
N5.HOG0063148	2913	19.46	COMPLETED	B
N5.HOG0063149	2914	17.65	COMPLETED	B
N5.HOG0063150	2915	22.40	COMPLETED	B
N5.HOG0063162	2916	26.54	COMPLETED	B
N5.HOG0063166	2917	7.36	COMPLETED	A
N5.HOG0063167	2918	30.36	COMPLETED	B
N5.HOG0063168	2919	11.39	COMPLETED	A
N5.HOG0063169	2920	8.68	COMPLETED	A
N5.HOG0063178	2921	20.09	COMPLETED	B
N5.HOG0063188	2922	2.92	COMPLETED	A
N5.HOG0063189	2923	15.23	COMPLETED	B
N5.HOG0063190	2924	33.52	COMPLETED	B
N5.HOG0063191	2925	6.14	COMPLETED	A
N5.HOG0063193	2926	30.81	COMPLETED	B
N5.HOG0063194	2927	7.43	COMPLETED	A
N5.HOG0063195	2928	36.56	COMPLETED	C
N5.HOG0063198	2929	11.22	COMPLETED	A
N5.HOG0063199	2930	36.36	COMPLETED	C
N5.HOG0063204	2931	7.95	COMPLETED	A
N5.HOG0063205	2932	17.13	COMPLETED	B
N5.HOG0063207	2933	17.88	COMPLETED	B
N5.HOG0063219	2934	25.16	COMPLETED	B
N5.HOG0063224	2935	25.88	COMPLETED	B
N5.HOG0063234	2936	66.79	COMPLETED	C
N5.HOG0063238	2937	4.05	COMPLETED	A
N5.HOG0063241	2938	19.31	COMPLETED	B
N5.HOG0063242	2939	20.52	COMPLETED	B
N5.HOG0063243	2940	3.83	COMPLETED	A
N5.HOG0063248	2941	3.83	COMPLETED	A
N5.HOG0063254	2942	6.51	COMPLETED	A
N5.HOG0063255	2943	23.95	COMPLETED	B
N5.HOG0063256	2944	5.07	COMPLETED	A
N5.HOG0063257	2945	72.00	NO_COMPLETED	C
N5.HOG0063258	2946	54.32	COMPLETED	C
N5.HOG0063259	2947	17.34	COMPLETED	B
N5.HOG0063260	2948	34.64	COMPLETED	B
N5.HOG0063261	2949	38.95	COMPLETED	C
N5.HOG0063267	2950	35.18	COMPLETED	B
N5.HOG0063283	2951	10.08	COMPLETED	A
N5.HOG0063294	2952	2.27	COMPLETED	A
N5.HOG0063295	2953	44.63	COMPLETED	C
N5.HOG0063296	2954	28.53	COMPLETED	B
N5.HOG0063297	2955	10.48	COMPLETED	A
N5.HOG0063298	2956	19.36	COMPLETED	B
N5.HOG0063301	2957	13.02	COMPLETED	B
N5.HOG0063310	2958	17.92	COMPLETED	B
N5.HOG0063314	2959	8.56	COMPLETED	A
N5.HOG0063315	2960	7.14	COMPLETED	A
N5.HOG0063316	2961	6.86	COMPLETED	A
N5.HOG0063317	2962	31.06	COMPLETED	B
N5.HOG0063318	2963	16.55	COMPLETED	B
N5.HOG0063319	2964	2.77	COMPLETED	A
N5.HOG0063326	2965	23.91	COMPLETED	B
N5.HOG0063328	2966	34.50	COMPLETED	B
N5.HOG0063329	2967	15.69	COMPLETED	B
N5.HOG0063336	2968	22.67	COMPLETED	B
N5.HOG0063339	2969	5.57	COMPLETED	A
N5.HOG0063350	2970	23.17	COMPLETED	B
N5.HOG0063356	2971	3.39	COMPLETED	A
N5.HOG0063357	2972	3.71	COMPLETED	A
N5.HOG0063361	2973	21.65	COMPLETED	B
N5.HOG0063363	2974	26.49	COMPLETED	B
N5.HOG0063377	2975	68.37	COMPLETED	C
N5.HOG0063378	2976	35.38	COMPLETED	B
N5.HOG0063379	2977	2.84	COMPLETED	A
N5.HOG0063380	2978	11.80	COMPLETED	A
N5.HOG0063391	2979	56.31	COMPLETED	C
N5.HOG0063395	2980	4.46	COMPLETED	A
N5.HOG0063412	2981	12.29	COMPLETED	B
N5.HOG0063414	2982	20.85	COMPLETED	B
N5.HOG0063418	2983	13.94	COMPLETED	B
N5.HOG0063419	2984	26.87	COMPLETED	B
N5.HOG0063421	2985	16.29	COMPLETED	B
N5.HOG0063422	2986	4.06	COMPLETED	A
N5.HOG0063423	2987	15.83	COMPLETED	B
N5.HOG0063424	2988	72.01	NO_COMPLETED	C
N5.HOG0063430	2989	7.00	COMPLETED	A
N5.HOG0063432	2990	8.72	COMPLETED	A
N5.HOG0063433	2991	12.18	COMPLETED	B
N5.HOG0063434	2992	55.18	COMPLETED	C
N5.HOG0063435	2993	57.52	COMPLETED	C
N5.HOG0063436	2994	10.14	COMPLETED	A
N5.HOG0063452	2995	30.05	COMPLETED	B
N5.HOG0063466	2996	7.91	COMPLETED	A
N5.HOG0063487	2997	72.01	NO_COMPLETED	C
N5.HOG0063488	2998	13.33	COMPLETED	B
N5.HOG0063496	2999	24.06	COMPLETED	B
N5.HOG0063497	3000	31.00	COMPLETED	B
N5.HOG0063501	3001	17.57	COMPLETED	B
N5.HOG0063503	3002	24.31	COMPLETED	B
N5.HOG0063506	3003	31.43	COMPLETED	B
N5.HOG0063515	3004	6.64	COMPLETED	A
N5.HOG0063516	3005	12.84	COMPLETED	B
N5.HOG0063525	3006	3.86	COMPLETED	A
N5.HOG0063526	3007	10.03	COMPLETED	A
N5.HOG0063527	3008	43.49	COMPLETED	C
N5.HOG0063533	3009	9.75	COMPLETED	A
N5.HOG0063534	3010	14.31	COMPLETED	B
N5.HOG0063535	3011	28.61	COMPLETED	B
N5.HOG0063536	3012	27.03	COMPLETED	B
N5.HOG0063537	3013	25.09	COMPLETED	B
N5.HOG0063542	3014	9.97	COMPLETED	A
N5.HOG0063543	3015	6.95	COMPLETED	A
N5.HOG0063548	3016	35.21	COMPLETED	B
N5.HOG0063557	3017	24.62	COMPLETED	B
N5.HOG0063558	3018	31.29	COMPLETED	B
N5.HOG0063559	3019	4.16	COMPLETED	A
N5.HOG0063561	3020	27.39	COMPLETED	B
N5.HOG0063562	3021	13.36	COMPLETED	B
N5.HOG0063563	3022	6.01	COMPLETED	A
N5.HOG0063565	3023	2.56	COMPLETED	A
N5.HOG0063567	3024	25.04	COMPLETED	B
N5.HOG0063586	3025	10.85	COMPLETED	A
N5.HOG0063587	3026	11.35	COMPLETED	A
N5.HOG0063588	3027	27.85	COMPLETED	B
N5.HOG0063594	3028	10.91	COMPLETED	A
N5.HOG0063597	3029	8.21	COMPLETED	A
N5.HOG0063598	3030	8.25	COMPLETED	A
N5.HOG0063599	3031	27.17	COMPLETED	B
N5.HOG0063600	3032	15.43	COMPLETED	B
N5.HOG0063608	3033	31.80	COMPLETED	B
N5.HOG0063609	3034	29.39	COMPLETED	B
N5.HOG0063621	3035	22.30	COMPLETED	B
N5.HOG0063623	3036	3.52	COMPLETED	A
N5.HOG0063635	3037	20.70	COMPLETED	B
N5.HOG0063636	3038	11.86	COMPLETED	A
N5.HOG0063637	3039	26.55	COMPLETED	B
N5.HOG0063645	3040	14.78	COMPLETED	B
N5.HOG0063646	3041	9.75	COMPLETED	A
N5.HOG0063648	3042	72.01	NO_COMPLETED	C
N5.HOG0063649	3043	40.84	COMPLETED	C
N5.HOG0063650	3044	56.78	COMPLETED	C
N5.HOG0063651	3045	7.81	COMPLETED	A
N5.HOG0063653	3046	14.18	COMPLETED	B
N5.HOG0063655	3047	6.52	COMPLETED	A
N5.HOG0063656	3048	12.64	COMPLETED	B
N5.HOG0063659	3049	72.01	NO_COMPLETED	C
N5.HOG0063660	3050	27.77	COMPLETED	B
N5.HOG0063661	3051	7.74	COMPLETED	A
N5.HOG0063677	3052	8.31	COMPLETED	A
N5.HOG0063678	3053	3.11	COMPLETED	A
N5.HOG0063683	3054	7.13	COMPLETED	A
N5.HOG0063686	3055	13.58	COMPLETED	B
N5.HOG0063700	3056	22.22	COMPLETED	B
N5.HOG0063703	3057	3.93	COMPLETED	A
N5.HOG0063704	3058	9.83	COMPLETED	A
N5.HOG0063705	3059	14.30	COMPLETED	B
N5.HOG0063706	3060	23.57	COMPLETED	B
N5.HOG0063712	3061	2.27	COMPLETED	A
N5.HOG0063719	3062	3.78	COMPLETED	A
N5.HOG0063733	3063	21.04	COMPLETED	B
N5.HOG0063734	3064	11.38	COMPLETED	A
N5.HOG0063735	3065	22.02	COMPLETED	B
N5.HOG0063743	3066	4.01	COMPLETED	A
N5.HOG0063744	3067	13.17	COMPLETED	B
N5.HOG0063745	3068	13.20	COMPLETED	B
N5.HOG0063746	3069	14.77	COMPLETED	B
N5.HOG0063749	3070	36.18	COMPLETED	C
N5.HOG0063750	3071	13.79	COMPLETED	B
N5.HOG0063751	3072	23.16	COMPLETED	B
N5.HOG0063760	3073	8.07	COMPLETED	A
N5.HOG0063761	3074	4.86	COMPLETED	A
N5.HOG0063771	3075	72.01	NO_COMPLETED	C
N5.HOG0063782	3076	17.12	COMPLETED	B
N5.HOG0063784	3077	8.48	COMPLETED	A
N5.HOG0063786	3078	36.51	COMPLETED	C
N5.HOG0063794	3079	16.48	COMPLETED	B
N5.HOG0063795	3080	14.04	COMPLETED	B
N5.HOG0063796	3081	14.71	COMPLETED	B
N5.HOG0063804	3082	39.62	COMPLETED	C
N5.HOG0063809	3083	25.19	COMPLETED	B
N5.HOG0063839	3084	30.58	COMPLETED	B
N5.HOG0063840	3085	14.62	COMPLETED	B
N5.HOG0063846	3086	13.60	COMPLETED	B
N5.HOG0063849	3087	3.84	COMPLETED	A
N5.HOG0063854	3088	25.58	COMPLETED	B
N5.HOG0063855	3089	23.87	COMPLETED	B
N5.HOG0063867	3090	34.17	COMPLETED	B
N5.HOG0063875	3091	27.52	COMPLETED	B
N5.HOG0063876	3092	9.02	COMPLETED	A
N5.HOG0063877	3093	25.25	COMPLETED	B
N5.HOG0063878	3094	9.21	COMPLETED	A
N5.HOG0063879	3095	20.22	COMPLETED	B
N5.HOG0063880	3096	7.20	COMPLETED	A
N5.HOG0063881	3097	26.57	COMPLETED	B
N5.HOG0063882	3098	20.55	COMPLETED	B
N5.HOG0063884	3099	5.15	COMPLETED	A
N5.HOG0063895	3100	19.10	COMPLETED	B
N5.HOG0063897	3101	9.60	COMPLETED	A
N5.HOG0063898	3102	52.41	COMPLETED	C
N5.HOG0063902	3103	11.83	COMPLETED	A
N5.HOG0063921	3104	26.53	COMPLETED	B
N5.HOG0063924	3105	72.01	NO_COMPLETED	C
N5.HOG0063925	3106	18.72	COMPLETED	B
N5.HOG0063926	3107	6.19	COMPLETED	A
N5.HOG0063927	3108	6.12	COMPLETED	A
N5.HOG0063928	3109	36.67	COMPLETED	C
N5.HOG0063929	3110	17.86	COMPLETED	B
N5.HOG0063932	3111	6.33	COMPLETED	A
N5.HOG0063933	3112	50.66	COMPLETED	C
N5.HOG0063934	3113	4.60	COMPLETED	A
N5.HOG0063940	3114	27.99	COMPLETED	B
N5.HOG0063941	3115	17.13	COMPLETED	B
N5.HOG0063942	3116	8.85	COMPLETED	A
N5.HOG0063943	3117	51.70	COMPLETED	C
N5.HOG0063944	3118	35.71	COMPLETED	B
N5.HOG0063947	3119	12.21	COMPLETED	B
N5.HOG0063948	3120	11.09	COMPLETED	A
N5.HOG0063949	3121	46.44	COMPLETED	C
N5.HOG0063950	3122	51.74	COMPLETED	C
N5.HOG0063951	3123	34.60	COMPLETED	B
N5.HOG0063959	3124	14.80	COMPLETED	B
N5.HOG0063962	3125	16.61	COMPLETED	B
N5.HOG0063963	3126	4.01	COMPLETED	A
N5.HOG0063965	3127	8.56	COMPLETED	A
N5.HOG0063967	3128	15.67	COMPLETED	B
N5.HOG0063971	3129	12.21	COMPLETED	B
N5.HOG0063972	3130	11.74	COMPLETED	A
N5.HOG0063973	3131	8.62	COMPLETED	A
N5.HOG0063975	3132	32.89	COMPLETED	B
N5.HOG0063976	3133	13.34	COMPLETED	B
N5.HOG0063977	3134	13.98	COMPLETED	B
N5.HOG0063978	3135	7.74	COMPLETED	A
N5.HOG0063980	3136	19.16	COMPLETED	B
N5.HOG0063982	3137	21.69	COMPLETED	B
N5.HOG0063994	3138	26.48	COMPLETED	B
N5.HOG0063995	3139	2.90	COMPLETED	A
N5.HOG0064002	3140	4.30	COMPLETED	A
N5.HOG0064007	3141	4.54	COMPLETED	A
N5.HOG0064008	3142	72.00	NO_COMPLETED	C
N5.HOG0064009	3143	29.19	COMPLETED	B
N5.HOG0064013	3144	38.98	COMPLETED	C
N5.HOG0064014	3145	15.00	COMPLETED	B
N5.HOG0064018	3146	20.25	COMPLETED	B
N5.HOG0064019	3147	41.24	COMPLETED	C
N5.HOG0064022	3148	30.43	COMPLETED	B
N5.HOG0064023	3149	22.27	COMPLETED	B
N5.HOG0064025	3150	35.13	COMPLETED	B
N5.HOG0064026	3151	25.20	COMPLETED	B
N5.HOG0064035	3152	27.55	COMPLETED	B
N5.HOG0064036	3153	8.21	COMPLETED	A
N5.HOG0064039	3154	6.51	COMPLETED	A
N5.HOG0064040	3155	17.96	COMPLETED	B
N5.HOG0064052	3156	26.38	COMPLETED	B
N5.HOG0064064	3157	9.36	COMPLETED	A
N5.HOG0064078	3158	46.51	COMPLETED	C
N5.HOG0064079	3159	17.46	COMPLETED	B
N5.HOG0064080	3160	17.47	COMPLETED	B
N5.HOG0064081	3161	37.34	COMPLETED	C
N5.HOG0064082	3162	30.96	COMPLETED	B
N5.HOG0064083	3163	53.46	COMPLETED	C
N5.HOG0064085	3164	27.32	COMPLETED	B
N5.HOG0064086	3165	16.25	COMPLETED	B
N5.HOG0064087	3166	11.78	COMPLETED	A
N5.HOG0064088	3167	21.17	COMPLETED	B
N5.HOG0064089	3168	38.25	COMPLETED	C
N5.HOG0064092	3169	23.76	COMPLETED	B
N5.HOG0064093	3170	8.25	COMPLETED	A
N5.HOG0064094	3171	7.25	COMPLETED	A
N5.HOG0064102	3172	13.08	COMPLETED	B
N5.HOG0064103	3173	14.17	COMPLETED	B
N5.HOG0064111	3174	3.96	COMPLETED	A
N5.HOG0064112	3175	13.44	COMPLETED	B
N5.HOG0064119	3176	17.88	COMPLETED	B
N5.HOG0064126	3177	10.22	COMPLETED	A
N5.HOG0064130	3178	20.79	COMPLETED	B
N5.HOG0064134	3179	17.35	COMPLETED	B
N5.HOG0064135	3180	6.50	COMPLETED	A
N5.HOG0064136	3181	9.39	COMPLETED	A
N5.HOG0064138	3182	4.55	COMPLETED	A
N5.HOG0064139	3183	15.06	COMPLETED	B
N5.HOG0064140	3184	26.37	COMPLETED	B
N5.HOG0064141	3185	10.83	COMPLETED	A
N5.HOG0064144	3186	27.22	COMPLETED	B
N5.HOG0064145	3187	11.24	COMPLETED	A
N5.HOG0064147	3188	21.16	COMPLETED	B
N5.HOG0064150	3189	17.20	COMPLETED	B
N5.HOG0064153	3190	26.85	COMPLETED	B
N5.HOG0064154	3191	72.00	NO_COMPLETED	C
N5.HOG0064156	3192	15.73	COMPLETED	B
N5.HOG0064160	3193	40.63	COMPLETED	C
N5.HOG0064161	3194	50.93	COMPLETED	C
N5.HOG0064174	3195	8.34	COMPLETED	A
N5.HOG0064176	3196	3.90	COMPLETED	A
N5.HOG0064191	3197	21.56	COMPLETED	B
N5.HOG0064195	3198	16.67	COMPLETED	B
N5.HOG0064199	3199	9.33	COMPLETED	A
N5.HOG0064200	3200	15.89	COMPLETED	B
N5.HOG0064201	3201	21.34	COMPLETED	B
N5.HOG0064202	3202	17.67	COMPLETED	B
N5.HOG0064203	3203	45.30	COMPLETED	C
N5.HOG0064206	3204	3.18	COMPLETED	A
N5.HOG0064207	3205	6.24	COMPLETED	A
N5.HOG0064217	3206	11.77	COMPLETED	A
N5.HOG0064222	3207	15.42	COMPLETED	B
N5.HOG0064230	3208	22.26	COMPLETED	B
N5.HOG0064231	3209	24.79	COMPLETED	B
N5.HOG0064241	3210	31.20	COMPLETED	B
N5.HOG0064242	3211	16.20	COMPLETED	B
N5.HOG0064243	3212	22.22	COMPLETED	B
N5.HOG0064244	3213	17.76	COMPLETED	B
N5.HOG0064262	3214	13.61	COMPLETED	B
N5.HOG0064263	3215	18.59	COMPLETED	B
N5.HOG0064264	3216	24.62	COMPLETED	B
N5.HOG0064265	3217	7.69	COMPLETED	A
N5.HOG0064284	3218	11.49	COMPLETED	A
N5.HOG0064287	3219	17.13	COMPLETED	B
N5.HOG0064288	3220	18.50	COMPLETED	B
N5.HOG0064289	3221	38.91	COMPLETED	C
N5.HOG0064290	3222	16.25	COMPLETED	B
N5.HOG0064303	3223	30.35	COMPLETED	B
N5.HOG0064307	3224	23.87	COMPLETED	B
N5.HOG0064308	3225	16.86	COMPLETED	B
N5.HOG0064309	3226	15.41	COMPLETED	B
N5.HOG0064311	3227	17.73	COMPLETED	B
N5.HOG0064325	3228	20.40	COMPLETED	B
N5.HOG0064326	3229	20.74	COMPLETED	B
N5.HOG0064327	3230	17.39	COMPLETED	B
N5.HOG0064328	3231	29.98	COMPLETED	B
N5.HOG0064329	3232	16.24	COMPLETED	B
N5.HOG0064330	3233	3.87	COMPLETED	A
N5.HOG0064331	3234	25.55	COMPLETED	B
N5.HOG0064332	3235	13.17	COMPLETED	B
N5.HOG0064339	3236	29.39	COMPLETED	B
N5.HOG0064340	3237	5.28	COMPLETED	A
N5.HOG0064341	3238	35.10	COMPLETED	B
N5.HOG0064348	3239	3.97	COMPLETED	A
N5.HOG0064358	3240	8.14	COMPLETED	A
N5.HOG0064359	3241	19.75	COMPLETED	B
N5.HOG0064373	3242	24.71	COMPLETED	B
N5.HOG0064374	3243	34.59	COMPLETED	B
N5.HOG0064375	3244	13.12	COMPLETED	B
N5.HOG0064376	3245	18.93	COMPLETED	B
N5.HOG0064382	3246	24.34	COMPLETED	B
N5.HOG0064387	3247	18.07	COMPLETED	B
N5.HOG0064389	3248	6.12	COMPLETED	A
N5.HOG0064414	3249	14.66	COMPLETED	B
N5.HOG0064415	3250	27.40	COMPLETED	B
N5.HOG0064417	3251	5.69	COMPLETED	A
N5.HOG0064418	3252	17.24	COMPLETED	B
N5.HOG0064442	3253	6.63	COMPLETED	A
N5.HOG0064443	3254	68.10	COMPLETED	C
N5.HOG0064448	3255	36.56	COMPLETED	C
N5.HOG0064449	3256	24.42	COMPLETED	B
N5.HOG0064450	3257	34.63	COMPLETED	B
N5.HOG0064451	3258	35.08	COMPLETED	B
N5.HOG0064455	3259	4.09	COMPLETED	A
N5.HOG0064456	3260	13.97	COMPLETED	B
N5.HOG0064457	3261	18.77	COMPLETED	B
N5.HOG0064458	3262	38.13	COMPLETED	C
N5.HOG0064466	3263	16.68	COMPLETED	B
N5.HOG0064468	3264	5.02	COMPLETED	A
N5.HOG0064470	3265	11.65	COMPLETED	A
N5.HOG0064478	3266	35.97	COMPLETED	B
N5.HOG0064479	3267	34.83	COMPLETED	B
N5.HOG0064480	3268	2.50	COMPLETED	A
N5.HOG0064482	3269	7.07	COMPLETED	A
N5.HOG0064485	3270	4.02	COMPLETED	A
N5.HOG0064486	3271	12.54	COMPLETED	B
N5.HOG0064490	3272	14.48	COMPLETED	B
N5.HOG0064492	3273	6.77	COMPLETED	A
N5.HOG0064493	3274	32.80	COMPLETED	B
N5.HOG0064495	3275	10.07	COMPLETED	A
N5.HOG0064514	3276	32.52	COMPLETED	B
N5.HOG0064555	3277	38.35	COMPLETED	C
N5.HOG0064556	3278	11.93	COMPLETED	A
N5.HOG0064557	3279	11.04	COMPLETED	A
N5.HOG0064559	3280	4.21	COMPLETED	A
N5.HOG0064566	3281	29.64	COMPLETED	B
N5.HOG0064575	3282	14.39	COMPLETED	B
N5.HOG0064583	3283	15.95	COMPLETED	B
N5.HOG0064585	3284	23.00	COMPLETED	B
N5.HOG0064596	3285	3.56	COMPLETED	A
N5.HOG0064597	3286	17.11	COMPLETED	B
N5.HOG0064598	3287	42.84	COMPLETED	C
N5.HOG0064599	3288	12.08	COMPLETED	B
N5.HOG0064600	3289	32.11	COMPLETED	B
N5.HOG0064601	3290	5.89	COMPLETED	A
N5.HOG0064602	3291	12.13	COMPLETED	B
N5.HOG0064604	3292	3.56	COMPLETED	A
N5.HOG0064605	3293	9.34	COMPLETED	A
N5.HOG0064616	3294	21.48	COMPLETED	B
N5.HOG0064617	3295	9.28	COMPLETED	A
N5.HOG0064619	3296	20.96	COMPLETED	B
N5.HOG0064620	3297	15.68	COMPLETED	B
N5.HOG0064624	3298	20.07	COMPLETED	B
N5.HOG0064625	3299	21.81	COMPLETED	B
N5.HOG0064627	3300	3.06	COMPLETED	A
N5.HOG0064629	3301	49.26	COMPLETED	C
N5.HOG0064631	3302	16.21	COMPLETED	B
N5.HOG0064632	3303	3.37	COMPLETED	A
N5.HOG0064634	3304	24.53	COMPLETED	B
N5.HOG0064642	3305	9.80	COMPLETED	A
N5.HOG0064644	3306	35.37	COMPLETED	B
N5.HOG0064647	3307	39.99	COMPLETED	C
N5.HOG0064651	3308	5.53	COMPLETED	A
N5.HOG0064666	3309	9.94	COMPLETED	A
N5.HOG0064669	3310	18.14	COMPLETED	B
N5.HOG0064670	3311	32.67	COMPLETED	B
N5.HOG0064671	3312	14.11	COMPLETED	B
N5.HOG0064673	3313	33.73	COMPLETED	B
N5.HOG0064674	3314	12.74	COMPLETED	B
N5.HOG0064675	3315	24.11	COMPLETED	B
N5.HOG0064678	3316	15.45	COMPLETED	B
N5.HOG0064681	3317	7.84	COMPLETED	A
N5.HOG0064682	3318	30.55	COMPLETED	B
N5.HOG0064688	3319	21.37	COMPLETED	B
N5.HOG0064689	3320	10.80	COMPLETED	A
N5.HOG0064698	3321	5.38	COMPLETED	A
N5.HOG0064699	3322	7.91	COMPLETED	A
N5.HOG0064700	3323	13.08	COMPLETED	B
N5.HOG0064701	3324	10.29	COMPLETED	A
N5.HOG0064702	3325	10.56	COMPLETED	A
N5.HOG0064703	3326	9.06	COMPLETED	A
N5.HOG0064704	3327	13.36	COMPLETED	B
N5.HOG0064705	3328	4.65	COMPLETED	A
N5.HOG0064707	3329	28.03	COMPLETED	B
N5.HOG0064708	3330	4.09	COMPLETED	A
N5.HOG0064718	3331	18.28	COMPLETED	B
N5.HOG0064719	3332	29.42	COMPLETED	B
N5.HOG0064720	3333	7.59	COMPLETED	A
N5.HOG0064725	3334	7.40	COMPLETED	A
N5.HOG0064726	3335	22.51	COMPLETED	B
N5.HOG0064727	3336	19.56	COMPLETED	B
N5.HOG0064737	3337	23.87	COMPLETED	B
N5.HOG0064739	3338	13.73	COMPLETED	B
N5.HOG0064744	3339	13.87	COMPLETED	B
N5.HOG0064745	3340	15.08	COMPLETED	B
N5.HOG0064746	3341	14.32	COMPLETED	B
N5.HOG0064747	3342	12.10	COMPLETED	B
N5.HOG0064751	3343	6.31	COMPLETED	A
N5.HOG0064756	3344	3.01	COMPLETED	A
N5.HOG0064758	3345	12.25	COMPLETED	B
N5.HOG0064759	3346	5.31	COMPLETED	A
N5.HOG0064761	3347	10.51	COMPLETED	A
N5.HOG0064765	3348	13.36	COMPLETED	B
N5.HOG0064766	3349	15.27	COMPLETED	B
N5.HOG0064768	3350	14.44	COMPLETED	B
N5.HOG0064769	3351	20.39	COMPLETED	B
N5.HOG0064770	3352	11.96	COMPLETED	A
N5.HOG0064775	3353	20.98	COMPLETED	B
N5.HOG0064776	3354	7.47	COMPLETED	A
N5.HOG0064777	3355	18.05	COMPLETED	B
N5.HOG0064779	3356	15.36	COMPLETED	B
N5.HOG0064780	3357	11.37	COMPLETED	A
N5.HOG0064781	3358	30.11	COMPLETED	B
N5.HOG0064784	3359	19.79	COMPLETED	B
N5.HOG0064785	3360	7.88	COMPLETED	A
N5.HOG0064786	3361	43.48	COMPLETED	C
N5.HOG0064787	3362	11.74	COMPLETED	A
N5.HOG0064788	3363	32.13	COMPLETED	B
N5.HOG0064789	3364	41.64	COMPLETED	C
N5.HOG0064812	3365	72.00	NO_COMPLETED	C
N5.HOG0064813	3366	31.04	COMPLETED	B
N5.HOG0064814	3367	8.10	COMPLETED	A
N5.HOG0064819	3368	13.76	COMPLETED	B
N5.HOG0064820	3369	10.62	COMPLETED	A
N5.HOG0064821	3370	14.00	COMPLETED	B
N5.HOG0064828	3371	10.22	COMPLETED	A
N5.HOG0064829	3372	13.47	COMPLETED	B
N5.HOG0064830	3373	56.05	COMPLETED	C
N5.HOG0064831	3374	5.32	COMPLETED	A
N5.HOG0064838	3375	7.46	COMPLETED	A
N5.HOG0064839	3376	6.29	COMPLETED	A
N5.HOG0064840	3377	24.34	COMPLETED	B
N5.HOG0064844	3378	5.43	COMPLETED	A
N5.HOG0064845	3379	29.37	COMPLETED	B
N5.HOG0064846	3380	14.14	COMPLETED	B
N5.HOG0064848	3381	22.17	COMPLETED	B
N5.HOG0064850	3382	72.00	NO_COMPLETED	C
N5.HOG0064851	3383	9.65	COMPLETED	A
N5.HOG0064852	3384	37.77	COMPLETED	C
N5.HOG0064856	3385	24.48	COMPLETED	B
N5.HOG0064857	3386	19.51	COMPLETED	B
N5.HOG0064859	3387	3.18	COMPLETED	A
N5.HOG0064867	3388	62.13	COMPLETED	C
N5.HOG0064868	3389	20.72	COMPLETED	B
N5.HOG0064869	3390	17.95	COMPLETED	B
N5.HOG0064883	3391	22.12	COMPLETED	B
N5.HOG0064884	3392	12.67	COMPLETED	B
N5.HOG0064887	3393	5.27	COMPLETED	A
N5.HOG0064888	3394	15.45	COMPLETED	B
N5.HOG0064895	3395	9.06	COMPLETED	A
N5.HOG0064896	3396	15.45	COMPLETED	B
N5.HOG0064899	3397	72.00	NO_COMPLETED	C
N5.HOG0064901	3398	43.86	COMPLETED	C
N5.HOG0064906	3399	14.27	COMPLETED	B
N5.HOG0064907	3400	13.52	COMPLETED	B
N5.HOG0064912	3401	27.91	COMPLETED	B
N5.HOG0064916	3402	7.83	COMPLETED	A
N5.HOG0064922	3403	24.49	COMPLETED	B
N5.HOG0064926	3404	29.87	COMPLETED	B
N5.HOG0064928	3405	50.05	COMPLETED	C
N5.HOG0064930	3406	11.58	COMPLETED	A
N5.HOG0064931	3407	6.36	COMPLETED	A
N5.HOG0064932	3408	29.22	COMPLETED	B
N5.HOG0064934	3409	4.13	COMPLETED	A
N5.HOG0064935	3410	16.66	COMPLETED	B
N5.HOG0064936	3411	32.38	COMPLETED	B
N5.HOG0064941	3412	38.14	COMPLETED	C
N5.HOG0064947	3413	36.21	COMPLETED	C
N5.HOG0064953	3414	6.61	COMPLETED	A
N5.HOG0064955	3415	2.43	COMPLETED	A
N5.HOG0064957	3416	8.44	COMPLETED	A
N5.HOG0064958	3417	21.49	COMPLETED	B
N5.HOG0064962	3418	36.34	COMPLETED	C
N5.HOG0064963	3419	7.67	COMPLETED	A
N5.HOG0064978	3420	37.74	COMPLETED	C
N5.HOG0064980	3421	15.85	COMPLETED	B
N5.HOG0064987	3422	12.61	COMPLETED	B
N5.HOG0064996	3423	4.47	COMPLETED	A
N5.HOG0064997	3424	72.01	NO_COMPLETED	C
N5.HOG0064999	3425	38.94	COMPLETED	C
N5.HOG0065000	3426	5.64	COMPLETED	A
N5.HOG0065002	3427	13.44	COMPLETED	B
N5.HOG0065016	3428	15.35	COMPLETED	B
N5.HOG0065031	3429	39.44	COMPLETED	C
N5.HOG0065039	3430	8.36	COMPLETED	A
N5.HOG0065042	3431	6.90	COMPLETED	A
N5.HOG0065043	3432	11.32	COMPLETED	A
N5.HOG0065045	3433	4.91	COMPLETED	A
N5.HOG0065049	3434	31.22	COMPLETED	B
N5.HOG0065050	3435	10.81	COMPLETED	A
N5.HOG0065051	3436	12.59	COMPLETED	B
N5.HOG0065052	3437	3.99	COMPLETED	A
N5.HOG0065053	3438	31.36	COMPLETED	B
N5.HOG0065054	3439	13.30	COMPLETED	B
N5.HOG0065056	3440	20.76	COMPLETED	B
N5.HOG0065057	3441	18.90	COMPLETED	B
N5.HOG0065058	3442	4.63	COMPLETED	A
N5.HOG0065059	3443	2.69	COMPLETED	A
N5.HOG0065060	3444	11.17	COMPLETED	A
N5.HOG0065061	3445	36.41	COMPLETED	C
N5.HOG0065063	3446	4.90	COMPLETED	A
N5.HOG0065064	3447	72.00	NO_COMPLETED	C
N5.HOG0065065	3448	17.58	COMPLETED	B
N5.HOG0065080	3449	22.99	COMPLETED	B
N5.HOG0065081	3450	11.71	COMPLETED	A
N5.HOG0065084	3451	4.61	COMPLETED	A
N5.HOG0065085	3452	3.18	COMPLETED	A
N5.HOG0065092	3453	29.58	COMPLETED	B
N5.HOG0065094	3454	16.41	COMPLETED	B
N5.HOG0065095	3455	17.92	COMPLETED	B
N5.HOG0065096	3456	14.60	COMPLETED	B
N5.HOG0065097	3457	15.45	COMPLETED	B
N5.HOG0065101	3458	29.81	COMPLETED	B
N5.HOG0065108	3459	27.43	COMPLETED	B
N5.HOG0065109	3460	24.96	COMPLETED	B
N5.HOG0065110	3461	23.55	COMPLETED	B
N5.HOG0065111	3462	17.50	COMPLETED	B
N5.HOG0065116	3463	28.88	COMPLETED	B
N5.HOG0065130	3464	25.54	COMPLETED	B
N5.HOG0065143	3465	18.16	COMPLETED	B
N5.HOG0065147	3466	11.06	COMPLETED	A
N5.HOG0065148	3467	11.15	COMPLETED	A
N5.HOG0065177	3468	4.37	COMPLETED	A
N5.HOG0065178	3469	21.72	COMPLETED	B
N5.HOG0065179	3470	17.68	COMPLETED	B
N5.HOG0065184	3471	4.57	COMPLETED	A
N5.HOG0065185	3472	25.95	COMPLETED	B
N5.HOG0065186	3473	17.98	COMPLETED	B
N5.HOG0065187	3474	15.47	COMPLETED	B
N5.HOG0065191	3475	6.59	COMPLETED	A
N5.HOG0065192	3476	7.00	COMPLETED	A
N5.HOG0065195	3477	55.54	COMPLETED	C
N5.HOG0065204	3478	72.01	NO_COMPLETED	C
N5.HOG0065229	3479	13.45	COMPLETED	B
N5.HOG0065231	3480	2.97	COMPLETED	A
N5.HOG0065243	3481	7.74	COMPLETED	A
N5.HOG0065244	3482	67.45	COMPLETED	C
N5.HOG0065263	3483	9.88	COMPLETED	A
N5.HOG0065265	3484	38.70	COMPLETED	C
N5.HOG0065268	3485	21.87	COMPLETED	B
N5.HOG0065269	3486	6.34	COMPLETED	A
N5.HOG0065275	3487	11.07	COMPLETED	A
N5.HOG0065276	3488	11.01	COMPLETED	A
N5.HOG0065278	3489	10.77	COMPLETED	A
N5.HOG0065283	3490	3.74	COMPLETED	A
N5.HOG0065284	3491	50.33	COMPLETED	C
N5.HOG0065285	3492	20.24	COMPLETED	B
N5.HOG0065286	3493	12.76	COMPLETED	B
N5.HOG0065289	3494	13.98	COMPLETED	B
N5.HOG0065307	3495	3.51	COMPLETED	A
N5.HOG0065308	3496	37.50	COMPLETED	C
N5.HOG0065309	3497	35.58	COMPLETED	B
N5.HOG0065310	3498	37.76	COMPLETED	C
N5.HOG0065312	3499	7.81	COMPLETED	A
N5.HOG0065314	3500	25.75	COMPLETED	B
N5.HOG0065315	3501	10.32	COMPLETED	A
N5.HOG0065317	3502	5.26	COMPLETED	A
N5.HOG0065326	3503	1.81	COMPLETED	A
N5.HOG0065327	3504	11.55	COMPLETED	A
N5.HOG0065328	3505	20.23	COMPLETED	B
N5.HOG0065329	3506	8.68	COMPLETED	A
N5.HOG0065330	3507	12.78	COMPLETED	B
N5.HOG0065331	3508	43.28	COMPLETED	C
N5.HOG0065339	3509	16.04	COMPLETED	B
N5.HOG0065340	3510	18.45	COMPLETED	B
N5.HOG0065344	3511	20.12	COMPLETED	B
N5.HOG0065347	3512	37.87	COMPLETED	C
N5.HOG0065353	3513	20.03	COMPLETED	B
N5.HOG0065359	3514	16.60	COMPLETED	B
N5.HOG0065364	3515	10.11	COMPLETED	A
N5.HOG0065368	3516	8.83	COMPLETED	A
N5.HOG0065369	3517	29.98	COMPLETED	B
N5.HOG0065378	3518	5.28	COMPLETED	A
N5.HOG0065379	3519	12.97	COMPLETED	B
N5.HOG0065380	3520	22.01	COMPLETED	B
N5.HOG0065406	3521	3.75	COMPLETED	A
N5.HOG0065408	3522	9.39	COMPLETED	A
N5.HOG0065409	3523	23.52	COMPLETED	B
N5.HOG0065410	3524	33.44	COMPLETED	B
N5.HOG0065417	3525	4.61	COMPLETED	A
N5.HOG0065425	3526	3.62	COMPLETED	A
N5.HOG0065426	3527	14.03	COMPLETED	B
N5.HOG0065427	3528	3.46	COMPLETED	A
N5.HOG0065428	3529	3.62	COMPLETED	A
N5.HOG0065429	3530	16.00	COMPLETED	B
N5.HOG0065434	3531	30.47	COMPLETED	B
N5.HOG0065437	3532	8.48	COMPLETED	A
N5.HOG0065442	3533	4.63	COMPLETED	A
N5.HOG0065452	3534	9.31	COMPLETED	A
N5.HOG0065455	3535	31.23	COMPLETED	B
N5.HOG0065458	3536	26.25	COMPLETED	B
N5.HOG0065479	3537	5.68	COMPLETED	A
N5.HOG0065483	3538	28.27	COMPLETED	B
N5.HOG0065489	3539	11.66	COMPLETED	A
N5.HOG0065499	3540	36.91	COMPLETED	C
N5.HOG0065500	3541	14.09	COMPLETED	B
N5.HOG0065501	3542	22.76	COMPLETED	B
N5.HOG0065502	3543	6.76	COMPLETED	A
N5.HOG0065517	3544	26.52	COMPLETED	B
N5.HOG0065518	3545	37.03	COMPLETED	C
N5.HOG0065522	3546	6.76	COMPLETED	A
N5.HOG0065525	3547	9.48	COMPLETED	A
N5.HOG0065526	3548	2.78	COMPLETED	A
N5.HOG0065529	3549	4.63	COMPLETED	A
N5.HOG0065531	3550	6.26	COMPLETED	A
N5.HOG0065532	3551	22.91	COMPLETED	B
N5.HOG0065534	3552	6.57	COMPLETED	A
N5.HOG0065535	3553	8.27	COMPLETED	A
N5.HOG0065544	3554	7.90	COMPLETED	A
N5.HOG0065545	3555	26.63	COMPLETED	B
N5.HOG0065546	3556	6.00	COMPLETED	A
N5.HOG0065547	3557	9.73	COMPLETED	A
N5.HOG0065548	3558	16.58	COMPLETED	B
N5.HOG0065550	3559	9.49	COMPLETED	A
N5.HOG0065553	3560	16.41	COMPLETED	B
N5.HOG0065556	3561	63.22	COMPLETED	C
N5.HOG0065557	3562	13.38	COMPLETED	B
N5.HOG0065561	3563	9.67	COMPLETED	A
N5.HOG0065580	3564	30.66	COMPLETED	B
N5.HOG0065632	3565	48.36	COMPLETED	C
N5.HOG0065633	3566	10.11	COMPLETED	A
N5.HOG0065634	3567	7.30	COMPLETED	A
N5.HOG0065635	3568	44.49	COMPLETED	C
N5.HOG0065640	3569	11.84	COMPLETED	A
N5.HOG0065641	3570	31.62	COMPLETED	B
N5.HOG0065652	3571	10.41	COMPLETED	A
N5.HOG0065653	3572	31.92	COMPLETED	B
N5.HOG0065656	3573	21.51	COMPLETED	B
N5.HOG0065657	3574	4.20	COMPLETED	A
N5.HOG0065659	3575	13.99	COMPLETED	B
N5.HOG0065660	3576	6.62	COMPLETED	A
N5.HOG0065667	3577	68.39	COMPLETED	C
N5.HOG0065672	3578	32.02	COMPLETED	B
N5.HOG0065673	3579	41.39	COMPLETED	C
N5.HOG0065674	3580	10.82	COMPLETED	A
N5.HOG0065675	3581	4.23	COMPLETED	A
N5.HOG0065677	3582	18.34	COMPLETED	B
N5.HOG0065678	3583	22.51	COMPLETED	B
N5.HOG0065681	3584	28.16	COMPLETED	B
N5.HOG0065683	3585	18.98	COMPLETED	B
N5.HOG0065684	3586	4.20	COMPLETED	A
N5.HOG0065687	3587	17.86	COMPLETED	B
N5.HOG0065688	3588	7.53	COMPLETED	A
N5.HOG0065689	3589	24.57	COMPLETED	B
N5.HOG0065690	3590	6.88	COMPLETED	A
N5.HOG0065691	3591	33.91	COMPLETED	B
N5.HOG0065692	3592	18.11	COMPLETED	B
N5.HOG0065695	3593	15.47	COMPLETED	B
N5.HOG0065696	3594	3.28	COMPLETED	A
N5.HOG0065697	3595	20.33	COMPLETED	B
N5.HOG0065709	3596	36.28	COMPLETED	C
N5.HOG0065710	3597	7.82	COMPLETED	A
N5.HOG0065715	3598	11.98	COMPLETED	A
N5.HOG0065717	3599	4.84	COMPLETED	A
N5.HOG0065718	3600	24.67	COMPLETED	B
N5.HOG0065725	3601	11.89	COMPLETED	A
N5.HOG0065726	3602	19.27	COMPLETED	B
N5.HOG0065727	3603	5.52	COMPLETED	A
N5.HOG0065728	3604	15.46	COMPLETED	B
N5.HOG0065729	3605	41.36	COMPLETED	C
N5.HOG0065734	3606	32.41	COMPLETED	B
N5.HOG0065736	3607	31.57	COMPLETED	B
N5.HOG0065737	3608	16.39	COMPLETED	B
N5.HOG0065742	3609	6.97	COMPLETED	A
N5.HOG0065743	3610	20.77	COMPLETED	B
N5.HOG0065747	3611	13.87	COMPLETED	B
N5.HOG0065749	3612	24.90	COMPLETED	B
N5.HOG0065763	3613	7.95	COMPLETED	A
N5.HOG0065764	3614	4.64	COMPLETED	A
N5.HOG0065766	3615	68.34	COMPLETED	C
N5.HOG0065767	3616	41.88	COMPLETED	C
N5.HOG0065768	3617	26.86	COMPLETED	B
N5.HOG0065769	3618	21.59	COMPLETED	B
N5.HOG0065770	3619	4.86	COMPLETED	A
N5.HOG0065771	3620	16.57	COMPLETED	B
N5.HOG0065788	3621	50.53	COMPLETED	C
N5.HOG0065789	3622	6.25	COMPLETED	A
N5.HOG0065790	3623	9.57	COMPLETED	A
N5.HOG0065791	3624	7.98	COMPLETED	A
N5.HOG0065792	3625	35.36	COMPLETED	B
N5.HOG0065793	3626	15.05	COMPLETED	B
N5.HOG0065795	3627	48.60	COMPLETED	C
N5.HOG0065796	3628	9.49	COMPLETED	A
N5.HOG0065797	3629	6.36	COMPLETED	A
N5.HOG0065811	3630	20.88	COMPLETED	B
N5.HOG0065812	3631	29.65	COMPLETED	B
N5.HOG0065818	3632	17.14	COMPLETED	B
N5.HOG0065824	3633	8.44	COMPLETED	A
N5.HOG0065826	3634	10.55	COMPLETED	A
N5.HOG0065827	3635	31.12	COMPLETED	B
N5.HOG0065829	3636	5.83	COMPLETED	A
N5.HOG0065831	3637	6.45	COMPLETED	A
N5.HOG0065833	3638	27.66	COMPLETED	B
N5.HOG0065834	3639	10.85	COMPLETED	A
N5.HOG0065835	3640	29.08	COMPLETED	B
N5.HOG0065838	3641	59.58	COMPLETED	C
N5.HOG0065839	3642	26.35	COMPLETED	B
N5.HOG0065840	3643	9.11	COMPLETED	A
N5.HOG0065841	3644	17.18	COMPLETED	B
N5.HOG0065842	3645	25.71	COMPLETED	B
N5.HOG0065844	3646	6.56	COMPLETED	A
N5.HOG0065847	3647	9.88	COMPLETED	A
N5.HOG0065849	3648	12.57	COMPLETED	B
N5.HOG0065850	3649	3.47	COMPLETED	A
N5.HOG0065851	3650	32.55	COMPLETED	B
N5.HOG0065852	3651	3.72	COMPLETED	A
N5.HOG0065866	3652	4.38	COMPLETED	A
N5.HOG0065868	3653	29.10	COMPLETED	B
N5.HOG0065869	3654	4.87	COMPLETED	A
N5.HOG0065877	3655	6.24	COMPLETED	A
N5.HOG0065878	3656	4.51	COMPLETED	A
N5.HOG0065879	3657	20.73	COMPLETED	B
N5.HOG0065880	3658	5.75	COMPLETED	A
N5.HOG0065881	3659	25.96	COMPLETED	B
N5.HOG0065882	3660	12.48	COMPLETED	B
N5.HOG0065891	3661	15.56	COMPLETED	B
N5.HOG0065892	3662	13.54	COMPLETED	B
N5.HOG0065893	3663	16.28	COMPLETED	B
N5.HOG0065894	3664	13.46	COMPLETED	B
N5.HOG0065929	3665	3.69	COMPLETED	A
N5.HOG0065939	3666	19.09	COMPLETED	B
N5.HOG0065940	3667	32.61	COMPLETED	B
N5.HOG0065941	3668	11.36	COMPLETED	A
N5.HOG0065942	3669	41.80	COMPLETED	C
N5.HOG0065943	3670	32.87	COMPLETED	B
N5.HOG0065944	3671	19.21	COMPLETED	B
N5.HOG0065952	3672	23.72	COMPLETED	B
N5.HOG0065953	3673	15.84	COMPLETED	B
N5.HOG0065954	3674	17.16	COMPLETED	B
N5.HOG0065955	3675	32.51	COMPLETED	B
N5.HOG0065958	3676	16.08	COMPLETED	B
N5.HOG0065960	3677	18.60	COMPLETED	B
N5.HOG0065961	3678	10.64	COMPLETED	A
N5.HOG0065963	3679	12.51	COMPLETED	B
N5.HOG0065964	3680	24.13	COMPLETED	B
N5.HOG0065965	3681	38.02	COMPLETED	C
N5.HOG0065966	3682	34.46	COMPLETED	B
N5.HOG0065967	3683	32.59	COMPLETED	B
N5.HOG0065969	3684	15.67	COMPLETED	B
N5.HOG0065970	3685	7.98	COMPLETED	A
N5.HOG0065971	3686	6.76	COMPLETED	A
N5.HOG0065972	3687	23.01	COMPLETED	B
N5.HOG0065978	3688	4.13	COMPLETED	A
N5.HOG0065988	3689	16.79	COMPLETED	B
N5.HOG0065989	3690	16.32	COMPLETED	B
N5.HOG0065991	3691	14.08	COMPLETED	B
N5.HOG0065993	3692	19.53	COMPLETED	B
N5.HOG0065995	3693	4.66	COMPLETED	A
N5.HOG0065997	3694	8.26	COMPLETED	A
N5.HOG0066009	3695	30.03	COMPLETED	B
N5.HOG0066010	3696	13.02	COMPLETED	B
N5.HOG0066015	3697	18.95	COMPLETED	B
N5.HOG0066016	3698	11.56	COMPLETED	A
N5.HOG0066017	3699	18.18	COMPLETED	B
N5.HOG0066018	3700	20.02	COMPLETED	B
N5.HOG0066020	3701	3.67	COMPLETED	A
N5.HOG0066021	3702	17.01	COMPLETED	B
N5.HOG0066022	3703	40.58	COMPLETED	C
N5.HOG0066023	3704	7.51	COMPLETED	A
N5.HOG0066024	3705	8.36	COMPLETED	A
N5.HOG0066031	3706	2.39	COMPLETED	A
N5.HOG0066032	3707	29.76	COMPLETED	B
N5.HOG0066034	3708	4.95	COMPLETED	A
N5.HOG0066036	3709	18.05	COMPLETED	B
N5.HOG0066040	3710	20.29	COMPLETED	B
N5.HOG0066041	3711	11.15	COMPLETED	A
N5.HOG0066042	3712	11.69	COMPLETED	A
N5.HOG0066043	3713	35.22	COMPLETED	B
N5.HOG0066044	3714	36.30	COMPLETED	C
N5.HOG0066045	3715	18.29	COMPLETED	B
N5.HOG0066046	3716	11.99	COMPLETED	A
N5.HOG0066048	3717	3.65	COMPLETED	A
N5.HOG0066050	3718	14.50	COMPLETED	B
N5.HOG0066051	3719	6.34	COMPLETED	A
N5.HOG0066052	3720	8.20	COMPLETED	A
N5.HOG0066053	3721	6.08	COMPLETED	A
N5.HOG0066058	3722	3.98	COMPLETED	A
N5.HOG0066061	3723	9.50	COMPLETED	A
N5.HOG0066064	3724	15.44	COMPLETED	B
N5.HOG0066065	3725	6.35	COMPLETED	A
N5.HOG0066066	3726	17.30	COMPLETED	B
N5.HOG0066067	3727	3.44	COMPLETED	A
N5.HOG0066068	3728	11.74	COMPLETED	A
N5.HOG0066069	3729	27.22	COMPLETED	B
N5.HOG0066074	3730	12.54	COMPLETED	B
N5.HOG0066080	3731	39.56	COMPLETED	C
N5.HOG0066081	3732	23.28	COMPLETED	B
N5.HOG0066082	3733	13.88	COMPLETED	B
N5.HOG0066083	3734	7.34	COMPLETED	A
N5.HOG0066084	3735	10.38	COMPLETED	A
N5.HOG0066085	3736	2.87	COMPLETED	A
N5.HOG0066086	3737	26.84	COMPLETED	B
N5.HOG0066087	3738	11.38	COMPLETED	A
N5.HOG0066088	3739	4.36	COMPLETED	A
N5.HOG0066089	3740	8.61	COMPLETED	A
N5.HOG0066090	3741	44.66	COMPLETED	C
N5.HOG0066091	3742	14.13	COMPLETED	B
N5.HOG0066096	3743	8.89	COMPLETED	A
N5.HOG0066098	3744	4.74	COMPLETED	A
N5.HOG0066099	3745	17.36	COMPLETED	B
N5.HOG0066100	3746	22.60	COMPLETED	B
N5.HOG0066101	3747	8.57	COMPLETED	A
N5.HOG0066102	3748	53.57	COMPLETED	C
N5.HOG0066103	3749	5.98	COMPLETED	A
N5.HOG0066104	3750	30.44	COMPLETED	B
N5.HOG0066105	3751	8.61	COMPLETED	A
N5.HOG0066106	3752	17.49	COMPLETED	B
N5.HOG0066107	3753	6.64	COMPLETED	A
N5.HOG0066115	3754	15.72	COMPLETED	B
N5.HOG0066116	3755	16.44	COMPLETED	B
N5.HOG0066117	3756	11.80	COMPLETED	A
N5.HOG0066124	3757	15.49	COMPLETED	B
N5.HOG0066125	3758	5.67	COMPLETED	A
N5.HOG0066131	3759	6.13	COMPLETED	A
N5.HOG0066132	3760	13.77	COMPLETED	B
N5.HOG0066135	3761	7.40	COMPLETED	A
N5.HOG0066140	3762	20.83	COMPLETED	B
N5.HOG0066142	3763	6.82	COMPLETED	A
N5.HOG0066152	3764	14.01	COMPLETED	B
N5.HOG0066153	3765	19.78	COMPLETED	B
N5.HOG0066154	3766	9.36	COMPLETED	A
N5.HOG0066155	3767	11.96	COMPLETED	A
N5.HOG0066171	3768	4.30	COMPLETED	A
N5.HOG0066172	3769	18.32	COMPLETED	B
N5.HOG0066174	3770	19.95	COMPLETED	B
N5.HOG0066175	3771	7.92	COMPLETED	A
N5.HOG0066176	3772	27.90	COMPLETED	B
N5.HOG0066184	3773	18.07	COMPLETED	B
N5.HOG0066187	3774	3.98	COMPLETED	A
N5.HOG0066212	3775	4.00	COMPLETED	A
N5.HOG0066240	3776	1.53	COMPLETED	A
N5.HOG0066247	3777	16.16	COMPLETED	B
N5.HOG0066248	3778	6.13	COMPLETED	A
N5.HOG0066263	3779	15.94	COMPLETED	B
N5.HOG0066276	3780	8.88	COMPLETED	A
N5.HOG0066283	3781	10.20	COMPLETED	A
N5.HOG0066285	3782	3.51	COMPLETED	A
N5.HOG0066286	3783	32.51	COMPLETED	B
N5.HOG0066287	3784	2.91	COMPLETED	A
N5.HOG0066289	3785	9.83	COMPLETED	A
N5.HOG0066290	3786	9.51	COMPLETED	A
N5.HOG0066291	3787	60.36	COMPLETED	C
N5.HOG0066292	3788	30.64	COMPLETED	B
N5.HOG0066293	3789	17.16	COMPLETED	B
N5.HOG0066294	3790	19.99	COMPLETED	B
N5.HOG0066295	3791	5.98	COMPLETED	A
N5.HOG0066297	3792	31.16	COMPLETED	B
N5.HOG0066298	3793	16.20	COMPLETED	B
N5.HOG0066300	3794	50.08	COMPLETED	C
N5.HOG0066301	3795	13.28	COMPLETED	B
N5.HOG0066311	3796	39.41	COMPLETED	C
N5.HOG0066312	3797	12.83	COMPLETED	B
N5.HOG0066320	3798	23.01	COMPLETED	B
N5.HOG0066321	3799	8.35	COMPLETED	A
N5.HOG0066322	3800	7.41	COMPLETED	A
N5.HOG0066324	3801	6.01	COMPLETED	A
N5.HOG0066325	3802	13.08	COMPLETED	B
N5.HOG0066326	3803	12.78	COMPLETED	B
N5.HOG0066327	3804	32.45	COMPLETED	B
N5.HOG0066328	3805	24.97	COMPLETED	B
N5.HOG0066329	3806	24.15	COMPLETED	B
N5.HOG0066330	3807	7.52	COMPLETED	A
N5.HOG0066331	3808	26.20	COMPLETED	B
N5.HOG0066332	3809	14.85	COMPLETED	B
N5.HOG0066334	3810	6.72	COMPLETED	A
N5.HOG0066342	3811	23.53	COMPLETED	B
N5.HOG0066344	3812	12.23	COMPLETED	B
N5.HOG0066345	3813	14.71	COMPLETED	B
N5.HOG0066346	3814	7.89	COMPLETED	A
N5.HOG0066347	3815	7.00	COMPLETED	A
N5.HOG0066352	3816	8.09	COMPLETED	A
N5.HOG0066353	3817	29.40	COMPLETED	B
N5.HOG0066354	3818	20.19	COMPLETED	B
N5.HOG0066367	3819	9.88	COMPLETED	A
N5.HOG0066368	3820	43.05	COMPLETED	C
N5.HOG0066369	3821	33.56	COMPLETED	B
N5.HOG0066384	3822	72.01	NO_COMPLETED	C
N5.HOG0066390	3823	16.52	COMPLETED	B
N5.HOG0066391	3824	6.20	COMPLETED	A
N5.HOG0066394	3825	4.53	COMPLETED	A
N5.HOG0066395	3826	35.30	COMPLETED	B
N5.HOG0066396	3827	45.51	COMPLETED	C
N5.HOG0066397	3828	15.48	COMPLETED	B
N5.HOG0066398	3829	14.09	COMPLETED	B
N5.HOG0066400	3830	12.47	COMPLETED	B
N5.HOG0066404	3831	16.45	COMPLETED	B
N5.HOG0066405	3832	34.40	COMPLETED	B
N5.HOG0066407	3833	50.32	COMPLETED	C
N5.HOG0066408	3834	2.81	COMPLETED	A
N5.HOG0066409	3835	38.81	COMPLETED	C
N5.HOG0066411	3836	41.01	COMPLETED	C
N5.HOG0066412	3837	72.01	NO_COMPLETED	C
N5.HOG0066413	3838	72.01	NO_COMPLETED	C
N5.HOG0066414	3839	72.00	NO_COMPLETED	C
N5.HOG0066415	3840	72.01	NO_COMPLETED	C
N5.HOG0066418	3841	37.01	COMPLETED	C
N5.HOG0066422	3842	5.91	COMPLETED	A
N5.HOG0066424	3843	15.12	COMPLETED	B
N5.HOG0066425	3844	52.41	COMPLETED	C
N5.HOG0066433	3845	4.45	COMPLETED	A
N5.HOG0066436	3846	8.97	COMPLETED	A
N5.HOG0066444	3847	8.82	COMPLETED	A
N5.HOG0066447	3848	8.71	COMPLETED	A
N5.HOG0066451	3849	24.28	COMPLETED	B
N5.HOG0066453	3850	6.89	COMPLETED	A
N5.HOG0066454	3851	15.79	COMPLETED	B
N5.HOG0066463	3852	31.95	COMPLETED	B
N5.HOG0066464	3853	29.83	COMPLETED	B
N5.HOG0066468	3854	3.12	COMPLETED	A
N5.HOG0066470	3855	72.00	NO_COMPLETED	C
N5.HOG0066471	3856	13.96	COMPLETED	B
N5.HOG0066472	3857	9.92	COMPLETED	A
N5.HOG0066478	3858	26.90	COMPLETED	B
N5.HOG0066482	3859	21.80	COMPLETED	B
N5.HOG0066483	3860	23.95	COMPLETED	B
N5.HOG0066484	3861	49.06	COMPLETED	C
N5.HOG0066486	3862	16.34	COMPLETED	B
N5.HOG0066488	3863	58.07	COMPLETED	C
N5.HOG0066489	3864	42.05	COMPLETED	C
N5.HOG0066490	3865	4.54	COMPLETED	A
N5.HOG0066491	3866	20.94	COMPLETED	B
N5.HOG0066492	3867	7.87	COMPLETED	A
N5.HOG0066493	3868	17.93	COMPLETED	B
N5.HOG0066497	3869	16.02	COMPLETED	B
N5.HOG0066498	3870	47.10	COMPLETED	C
N5.HOG0066500	3871	72.00	NO_COMPLETED	C
N5.HOG0066501	3872	8.05	COMPLETED	A
N5.HOG0066504	3873	25.13	COMPLETED	B
N5.HOG0066505	3874	9.73	COMPLETED	A
N5.HOG0066512	3875	19.05	COMPLETED	B
N5.HOG0066513	3876	48.41	COMPLETED	C
N5.HOG0066518	3877	12.24	COMPLETED	B
N5.HOG0066519	3878	13.53	COMPLETED	B
N5.HOG0066524	3879	22.95	COMPLETED	B
N5.HOG0066553	3880	11.46	COMPLETED	A
N5.HOG0066554	3881	10.61	COMPLETED	A
N5.HOG0066556	3882	5.85	COMPLETED	A
N5.HOG0066562	3883	7.35	COMPLETED	A
N5.HOG0066564	3884	10.96	COMPLETED	A
N5.HOG0066565	3885	20.15	COMPLETED	B
N5.HOG0066566	3886	8.89	COMPLETED	A
N5.HOG0066567	3887	56.89	COMPLETED	C
N5.HOG0066569	3888	4.04	COMPLETED	A
N5.HOG0066570	3889	29.34	COMPLETED	B
N5.HOG0066571	3890	24.74	COMPLETED	B
N5.HOG0066573	3891	6.19	COMPLETED	A
N5.HOG0066576	3892	2.13	COMPLETED	A
N5.HOG0066577	3893	19.72	COMPLETED	B
N5.HOG0066578	3894	17.84	COMPLETED	B
N5.HOG0066580	3895	5.13	COMPLETED	A
N5.HOG0066599	3896	10.56	COMPLETED	A
N5.HOG0066600	3897	54.47	COMPLETED	C
N5.HOG0066602	3898	9.70	COMPLETED	A
N5.HOG0066603	3899	15.27	COMPLETED	B
N5.HOG0066604	3900	6.64	COMPLETED	A
N5.HOG0066605	3901	8.08	COMPLETED	A
N5.HOG0066615	3902	33.78	COMPLETED	B
N5.HOG0066616	3903	23.62	COMPLETED	B
N5.HOG0066618	3904	8.72	COMPLETED	A
N5.HOG0066620	3905	28.22	COMPLETED	B
N5.HOG0066621	3906	13.98	COMPLETED	B
N5.HOG0066624	3907	6.98	COMPLETED	A
N5.HOG0066626	3908	24.12	COMPLETED	B
N5.HOG0066627	3909	28.48	COMPLETED	B
N5.HOG0066635	3910	9.10	COMPLETED	A
N5.HOG0066636	3911	6.98	COMPLETED	A
N5.HOG0066638	3912	9.12	COMPLETED	A
N5.HOG0066639	3913	15.44	COMPLETED	B
N5.HOG0066640	3914	31.30	COMPLETED	B
N5.HOG0066641	3915	11.90	COMPLETED	A
N5.HOG0066643	3916	22.84	COMPLETED	B
N5.HOG0066645	3917	37.20	COMPLETED	C
N5.HOG0066646	3918	3.24	COMPLETED	A
N5.HOG0066647	3919	28.63	COMPLETED	B
N5.HOG0066654	3920	34.49	COMPLETED	B
N5.HOG0066666	3921	27.89	COMPLETED	B
N5.HOG0066667	3922	5.67	COMPLETED	A
N5.HOG0066668	3923	13.32	COMPLETED	B
N5.HOG0066673	3924	19.25	COMPLETED	B
N5.HOG0066685	3925	27.61	COMPLETED	B
N5.HOG0066693	3926	32.10	COMPLETED	B
N5.HOG0066695	3927	21.46	COMPLETED	B
N5.HOG0066696	3928	41.94	COMPLETED	C
N5.HOG0066697	3929	10.57	COMPLETED	A
N5.HOG0066701	3930	8.86	COMPLETED	A
N5.HOG0066702	3931	16.15	COMPLETED	B
N5.HOG0066703	3932	8.93	COMPLETED	A
N5.HOG0066707	3933	24.53	COMPLETED	B
N5.HOG0066710	3934	14.05	COMPLETED	B
N5.HOG0066714	3935	29.79	COMPLETED	B
N5.HOG0066715	3936	72.01	NO_COMPLETED	C
N5.HOG0066716	3937	25.50	COMPLETED	B
N5.HOG0066719	3938	11.48	COMPLETED	A
N5.HOG0066720	3939	6.97	COMPLETED	A
N5.HOG0066721	3940	12.62	COMPLETED	B
N5.HOG0066723	3941	5.17	COMPLETED	A
N5.HOG0066724	3942	27.67	COMPLETED	B
N5.HOG0066725	3943	4.76	COMPLETED	A
N5.HOG0066726	3944	13.71	COMPLETED	B
N5.HOG0066729	3945	10.84	COMPLETED	A
N5.HOG0066730	3946	21.62	COMPLETED	B
N5.HOG0066733	3947	72.01	NO_COMPLETED	C
N5.HOG0066734	3948	20.67	COMPLETED	B
N5.HOG0066735	3949	2.71	COMPLETED	A
N5.HOG0066738	3950	4.12	COMPLETED	A
N5.HOG0066739	3951	15.74	COMPLETED	B
N5.HOG0066741	3952	16.48	COMPLETED	B
N5.HOG0066745	3953	5.26	COMPLETED	A
N5.HOG0066746	3954	27.91	COMPLETED	B
N5.HOG0066754	3955	22.92	COMPLETED	B
N5.HOG0066755	3956	38.64	COMPLETED	C
N5.HOG0066756	3957	5.32	COMPLETED	A
N5.HOG0066757	3958	17.59	COMPLETED	B
N5.HOG0066765	3959	12.38	COMPLETED	B
N5.HOG0066766	3960	12.35	COMPLETED	B
N5.HOG0066812	3961	63.32	COMPLETED	C
N5.HOG0066838	3962	11.96	COMPLETED	A
N5.HOG0066839	3963	23.35	COMPLETED	B
N5.HOG0066840	3964	29.24	COMPLETED	B
N5.HOG0066845	3965	12.46	COMPLETED	B
N5.HOG0066846	3966	8.10	COMPLETED	A
N5.HOG0066848	3967	23.59	COMPLETED	B
N5.HOG0066849	3968	45.57	COMPLETED	C
N5.HOG0066850	3969	5.31	COMPLETED	A
N5.HOG0066861	3970	33.33	COMPLETED	B
N5.HOG0066862	3971	16.94	COMPLETED	B
N5.HOG0066867	3972	6.06	COMPLETED	A
N5.HOG0066873	3973	17.07	COMPLETED	B
N5.HOG0066874	3974	18.33	COMPLETED	B
N5.HOG0066875	3975	3.00	COMPLETED	A
N5.HOG0066880	3976	17.73	COMPLETED	B
N5.HOG0066881	3977	22.54	COMPLETED	B
N5.HOG0066882	3978	18.04	COMPLETED	B
N5.HOG0066883	3979	9.50	COMPLETED	A
N5.HOG0066884	3980	11.94	COMPLETED	A
N5.HOG0066885	3981	7.00	COMPLETED	A
N5.HOG0066886	3982	32.26	COMPLETED	B
N5.HOG0066888	3983	7.98	COMPLETED	A
N5.HOG0066904	3984	24.22	COMPLETED	B
N5.HOG0066905	3985	23.63	COMPLETED	B
N5.HOG0066907	3986	58.76	COMPLETED	C
N5.HOG0066908	3987	20.30	COMPLETED	B
N5.HOG0066909	3988	11.24	COMPLETED	A
N5.HOG0066912	3989	4.09	COMPLETED	A
N5.HOG0066914	3990	8.02	COMPLETED	A
N5.HOG0066915	3991	30.31	COMPLETED	B
N5.HOG0066916	3992	35.20	COMPLETED	B
N5.HOG0066928	3993	22.57	COMPLETED	B
N5.HOG0066929	3994	35.95	COMPLETED	B
N5.HOG0066930	3995	53.30	COMPLETED	C
N5.HOG0066931	3996	9.55	COMPLETED	A
N5.HOG0066933	3997	18.00	COMPLETED	B
N5.HOG0066934	3998	6.04	COMPLETED	A
N5.HOG0066935	3999	24.27	COMPLETED	B
N5.HOG0066936	4000	15.25	COMPLETED	B
N5.HOG0066940	4001	14.07	COMPLETED	B
N5.HOG0066941	4002	19.32	COMPLETED	B
N5.HOG0066942	4003	7.27	COMPLETED	A
N5.HOG0066943	4004	24.32	COMPLETED	B
N5.HOG0066959	4005	17.47	COMPLETED	B
N5.HOG0066967	4006	36.61	COMPLETED	C
N5.HOG0066968	4007	36.70	COMPLETED	C
N5.HOG0066969	4008	22.17	COMPLETED	B
N5.HOG0066970	4009	26.55	COMPLETED	B
N5.HOG0066971	4010	6.80	COMPLETED	A
N5.HOG0066973	4011	41.40	COMPLETED	C
N5.HOG0066974	4012	23.55	COMPLETED	B
N5.HOG0066979	4013	9.71	COMPLETED	A
N5.HOG0066980	4014	9.33	COMPLETED	A
N5.HOG0066981	4015	9.20	COMPLETED	A
N5.HOG0066982	4016	12.43	COMPLETED	B
N5.HOG0066983	4017	4.57	COMPLETED	A
N5.HOG0066984	4018	19.33	COMPLETED	B
N5.HOG0066986	4019	11.34	COMPLETED	A
N5.HOG0066987	4020	7.16	COMPLETED	A
N5.HOG0066988	4021	11.71	COMPLETED	A
N5.HOG0066989	4022	9.00	COMPLETED	A
N5.HOG0066990	4023	16.93	COMPLETED	B
N5.HOG0066991	4024	5.05	COMPLETED	A
N5.HOG0066992	4025	21.11	COMPLETED	B
N5.HOG0066993	4026	18.22	COMPLETED	B
N5.HOG0066994	4027	18.34	COMPLETED	B
N5.HOG0066995	4028	12.44	COMPLETED	B
N5.HOG0066996	4029	18.41	COMPLETED	B
N5.HOG0066997	4030	36.30	COMPLETED	C
N5.HOG0066998	4031	7.77	COMPLETED	A
N5.HOG0066999	4032	27.09	COMPLETED	B
N5.HOG0067000	4033	9.72	COMPLETED	A
N5.HOG0067001	4034	11.46	COMPLETED	A
N5.HOG0067003	4035	12.26	COMPLETED	B
N5.HOG0067006	4036	35.58	COMPLETED	B
N5.HOG0067029	4037	2.63	COMPLETED	A
N5.HOG0067031	4038	2.80	COMPLETED	A
N5.HOG0067032	4039	17.24	COMPLETED	B
N5.HOG0067033	4040	17.38	COMPLETED	B
N5.HOG0067035	4041	6.23	COMPLETED	A
N5.HOG0067036	4042	3.42	COMPLETED	A
N5.HOG0067037	4043	8.45	COMPLETED	A
N5.HOG0067038	4044	33.32	COMPLETED	B
N5.HOG0067039	4045	12.50	COMPLETED	B
N5.HOG0067048	4046	21.13	COMPLETED	B
N5.HOG0067049	4047	19.66	COMPLETED	B
N5.HOG0067050	4048	22.99	COMPLETED	B
N5.HOG0067055	4049	2.56	COMPLETED	A
N5.HOG0067060	4050	52.41	COMPLETED	C
N5.HOG0067061	4051	40.30	COMPLETED	C
N5.HOG0067102	4052	8.58	COMPLETED	A
N5.HOG0067103	4053	20.78	COMPLETED	B
N5.HOG0067104	4054	9.72	COMPLETED	A
N5.HOG0067105	4055	6.15	COMPLETED	A
N5.HOG0067106	4056	20.28	COMPLETED	B
N5.HOG0067110	4057	6.69	COMPLETED	A
N5.HOG0067111	4058	45.77	COMPLETED	C
N5.HOG0067112	4059	9.31	COMPLETED	A
N5.HOG0067125	4060	18.83	COMPLETED	B
N5.HOG0067132	4061	8.47	COMPLETED	A
N5.HOG0067133	4062	16.68	COMPLETED	B
N5.HOG0067134	4063	27.05	COMPLETED	B
N5.HOG0067145	4064	26.15	COMPLETED	B
N5.HOG0067146	4065	4.66	COMPLETED	A
N5.HOG0067147	4066	8.74	COMPLETED	A
N5.HOG0067148	4067	8.09	COMPLETED	A
N5.HOG0067150	4068	26.62	COMPLETED	B
N5.HOG0067152	4069	10.56	COMPLETED	A
N5.HOG0067153	4070	23.16	COMPLETED	B
N5.HOG0067154	4071	12.59	COMPLETED	B
N5.HOG0067160	4072	14.78	COMPLETED	B
N5.HOG0067161	4073	10.17	COMPLETED	A
N5.HOG0067162	4074	18.19	COMPLETED	B
N5.HOG0067165	4075	5.24	COMPLETED	A
N5.HOG0067168	4076	21.11	COMPLETED	B
N5.HOG0067169	4077	9.50	COMPLETED	A
N5.HOG0067172	4078	47.48	COMPLETED	C
N5.HOG0067173	4079	20.18	COMPLETED	B
N5.HOG0067174	4080	31.92	COMPLETED	B
N5.HOG0067175	4081	10.14	COMPLETED	A
N5.HOG0067182	4082	25.30	COMPLETED	B
N5.HOG0067183	4083	7.76	COMPLETED	A
N5.HOG0067184	4084	21.15	COMPLETED	B
N5.HOG0067185	4085	54.70	COMPLETED	C
N5.HOG0067186	4086	3.73	COMPLETED	A
N5.HOG0067187	4087	32.59	COMPLETED	B
N5.HOG0067188	4088	10.29	COMPLETED	A
N5.HOG0067189	4089	13.33	COMPLETED	B
N5.HOG0067190	4090	14.56	COMPLETED	B
N5.HOG0067191	4091	37.65	COMPLETED	C
N5.HOG0067196	4092	13.91	COMPLETED	B
N5.HOG0067197	4093	25.34	COMPLETED	B
N5.HOG0067198	4094	8.79	COMPLETED	A
N5.HOG0067199	4095	24.96	COMPLETED	B
N5.HOG0067203	4096	18.81	COMPLETED	B
N5.HOG0067204	4097	8.25	COMPLETED	A
N5.HOG0067205	4098	35.81	COMPLETED	B
N5.HOG0067206	4099	3.42	COMPLETED	A
N5.HOG0067213	4100	20.95	COMPLETED	B
N5.HOG0067214	4101	27.40	COMPLETED	B
N5.HOG0067217	4102	6.37	COMPLETED	A
N5.HOG0067218	4103	5.22	COMPLETED	A
N5.HOG0067220	4104	15.83	COMPLETED	B
N5.HOG0067221	4105	11.74	COMPLETED	A
N5.HOG0067223	4106	9.10	COMPLETED	A
N5.HOG0067224	4107	4.75	COMPLETED	A
N5.HOG0067228	4108	8.76	COMPLETED	A
N5.HOG0067229	4109	29.55	COMPLETED	B
N5.HOG0067230	4110	7.16	COMPLETED	A
N5.HOG0067231	4111	16.86	COMPLETED	B
N5.HOG0067232	4112	3.78	COMPLETED	A
N5.HOG0067233	4113	5.85	COMPLETED	A
N5.HOG0067234	4114	19.44	COMPLETED	B
N5.HOG0067235	4115	35.05	COMPLETED	B
N5.HOG0067236	4116	5.38	COMPLETED	A
N5.HOG0067239	4117	18.41	COMPLETED	B
N5.HOG0067244	4118	14.83	COMPLETED	B
N5.HOG0067250	4119	12.40	COMPLETED	B
N5.HOG0067251	4120	39.54	COMPLETED	C
N5.HOG0067255	4121	31.96	COMPLETED	B
N5.HOG0067260	4122	17.06	COMPLETED	B
N5.HOG0067261	4123	22.32	COMPLETED	B
N5.HOG0067262	4124	15.09	COMPLETED	B
N5.HOG0067263	4125	14.23	COMPLETED	B
N5.HOG0067264	4126	17.15	COMPLETED	B
N5.HOG0067265	4127	9.09	COMPLETED	A
N5.HOG0067267	4128	8.93	COMPLETED	A
N5.HOG0067268	4129	12.71	COMPLETED	B
N5.HOG0067269	4130	72.01	NO_COMPLETED	C
N5.HOG0067270	4131	21.99	COMPLETED	B
N5.HOG0067283	4132	14.59	COMPLETED	B
N5.HOG0067285	4133	15.83	COMPLETED	B
N5.HOG0067286	4134	3.21	COMPLETED	A
N5.HOG0067288	4135	2.29	COMPLETED	A
N5.HOG0067290	4136	25.26	COMPLETED	B
N5.HOG0067291	4137	37.61	COMPLETED	C
N5.HOG0067292	4138	9.33	COMPLETED	A
N5.HOG0067295	4139	70.23	COMPLETED	C
N5.HOG0067302	4140	24.80	COMPLETED	B
N5.HOG0067306	4141	4.35	COMPLETED	A
N5.HOG0067308	4142	3.89	COMPLETED	A
N5.HOG0067319	4143	20.93	COMPLETED	B
N5.HOG0067320	4144	32.94	COMPLETED	B
N5.HOG0067322	4145	8.74	COMPLETED	A
N5.HOG0067323	4146	5.50	COMPLETED	A
N5.HOG0067335	4147	20.02	COMPLETED	B
N5.HOG0067336	4148	6.86	COMPLETED	A
N5.HOG0067337	4149	7.12	COMPLETED	A
N5.HOG0067338	4150	14.28	COMPLETED	B
N5.HOG0067339	4151	49.51	COMPLETED	C
N5.HOG0067343	4152	4.46	COMPLETED	A
N5.HOG0067344	4153	15.47	COMPLETED	B
N5.HOG0067348	4154	21.18	COMPLETED	B
N5.HOG0067349	4155	35.69	COMPLETED	B
N5.HOG0067350	4156	17.78	COMPLETED	B
N5.HOG0067355	4157	16.94	COMPLETED	B
N5.HOG0067356	4158	33.87	COMPLETED	B
N5.HOG0067357	4159	6.79	COMPLETED	A
N5.HOG0067358	4160	5.29	COMPLETED	A
N5.HOG0067359	4161	13.90	COMPLETED	B
N5.HOG0067365	4162	15.21	COMPLETED	B
N5.HOG0067366	4163	3.43	COMPLETED	A
N5.HOG0067367	4164	21.48	COMPLETED	B
N5.HOG0067376	4165	53.36	COMPLETED	C
N5.HOG0067377	4166	7.60	COMPLETED	A
N5.HOG0067382	4167	3.44	COMPLETED	A
N5.HOG0067383	4168	17.23	COMPLETED	B
N5.HOG0067384	4169	10.38	COMPLETED	A
N5.HOG0067385	4170	13.82	COMPLETED	B
N5.HOG0067400	4171	3.56	COMPLETED	A
N5.HOG0067401	4172	13.76	COMPLETED	B
N5.HOG0067402	4173	13.66	COMPLETED	B
N5.HOG0067403	4174	9.25	COMPLETED	A
N5.HOG0067404	4175	10.91	COMPLETED	A
N5.HOG0067406	4176	30.42	COMPLETED	B
N5.HOG0067408	4177	4.63	COMPLETED	A
N5.HOG0067410	4178	6.55	COMPLETED	A
N5.HOG0067411	4179	15.02	COMPLETED	B
N5.HOG0067412	4180	34.28	COMPLETED	B
N5.HOG0067415	4181	7.93	COMPLETED	A
N5.HOG0067416	4182	33.75	COMPLETED	B
N5.HOG0067417	4183	6.25	COMPLETED	A
N5.HOG0067418	4184	11.02	COMPLETED	A
N5.HOG0067419	4185	12.07	COMPLETED	B
N5.HOG0067420	4186	7.03	COMPLETED	A
N5.HOG0067421	4187	3.51	COMPLETED	A
N5.HOG0067423	4188	20.61	COMPLETED	B
N5.HOG0067424	4189	21.80	COMPLETED	B
N5.HOG0067425	4190	3.18	COMPLETED	A
N5.HOG0067426	4191	4.73	COMPLETED	A
N5.HOG0067427	4192	5.78	COMPLETED	A
N5.HOG0067429	4193	27.49	COMPLETED	B
N5.HOG0067432	4194	13.22	COMPLETED	B
N5.HOG0067434	4195	18.14	COMPLETED	B
N5.HOG0067438	4196	8.71	COMPLETED	A
N5.HOG0067440	4197	2.65	COMPLETED	A
N5.HOG0067443	4198	27.31	COMPLETED	B
N5.HOG0067444	4199	22.66	COMPLETED	B
N5.HOG0067445	4200	8.14	COMPLETED	A
N5.HOG0067446	4201	1.49	COMPLETED	A
N5.HOG0067451	4202	9.52	COMPLETED	A
N5.HOG0067453	4203	1.77	COMPLETED	A
N5.HOG0067456	4204	9.06	COMPLETED	A
N5.HOG0067459	4205	9.59	COMPLETED	A
N5.HOG0067460	4206	21.11	COMPLETED	B
N5.HOG0067461	4207	9.42	COMPLETED	A
N5.HOG0067462	4208	4.29	COMPLETED	A
N5.HOG0067463	4209	16.21	COMPLETED	B
N5.HOG0067464	4210	4.03	COMPLETED	A
N5.HOG0067465	4211	5.88	COMPLETED	A
N5.HOG0067466	4212	47.71	COMPLETED	C
N5.HOG0067467	4213	10.69	COMPLETED	A
N5.HOG0067468	4214	6.14	COMPLETED	A
N5.HOG0067469	4215	34.90	COMPLETED	B
N5.HOG0067472	4216	11.76	COMPLETED	A
N5.HOG0067475	4217	11.33	COMPLETED	A
N5.HOG0067476	4218	9.20	COMPLETED	A
N5.HOG0067477	4219	5.09	COMPLETED	A
N5.HOG0067479	4220	10.26	COMPLETED	A
N5.HOG0067480	4221	18.67	COMPLETED	B
N5.HOG0067481	4222	20.46	COMPLETED	B
N5.HOG0067482	4223	7.27	COMPLETED	A
N5.HOG0067483	4224	23.14	COMPLETED	B
N5.HOG0067515	4225	21.25	COMPLETED	B
N5.HOG0067529	4226	21.54	COMPLETED	B
N5.HOG0067533	4227	3.86	COMPLETED	A
N5.HOG0067534	4228	25.83	COMPLETED	B
N5.HOG0067535	4229	25.21	COMPLETED	B
N5.HOG0067536	4230	13.98	COMPLETED	B
N5.HOG0067537	4231	24.36	COMPLETED	B
N5.HOG0067542	4232	6.20	COMPLETED	A
N5.HOG0067543	4233	24.65	COMPLETED	B
N5.HOG0067544	4234	13.00	COMPLETED	B
N5.HOG0067552	4235	28.09	COMPLETED	B
N5.HOG0067555	4236	17.33	COMPLETED	B
N5.HOG0067556	4237	7.58	COMPLETED	A
N5.HOG0067557	4238	2.98	COMPLETED	A
N5.HOG0067560	4239	19.41	COMPLETED	B
N5.HOG0067567	4240	2.41	COMPLETED	A
N5.HOG0067568	4241	5.04	COMPLETED	A
N5.HOG0067569	4242	21.78	COMPLETED	B
N5.HOG0067570	4243	3.86	COMPLETED	A
N5.HOG0067571	4244	3.40	COMPLETED	A
N5.HOG0067579	4245	31.51	COMPLETED	B
N5.HOG0067588	4246	6.41	COMPLETED	A
N5.HOG0067589	4247	21.62	COMPLETED	B
N5.HOG0067590	4248	7.59	COMPLETED	A
N5.HOG0067601	4249	2.86	COMPLETED	A
N5.HOG0067602	4250	5.78	COMPLETED	A
N5.HOG0067603	4251	13.23	COMPLETED	B
N5.HOG0067604	4252	37.38	COMPLETED	C
N5.HOG0067605	4253	28.57	COMPLETED	B
N5.HOG0067606	4254	10.73	COMPLETED	A
N5.HOG0067612	4255	9.06	COMPLETED	A
N5.HOG0067613	4256	20.72	COMPLETED	B
N5.HOG0067619	4257	2.50	COMPLETED	A
N5.HOG0067628	4258	7.93	COMPLETED	A
N5.HOG0067629	4259	22.06	COMPLETED	B
N5.HOG0067630	4260	26.87	COMPLETED	B
N5.HOG0067631	4261	14.15	COMPLETED	B
N5.HOG0067632	4262	16.23	COMPLETED	B
N5.HOG0067633	4263	3.69	COMPLETED	A
N5.HOG0067635	4264	24.07	COMPLETED	B
N5.HOG0067636	4265	8.21	COMPLETED	A
N5.HOG0067637	4266	7.59	COMPLETED	A
N5.HOG0067638	4267	12.13	COMPLETED	B
N5.HOG0067639	4268	9.05	COMPLETED	A
N5.HOG0067640	4269	11.50	COMPLETED	A
N5.HOG0067641	4270	4.53	COMPLETED	A
N5.HOG0067643	4271	26.27	COMPLETED	B
N5.HOG0067644	4272	17.85	COMPLETED	B
N5.HOG0067645	4273	12.73	COMPLETED	B
N5.HOG0067646	4274	8.91	COMPLETED	A
N5.HOG0067647	4275	6.61	COMPLETED	A
N5.HOG0067648	4276	4.60	COMPLETED	A
N5.HOG0067650	4277	8.24	COMPLETED	A
N5.HOG0067651	4278	26.04	COMPLETED	B
N5.HOG0067653	4279	8.89	COMPLETED	A
N5.HOG0067654	4280	5.71	COMPLETED	A
N5.HOG0067655	4281	6.76	COMPLETED	A
N5.HOG0067656	4282	25.68	COMPLETED	B
N5.HOG0067657	4283	11.69	COMPLETED	A
N5.HOG0067658	4284	46.05	COMPLETED	C
N5.HOG0067659	4285	6.90	COMPLETED	A
N5.HOG0067660	4286	72.01	NO_COMPLETED	C
N5.HOG0067662	4287	40.22	COMPLETED	C
N5.HOG0067663	4288	4.67	COMPLETED	A
N5.HOG0067675	4289	8.70	COMPLETED	A
N5.HOG0067677	4290	10.00	COMPLETED	A
N5.HOG0067678	4291	29.87	COMPLETED	B
N5.HOG0067679	4292	23.70	COMPLETED	B
N5.HOG0067680	4293	20.68	COMPLETED	B
N5.HOG0067681	4294	19.66	COMPLETED	B
N5.HOG0067682	4295	5.49	COMPLETED	A
N5.HOG0067683	4296	6.48	COMPLETED	A
N5.HOG0067684	4297	10.67	COMPLETED	A
N5.HOG0067685	4298	16.71	COMPLETED	B
N5.HOG0067686	4299	27.34	COMPLETED	B
N5.HOG0067687	4300	3.45	COMPLETED	A
N5.HOG0067688	4301	54.75	COMPLETED	C
N5.HOG0067689	4302	6.77	COMPLETED	A
N5.HOG0067690	4303	55.51	COMPLETED	C
N5.HOG0067691	4304	2.80	COMPLETED	A
N5.HOG0067692	4305	2.54	COMPLETED	A
N5.HOG0067700	4306	39.96	COMPLETED	C
N5.HOG0067702	4307	15.86	COMPLETED	B
N5.HOG0067711	4308	17.42	COMPLETED	B
N5.HOG0067719	4309	6.75	COMPLETED	A
N5.HOG0067720	4310	13.06	COMPLETED	B
N5.HOG0067730	4311	22.63	COMPLETED	B
N5.HOG0067731	4312	24.85	COMPLETED	B
N5.HOG0067732	4313	11.59	COMPLETED	A
N5.HOG0067734	4314	5.84	COMPLETED	A
N5.HOG0067744	4315	11.36	COMPLETED	A
N5.HOG0067745	4316	7.91	COMPLETED	A
N5.HOG0067746	4317	3.44	COMPLETED	A
N5.HOG0067747	4318	11.49	COMPLETED	A
N5.HOG0067748	4319	13.69	COMPLETED	B
N5.HOG0067752	4320	9.59	COMPLETED	A
N5.HOG0067754	4321	12.01	COMPLETED	B
N5.HOG0067758	4322	11.87	COMPLETED	A
N5.HOG0067765	4323	18.85	COMPLETED	B
N5.HOG0067767	4324	3.53	COMPLETED	A
N5.HOG0067768	4325	17.52	COMPLETED	B
N5.HOG0067769	4326	15.32	COMPLETED	B
N5.HOG0067770	4327	10.71	COMPLETED	A
N5.HOG0067771	4328	4.16	COMPLETED	A
N5.HOG0067772	4329	3.68	COMPLETED	A
N5.HOG0067777	4330	2.31	COMPLETED	A
N5.HOG0067790	4331	21.31	COMPLETED	B
N5.HOG0067793	4332	31.10	COMPLETED	B
N5.HOG0067795	4333	16.67	COMPLETED	B
N5.HOG0067798	4334	14.48	COMPLETED	B
N5.HOG0067809	4335	11.34	COMPLETED	A
N5.HOG0067810	4336	10.38	COMPLETED	A
N5.HOG0067811	4337	13.33	COMPLETED	B
N5.HOG0067813	4338	22.03	COMPLETED	B
N5.HOG0067814	4339	8.88	COMPLETED	A
N5.HOG0067815	4340	47.65	COMPLETED	C
N5.HOG0067817	4341	10.12	COMPLETED	A
N5.HOG0067818	4342	30.47	COMPLETED	B
N5.HOG0067822	4343	18.88	COMPLETED	B
N5.HOG0067824	4344	15.02	COMPLETED	B
N5.HOG0067825	4345	17.67	COMPLETED	B
N5.HOG0067826	4346	12.36	COMPLETED	B
N5.HOG0067827	4347	6.57	COMPLETED	A
N5.HOG0067828	4348	7.37	COMPLETED	A
N5.HOG0067830	4349	18.12	COMPLETED	B
N5.HOG0067831	4350	24.80	COMPLETED	B
N5.HOG0067834	4351	7.02	COMPLETED	A
N5.HOG0067835	4352	35.86	COMPLETED	B
N5.HOG0067836	4353	16.48	COMPLETED	B
N5.HOG0067848	4354	25.89	COMPLETED	B
N5.HOG0067849	4355	10.08	COMPLETED	A
N5.HOG0067850	4356	31.78	COMPLETED	B
N5.HOG0067851	4357	23.48	COMPLETED	B
N5.HOG0067852	4358	4.37	COMPLETED	A
N5.HOG0067853	4359	10.24	COMPLETED	A
N5.HOG0067863	4360	24.37	COMPLETED	B
N5.HOG0067867	4361	8.30	COMPLETED	A
N5.HOG0067868	4362	8.38	COMPLETED	A
N5.HOG0067869	4363	25.01	COMPLETED	B
N5.HOG0067870	4364	7.37	COMPLETED	A
N5.HOG0067871	4365	7.70	COMPLETED	A
N5.HOG0067872	4366	6.48	COMPLETED	A
N5.HOG0067879	4367	11.08	COMPLETED	A
N5.HOG0067886	4368	9.82	COMPLETED	A
N5.HOG0067887	4369	36.95	COMPLETED	C
N5.HOG0067895	4370	20.52	COMPLETED	B
N5.HOG0067900	4371	6.46	COMPLETED	A
N5.HOG0067901	4372	31.41	COMPLETED	B
N5.HOG0067907	4373	4.05	COMPLETED	A
N5.HOG0067915	4374	8.63	COMPLETED	A
N5.HOG0067919	4375	19.93	COMPLETED	B
N5.HOG0067920	4376	2.46	COMPLETED	A
N5.HOG0067921	4377	2.35	COMPLETED	A
N5.HOG0067923	4378	14.89	COMPLETED	B
N5.HOG0067924	4379	16.24	COMPLETED	B
N5.HOG0067925	4380	4.14	COMPLETED	A
N5.HOG0067927	4381	28.66	COMPLETED	B
N5.HOG0067929	4382	9.71	COMPLETED	A
N5.HOG0067930	4383	2.66	COMPLETED	A
N5.HOG0067931	4384	17.11	COMPLETED	B
N5.HOG0067932	4385	8.64	COMPLETED	A
N5.HOG0067933	4386	15.60	COMPLETED	B
N5.HOG0067944	4387	33.27	COMPLETED	B
N5.HOG0067954	4388	24.43	COMPLETED	B
N5.HOG0067955	4389	19.63	COMPLETED	B
N5.HOG0067967	4390	7.61	COMPLETED	A
N5.HOG0067968	4391	17.16	COMPLETED	B
N5.HOG0067969	4392	27.20	COMPLETED	B
N5.HOG0067970	4393	11.67	COMPLETED	A
N5.HOG0067971	4394	7.52	COMPLETED	A
N5.HOG0067972	4395	6.55	COMPLETED	A
N5.HOG0067977	4396	3.18	COMPLETED	A
N5.HOG0067978	4397	16.26	COMPLETED	B
N5.HOG0067979	4398	1.76	COMPLETED	A
N5.HOG0067987	4399	5.07	COMPLETED	A
N5.HOG0067988	4400	24.80	COMPLETED	B
N5.HOG0067989	4401	20.85	COMPLETED	B
N5.HOG0067994	4402	9.80	COMPLETED	A
N5.HOG0067996	4403	10.94	COMPLETED	A
N5.HOG0068004	4404	20.06	COMPLETED	B
N5.HOG0068005	4405	6.39	COMPLETED	A
N5.HOG0068007	4406	8.63	COMPLETED	A
N5.HOG0068020	4407	9.41	COMPLETED	A
N5.HOG0068026	4408	20.91	COMPLETED	B
N5.HOG0068027	4409	24.63	COMPLETED	B
N5.HOG0068028	4410	6.24	COMPLETED	A
N5.HOG0068035	4411	10.98	COMPLETED	A
N5.HOG0068036	4412	52.32	COMPLETED	C
N5.HOG0068037	4413	17.24	COMPLETED	B
N5.HOG0068041	4414	2.52	COMPLETED	A
N5.HOG0068042	4415	3.58	COMPLETED	A
N5.HOG0068043	4416	9.89	COMPLETED	A
N5.HOG0068045	4417	3.64	COMPLETED	A
N5.HOG0068052	4418	7.60	COMPLETED	A
N5.HOG0068053	4419	52.15	COMPLETED	C
N5.HOG0068054	4420	53.96	COMPLETED	C
N5.HOG0068055	4421	4.03	COMPLETED	A
N5.HOG0068056	4422	8.98	COMPLETED	A
N5.HOG0068058	4423	43.88	COMPLETED	C
N5.HOG0068060	4424	23.10	COMPLETED	B
N5.HOG0068069	4425	22.53	COMPLETED	B
N5.HOG0068072	4426	7.07	COMPLETED	A
N5.HOG0068073	4427	24.51	COMPLETED	B
N5.HOG0068074	4428	6.19	COMPLETED	A
N5.HOG0068075	4429	22.48	COMPLETED	B
N5.HOG0068077	4430	16.43	COMPLETED	B
N5.HOG0068083	4431	3.78	COMPLETED	A
N5.HOG0068084	4432	11.29	COMPLETED	A
N5.HOG0068085	4433	23.18	COMPLETED	B
N5.HOG0068086	4434	10.29	COMPLETED	A
N5.HOG0068087	4435	2.02	COMPLETED	A
N5.HOG0068088	4436	22.93	COMPLETED	B
N5.HOG0068089	4437	12.05	COMPLETED	B
N5.HOG0068090	4438	44.27	COMPLETED	C
N5.HOG0068091	4439	28.99	COMPLETED	B
N5.HOG0068092	4440	21.42	COMPLETED	B
N5.HOG0068098	4441	72.01	NO_COMPLETED	C
N5.HOG0068137	4442	17.04	COMPLETED	B
N5.HOG0068138	4443	34.19	COMPLETED	B
N5.HOG0068140	4444	8.85	COMPLETED	A
N5.HOG0068141	4445	2.84	COMPLETED	A
N5.HOG0068142	4446	10.67	COMPLETED	A
N5.HOG0068150	4447	12.12	COMPLETED	B
N5.HOG0068151	4448	13.35	COMPLETED	B
N5.HOG0068152	4449	14.78	COMPLETED	B
N5.HOG0068157	4450	24.05	COMPLETED	B
N5.HOG0068164	4451	7.87	COMPLETED	A
N5.HOG0068172	4452	5.81	COMPLETED	A
N5.HOG0068173	4453	3.47	COMPLETED	A
N5.HOG0068174	4454	11.94	COMPLETED	A
N5.HOG0068177	4455	9.04	COMPLETED	A
N5.HOG0068178	4456	25.16	COMPLETED	B
N5.HOG0068179	4457	11.31	COMPLETED	A
N5.HOG0068180	4458	23.80	COMPLETED	B
N5.HOG0068181	4459	9.08	COMPLETED	A
N5.HOG0068186	4460	15.26	COMPLETED	B
N5.HOG0068187	4461	9.03	COMPLETED	A
N5.HOG0068189	4462	19.68	COMPLETED	B
N5.HOG0068190	4463	3.19	COMPLETED	A
N5.HOG0068192	4464	6.63	COMPLETED	A
N5.HOG0068193	4465	17.65	COMPLETED	B
N5.HOG0068205	4466	16.02	COMPLETED	B
N5.HOG0068206	4467	8.26	COMPLETED	A
N5.HOG0068207	4468	18.10	COMPLETED	B
N5.HOG0068210	4469	3.97	COMPLETED	A
N5.HOG0068219	4470	25.78	COMPLETED	B
N5.HOG0068221	4471	15.84	COMPLETED	B
N5.HOG0068222	4472	12.29	COMPLETED	B
N5.HOG0068223	4473	17.88	COMPLETED	B
N5.HOG0068225	4474	28.86	COMPLETED	B
N5.HOG0068226	4475	21.43	COMPLETED	B
N5.HOG0068227	4476	25.41	COMPLETED	B
N5.HOG0068229	4477	38.56	COMPLETED	C
N5.HOG0068230	4478	6.26	COMPLETED	A
N5.HOG0068233	4479	5.42	COMPLETED	A
N5.HOG0068234	4480	12.85	COMPLETED	B
N5.HOG0068235	4481	19.14	COMPLETED	B
N5.HOG0068236	4482	16.44	COMPLETED	B
N5.HOG0068237	4483	6.96	COMPLETED	A
N5.HOG0068239	4484	28.97	COMPLETED	B
N5.HOG0068240	4485	18.87	COMPLETED	B
N5.HOG0068242	4486	16.94	COMPLETED	B
N5.HOG0068243	4487	29.80	COMPLETED	B
N5.HOG0068244	4488	4.49	COMPLETED	A
N5.HOG0068245	4489	42.45	COMPLETED	C
N5.HOG0068246	4490	22.39	COMPLETED	B
N5.HOG0068257	4491	20.51	COMPLETED	B
N5.HOG0068258	4492	17.97	COMPLETED	B
N5.HOG0068259	4493	4.91	COMPLETED	A
N5.HOG0068261	4494	7.37	COMPLETED	A
N5.HOG0068262	4495	14.13	COMPLETED	B
N5.HOG0068263	4496	3.29	COMPLETED	A
N5.HOG0068264	4497	17.63	COMPLETED	B
N5.HOG0068265	4498	39.43	COMPLETED	C
N5.HOG0068266	4499	4.38	COMPLETED	A
N5.HOG0068267	4500	72.00	NO_COMPLETED	C
N5.HOG0068268	4501	13.57	COMPLETED	B
N5.HOG0068273	4502	34.16	COMPLETED	B
N5.HOG0068274	4503	12.22	COMPLETED	B
N5.HOG0068275	4504	11.37	COMPLETED	A
N5.HOG0068276	4505	14.83	COMPLETED	B
N5.HOG0068277	4506	2.32	COMPLETED	A
N5.HOG0068278	4507	8.98	COMPLETED	A
N5.HOG0068279	4508	6.38	COMPLETED	A
N5.HOG0068288	4509	10.48	COMPLETED	A
N5.HOG0068289	4510	6.68	COMPLETED	A
N5.HOG0068290	4511	12.22	COMPLETED	B
N5.HOG0068297	4512	25.62	COMPLETED	B
N5.HOG0068298	4513	4.15	COMPLETED	A
N5.HOG0068299	4514	11.79	COMPLETED	A
N5.HOG0068300	4515	18.81	COMPLETED	B
N5.HOG0068301	4516	18.24	COMPLETED	B
N5.HOG0068302	4517	13.19	COMPLETED	B
N5.HOG0068310	4518	6.97	COMPLETED	A
N5.HOG0068311	4519	72.00	NO_COMPLETED	C
N5.HOG0068312	4520	27.68	COMPLETED	B
N5.HOG0068313	4521	9.64	COMPLETED	A
N5.HOG0068315	4522	13.62	COMPLETED	B
N5.HOG0068317	4523	10.32	COMPLETED	A
N5.HOG0068318	4524	9.46	COMPLETED	A
N5.HOG0068319	4525	13.46	COMPLETED	B
N5.HOG0068320	4526	7.44	COMPLETED	A
N5.HOG0068321	4527	14.45	COMPLETED	B
N5.HOG0068322	4528	12.02	COMPLETED	B
N5.HOG0068323	4529	72.00	NO_COMPLETED	C
N5.HOG0068324	4530	20.30	COMPLETED	B
N5.HOG0068333	4531	26.60	COMPLETED	B
N5.HOG0068336	4532	7.73	COMPLETED	A
N5.HOG0068337	4533	34.47	COMPLETED	B
N5.HOG0068338	4534	8.92	COMPLETED	A
N5.HOG0068356	4535	34.43	COMPLETED	B
N5.HOG0068358	4536	19.79	COMPLETED	B
N5.HOG0068362	4537	22.22	COMPLETED	B
N5.HOG0068366	4538	24.99	COMPLETED	B
N5.HOG0068379	4539	15.05	COMPLETED	B
N5.HOG0068393	4540	35.14	COMPLETED	B
N5.HOG0068394	4541	6.49	COMPLETED	A
N5.HOG0068400	4542	20.28	COMPLETED	B
N5.HOG0068401	4543	25.49	COMPLETED	B
N5.HOG0068405	4544	11.09	COMPLETED	A
N5.HOG0068406	4545	9.31	COMPLETED	A
N5.HOG0068407	4546	21.83	COMPLETED	B
N5.HOG0068408	4547	8.66	COMPLETED	A
N5.HOG0068409	4548	31.44	COMPLETED	B
N5.HOG0068410	4549	14.40	COMPLETED	B
N5.HOG0068411	4550	24.87	COMPLETED	B
N5.HOG0068423	4551	17.31	COMPLETED	B
N5.HOG0068424	4552	22.69	COMPLETED	B
N5.HOG0068425	4553	25.16	COMPLETED	B
N5.HOG0068426	4554	15.11	COMPLETED	B
N5.HOG0068427	4555	14.53	COMPLETED	B
N5.HOG0068428	4556	12.67	COMPLETED	B
N5.HOG0068430	4557	27.84	COMPLETED	B
N5.HOG0068432	4558	15.54	COMPLETED	B
N5.HOG0068433	4559	16.57	COMPLETED	B
N5.HOG0068434	4560	19.94	COMPLETED	B
N5.HOG0068438	4561	9.29	COMPLETED	A
N5.HOG0068439	4562	2.31	COMPLETED	A
N5.HOG0068445	4563	16.36	COMPLETED	B
N5.HOG0068446	4564	3.49	COMPLETED	A
N5.HOG0068448	4565	14.96	COMPLETED	B
N5.HOG0068450	4566	15.50	COMPLETED	B
N5.HOG0068451	4567	19.83	COMPLETED	B
N5.HOG0068452	4568	4.08	COMPLETED	A
N5.HOG0068468	4569	15.99	COMPLETED	B
N5.HOG0068469	4570	7.13	COMPLETED	A
N5.HOG0068472	4571	10.01	COMPLETED	A
N5.HOG0068490	4572	4.63	COMPLETED	A
N5.HOG0068492	4573	15.73	COMPLETED	B
N5.HOG0068493	4574	39.86	COMPLETED	C
N5.HOG0068494	4575	5.14	COMPLETED	A
N5.HOG0068495	4576	15.72	COMPLETED	B
N5.HOG0068507	4577	11.22	COMPLETED	A
N5.HOG0068508	4578	4.43	COMPLETED	A
N5.HOG0068509	4579	13.02	COMPLETED	B
N5.HOG0068510	4580	7.33	COMPLETED	A
N5.HOG0068511	4581	10.27	COMPLETED	A
N5.HOG0068518	4582	16.07	COMPLETED	B
N5.HOG0068519	4583	24.95	COMPLETED	B
N5.HOG0068520	4584	22.68	COMPLETED	B
N5.HOG0068524	4585	30.18	COMPLETED	B
N5.HOG0068525	4586	9.76	COMPLETED	A
N5.HOG0068526	4587	18.71	COMPLETED	B
N5.HOG0068527	4588	11.27	COMPLETED	A
N5.HOG0068528	4589	4.12	COMPLETED	A
N5.HOG0068537	4590	3.29	COMPLETED	A
N5.HOG0068538	4591	27.85	COMPLETED	B
N5.HOG0068539	4592	9.27	COMPLETED	A
N5.HOG0068540	4593	14.60	COMPLETED	B
N5.HOG0068541	4594	25.43	COMPLETED	B
N5.HOG0068542	4595	30.12	COMPLETED	B
N5.HOG0068543	4596	58.25	COMPLETED	C
N5.HOG0068569	4597	11.77	COMPLETED	A
N5.HOG0068572	4598	16.20	COMPLETED	B
N5.HOG0068573	4599	35.09	COMPLETED	B
N5.HOG0068574	4600	15.50	COMPLETED	B
N5.HOG0068575	4601	4.06	COMPLETED	A
N5.HOG0068577	4602	9.24	COMPLETED	A
N5.HOG0068579	4603	52.69	COMPLETED	C
N5.HOG0068581	4604	8.77	COMPLETED	A
N5.HOG0068582	4605	11.59	COMPLETED	A
N5.HOG0068583	4606	27.14	COMPLETED	B
N5.HOG0068584	4607	18.30	COMPLETED	B
N5.HOG0068606	4608	28.05	COMPLETED	B
N5.HOG0068607	4609	24.02	COMPLETED	B
N5.HOG0068608	4610	20.75	COMPLETED	B
N5.HOG0068626	4611	12.16	COMPLETED	B
N5.HOG0068627	4612	27.56	COMPLETED	B
N5.HOG0068628	4613	36.50	COMPLETED	C
N5.HOG0068634	4614	24.87	COMPLETED	B
N5.HOG0068699	4615	21.48	COMPLETED	B
N5.HOG0068704	4616	5.45	COMPLETED	A
N5.HOG0068713	4617	23.00	COMPLETED	B
N5.HOG0068714	4618	4.21	COMPLETED	A
N5.HOG0068715	4619	29.83	COMPLETED	B
N5.HOG0068720	4620	21.38	COMPLETED	B
N5.HOG0068722	4621	10.68	COMPLETED	A
N5.HOG0068724	4622	15.20	COMPLETED	B
N5.HOG0068725	4623	15.14	COMPLETED	B
N5.HOG0068729	4624	19.41	COMPLETED	B
N5.HOG0068735	4625	10.92	COMPLETED	A
N5.HOG0068743	4626	5.48	COMPLETED	A
N5.HOG0068744	4627	15.70	COMPLETED	B
N5.HOG0068745	4628	21.29	COMPLETED	B
N5.HOG0068746	4629	15.68	COMPLETED	B
N5.HOG0068753	4630	12.75	COMPLETED	B
N5.HOG0068768	4631	35.55	COMPLETED	B
N5.HOG0068769	4632	17.08	COMPLETED	B
N5.HOG0068770	4633	15.55	COMPLETED	B
N5.HOG0068792	4634	9.67	COMPLETED	A
N5.HOG0068809	4635	8.72	COMPLETED	A
N5.HOG0068814	4636	28.24	COMPLETED	B
N5.HOG0068815	4637	45.00	COMPLETED	C
N5.HOG0068816	4638	4.64	COMPLETED	A
N5.HOG0068827	4639	21.39	COMPLETED	B
N5.HOG0068838	4640	26.02	COMPLETED	B
N5.HOG0068839	4641	14.06	COMPLETED	B
N5.HOG0068853	4642	17.48	COMPLETED	B
N5.HOG0068857	4643	14.49	COMPLETED	B
N5.HOG0068861	4644	11.81	COMPLETED	A
N5.HOG0068881	4645	5.29	COMPLETED	A
N5.HOG0068883	4646	27.96	COMPLETED	B
N5.HOG0068909	4647	30.61	COMPLETED	B
N5.HOG0068910	4648	12.76	COMPLETED	B
N5.HOG0068922	4649	19.87	COMPLETED	B
N5.HOG0068923	4650	49.13	COMPLETED	C
N5.HOG0068924	4651	23.84	COMPLETED	B
N5.HOG0068934	4652	23.64	COMPLETED	B
N5.HOG0068935	4653	11.04	COMPLETED	A
N5.HOG0068936	4654	6.39	COMPLETED	A
N5.HOG0068937	4655	11.07	COMPLETED	A
N5.HOG0068945	4656	8.01	COMPLETED	A
N5.HOG0068946	4657	31.45	COMPLETED	B
N5.HOG0068962	4658	14.65	COMPLETED	B
N5.HOG0068992	4659	12.61	COMPLETED	B
N5.HOG0068993	4660	9.59	COMPLETED	A
N5.HOG0069002	4661	10.93	COMPLETED	A
N5.HOG0069025	4662	2.54	COMPLETED	A
N5.HOG0069027	4663	6.00	COMPLETED	A
N5.HOG0069028	4664	12.10	COMPLETED	B
N5.HOG0069036	4665	16.29	COMPLETED	B
N5.HOG0069046	4666	17.73	COMPLETED	B
N5.HOG0069051	4667	5.50	COMPLETED	A
N5.HOG0069057	4668	5.62	COMPLETED	A
N5.HOG0069059	4669	9.74	COMPLETED	A
N5.HOG0069060	4670	3.93	COMPLETED	A
N5.HOG0069065	4671	13.33	COMPLETED	B
N5.HOG0069066	4672	12.11	COMPLETED	B
N5.HOG0069075	4673	17.19	COMPLETED	B
N5.HOG0069076	4674	5.96	COMPLETED	A
N5.HOG0069077	4675	29.47	COMPLETED	B
N5.HOG0069078	4676	5.97	COMPLETED	A
N5.HOG0069094	4677	14.75	COMPLETED	B
N5.HOG0069097	4678	18.62	COMPLETED	B
N5.HOG0069098	4679	5.94	COMPLETED	A
N5.HOG0069099	4680	16.28	COMPLETED	B
N5.HOG0069100	4681	63.74	COMPLETED	C
N5.HOG0069105	4682	7.18	COMPLETED	A
N5.HOG0069107	4683	23.91	COMPLETED	B
N5.HOG0069108	4684	35.86	COMPLETED	B
N5.HOG0069117	4685	26.34	COMPLETED	B
N5.HOG0069119	4686	41.01	COMPLETED	C
N5.HOG0069120	4687	14.46	COMPLETED	B
N5.HOG0069121	4688	16.96	COMPLETED	B
N5.HOG0069129	4689	13.19	COMPLETED	B
N5.HOG0069149	4690	29.84	COMPLETED	B
N5.HOG0069169	4691	15.79	COMPLETED	B
N5.HOG0069177	4692	7.89	COMPLETED	A
N5.HOG0069187	4693	19.73	COMPLETED	B
N5.HOG0069196	4694	8.21	COMPLETED	A
N5.HOG0069202	4695	4.24	COMPLETED	A
N5.HOG0069221	4696	14.33	COMPLETED	B
N5.HOG0069222	4697	38.26	COMPLETED	C
N5.HOG0069290	4698	10.30	COMPLETED	A
N5.HOG0069291	4699	14.71	COMPLETED	B
N5.HOG0069300	4700	7.91	COMPLETED	A
N5.HOG0069302	4701	11.04	COMPLETED	A
N5.HOG0069306	4702	24.80	COMPLETED	B
N5.HOG0069308	4703	11.61	COMPLETED	A
N5.HOG0069309	4704	19.13	COMPLETED	B
N5.HOG0069310	4705	8.20	COMPLETED	A
N5.HOG0069312	4706	16.28	COMPLETED	B
N5.HOG0069313	4707	16.72	COMPLETED	B
N5.HOG0069314	4708	17.87	COMPLETED	B
N5.HOG0069315	4709	7.27	COMPLETED	A
N5.HOG0069316	4710	15.87	COMPLETED	B
N5.HOG0069317	4711	23.78	COMPLETED	B
N5.HOG0069326	4712	9.14	COMPLETED	A
N5.HOG0069333	4713	28.73	COMPLETED	B
N5.HOG0069337	4714	6.40	COMPLETED	A
N5.HOG0069361	4715	14.99	COMPLETED	B
N5.HOG0069371	4716	13.80	COMPLETED	B
N5.HOG0069373	4717	9.57	COMPLETED	A
N5.HOG0069386	4718	18.78	COMPLETED	B
N5.HOG0069396	4719	7.00	COMPLETED	A
N5.HOG0069410	4720	15.65	COMPLETED	B
N5.HOG0069416	4721	12.11	COMPLETED	B
N5.HOG0069452	4722	24.99	COMPLETED	B
N5.HOG0069488	4723	7.13	COMPLETED	A
N5.HOG0069512	4724	22.24	COMPLETED	B
N5.HOG0069519	4725	30.39	COMPLETED	B
N5.HOG0069528	4726	6.12	COMPLETED	A
N5.HOG0069559	4727	3.21	COMPLETED	A
N5.HOG0069566	4728	21.42	COMPLETED	B
N5.HOG0069567	4729	10.47	COMPLETED	A
N5.HOG0069575	4730	27.01	COMPLETED	B
N5.HOG0069576	4731	14.08	COMPLETED	B
N5.HOG0069577	4732	23.44	COMPLETED	B
N5.HOG0069578	4733	6.78	COMPLETED	A
N5.HOG0069579	4734	23.26	COMPLETED	B
N5.HOG0069624	4735	7.32	COMPLETED	A
N5.HOG0069625	4736	4.50	COMPLETED	A
N5.HOG0069676	4737	19.54	COMPLETED	B
N5.HOG0069685	4738	11.25	COMPLETED	A
N5.HOG0069699	4739	12.25	COMPLETED	B
N5.HOG0069711	4740	6.38	COMPLETED	A
N5.HOG0069715	4741	17.72	COMPLETED	B
N5.HOG0069738	4742	6.75	COMPLETED	A
N5.HOG0069743	4743	6.33	COMPLETED	A
N5.HOG0069746	4744	37.48	COMPLETED	C
N5.HOG0069764	4745	12.70	COMPLETED	B
N5.HOG0069781	4746	19.61	COMPLETED	B
N5.HOG0069782	4747	43.30	COMPLETED	C
N5.HOG0069783	4748	19.97	COMPLETED	B
N5.HOG0069793	4749	5.52	COMPLETED	A
N5.HOG0069800	4750	5.96	COMPLETED	A
N5.HOG0069861	4751	26.38	COMPLETED	B
N5.HOG0069869	4752	9.55	COMPLETED	A
N5.HOG0069911	4753	19.02	COMPLETED	B
N5.HOG0069957	4754	25.68	COMPLETED	B
N5.HOG0069972	4755	13.11	COMPLETED	B
N5.HOG0070144	4756	14.60	COMPLETED	B
