HOG,error,coef_.Intercept._Estimate,coef_.Intercept._StdErr,coef_.Intercept._z.value,coef_.Intercept._p.value,coef_orb_weavingTRUE_Estimate,coef_orb_weavingTRUE_StdErr,coef_orb_weavingTRUE_z.value,coef_orb_weavingTRUE_p.value,qvalue
N5.HOG0067161,,-0.131216626779275,0.111453883811087,-1.17731766980579,0.239068736853256,0.462570047274562,0.0500096142016384,9.24962239079636,2.25287147327277e-20,1.9156390768668099e-16
N5.HOG0062479,,-0.102667206082786,0.0728425255845773,-1.40944050551322,0.158704953937815,0.283759486506481,0.0322464037724067,8.79972503319251,1.3715178584700698e-18,5.83107655158239e-15
N5.HOG0068083,,-0.116299676540239,0.102022629398412,-1.13994000376204,0.254311297347869,0.391135269647943,0.0453788246588326,8.61933451535114,6.7344350042966696e-18,1.90878574416399e-14
N5.HOG0066573,,-0.115956381943508,0.129817329668969,-0.893227292836737,0.37173546501482,0.481546541014106,0.0584227601469878,8.2424476317546,1.68722972407064e-16,2.39111376261039e-13
N5.HOG0058652,,-2.08367164340846,0.532023765613835,-3.91650106270041,8.98434199622185e-05,2.17446000681438,0.264916092052237,8.20810842395189,2.24700264704938e-16,2.72949822201659e-13
N5.HOG0012041,,-0.833900037304249,0.292098612619263,-2.85485791879196,0.0043056086089495,1.44620429265573,0.178372368175567,8.1077820934253,5.15520811037211e-16,5.47940607285468e-13
N5.HOG0029535,,-0.354901601248279,0.232373537181932,-1.52728923246719,0.126689105777589,0.836912048026305,0.114241101143941,7.32584017175935,2.37406602116245e-13,2.0186920093554101e-10
N5.HOG0009906,,0.0080745183746158,0.166183508787783,0.0485879641940102,0.96124766181878,0.548364536165135,0.0757182356653896,7.2421726595485,4.41553208013925e-13,3.41324632231395e-10
N5.HOG0054990,,0.233858828396783,0.187589613240774,1.24665126366363,0.212525396165978,0.621256531405144,0.0868780446210554,7.15090370777727,8.62084502082099e-13,5.63876190672091e-10
N5.HOG0067827,,-0.0740141107427088,0.150915679641577,-0.490433538241296,0.623827149041838,0.48418879970956,0.0679472950390662,7.12594665366997,1.03367749780739e-12,6.27818773624664e-10
N5.HOG0067255,,-0.117893819763823,0.123666487507806,-0.953320678380079,0.340427617492821,0.387890677698839,0.0549893885209722,7.05391873108214,1.73947997618516e-12,9.68644561206423e-10
N5.HOG0013421,,-0.804581657152539,0.582870804904929,-1.3803773501467,0.167470490261574,1.9213966035568,0.272638331132688,7.04741917827281,1.8226662640455197e-12,9.68644561206423e-10
N5.HOG0040581,,-0.240341983130915,0.172786277233031,-1.39097842131742,0.164231970362514,0.551721709880222,0.0787810994728013,7.00322429583127,2.50137889036602e-12,1.25114553615432e-09
N5.HOG0063598,,-0.0339396066970161,0.171865246085908,-0.19747800948687,0.843453488483039,0.532410818982064,0.0780570359930286,6.82079215805241,9.05398540523453e-12,4.27705225911164e-09
N5.HOG0062008,,0.0262873723357458,0.153079681745131,0.171723458241263,0.863654942755492,0.459396471643903,0.0686547823941697,6.6913979714677,2.2104859727845197e-11,8.950467919906241e-09
N5.HOG0035035,,-0.0447926273066229,0.204651559140875,-0.218872641355198,0.826749258793964,0.63200979184075,0.0950285787785855,6.65073391567098,2.91635102022371e-11,1.12718288687433e-08
N5.HOG0067769,,-0.0282862906594374,0.12104548543678,-0.233683152720395,0.815230967853184,0.355976614130058,0.0536923357520861,6.62993347455977,3.3583819293697795e-11,1.18986068358909e-08
N5.HOG0068537,,-0.164177937582127,0.108390818934093,-1.51468490778684,0.129852218214618,0.31609413160212,0.0479956563289208,6.58589038632754,4.5216733489650896e-11,1.42400886435234e-08
N5.HOG0067887,,-0.0623348457249594,0.0953283361595531,-0.653896293968965,0.513178621765192,0.27489961598916,0.0422054594396729,6.51336627153869,7.34850289257432e-11,2.01849358418735e-08
N5.HOG0056774,,0.0424378261779394,0.213879714989743,0.198419126283082,0.842717154317271,0.639882363837298,0.099507375160023,6.43050188800851,1.27183300725055e-10,3.08986367822121e-08
N5.HOG0068297,,-0.151866465155199,0.152546531382832,-0.995541909596581,0.319472771640858,0.437112097301903,0.0682035340334703,6.40893618631835,1.46538508336714e-10,3.46119874329617e-08
N5.HOG0014288,,-1.94999513149513,0.687324645497651,-2.83708018367834,0.0045528176582668,2.0276758021462,0.320392789560035,6.32871858611617,2.47205481187868e-10,5.29861116491258e-08
N5.HOG0041015,,-0.0278269612767483,0.160689853826706,-0.173171862529404,0.862516339924095,0.455469072232907,0.0720265065822182,6.32363131082846,2.55486899128061e-10,5.29861116491258e-08
N5.HOG0066999,,-0.116493723668152,0.18308589750891,-0.636279064926246,0.524594547626735,0.524275751649823,0.0830224998732044,6.3148634701499,2.70400087630059e-10,5.47437834863068e-08
N5.HOG0068259,,-0.029557450115972,0.0528834994434062,-0.558916305219234,0.576218840973432,0.149312229392993,0.0236710293087315,6.30780467742129,2.8302106428933e-10,5.59664262647183e-08
N5.HOG0064145,,0.0518984606296496,0.18359555969405,0.282678190671577,0.777423535982981,0.524201995354913,0.0832524402755769,6.29653609695684,3.04370427043093e-10,5.75131575466776e-08
N5.HOG0003965,,-1.75143393835596,0.698726820088031,-2.50660757252068,0.0121895960062534,1.95376527195498,0.310183305917312,6.29874411254038,3.00066873531901e-10,5.75131575466776e-08
N5.HOG0036452,,-0.0427872362231381,0.120135833947424,-0.356157149929667,0.721722880013438,0.329579686559621,0.0532185486956795,6.19294765898751,5.90493424571724e-10,1.01744720168561e-07
N5.HOG0029146,,-1.71130686458054,0.66295633624433,-2.58132665912079,0.0098421404034964,2.65231900845281,0.428639504956773,6.18776145871177,6.10245781681256e-10,1.01744720168561e-07
N5.HOG0062969,,-0.0471420429047119,0.155985973521214,-0.302219756305848,0.762484544635784,0.427425704271326,0.0696554478699123,6.13628534941848,8.44733693145419e-10,1.33015830005885e-07
N5.HOG0064600,,0.0061169231814004,0.217988036615353,0.0280608205678461,0.977613642416338,0.618583507909384,0.100891462528105,6.1311779253578,8.72307810866921e-10,1.34860368957997e-07
N5.HOG0054356,,0.0472520050678336,0.183811645271925,0.257067526912839,0.797126645100167,0.507736168905715,0.0830958556453521,6.11024659367732,9.94773131632743e-10,1.46569238445866e-07
N5.HOG0059388,,-0.137283335681002,0.236744642433692,-0.579879376655599,0.561995964187435,0.67987735559239,0.111282919193212,6.10944932538992,9.99754927126283e-10,1.46569238445866e-07
N5.HOG0057165,,-0.0214910457118181,0.172757736963827,-0.124399902948011,0.900998650188166,0.473796673271117,0.0776508741787073,6.10162703617105,1.0499414230282e-09,1.51317908619604e-07
N5.HOG0026636,,0.258386487216913,0.182943727531931,1.41238232489722,0.157837417945347,0.503954506504351,0.08264740567007,6.09764459535665,1.07642738269141e-09,1.51644705252447e-07
N5.HOG0068302,,-0.0667801966354922,0.0619891567150448,-1.07728835451773,0.281351463279769,0.168589503416832,0.0276677804612481,6.0933512051305,1.1057110991848202e-09,1.51644705252447e-07
N5.HOG0061537,,-0.0026119092080764,0.219173791349009,-0.0119170690619539,0.990491779640063,0.664093830730236,0.109142292629739,6.0846608104811,1.16738181991162e-09,1.57561333541492e-07
N5.HOG0067954,,-0.0973492833395217,0.197639337381927,-0.492560259658227,0.622323333675,0.542970531557647,0.0899516949684963,6.03624569551258,1.5774102325181601e-09,2.09576195140724e-07
N5.HOG0056761,,-0.66572865023692,0.38819515249222,-1.71493292990119,0.0863575243796589,1.6643409694443,0.277771439280354,5.99176421361479,2.0757673961817804e-09,2.59565546210343e-07
N5.HOG0056745,,0.109133248746507,0.2496044074819,0.437224846498036,0.661948292161056,0.707261861516665,0.118194487616676,5.98388195404198,2.17881248827489e-09,2.68502316447654e-07
N5.HOG0065993,,-0.0148388914676723,0.178296579447413,-0.0832258897711996,0.933671927087478,0.475960374569005,0.08016798184719,5.93703824896383,2.90216979338323e-09,3.41849675174717e-07
N5.HOG0061654,,0.13628694034168,0.177994869173088,0.765679038810661,0.443867302250574,0.474930288848748,0.0800192109565121,5.93520334894151,2.9348152017449604e-09,3.41849675174717e-07
N5.HOG0064130,,-0.215383851347744,0.15266947749741,-1.41078527861863,0.158307936532989,0.402835072926631,0.0679844417343768,5.92540091011639,3.1153639508603505e-09,3.57976355456854e-07
N5.HOG0065229,,-0.184738089290409,0.157213956736505,-1.17507435806119,0.239964968314214,0.413035775058205,0.0700850473036104,5.89335087795435,3.784416268053451e-09,4.17107024027975e-07
N5.HOG0043151,,-1.42635199579752,0.601331744124444,-2.3719885233638,0.017692640264202,1.59449645252761,0.270655483639647,5.89124015181798,3.8330802689290905e-09,4.17107024027975e-07
N5.HOG0066991,,-0.0670313909172709,0.155649074953857,-0.430657175040344,0.666717661763477,0.405681261447267,0.0693319132976903,5.8512918820716,4.877693557746171e-09,5.12043391002183e-07
N5.HOG0063012,,-0.003961093674134,0.172726185776427,-0.0229327919002463,0.98170388311486,0.452581163784922,0.0773894688736212,5.84809755606409,4.9722692573288504e-09,5.15606113106966e-07
N5.HOG0062759,,0.0984374214171859,0.147322032447873,0.668178545880543,0.504019628490761,0.382714510971102,0.0654780226390364,5.84493079580166,5.06778904345234e-09,5.19179705305494e-07
N5.HOG0059649,,0.0134525213794213,0.209640267030634,0.064169548961009,0.948835223815167,0.559245386429898,0.0957348764263766,5.84160556012182,5.17001021426128e-09,5.23346575572728e-07
N5.HOG0035027,,-2.05522290913808,0.773007045724663,-2.6587376150128,0.0078434020430112,1.98324336205673,0.342239319018482,5.79490213966219,6.8361030869805806e-09,6.68138691599977e-07
N5.HOG0067190,,-0.018991914483139,0.130345326876801,-0.1457046058973,0.88415458519703,0.333971781338172,0.0577512543369602,5.78293554265596,7.3408196302450805e-09,7.01345182711554e-07
N5.HOG0067306,,-0.0625924715220956,0.133449375757824,-0.469035326442326,0.639044385375649,0.342160836312218,0.0591486230387699,5.78476418779763,7.261411980567781e-09,7.01345182711554e-07
N5.HOG0060139,,-0.0612978256135936,0.19210488481444,-0.319085200112444,0.749661906134344,0.497291668579451,0.0866843606901004,5.7368095538858,9.647663610734781e-09,8.82097264950575e-07
N5.HOG0019899,,0.644670539964337,0.142014966175174,4.53945494145413,5.63998306492189e-06,0.358895575731714,0.0630055114390143,5.69625684380174,1.22466342828236e-08,1.07355002480195e-06
N5.HOG0047839,,0.397957699192135,0.2321949103161,1.71389501453918,0.0865480088405736,0.60911146646281,0.107224783170647,5.68069664914515,1.34147216938588e-08,1.16394608296511e-06
N5.HOG0059333,,0.201354569586825,0.164032154687226,1.22753108968644,0.219623044037209,0.415059436954535,0.0731412350463714,5.67476658948113,1.38877883764941e-08,1.18089249302007e-06
N5.HOG0060905,,0.0180085829195823,0.231097772550657,0.0779262505251314,0.937886717999851,0.605118335624873,0.106618043447822,5.67557156421664,1.38226340366179e-08,1.18089249302007e-06
N5.HOG0062997,,-0.199257760251667,0.236259634020367,-0.843384698693344,0.39901332672461,0.620025005400133,0.109386024479075,5.6682287189141,1.44281284353495e-08,1.20278249705088e-06
N5.HOG0056527,,-0.0503443673257145,0.312650790338106,-0.161024276545955,0.872074280220537,0.881844123073224,0.155829234312209,5.65904162312973,1.52220637289259e-08,1.25664782197007e-06
N5.HOG0065534,,0.0372169667794557,0.16551992409851,0.224848863254105,0.822096851819544,0.41728928839984,0.0738234548713907,5.65252993275386,1.58103254363339e-08,1.28945406187329e-06
N5.HOG0029401,,-0.232670333892412,0.30982621659343,-0.750970451921875,0.452670438697482,0.857108177023814,0.153255531524084,5.59267367709414,2.23599301416193e-08,1.77690388298274e-06
N5.HOG0066470,,-0.064202745460951,0.0865630996834737,-0.741687228111221,0.458276859808374,0.214523865090038,0.038441304126573,5.58055638236648,2.39750416872169e-08,1.87029513754525e-06
N5.HOG0063148,,0.0010161511245767,0.250007256632811,0.0040644865203618,0.996757017886853,0.648803106472483,0.116576419087365,5.56547466075671,2.61439773788252e-08,1.97051810856654e-06
N5.HOG0059162,,0.0860065393050357,0.194461177128041,0.442281285011484,0.658285671960695,0.487448242808066,0.0876003779720646,5.56445364840219,2.62975014552916e-08,1.97051810856654e-06
N5.HOG0063488,,0.0223220120647109,0.18315853210798,0.121872630271742,0.902999891898149,0.456452542126631,0.0821094285333093,5.55907586108046,2.71206807004551e-08,2.00530306235072e-06
N5.HOG0036803,,0.147048197450401,0.209674885131889,0.701315264142888,0.483106289884699,0.528648134149676,0.0951595377628251,5.55538778958001,2.76996111407895e-08,2.03045306404342e-06
N5.HOG0059939,,0.198940724341549,0.153507461384343,1.29596778259171,0.19498658470584,0.375695391886186,0.0681873310003043,5.50975359168273,3.5933636334594e-08,2.58938383608383e-06
N5.HOG0029521,,0.0894895513074466,0.209004778473467,0.428169881861371,0.668527442124414,0.521740790250098,0.0947300610474413,5.50765812331533,3.63638735988694e-08,2.59836674802125e-06
N5.HOG0055199,,-0.137944665948538,0.199424311191352,-0.69171439091083,0.489116707743788,0.493849493823994,0.0899336542763438,5.49126461943287,3.99065911854001e-08,2.79272457424553e-06
N5.HOG0060153,,-0.461694690600833,0.310026243705816,-1.48921163925379,0.136431646805446,0.833700645964314,0.152269587633207,5.47516190805328,4.37111765977431e-08,2.99742333069158e-06
N5.HOG0068268,,-0.108813491344468,0.179997590878357,-0.604527487359563,0.545493000015094,0.440532093692974,0.0805133060841638,5.47154396109964,4.46131642489351e-08,3.0348014715206e-06
N5.HOG0053081,,0.185448698256944,0.180567473126863,1.02703269335032,0.30440506975518,0.440831622189728,0.0807714495297454,5.45776539552363,4.82164145310802e-08,3.22825968791674e-06
N5.HOG0028455,,-0.380103649941843,0.305083329811755,-1.24590107947353,0.212800713748148,0.808855671175745,0.148730589319116,5.43839485124519,5.37627233418884e-08,3.54379687752177e-06
N5.HOG0066153,,0.0465782073673027,0.123664337612753,0.376650279833781,0.706433516977643,0.297348467105966,0.0547434538004224,5.43167166963937,5.5828572135951e-08,3.62378561434976e-06
N5.HOG0065489,,-0.0073739160650654,0.13066326123508,-0.0564345019048531,0.95499567219527,0.312466723461667,0.0578532119176201,5.40102637527892,6.62606816125948e-08,4.17349024099492e-06
N5.HOG0064339,,0.0271072984477347,0.125096073177575,0.21669184139182,0.82844850657506,0.296635200544338,0.0553770481069763,5.35664522910835,8.47813580234623e-08,4.98609947922501e-06
N5.HOG0067410,,-0.0230658382909776,0.112493858233086,-0.205040867592838,0.837540195556758,0.266688218809201,0.0498143039850015,5.35364739592664,8.61987567516513e-08,4.98609947922501e-06
N5.HOG0067970,,-0.028917952281799,0.124989573567987,-0.231362916572152,0.817032871923921,0.295902292355963,0.0553297245112734,5.34798058312531,8.89410042655042e-08,5.10996099650652e-06
N5.HOG0064358,,0.0449588321091599,0.170291972526204,0.264010284467412,0.791771993975379,0.405182813981901,0.0758504143829576,5.34186684776951,9.19942198198979e-08,5.24990619983131e-06
N5.HOG0065269,,0.114013783787166,0.146589869792158,0.777773961794358,0.436702280743431,0.346034989749764,0.064985783001747,5.32477987901541,1.01075363186907e-07,5.69174762447507e-06
N5.HOG0066032,,0.0441926597731427,0.135377301947567,0.326440689372424,0.744090956439221,0.318777977902131,0.0599494438309035,5.31744679402353,1.05233441958049e-07,5.84843431166267e-06
N5.HOG0067809,,-0.133805390015197,0.171821244934923,-0.778747645937935,0.436128383331491,0.406474418648719,0.076542045218651,5.31047240098666,1.09341442450183e-07,5.99833024176377e-06
N5.HOG0060652,,-0.229924811700438,0.256165631655679,-0.89756307360344,0.369418532945458,0.627326731320909,0.118812416409146,5.27997620350239,1.29200665391034e-07,6.8662883767596e-06
N5.HOG0066504,,0.0203973899128516,0.119824108671729,0.170227762500888,0.86483101902684,0.279266563670074,0.0530470905244234,5.26450293332294,1.40569155523405e-07,7.33296653630186e-06
N5.HOG0065640,,-0.027591078462819,0.144390954474573,-0.191085920605073,0.848458278122091,0.336906746006215,0.0639824502814431,5.26561181268058,1.39723247021099e-07,7.33296653630186e-06
N5.HOG0065715,,0.0557714424718418,0.143353764633858,0.389047630624062,0.697240912270155,0.334400128983372,0.0635159578223097,5.26482069150054,1.40326248691045e-07,7.33296653630186e-06
N5.HOG0022275,,-0.298673292177626,0.294981498996795,-1.01251533805811,0.311291716807597,0.738591009059821,0.140902404587888,5.24186234592698,1.58963944962842e-07,8.04575163181975e-06
N5.HOG0067478,,-0.117876218191084,0.190370398756127,-0.619194049922061,0.535788531150686,0.445916101004225,0.0852152773329876,5.23281874987934,1.66944421696832e-07,8.39967493218771e-06
N5.HOG0066067,,-0.0454013514720128,0.119924160901146,-0.378583857755214,0.704996911073527,0.277729496311141,0.053092522359603,5.23104731076893,1.6855236081734e-07,8.43069135416065e-06
N5.HOG0051834,,0.348214154301761,0.201218476741471,1.73052773254592,0.0835360307939726,0.472641326342916,0.090426905721045,5.22677761197482,1.72489757382144e-07,8.57717898123673e-06
N5.HOG0051863,,0.247325845646428,0.213792323853991,1.15685091582305,0.247333275472094,0.503173495376984,0.0965702722855578,5.21043881795324,1.88394501215599e-07,9.31358853751465e-06
N5.HOG0063487,,-0.0416268495869388,0.121977555777146,-0.341266467603198,0.732902989260275,0.278998413716722,0.054000631072507,5.16657691170515,2.38420119349236e-07,1.13257544549959e-05
N5.HOG0063066,,0.0060697841692877,0.203294484471808,0.0298571020510373,0.976181018187227,0.470884709131733,0.0913347473269372,5.1555921805551,2.52830624715263e-07,1.18775912233582e-05
N5.HOG0067146,,0.106469183673903,0.116418697906673,0.914536801977072,0.360434849228642,0.265364790161581,0.051554142763628,5.1473029311778,2.64258388065937e-07,1.23462385859824e-05
N5.HOG0060138,,-0.060489812607605,0.243131537555315,-0.24879459578066,0.803519671638554,0.56953848983978,0.111273647379651,5.11835913760058,3.08205298269137e-07,1.40897870000349e-05
N5.HOG0060128,,-1.66105137776265,0.473919473377585,-3.50492324344572,0.0004567389435021,1.28769449622733,0.25242257271017,5.10134447328472,3.37249094915803e-07,1.50929614779964e-05
N5.HOG0018044,,0.58833550542042,0.184818252759717,3.18331926979809,0.0014559697475929,0.420333516135841,0.0824599389952191,5.09742695977754,3.44301191737917e-07,1.53278919542139e-05
N5.HOG0058420,,0.0194747098115471,0.194228509203859,0.100266999378071,0.920132356111657,0.442832245503412,0.0869056948462611,5.0955492190333,3.47731660008924e-07,1.53999842552687e-05
N5.HOG0071908,,-0.750120642259531,0.423719957832754,-1.77032171459719,0.0766735627151057,1.17811289369232,0.231683812879861,5.08500304379585,3.6762017354074e-07,1.60303127724885e-05
N5.HOG0067470,,-0.340232396489842,0.356660649508726,-0.953938700438323,0.340114672321585,0.908463299954015,0.179232892851807,5.06861930028185,4.00711791813552e-07,1.72959001032447e-05
N5.HOG0029793,,-0.0594401690401345,0.275943692303885,-0.215406877192451,0.829450108633477,0.65242659072532,0.128788610403805,5.0658718086925,4.06535438001164e-07,1.74586432552629e-05
N5.HOG0009763,,0.543323686785162,0.493330280756816,1.10133861224098,0.270749312076384,1.84232965605144,0.363985591322053,5.06154556656983,4.15871316495401e-07,1.76462044042729e-05
N5.HOG0062362,,0.0869573064289304,0.146575359585058,0.593260058683117,0.55300712458007,0.327734392319845,0.0649265186644938,5.04777399221734,4.46987470034668e-07,1.86690603355462e-05
N5.HOG0058539,,-0.0829136711337293,0.329832086438644,-0.251381459059936,0.801519201088518,0.811392468421511,0.160917302876521,5.0422947310031,4.59982074306788e-07,1.88950407833638e-05
N5.HOG0064348,,0.0256979566569952,0.134277457672214,0.191379529390009,0.84822825682882,0.299542458229167,0.059442509848337,5.03919600624917,4.67491527799862e-07,1.91111878556134e-05
N5.HOG0052434,,0.292042870922404,0.136962882922545,2.13227748051682,0.032984042201819,0.305355381499841,0.0606350674245908,5.03595352441223,4.75475923997148e-07,1.9344589430377e-05
N5.HOG0071696,,-2.47422329101973,1.38239892567512,-1.7898041188157,0.0734854068204187,4.37552327363507,0.869537237151503,5.03201368117224,4.85354619088726e-07,1.96524700966986e-05
N5.HOG0067353,,-0.374053149974874,0.231730628210312,-1.6141722519105,0.106490068938383,0.525778857623544,0.105111265102086,5.00211711002525,5.67041252126006e-07,2.26366587131944e-05
N5.HOG0043966,,0.553340173590495,0.165957992026516,3.33421829725491,0.0008553949664323,0.367137799394256,0.073669672659978,4.98356767633242,6.24224667204117e-07,2.44601132996192e-05
N5.HOG0054828,,-0.896932423359178,0.481575664112654,-1.86249532565533,0.0625333037080033,1.14679368145656,0.230965207486285,4.96522265815582,6.86222941117912e-07,2.61660183447921e-05
N5.HOG0028311,,-0.451506551666784,0.343429738366243,-1.31469847024513,0.188611260911129,0.838328846819721,0.168911632116994,4.96312087162279,6.93693804814748e-07,2.63328017402444e-05
N5.HOG0041446,,-0.49135303632387,0.338472046707626,-1.45167980961306,0.146590655852036,0.820572479777481,0.165586042297636,4.95556550776501,7.21202183676252e-07,2.72553514582464e-05
N5.HOG0029085,,0.177204800666281,0.155074914474515,1.14270448748436,0.253161306012129,0.340381619954639,0.0687277402951355,4.95260892461978,7.32250432811915e-07,2.75504355845806e-05
N5.HOG0022801,,-0.43060470946547,0.333162402765011,-1.2924768998295,0.19619204068408,0.801795958103934,0.162079317447256,4.9469356777422,7.53908746812085e-07,2.82403579100714e-05
N5.HOG0052799,,0.322990926315825,0.249277186209246,1.29570993329772,0.195075437833785,0.562539231308541,0.11391505180509,4.93823443341842,7.88330393824407e-07,2.89117403594367e-05
N5.HOG0054225,,0.122538846263288,0.231974310227343,0.528243175475747,0.597330566130241,0.518214888534995,0.105071080908111,4.93204109119421,8.13747922626683e-07,2.9696908686861e-05
N5.HOG0065850,,-0.0473138889532582,0.137845935960467,-0.343237460165872,0.731419825390566,0.300749961381427,0.061022833944012,4.92848237198166,8.28708100190653e-07,2.99854791724618e-05
N5.HOG0028613,,-0.0829020110912243,0.184924625182353,-0.4483016310536,0.653935523666834,0.405491885897279,0.0823706878815461,4.92276920742,8.5328063173928e-07,3.0614051862395e-05
N5.HOG0019044,,-0.673567314761961,0.447198368312422,-1.50619358765503,0.132017485080081,1.39052056149539,0.282642244911884,4.91971949178684,8.66683296906532e-07,3.08347049777e-05
N5.HOG0031119,,0.0863596222532422,0.15095441615369,0.572090730789338,0.567260508451255,0.328735682090382,0.0668686720424336,4.91613893396555,8.82677659523407e-07,3.12119408090427e-05
N5.HOG0064844,,0.0921421907240231,0.159852502209878,0.576420071317027,0.564331281003806,0.347893996234272,0.0708724456584373,4.9087341773263,9.16661263701515e-07,3.2208521175943e-05
N5.HOG0065097,,-0.0156977861598087,0.191865364281312,-0.0818166750346492,0.934792495770303,0.419929559521754,0.0856000665008919,4.90571534214146,9.30874470732668e-07,3.25733269183042e-05
N5.HOG0067483,,-0.0274129495088164,0.105753331673742,-0.259215942183151,0.795468631304946,0.22940639699467,0.0469107900238201,4.89026931497388,1.00698108211067e-06,3.49488185559377e-05
N5.HOG0064617,,-0.085147728904529,0.174136810974856,-0.488970301154899,0.624862722934098,0.377873865333898,0.0773644605039113,4.88433400650153,1.03779027258991e-06,3.5726454108508e-05
N5.HOG0067555,,-0.0380407577042569,0.213093475693384,-0.178516763971662,0.858317156902731,0.467145208693033,0.0956818610645726,4.88227552741446,1.04868586039105e-06,3.59559694929923e-05
N5.HOG0069750,,-0.85222924285202,0.364132548879357,-2.34043686969159,0.019261194458486,0.886401662448277,0.181743368388452,4.87721599037226,1.07593601477633e-06,3.67421333898963e-05
N5.HOG0035174,,0.602242087580345,0.249624167553844,2.41259527665902,0.0158393970092317,0.555165284286744,0.113896454646208,4.87429820367308,1.09195939625745e-06,3.69921897390141e-05
N5.HOG0051491,,0.153874190136287,0.196870105576342,0.781602619076253,0.434448147213134,0.428082447621345,0.0879193729890929,4.86903435576652,1.12144911191042e-06,3.77975359843374e-05
N5.HOG0064389,,-0.0887796560535862,0.216120823703198,-0.410787144581258,0.681228620373285,0.472254917896224,0.0971180796710966,4.86268797216315,1.15802319826447e-06,3.87668768508268e-05
N5.HOG0067730,,-0.0146184145868042,0.0824772091549792,-0.177241867621095,0.8593184106259,0.178279623233113,0.03676560075126,4.84908772303966,1.24030565594361e-06,4.11970416486425e-05
N5.HOG0063241,,0.0589678389749541,0.159393721761722,0.369950825686253,0.711419130348096,0.341028171883826,0.070643991727657,4.82741933947532,1.38313680364286e-06,4.52344236633913e-05
N5.HOG0068408,,-0.123584668925996,0.144172604241013,-0.857199393578267,0.391334697574713,0.307618152728794,0.0638290239638061,4.81940868942673,1.4398433279815e-06,4.63376737183112e-05
N5.HOG0068053,,-0.207128597985865,0.213427808235239,-0.970485522474979,0.331804537862708,0.460246555618584,0.0957323817230335,4.80763715824117,1.52724633961544e-06,4.8276311917717e-05
N5.HOG0065675,,0.0091674465781461,0.128468970628029,0.0713592280947729,0.943111858116186,0.272241165041863,0.0568809622693001,4.78615610883921,1.70005842722172e-06,5.29111891974202e-05
N5.HOG0068041,,-0.0691414817555346,0.105777487322042,-0.653650256836144,0.513337157713224,0.224587419287945,0.0469372577604503,4.78484321419356,1.71120856244811e-06,5.29111891974202e-05
N5.HOG0066723,,-0.119734808527503,0.223155030021146,-0.536554378882507,0.591575464113168,0.480488376271347,0.100410980789902,4.78521743828706,1.70802321541702e-06,5.29111891974202e-05
N5.HOG0057000,,-1.49538252533614,0.461760437523134,-3.23843795141332,0.0012018616069285,1.44161125046579,0.301341928837916,4.78397166974131,1.71864918263662e-06,5.29487150893109e-05
N5.HOG0063436,,0.137409948384434,0.146274794778822,0.939395940306786,0.347527496586235,0.309563783618657,0.0647618419081211,4.78003365095517,1.75265856247736e-06,5.38015541966603e-05
N5.HOG0051023,,0.0085945013026748,0.200516511195437,0.0428618134807765,0.965811689186754,0.426122416941256,0.0895261962116002,4.75975116751405,1.93831778292955e-06,5.84457779285965e-05
N5.HOG0063539,,-0.172765668864214,0.259585592453663,-0.665544136063921,0.505702523686755,0.564494607543692,0.118675288767229,4.7566314218194,1.96850103711023e-06,5.90378459885873e-05
N5.HOG0063199,,0.0693624301850694,0.121314228957934,0.57175840609036,0.567485659676405,0.25440633006149,0.053741875798899,4.73385653700427,2.20293463019952e-06,6.54957091358968e-05
N5.HOG0066346,,-0.0118505104127447,0.168374775264896,-0.0703817444988472,0.943889820991463,0.353186704811385,0.0746735421224892,4.72974355806025,2.24803615282681e-06,6.6603747584639e-05
N5.HOG0037427,,0.265418227619646,0.260432991663479,1.01914210609157,0.308135506877064,0.561776481332989,0.118993753247745,4.72105859341516,2.34620332904572e-06,6.87931063597449e-05
N5.HOG0071054,,-0.455094815940859,0.333711958784633,-1.36373541301396,0.172650854225552,0.754523132799205,0.160125760057881,4.71206589449732,2.45218054307554e-06,7.11642855361686e-05
N5.HOG0065178,,0.0173446265211545,0.140726747360537,0.123250390181463,0.901908824115328,0.293468970385544,0.0622957502127314,4.71089872717462,2.46626775383465e-06,7.1329661972119e-05
N5.HOG0055556,,-0.329874713956658,0.284599262963909,-1.15908492004243,0.24642157205457,0.619476578182871,0.13174943358063,4.70192972635254,2.57714203278811e-06,7.32899520699038e-05
N5.HOG0049336,,0.17413716854069,0.262571710932197,0.663198514121946,0.507203423010606,0.563613543596055,0.120017871419362,4.69608014981949,2.65201514379185e-06,7.44235947105105e-05
N5.HOG0067544,,0.115743589618187,0.146606155749098,0.789486560279714,0.429827681812815,0.304537819389492,0.064903556853683,4.69215916896565,2.70336667894683e-06,7.51209033363225e-05
N5.HOG0057203,,0.157645215045346,0.209819810049991,0.751336182259371,0.452450359103646,0.439197580778358,0.0938361858730482,4.68047136285518,2.86216090873252e-06,7.85072244838289e-05
N5.HOG0062052,,0.157400115453352,0.141642788914163,1.11124693787792,0.266462072423714,0.293258709154262,0.0627012368951737,4.67708012912956,2.90988573652839e-06,7.9221680112108e-05
N5.HOG0053780,,0.190517889085957,0.144722552179957,1.31643538768619,0.188027951479878,0.299280077032357,0.064066260420208,4.67141479882533,2.99132175058273e-06,8.10047997029621e-05
N5.HOG0069743,,-0.462329819277186,0.263877387526715,-1.75206304568397,0.0797629677236097,0.563313828809194,0.120606968555062,4.67065738868994,3.00237340598135e-06,8.10459696334394e-05
N5.HOG0038377,,0.47040068296296,0.185012681614641,2.54253210567882,0.0110052490129519,0.38342939730287,0.0822349128780281,4.66261085327076,3.12222806862276e-06,8.40146094353002e-05
N5.HOG0066615,,-0.0037796496422927,0.0942675532514161,-0.0400949161395147,0.968017454877281,0.195454117147958,0.0419382237102971,4.66052445373284,3.15404683783607e-06,8.46030749173231e-05
N5.HOG0048419,,-0.971957164175703,0.448125112671483,-2.16894152256144,0.0300871238104587,1.12058543916268,0.240686066789021,4.65579688144124,3.22729988827419e-06,8.58505197444725e-05
N5.HOG0030973,,-0.25005527156657,0.27196840291497,-0.919427657354555,0.357871928555839,0.580967245228034,0.124783949176365,4.65578505138442,3.2274852238167e-06,8.58505197444725e-05
N5.HOG0068688,,-0.683090951599389,0.386203857384275,-1.7687315611654,0.0769386826741907,0.891618714511772,0.19306995094648,4.61811229629895,3.87246684292814e-06,0.0001003901575761
N5.HOG0039422,,0.321333898678053,0.206830521569989,1.55360967152673,0.120277550929552,0.425735894304641,0.0923409005728235,4.61048020610206,4.01739892871242e-06,0.0001032034551705
N5.HOG0061162,,0.178121320157975,0.154512503255611,1.15279551107464,0.248994327321708,0.314913229229418,0.0684165077443827,4.60288371347445,4.16680906713635e-06,0.0001054148414007
N5.HOG0027950,,-1.75366745393413,0.743701852552268,-2.35802485621868,0.0183724627227715,2.78431432393261,0.607447942195639,4.58362623448624,4.56980787852511e-06,0.0001142868589464
N5.HOG0051469,,0.515530060200396,0.191211802134759,2.69612050325779,0.0070152283180416,0.389615214128243,0.0850374240019921,4.58169116363539,4.61230710567471e-06,0.0001147440578835
N5.HOG0063261,,0.0770469954386901,0.149790620358571,0.514364619455168,0.606997090710328,0.303658874422622,0.0663126221114876,4.57920173797528,4.66753850089382e-06,0.0001157100445143
N5.HOG0068558,,-0.219012503265241,0.28443843078958,-0.769982110565294,0.441310504583394,0.600111808930812,0.131074077440697,4.57841718704697,4.68507576298529e-06,0.0001158071696413
N5.HOG0002163,,-0.558400936153654,0.38399464075431,-1.45418939977065,0.145893803056583,0.869822673026608,0.190682616671089,4.56162542874569,5.07591394663899e-06,0.000124025868972
N5.HOG0038546,,-0.54357997554449,0.345821959887513,-1.57184921316536,0.115985525124999,0.75724436249418,0.166065915757718,4.55990236791854,5.1177408706206e-06,0.0001246895728006
N5.HOG0060137,,0.154710475431664,0.162065188576371,0.95461879747703,0.339770507673078,0.326660435817433,0.0717851293501112,4.55053071262491,5.35107754245611e-06,0.0001290540195864
N5.HOG0064150,,-0.202853664952616,0.241184677308999,-0.841071942114822,0.400307632470526,0.494843114297252,0.108784754781013,4.54882777732401,5.39455681708783e-06,0.0001295775550882
N5.HOG0064217,,-0.0382106574174355,0.102937195851416,-0.371203597508042,0.710485893813801,0.207687535316836,0.0457401396583056,4.54059687767314,5.60951960589765e-06,0.0001328643580172
N5.HOG0021150,,0.393742182978899,0.361537905504175,1.08907579809595,0.276120461489256,0.797143166400628,0.175641753445918,4.53846053550174,5.66663979312673e-06,0.0001338444532655
N5.HOG0070236,,-0.310890375171562,0.26529232002662,-1.17187853436679,0.24124582633849,0.547707456813897,0.120858944917613,4.53179081769459,5.8485749920856e-06,0.000137378498102
N5.HOG0050080,,0.237285114596936,0.308053034317674,0.770273583321501,0.441137623023297,0.651035048025309,0.143723911031,4.52976156406492,5.90502888019601e-06,0.000137942443276
N5.HOG0067232,,-0.0416087381564145,0.138933221933766,-0.299487318995962,0.764568246256219,0.278152987686042,0.0615077875768744,4.52224016899319,6.11885749881885e-06,0.0001413838462425
N5.HOG0067818,,0.0291608952677079,0.0754783587233625,0.386347765915077,0.699239129305523,0.152586971049661,0.0337672425819747,4.5187868295504,6.21949746242094e-06,0.0001433198023373
N5.HOG0064103,,0.0304567613615312,0.177098427289891,0.171976464317646,0.863456032062326,0.354602877055781,0.0785491680897473,4.51440652624895,6.34943188844576e-06,0.0001458875861685
N5.HOG0058624,,-1.42372574310732,0.469497910401264,-3.03244319424237,0.0024258275063272,1.69801341076925,0.376239772860889,4.51311512830695,6.38823216817933e-06,0.0001460209007792
N5.HOG0058262,,-0.276098862810704,0.221885961285037,-1.24432776734363,0.213378955509517,0.447977533131738,0.0993508956844343,4.50904372875145,6.5120486613905e-06,0.0001480550777467
N5.HOG0056631,,0.243049354100028,0.21174028591081,1.1478654288887,0.25102412178464,0.426154942769212,0.0945377401639924,4.50777585787402,6.55107278803146e-06,0.0001485451336457
N5.HOG0064883,,-0.149297258967449,0.21656339101269,-0.689392876004148,0.490576065314961,0.435709476748367,0.0968077563263531,4.50077032339771,6.77076358434917e-06,0.0001527121428737
N5.HOG0042791,,-0.0955104717464379,0.333263717418986,-0.286591269179057,0.774425300322256,0.710800415893208,0.157962356994986,4.49980887481801,6.80145866843563e-06,0.0001529986275765
N5.HOG0062862,,-0.003290632280356,0.156653167079485,-0.0210058458549157,0.983240992387771,0.311782223595213,0.0693596840658727,4.49515057333747,6.95207346300595e-06,0.000155974073456
N5.HOG0054062,,0.0790756626935602,0.177720751076167,0.444943329435235,0.656360708706983,0.354097441468369,0.0788227658312126,4.49232449196996,7.04499711063486e-06,0.000157642928634
N5.HOG0002053,,-0.115573902133029,0.367134970508362,-0.314799491786349,0.752913897626937,0.800546977562783,0.17854050226409,4.48383961852333,7.33117721377368e-06,0.0001631877770487
N5.HOG0032201,,0.0026513757276219,0.107373072165907,0.0246931160125998,0.980299746034013,0.213748782615856,0.0476857917444564,4.48244172522741,7.37937976420121e-06,0.0001638318588123
N5.HOG0051635,,-0.0366789785261376,0.377024422447968,-0.0972854179789893,0.922499735834764,0.828592381203088,0.184891070876436,4.48151648035422,7.41145084449189e-06,0.0001641153789547
N5.HOG0065545,,-0.0586995818234963,0.189181018883007,-0.310282618045298,0.756346048114886,0.376356570226522,0.0840378344281461,4.4784182361138,7.51981622220622e-06,0.0001660824600787
N5.HOG0062154,,0.163121462540916,0.158918852973612,1.02644500314889,0.304681874470201,0.3142415126751,0.070366515214534,4.46578193785834,7.97768356675052e-06,0.000174832574264
N5.HOG0046641,,-0.0522420758631618,0.236776637364951,-0.220638642581276,0.825373810033601,0.472772174337528,0.106408811311588,4.44297956635516,8.87215946173368e-06,0.0001895498907958
N5.HOG0060390,,0.144444772621275,0.1658608121887,0.870879448346968,0.383819979358018,0.326051535745492,0.073464825859562,4.43819925972171,9.07146211783321e-06,0.0001928388672345
N5.HOG0068934,,-0.0500224436021933,0.213686938707124,-0.234092190682526,0.814913408453021,0.422820791313219,0.0953683782396889,4.43355333410981,9.26925637096137e-06,0.0001965521475062
N5.HOG0049247,,0.0348918677110466,0.250298036612019,0.139401284098491,0.889133057704265,0.500473608278029,0.11300599230343,4.42873513233013,9.47873430493151e-06,0.0001995015418549
N5.HOG0060457,,0.0446001662522056,0.117914317222305,0.378242161790416,0.705250707326141,0.231340150217363,0.0522985788914536,4.42345002715107,9.71371082623308e-06,0.0002029401761653
N5.HOG0031661,,-0.343464543599959,0.363418702238764,-0.945093198242463,0.344611297525965,0.775632026404103,0.175445469182136,4.42092936352145,9.82772986930438e-06,0.0002047017744348
N5.HOG0064884,,0.0060985934409272,0.139383320907072,0.0437541120504169,0.965100405305635,0.272030923691146,0.061713671118815,4.40795238331254,1.04352478932014e-05,0.0002132979647197
N5.HOG0024085,,0.125590179547315,0.249519840402562,0.503327428170418,0.614734085511999,0.496320184142949,0.112572992300023,4.40887440230943,1.03909261184488e-05,0.0002132979647197
N5.HOG0059303,,0.241682241451155,0.170334539348276,1.41886808380652,0.155937478749032,0.332394495043715,0.0754641418190484,4.40466805864892,1.05945979901653e-05,0.0002160357867782
N5.HOG0062661,,0.329618499077081,0.157844218676318,2.08825196032685,0.0367751124195582,0.307170353773785,0.0698813194662069,4.39560037103086,1.10467004511771e-05,0.0002247157784477
N5.HOG0062942,,-0.112827366149512,0.221819003653044,-0.508646077619165,0.611000325091238,0.435251555808928,0.0991512223926716,4.38977498517556,1.13468010639765e-05,0.000229175726424
N5.HOG0029008,,-0.444242959220723,0.280423149872357,-1.58418789398427,0.113150967364883,0.562252628069916,0.12814036805695,4.38778689803695,1.14509889718811e-05,0.0002307319928765
N5.HOG0042863,,-0.231760007275953,0.270825413522013,-0.855754281926407,0.392133708167034,0.539936972908228,0.123185760877763,4.38311188777741,1.16995986172016e-05,0.0002344416619148
N5.HOG0058078,,0.0443945412873416,0.123820304507395,0.358540075183632,0.719939182870556,0.239947326897828,0.0548896799445707,4.37144700315495,1.23425811171928e-05,0.0002463619669135
N5.HOG0035029,,0.0189225062704972,0.0906559522469811,0.20872877953943,0.834659972130903,0.176550012906262,0.0404202384007233,4.36786174183235,1.25468874692903e-05,0.0002498534781926
N5.HOG0066729,,-0.265968595055966,0.231869981222739,-1.14705919952817,0.251357154937482,0.453031162288442,0.103895351112847,4.36045653088344,1.29791365027591e-05,0.0002578572238759
N5.HOG0020382,,0.632450800900575,0.141529058354527,4.4686992781108,7.86966761350073e-06,0.27241813444044,0.0626632243669092,4.34733669058206,1.3780060252532e-05,0.0002693637386724
N5.HOG0066454,,0.0181505335727971,0.159503328021624,0.113794074380294,0.909401036040396,0.305414815133585,0.0706140428659617,4.32512858261519,1.52442916285752e-05,0.0002945993902498
N5.HOG0043671,,-0.727302053338246,0.451559001232802,-1.61064678447919,0.107256730580739,1.01211146355769,0.234407866954191,4.31773675819285,1.57637277612703e-05,0.0003026052211943
N5.HOG0033434,,0.6382443918017,0.208808313079306,3.05660431995969,0.0022385956809095,0.401416917112059,0.0929697701811581,4.31771441759908,1.57653229501876e-05,0.0003026052211943
N5.HOG0047585,,-0.747949151795848,0.408292097529258,-1.83189720379599,0.0669667372415018,0.875969835070724,0.20313089286671,4.31234177484522,1.61534476119789e-05,0.0003077159478675
N5.HOG0064888,,-0.0023068223149718,0.151165268029191,-0.0152602667599963,0.987824541321795,0.288525267451138,0.0669169146344868,4.31169412139098,1.62008451649289e-05,0.0003077159478675
N5.HOG0067385,,-0.0084150234590916,0.113447331751188,-0.0741755961043441,0.940870663834059,0.217067909891339,0.0503696302567054,4.3094997677185,1.63624230476228e-05,0.0003098692976699
N5.HOG0071687,,-0.761616370371956,0.372008025052937,-2.04731166824581,0.0406274929732889,0.772611107678365,0.179434483442298,4.30581175288316,1.66374498093642e-05,0.0003136804759014
N5.HOG0064556,,-0.0217478047669225,0.132200646688139,-0.164506039204374,0.869332792919004,0.25196151092961,0.0585703834300991,4.30185865575412,1.69371346037582e-05,0.0003179208483874
N5.HOG0032219,,0.125440439467598,0.170112730998747,0.737395953442907,0.460881595561589,0.323662725027399,0.0753422110795259,4.29590159871687,1.73984751355424e-05,0.0003244657319811
N5.HOG0018588,,0.0841596707371676,0.193785806937458,0.434292232579908,0.664076243602223,0.369609854392942,0.0860382466815181,4.29587850344163,1.7400286818679e-05,0.0003244657319811
N5.HOG0065058,,0.0040191029305964,0.172339958892998,0.0233207838531043,0.981394393104073,0.327681580716335,0.0763389734719824,4.29245463769039,1.76708659804585e-05,0.0003287902305802
N5.HOG0067446,,-0.0140602338948505,0.148559439918092,-0.0946438267578455,0.92459773733652,0.281446233219554,0.0657667307059354,4.27946212619254,1.87345513248389e-05,0.0003461019402003
N5.HOG0020620,,-0.369226911735547,0.59610048290556,-0.619403812484486,0.535650370202185,1.55162950781416,0.363353248514212,4.27030586394626,1.95205074782166e-05,0.000358498534463
N5.HOG0068138,,-0.093619102438967,0.171228579624354,-0.546749278913317,0.58455099364875,0.32305032808214,0.0758349561568149,4.25991316476958,2.04506339261573e-05,0.0003715679046691
N5.HOG0063588,,0.140846813622001,0.181716874500998,0.775089347143862,0.438286865943025,0.342377736342458,0.0805430405436074,4.25086679161421,2.12944795176913e-05,0.0003844354195094
N5.HOG0022205,,0.354698679645454,0.222449627987858,1.59451235254399,0.110821326278219,0.42126921064528,0.0992608146949119,4.24406360092946,2.195080937367e-05,0.0003946087120428
N5.HOG0057278,,-0.0557070996001553,0.268575084659365,-0.207417228112611,0.835684029063278,0.515752133381639,0.121593298414531,4.24161643862443,2.21915708795571e-05,0.000397257136604
N5.HOG0034974,,0.519778662294763,0.265503436816269,1.95770973260303,0.0502640825623596,0.50904679505098,0.120054800153313,4.24012029840468,2.23400029083485e-05,0.0003990741013187
N5.HOG0033126,,0.119851933891895,0.131851666441717,0.908990664481845,0.36335505363851,0.247656810588839,0.058426972499959,4.23874111548417,2.24776682154206e-05,0.000399853251172
N5.HOG0066478,,0.0451231591327572,0.141844884504453,0.318116224567412,0.750396776991702,0.266257192927912,0.0628121873155731,4.23894158613225,2.24576078941374e-05,0.000399853251172
N5.HOG0044325,,0.392587148544122,0.148512454769182,2.64346279343561,0.0082062784168254,0.278585615743136,0.0657482548541334,4.23715604864639,2.26368813007108e-05,0.0004018447991637
N5.HOG0068489,,-0.262784247198566,0.286935488056639,-0.9158304153256,0.359755848130829,0.554128670100069,0.130892265838733,4.23347144729534,2.30111409676285e-05,0.0004067900749776
N5.HOG0061093,,-0.0192313729535532,0.254113919345843,-0.0756801241075652,0.939673589300807,0.483998879218424,0.114407014194193,4.23050004955896,2.33172392391272e-05,0.0004104944310301
N5.HOG0049006,,-0.083986191021662,0.326467291227907,-0.257257597555251,0.796979923317367,0.642891636469818,0.152002885864711,4.22946993941957,2.34242574648029e-05,0.0004115264397337
N5.HOG0036698,,0.572711407669527,0.254866211425607,2.24710605798249,0.0246332498637412,0.484985371826728,0.114764423075455,4.22592088061875,2.37965598035527e-05,0.0004163467504925
N5.HOG0064674,,0.0618247144764688,0.0927476952451232,0.66659030516146,0.505033863396711,0.174504934296027,0.0413637364260832,4.21879040371186,2.45616466793994e-05,0.0004270963818624
N5.HOG0058494,,0.0963238944349729,0.191753341588509,0.502332286034827,0.615433802017398,0.358830317757358,0.0850717811381372,4.21797114103793,2.46510359789577e-05,0.0004277759527709
N5.HOG0070559,,-0.932415453726173,0.517053906594349,-1.80332348684427,0.0713374261256093,1.20042879064796,0.284668868216992,4.21693035197975,2.47650422776606e-05,0.0004280073654128
N5.HOG0043745,,-0.54962633272876,0.320860169408447,-1.71297775520744,0.086716632072546,0.627432597030468,0.148822293318738,4.21598527370273,2.48689989358311e-05,0.0004280639222933
N5.HOG0049193,,-0.876670648784478,0.566121554289047,-1.54855550392429,0.121488609365219,1.39125156224403,0.329966751146609,4.2163386383917,2.48300810540585e-05,0.0004280639222933
N5.HOG0033048,,-2.15804837140743,0.895273517916664,-2.41049056876975,0.01593108320845,1.80001154028877,0.42699743647844,4.21550900898596,2.49215442504179e-05,0.0004281017690143
N5.HOG0066867,,0.0171678918697552,0.138082017255241,0.124331120090901,0.901053108190265,0.257557508296603,0.0611626629423977,4.21102509122548,2.54214506025919e-05,0.0004354053768962
N5.HOG0065308,,0.105655457634557,0.135906821124564,0.777410999391406,0.43691632501455,0.253446140694896,0.0602086718011601,4.20946240986522,2.55979024207449e-05,0.0004370713185207
N5.HOG0059708,,0.0591058893062091,0.262590676276895,0.225087539832844,0.821911174057765,0.498074004010195,0.118506125846235,4.20293888145882,2.63471745670273e-05,0.0004480653047846
N5.HOG0054637,,-0.189680004055056,0.262670043848375,-0.722122710591802,0.470219036513559,0.497791094086624,0.118536099669615,4.19948940005678,2.67517552716222e-05,0.0004531331523183
N5.HOG0037806,,-1.08963681881501,0.580561692635293,-1.87686654603221,0.0605363870006496,1.44000930838456,0.343134566460157,4.19663143599894,2.7091426688585e-05,0.0004579743586292
N5.HOG0064007,,-0.0447841773037264,0.196986749574719,-0.227346140795827,0.820154597117507,0.366843942033015,0.0874416508552122,4.19529981930972,2.72510873054542e-05,0.0004597593502685
N5.HOG0066942,,0.140381505897678,0.120589063437823,1.16413132248979,0.24437079677443,0.224364197541796,0.0535105499172827,4.19289650150524,2.75415118240181e-05,0.0004637390518309
N5.HOG0056976,,0.296454216272267,0.210073415637538,1.41119339337906,0.158187597671198,0.391729510817973,0.0934441326409268,4.19212528113726,2.76353305716272e-05,0.000464399152846
N5.HOG0064470,,0.112603018366332,0.129608875251143,0.868790953923032,0.384961481883737,0.240696131923651,0.0574533976711167,4.18941510302802,2.79674389074693e-05,0.000468871205674
N5.HOG0060548,,0.0951402759612893,0.206122403131311,0.461571738520241,0.64438846530766,0.383804698659854,0.0916208100293919,4.18905594194953,2.80117346186062e-05,0.000468871205674
N5.HOG0045573,,-0.862940947042703,0.494039962373999,-1.74670272197422,0.0806889179877273,1.10624842365343,0.264159807763354,4.18779992694596,2.81671653266994e-05,0.0004705465919276
N5.HOG0061946,,0.0112616328044783,0.162967700743996,0.0691034649999087,0.944907262953004,0.30197583737435,0.0721448017569642,4.18569086088314,2.84300062506503e-05,0.0004740062311276
N5.HOG0060971,,0.109652768987877,0.221592943883361,0.494838721243732,0.620713969204318,0.412425175709431,0.0987780855883846,4.17526998273723,2.9763285496746e-05,0.0004952645484237
N5.HOG0045962,,0.201416815584438,0.241604204097751,0.833664365802784,0.404470143703597,0.451760449204525,0.108237423213645,4.17379161283998,2.99571786149933e-05,0.0004975173374254
N5.HOG0030805,,-0.528228937772987,0.365966494408619,-1.4433805986162,0.148913286386891,0.727040607588323,0.174243996437935,4.17254322932894,3.01218425488409e-05,0.000498305507023
N5.HOG0072790,,-0.963829582899868,0.464679578379768,-2.07418106528486,0.038062498059283,1.0039663456779,0.24060141029697,4.1727367451368,3.00962612665399e-05,0.000498305507023
N5.HOG0026427,,-0.288903838181759,0.327634183426249,-0.881787837766298,0.377891549878989,0.63464055981597,0.152233424542977,4.16886476620517,3.06120543601284e-05,0.0005054317485819
N5.HOG0043955,,-0.0526632459849011,0.179645448180394,-0.293151017842758,0.769406722185367,0.330133200083357,0.0795821645912674,4.14833149838177,3.34907213108273e-05,0.0005445027583753
N5.HOG0072774,,-1.55162758705887,0.650952381478627,-2.3836268691949,0.0171429742794543,2.17375035149271,0.524866660533964,4.14152872518381,3.4499865528369e-05,0.0005587729457767
N5.HOG0068519,,0.072006585672819,0.116094703907907,0.620240056169477,0.53509975341887,0.213359204009835,0.0515608852230311,4.13800506114142,3.50338645241997e-05,0.0005652683932425
N5.HOG0069438,,-0.800492630132392,0.47775452126206,-1.67553124985143,0.0938300450479529,1.0313139767026,0.249509613547952,4.13336368902832,3.57492353684046e-05,0.0005757183955605
N5.HOG0033493,,0.103353404641789,0.0966495726792455,1.06936225144825,0.284906469954961,0.177471278212614,0.0430875481928147,4.11885302497229,3.80762897537515e-05,0.0006108801666465
N5.HOG0026524,,-0.258036445012803,0.36286977669607,-0.711099302240672,0.477022702351236,0.707479150124339,0.171838925957835,4.11710644826736,3.83658896729658e-05,0.0006141840853438
N5.HOG0064828,,-0.133521391340409,0.209908285677772,-0.636093953648765,0.524715186209114,0.383786369400007,0.0933034746679672,4.11331272244428,3.90021465639709e-05,0.0006210470807044
N5.HOG0065148,,0.162086238298162,0.158567232919916,1.02219251300187,0.30668979365353,0.287939562141941,0.070193728628752,4.10206962597508,4.0947100764303e-05,0.0006459689806881
N5.HOG0038044,,-1.14978017644151,0.591909059778459,-1.94249464076772,0.0520772480989175,1.43178651793388,0.349026439950329,4.10222938450635,4.0918830453741e-05,0.0006459689806881
N5.HOG0055390,,-1.04834577614541,0.585229684661869,-1.79134073957838,0.073238632304978,1.19855711420816,0.292352131489175,4.0997036967132,4.13679430129627e-05,0.0006513995262833
N5.HOG0066080,,0.0238268341268743,0.150775459350943,0.158028595830143,0.874434265616455,0.27353100180161,0.0667556821929349,4.09749391836129,4.17647137179026e-05,0.0006564316544523
N5.HOG0068075,,0.0630667998280065,0.072301116560558,0.872279749306263,0.383055782370805,0.132955218757774,0.0324520948663845,4.09696875672255,4.18595372767659e-05,0.0006567081535691
N5.HOG0014981,,-0.711186958592303,0.411438238255058,-1.72853879991443,0.0838916710573456,0.823140121783774,0.201437264493807,4.08633488869225,4.3824110002288e-05,0.0006812445649087
N5.HOG0051631,,0.167138313559448,0.216370542701055,0.772463346779936,0.439840047631046,0.392613481653503,0.0962532340392597,4.07896405323237,4.52368302534678e-05,0.0006981003233424
N5.HOG0038498,,-0.742888885644749,0.497826110798909,-1.49226581235878,0.135629475395066,1.07299844147058,0.263423051811626,4.0732898434336,4.6353678592506e-05,0.0007140397662106
N5.HOG0069967,,-0.465256646148476,0.272395120583076,-1.70802121988297,0.0876324051688906,0.500108474978596,0.122974615717892,4.06676184397161,4.76709163220025e-05,0.000733002811397
N5.HOG0054703,,-1.24928554066003,0.700133824898891,-1.78435249981023,0.0743664043578969,2.38693579692281,0.587630854622561,4.06196471500114,4.86614335504936e-05,0.0007468827102163
N5.HOG0066343,,-0.106854842655477,0.357447488926103,-0.298938574100789,0.764986914197971,0.68215032691361,0.168120945575297,4.05749756271799,4.96013347382124e-05,0.0007585703147043
N5.HOG0060972,,0.036368417170129,0.171765342797179,0.211733150459071,0.832315224068414,0.308252371501098,0.0760458397595527,4.05350736444957,5.04554108023375e-05,0.0007688662883653
N5.HOG0066839,,-0.265504713974177,0.27728313864444,-0.957522030629612,0.338303832143637,0.507422741087509,0.125344485499773,4.04822548885431,5.16074155648486e-05,0.0007822156867534
N5.HOG0007935,,-1.11104661522764,0.758037658040543,-1.46568788956949,0.142733334917023,2.33953464375506,0.5781261817672,4.046754354912,5.19326891898881e-05,0.0007857452568239
N5.HOG0065710,,-0.0165335908692833,0.0786427987734295,-0.210236552197445,0.833483052475128,0.142360808763369,0.0352410891173886,4.039625684926,5.35365734238857e-05,0.0008042876711985
N5.HOG0071500,,-0.691659971326904,0.357632368195813,-1.93399712340412,0.0531134815297767,0.678732714779175,0.168055957469284,4.03873046216304,5.3741275834168e-05,0.0008059390245214
N5.HOG0061692,,0.0109061234350221,0.121140255864876,0.0900288954910841,0.928264252778305,0.216988037940476,0.0537855689907561,4.03431704845901,5.47613372094863e-05,0.0008183499305575
N5.HOG0050164,,-1.19164598436153,0.538910609004805,-2.2112127029047,0.0270211111364704,1.19278717255047,0.296005430341355,4.02961246749743,5.58688810398958e-05,0.0008305221435475
N5.HOG0003927,,-0.899239959692863,0.77230435631389,-1.16435955895008,0.244278329284452,2.67613434792891,0.664050144833991,4.03001846885815,5.57724706294144e-05,0.0008305221435475
N5.HOG0023684,,0.174701071625338,0.187229255405827,0.933086398526056,0.350775361188338,0.334140872540238,0.0829550316441425,4.02797595176171,5.62590964591115e-05,0.0008348633625249
N5.HOG0013448,,-0.796140726895588,0.594793454247536,-1.33851628865481,0.180728194146033,1.07758900540005,0.267725899094755,4.02497109560053,5.69823140340202e-05,0.0008426544310912
N5.HOG0064987,,0.0246249630661073,0.161136352550444,0.152820655775974,0.878539708114116,0.286578577408444,0.0713314828438584,4.01756091396211,5.88036375557333e-05,0.0008650747290395
N5.HOG0056734,,0.241276754401675,0.184309972438902,1.30908138723561,0.190506783351053,0.327266249489056,0.081639958281949,4.00865282609308,6.10661142766423e-05,0.0008921842930101
N5.HOG0029159,,-0.124263471969705,0.168883257016467,-0.735795093989622,0.461855407339085,0.299506999255082,0.0747619302230925,4.00614321167661,6.17182370446811e-05,0.0008970877323948
N5.HOG0056496,,0.0954198614678524,0.187834750234795,0.507998979680686,0.611454058760409,0.333045235298278,0.0832195381613116,4.0020077334809,6.28072452852589e-05,0.0009071423334537
N5.HOG0063794,,0.0302503325559567,0.357704812843653,0.0845678656528971,0.932604947014626,0.670577565524869,0.167730677491623,3.99794227003202,6.38955291232216e-05,0.0009177534714363
N5.HOG0045995,,0.0070698637434286,0.291052493040199,0.0242906826517106,0.980620745106665,0.527905323574564,0.132073252512521,3.99706461022087,6.41328009873983e-05,0.0009181571809122
N5.HOG0068020,,-0.0520081296260907,0.17199835021269,-0.302375746986982,0.762365641051304,0.304347538588592,0.076144672765282,3.99696429882563,6.41599728223725e-05,0.0009181571809122
N5.HOG0038523,,0.148560895112657,0.271206246016195,0.547778295282275,0.583844143681162,0.48789945340621,0.122181533240701,3.99323400570719,6.51781875196072e-05,0.0009283360591747
N5.HOG0063085,,0.116768954695377,0.237972792785413,0.490681952876313,0.623651412762226,0.423741722325548,0.106218891416068,3.98932540790429,6.62614694662453e-05,0.0009390464695541
N5.HOG0056030,,-1.04448610582964,0.448172015593693,-2.3305473556755,0.0197772401856663,0.893840115866667,0.224202679363257,3.98675037428279,6.69844359064727e-05,0.0009430055255959
N5.HOG0062550,,-0.345537127920997,0.262202857048981,-1.31782365688124,0.187562686690076,0.469228857435702,0.117770411336344,3.98426779792435,6.76885064570562e-05,0.0009513423463697
N5.HOG0066320,,-0.0712649494710883,0.164902214747273,-0.432164901971197,0.665621566612825,0.290691668698545,0.0729975202855214,3.98221292396698,6.82765696691976e-05,0.0009573623489087
N5.HOG0039457,,-0.0086790495286569,0.185632175064294,-0.0467540151681729,0.962709279503208,0.326819565956753,0.0822243409425068,3.97473013721415,7.04591022648226e-05,0.0009837779506737
N5.HOG0007953,,-0.797212497906787,0.462366716103174,-1.72419958042329,0.0846718198652035,0.928942333556281,0.233838254395204,3.97258496458967,7.10968640919801e-05,0.0009860395558069
N5.HOG0029037,,-0.698455465520457,0.39626111753093,-1.76261418196283,0.077965583515493,0.755520356780088,0.190193141516057,3.97238486497319,7.11566315347165e-05,0.0009860395558069
N5.HOG0061491,,-0.138060378385518,0.183187295559595,-0.753656949646948,0.451055238437415,0.322343718425293,0.0811295542678355,3.97319720703913,7.09142891498267e-05,0.0009860395558069
N5.HOG0067752,,-0.0738857307423691,0.181330369350386,-0.407464734159336,0.683666690506803,0.3189680703087,0.0802993597057375,3.97223678342618,7.12008923791418e-05,0.0009860395558069
N5.HOG0067322,,-0.115538260245866,0.184948648611552,-0.624704538871928,0.53216499362032,0.325144456220933,0.0819169148760903,3.96919801866019,7.21149354128785e-05,0.0009970739614952
N5.HOG0064846,,-0.104056899802667,0.135729528664077,-0.766648943872797,0.443290267094932,0.238505979880765,0.0601739186691779,3.96361056676423,7.38246474113831e-05,0.0010141168625467
N5.HOG0026583,,-0.113262669743514,0.470580228980179,-0.240687268117855,0.809797507501482,0.94867982779589,0.239464031475548,3.96167984790969,7.44242909440041e-05,0.0010207051075227
N5.HOG0038912,,0.74900726928426,0.212208471198222,3.52958232560198,0.0004162161870939,0.373275259622784,0.094244026532763,3.96073123523663,7.47205962550516e-05,0.0010209405210329
N5.HOG0060149,,0.157521142572668,0.191852398180168,0.821053810464963,0.411615618173869,0.336690552342008,0.0850127265677294,3.96047234261764,7.48016566164312e-05,0.0010209405210329
N5.HOG0064813,,-0.104394376163107,0.252397615458417,-0.413610786193448,0.679159172628398,0.447253972303957,0.113001330132037,3.95795316551904,7.5594775058461e-05,0.0010284638556753
N5.HOG0015925,,-0.410024455196817,0.330764948287488,-1.23962486750694,0.215114178388688,0.602551509873731,0.152508537646534,3.95093625033802,7.78460600721311e-05,0.0010457074419298
N5.HOG0059992,,-1.57658679661737,0.531807134844985,-2.96458376226361,0.0030309271758777,1.09043834382877,0.275983039506509,3.95110636428457,7.77907393397971e-05,0.0010457074419298
N5.HOG0069060,,-0.0744434092638882,0.196047342906311,-0.37972159255157,0.704152090090437,0.343197765702387,0.0868983542636244,3.94941617261501,7.83420402825526e-05,0.0010507100629723
N5.HOG0035510,,-0.267694980415194,0.281896168438569,-0.949622628423664,0.342304036321119,0.50273530700222,0.12732296223215,3.94850463882214,7.86408924285158e-05,0.0010530572433382
N5.HOG0054871,,-2.98683557487356,1.24000580090298,-2.4087270984527,0.0160082632444314,2.18558946167099,0.553595840928532,3.94798750295008,7.88109175533649e-05,0.0010536746699833
N5.HOG0025640,,-1.01526485770907,0.577188526966156,-1.75898308832567,0.0785803810760738,1.2878782129394,0.326331488602106,3.94653368712971,7.9290770207828e-05,0.001057784986295
N5.HOG0058486,,0.222574475981429,0.183012033353545,1.21617399633748,0.223918647252022,0.319775396889417,0.081045859858156,3.94561051544247,7.95969085678566e-05,0.0010591869328262
N5.HOG0057509,,0.179692080381233,0.202208839285473,0.888646020699165,0.374193349765657,0.353712513870464,0.0896816445587573,3.94409040568742,8.01034370567825e-05,0.0010642617380042
N5.HOG0066624,,-0.290126122072426,0.255423506696979,-1.13586304496483,0.256013886681329,0.451202461035091,0.114419344914251,3.94341063019748,8.03309353450959e-05,0.0010656192713757
N5.HOG0068184,,-1.58933703599909,0.458839765663426,-3.46381712077875,0.0005325684434994,1.07342584189271,0.272852562143947,3.93408745535772,8.35133737539592e-05,0.001097561891901
N5.HOG0025279,,-0.0517911930627334,0.278521990748814,-0.185950103700937,0.852483890259685,0.493948109536449,0.125606172079164,3.93251463172635,8.40618613376701e-05,0.0011023014621164
N5.HOG0058941,,0.0172006781637854,0.220904269310457,0.077864851672974,0.937935558794972,0.385571474444898,0.0982065738386952,3.92612693197302,8.63246134003128e-05,0.001125807967912
N5.HOG0016193,,-0.985443405071548,0.483717170263349,-2.03723056705852,0.0416269420419301,0.973597306406082,0.248079174808714,3.92454266730286,8.68946579052827e-05,0.0011314908206493
N5.HOG0061965,,-0.638567571603139,0.357410068032346,-1.78665244412015,0.0739936797689597,0.65502854767834,0.16692122666206,3.92417765419658,8.7026498810372e-05,0.0011314908206493
N5.HOG0064768,,0.155011466709424,0.125241744882341,1.23769807626883,0.215828032729027,0.217880516409555,0.0556026179019333,3.91852982163237,8.90907082603416e-05,0.0011525207400559
N5.HOG0062094,,0.0878414069604006,0.200108254677399,0.438969432330578,0.660683685447669,0.346744030858309,0.0887147552509611,3.90852716526603,9.28605071895686e-05,0.0011868606380977
N5.HOG0068944,,-0.291274517144385,0.358261147165393,-0.813022900889438,0.416204928285738,0.652724907838645,0.167220546056773,3.90337744511993,9.48595937308054e-05,0.0012054065726359
N5.HOG0066620,,-0.107589238521209,0.196799551890061,-0.546694529982017,0.584588612830594,0.340079990002138,0.0872184527817888,3.89917476354438,9.65210916594438e-05,0.0012213221226132
N5.HOG0028497,,-0.559001524325387,0.45383294007022,-1.23173413599924,0.218048413889446,0.881892975122301,0.226199661399497,3.89873693738546,9.66957545212719e-05,0.0012217141784928
N5.HOG0060704,,0.0258072859518145,0.154601737530608,0.166927528526031,0.867427072410866,0.266676913242554,0.0684604508192141,3.89534264018765,9.80600087240348e-05,0.0012352800468742
N5.HOG0060932,,0.133198420685558,0.161430622731251,0.825112475142379,0.409307737795156,0.27828880759064,0.0714675807384503,3.89391672021322,9.86385254357204e-05,0.0012407296108326
N5.HOG0043597,,-1.03432527858483,0.497768358033346,-2.07792492610696,0.0377162743158756,1.00306411503241,0.257660942191184,3.89296144965636,9.90278935154502e-05,0.0012437873744878
N5.HOG0034504,,-0.0186840106307634,0.265657885863788,-0.0703310973435335,0.943930131681683,0.463977150646776,0.1192265392621,3.8915593249486,9.96020279857272e-05,0.0012491533557159
N5.HOG0060970,,0.0871117357962571,0.099358836086966,0.876738690054809,0.380628586805987,0.172432643370488,0.0443241996206507,3.89025960640586,0.0001001370349161,0.0012540135382179
N5.HOG0063648,,0.085467668701654,0.15891040047522,0.537835588143154,0.590690560241651,0.273617027606239,0.0703573034717165,3.88896410329643,0.000100673005417,0.0012588714750881
N5.HOG0068575,,-0.0339541214044035,0.0844841836262154,-0.401899147828985,0.687758249915512,0.147062970020822,0.0378293858523489,3.88753258101575,0.0001012683981455,0.0012644571024909
N5.HOG0056396,,-1.04068313326108,0.487443824171148,-2.1349806514231,0.0327625906127715,0.970417763985703,0.24974105298901,3.88569581320861,0.0001020372079649,0.0012705846963318
N5.HOG0040808,,-0.686630697086277,0.400278472510843,-1.71538252551835,0.0862751170653814,0.743182911225853,0.191447438336897,3.88191619424047,0.0001036365958348,0.0012883513273079
N5.HOG0048867,,0.129682381769249,0.217726150383759,0.595621525208038,0.551428093522138,0.375136342343556,0.0967086682789536,3.87903534418946,0.0001048715181891,0.0012953147369824
N5.HOG0020885,,-1.24554037631967,0.502371299554907,-2.47932232080773,0.0131632294524996,1.01122127602599,0.260711888011408,3.87869262019129,0.0001050193531544,0.0012953147369824
N5.HOG0060883,,-0.590327865560139,0.462281320011677,-1.27698836185989,0.201606356095071,0.898190738539574,0.231572292027779,3.87866238518652,0.0001050324045451,0.0012953147369824
N5.HOG0072858,,-2.87031083287046,1.30852615049707,-2.19354487625648,0.028268145024754,2.33337380532242,0.601990421532869,3.87609789435,0.000106144993123,0.0013023974893658
N5.HOG0052733,,0.143513891847696,0.231435187042901,0.620104028611225,0.535189300046185,0.399104849102827,0.103020026754796,3.87405111098213,0.0001070409478854,0.001309611299007
N5.HOG0020816,,-0.200763999722491,0.193405569359532,-1.03804663116645,0.299248345985461,0.331949199393939,0.0856838880487035,3.87411457338696,0.0001070130611073,0.001309611299007
N5.HOG0068181,,-0.0486046052631885,0.0871759284011583,-0.557546173061951,0.577154321205553,0.150709149093688,0.0390119261195527,3.86315581117008,0.0001119315631675,0.0013585146047393
N5.HOG0042015,,-1.08312157481309,0.674513482169698,-1.60578195016803,0.1083218278672,1.61536075832938,0.418160747571642,3.8630138474502,0.0001119966565746,0.0013585146047393
N5.HOG0055293,,-0.220567608639478,0.345660327784958,-0.638105072841038,0.523405284593864,0.61673528645918,0.159911186329643,3.8567363585674,0.0001149109834709,0.0013859568086604
N5.HOG0028568,,0.0830855054552457,0.18773485674147,0.442568348240535,0.658077983060653,0.320101083703561,0.0831380963305613,3.85023350102729,0.0001180052688308,0.0014152476263029
N5.HOG0051567,,0.0950979988410705,0.228883016571872,0.415487353607159,0.677785171075021,0.392093307392177,0.101814444218057,3.8510577787217,0.0001176087451052,0.0014152476263029
N5.HOG0014442,,-0.931408577909348,0.688762137983892,-1.35229352274752,0.176281435659957,1.66298749562572,0.432277197793456,3.84703959430288,0.0001195536546866,0.0014297843127555
N5.HOG0000608,,0.0925851002087123,0.160799685904931,0.575779111057784,0.564764494523429,0.27373539209788,0.0711936211597903,3.84494267377544,0.0001205806243635,0.0014400408313615
N5.HOG0049137,,-0.141519207544676,0.404690864100452,-0.349697065337133,0.72656605631414,0.744216243056408,0.193614511302156,3.8438040519338,0.000121141744648,0.0014447129504307
N5.HOG0013543,,-1.54046623697197,0.480228185826221,-3.20777972313648,0.0013376390861098,1.31824437523506,0.343763865863368,3.83473804590915,0.0001256981850468,0.0014844780565086
N5.HOG0034390,,0.209742805062738,0.297353650500023,0.705364823031566,0.48058322937543,0.516066149264294,0.134630210630238,3.8332120766094,0.0001264808212461,0.0014916491460811
N5.HOG0062185,,-0.0343959710395014,0.232610755197835,-0.147869220450481,0.882445979651286,0.396457571130883,0.103516125971386,3.82991120862145,0.0001281895049106,0.0015086609240509
N5.HOG0059735,,-1.80329286072073,0.721452459601396,-2.49953110107498,0.0124357782919352,1.45276675645447,0.379400585771321,3.82911047303998,0.0001286072696432,0.0015104425926397
N5.HOG0055420,,-0.0527724119976424,0.189469087784826,-0.278527820103164,0.780607212246141,0.321160076049031,0.0839086537222481,3.82749647148583,0.0001294532392917,0.0015182811053004
N5.HOG0038335,,-0.584816997459457,0.406665847865024,-1.438077479409,0.150412071721342,0.744484404611976,0.194574189117353,3.82622385830918,0.0001301239669439,0.0015240455446929
N5.HOG0067645,,-0.0058816359075964,0.140487281449851,-0.0418659671316652,0.966605546893255,0.238215053715835,0.06228424037449,3.82464411998194,0.0001309611202691,0.001531740665259
N5.HOG0050205,,-1.29473297762849,0.532398768169526,-2.431885749999,0.0150204444120014,1.07883214735557,0.282233647098909,3.82247885198993,0.0001321168125086,0.0015428455726668
N5.HOG0022606,,-0.933121481070833,0.516486357201904,-1.80667207963841,0.0708134235085526,1.02870067679583,0.269515727903374,3.81684840732053,0.0001351671589653,0.0015722843092433
N5.HOG0055070,,-0.611635862074896,0.48132006253579,-1.27074666044991,0.203818790051643,0.927442087804455,0.243309942081124,3.8117722599894,0.0001379739711533,0.0015992216794845
N5.HOG0054591,,0.214218683438952,0.175832643952627,1.21831008522324,0.223106158997271,0.296686477550308,0.0778369371318068,3.81164121409232,0.0001380471537346,0.0015992216794845
N5.HOG0044547,,-0.496256246853481,0.555541946153561,-0.893283127024773,0.371705571469459,1.02847182061131,0.269906857650518,3.81046939512371,0.0001387031833461,0.0016024551602441
N5.HOG0063963,,0.0622148360054638,0.138651254660146,0.448714554786836,0.653637583764069,0.232921876915511,0.0614898204033159,3.78797458486236,0.0001518803813295,0.0017405040785403
N5.HOG0012927,,-1.10565393674327,0.51750919656242,-2.13649137848686,0.0326393829636321,1.01939952943085,0.26926004569716,3.78592942295413,0.0001531351365003,0.0017525213117154
N5.HOG0068991,,-0.113740874254674,0.319909424945225,-0.355540866838009,0.722184434816841,0.552210273221262,0.145875965872402,3.78547809379566,0.0001534133487974,0.0017533454321338
N5.HOG0066600,,0.0190076165537706,0.12960692216012,0.146655874832735,0.88340364869727,0.217755686776442,0.0575411663802419,3.78434606864719,0.0001541132564357,0.0017589803838161
N5.HOG0046136,,0.465033214867245,0.107272709202263,4.33505612308556,1.45722938992247e-05,0.180645658623021,0.0478045986333372,3.7788343336711,0.0001575642010282,0.0017959572545614
N5.HOG0032702,,0.0177667960957709,0.16286561191657,0.109088689052863,0.913132146175119,0.271744522609611,0.0721111742909243,3.7684107252683,0.0001642902213894,0.0018601546387199
N5.HOG0047011,,-0.982404505696517,0.489164888152759,-2.00832997111953,0.0446082390449513,0.931926908547901,0.24762159639571,3.7635122384828,0.0001675435234616,0.0018819541421159
N5.HOG0062095,,0.137287523138871,0.215329123507275,0.637570621673167,0.523753224731433,0.35899509258085,0.0955322510163166,3.75784186765927,0.0001713851278987,0.0019177058277479
N5.HOG0032766,,0.496498694752256,0.275550361091389,1.80184374567953,0.0715699929193171,0.464770789219493,0.12368109828329,3.75781583176875,0.0001714029564484,0.0019177058277479
N5.HOG0061369,,0.0822736932040669,0.212382129134869,0.38738519827071,0.698471060113915,0.353923073930766,0.0941947974352359,3.75735267305084,0.0001717204044833,0.0019187328796074
N5.HOG0033128,,0.622797989335298,0.277495879772785,2.2443504020501,0.024809865012816,0.467868884306672,0.124613252764753,3.7545676236373,0.000173640961891,0.0019300475980597
N5.HOG0060393,,-0.0488899763271796,0.187518806006585,-0.260720390494928,0.794308140415201,0.311526632050963,0.0830253178238677,3.75218837116462,0.0001752976660276,0.0019423995026308
N5.HOG0026249,,0.811348502205814,0.280976580413995,2.88760188130399,0.0038819086648388,0.473676545046992,0.126290513604144,3.75068983036783,0.0001763487366854,0.0019499491437996
N5.HOG0011538,,-0.0436433589818787,0.173431830181722,-0.251645611628207,0.801314999851877,0.287697080954523,0.0767739915183554,3.74732478101962,0.0001787306041403,0.0019737196727857
N5.HOG0044155,,-0.857011401500259,0.582461162870978,-1.47136230899243,0.141193160805866,1.19929726528662,0.320567897600667,3.74116458404889,0.0001831695154395,0.0020148882967925
N5.HOG0036366,,0.411829803541284,0.234313433746293,1.75760218676664,0.0788152210176469,0.389583927205012,0.104205666654689,3.73860596752376,0.0001850434930255,0.0020328724440404
N5.HOG0023120,,0.141741806354311,0.1506761129892,0.940705222230347,0.346855942064019,0.249308017867864,0.0667635148495232,3.73419551726378,0.0001883161623566,0.0020529116734923
N5.HOG0047292,,0.498812209205526,0.221531901714031,2.25164956083584,0.0243444264657588,0.367281646973243,0.0983402656069462,3.73480430123325,0.0001878612144984,0.0020529116734923
N5.HOG0036778,,-1.05632878304913,0.484636348508252,-2.17963177194734,0.0292847677162649,0.90984138105157,0.243648774008439,3.73423336421162,0.0001882878489473,0.0020529116734923
N5.HOG0067302,,0.0849232029122383,0.121971410944995,0.696254985117257,0.486269158487123,0.202376397461775,0.0542251777998334,3.73214815834863,0.0001898537747646,0.0020670237860985
N5.HOG0029261,,-0.51358639075191,0.419824554597798,-1.22333576044388,0.221202905714203,0.75052513384656,0.201215469315836,3.72995742523406,0.0001915121283363,0.0020824126888942
N5.HOG0037768,,-0.0798221887121243,0.245693252014461,-0.32488555569864,0.74526768929065,0.407964603739818,0.109467633472637,3.72680573058882,0.0001939218107524,0.0021042926677649
N5.HOG0068043,,-0.0324564224685344,0.117609884257309,-0.275966792021713,0.782573572275686,0.194922773677164,0.0523258156162623,3.7251741111243,0.0001951804585502,0.0021141896818975
N5.HOG0044372,,-1.64750323430641,0.723185759787509,-2.27811901991888,0.0227194873389528,1.21153494072299,0.325600940988441,3.72091965411732,0.0001984985897134,0.0021419458127123
N5.HOG0027205,,0.399647153337188,0.246481941379604,1.62140541047466,0.104930721177843,0.4083520126925,0.109823619568948,3.71825308886431,0.0002006052366707,0.0021619345114671
N5.HOG0007647,,-1.36797016789548,0.621937631633687,-2.19952949993095,0.0278402939051425,1.31720119704462,0.35472157817005,3.71333822949211,0.0002045432299258,0.0021988008582154
N5.HOG0042997,,-1.25890043744011,0.546104469224568,-2.30523738292724,0.0211532822817939,1.06935583724102,0.288638884866289,3.7048225076687,0.0002115388060279,0.0022625604527871
N5.HOG0025615,,-1.18277320946304,0.482953501288095,-2.4490415874581,0.0143236908813169,0.893482314454959,0.241575769729599,3.69855931931854,0.0002168266799249,0.0023103995976951
N5.HOG0016476,,-1.33534730065443,0.585176437088724,-2.28195671599123,0.0224918958359406,1.18616561855811,0.320762351263825,3.69795773688694,0.0002173410636926,0.002312982146966
N5.HOG0069179,,-0.417155908309973,0.396182777375223,-1.05293801783536,0.29236940043845,0.690177531600651,0.186738468239014,3.69595797860602,0.000219059205994,0.002328352838411
N5.HOG0030128,,-0.757950233224473,0.369513491471607,-2.05121125674166,0.0402463781449537,0.633717453233399,0.171653295171893,3.69184554598149,0.0002226326593503,0.002360433542298
N5.HOG0020587,,-0.953952182301749,0.480134195368004,-1.98684491024553,0.0469395860623567,0.882534746928362,0.239356027696955,3.68712146261772,0.0002268051157828,0.0023957099552793
N5.HOG0041408,,-0.479814151377077,0.393362942472126,-1.2197746649993,0.22255030805289,0.681788454225736,0.184995590698722,3.68543083459797,0.0002283160823744,0.0024056932014678
N5.HOG0067496,,-0.919536295761687,0.616840034063792,-1.49072084330147,0.136034801425698,1.2832019568228,0.348260730846334,3.68460134366683,0.0002290608741437,0.0024105537775513
N5.HOG0028278,,-0.689413115345537,0.599629325041251,-1.14973215377368,0.250254206769931,1.22450499008939,0.332576628743761,3.68187324140816,0.0002315265244059,0.0024304853361583
N5.HOG0051940,,0.0869641922671973,0.258260672608952,0.33673029419727,0.73632022421707,0.424489867387811,0.115284779892479,3.6820980860068,0.0002313223725252,0.0024304853361583
N5.HOG0067535,,-0.0302346078117212,0.210115499637929,-0.143895180811608,0.885583241239406,0.342633968560557,0.0931314562218189,3.67903587531668,0.00023411733668,0.0024516293810128
N5.HOG0061679,,-0.274718760712446,0.210156778339389,-1.30720866052102,0.191141855005063,0.342455403337421,0.0931489236732098,3.67642898954841,0.0002365216536703,0.0024676898214516
N5.HOG0014064,,-0.488122797277312,0.473143344419339,-1.03165943901495,0.302231684930685,0.861044688280712,0.234321645133779,3.67462718943069,0.0002381969641025,0.002479085111544
N5.HOG0070257,,-0.468338112263735,0.258845938241484,-1.809331509876,0.0703995165323214,0.424422197833555,0.115545089760022,3.6732170853391,0.0002395158357407,0.0024897640992349
N5.HOG0048242,,-0.165746053646423,0.358668810810145,-0.462114487379159,0.643999221534504,0.606826706334522,0.165539837558042,3.66574424190646,0.0002466203069474,0.002544947888621
N5.HOG0063529,,-1.66814541389565,0.570458079845142,-2.92422085484089,0.0034531964496086,1.26557538674872,0.345338343587172,3.66474042124216,0.0002475895665046,0.0025518530556149
N5.HOG0024591,,-1.35369754329998,0.562170848351417,-2.40798246168356,0.0160409516003443,1.05804408546818,0.288864416604303,3.6627705755726,0.000249501985553,0.0025653449343847
N5.HOG0049689,,0.381848034003118,0.223796240251973,1.70623078195234,0.0879651196920319,0.36370434474795,0.099320196450156,3.66193742810886,0.0002503150062133,0.00256886380853
N5.HOG0032584,,0.152811928605493,0.16319097178626,0.936399403305467,0.349067585067217,0.264630975654936,0.0722679852895447,3.66180092878861,0.0002504484447044,0.00256886380853
N5.HOG0063193,,0.133004574224072,0.213842177068419,0.621975402829521,0.533958042022063,0.347019667776477,0.0948048760675481,3.66035674714903,0.0002518643352544,0.0025802741636081
N5.HOG0063001,,0.183455422674094,0.141159596210448,1.29963125142827,0.19372738331282,0.229030358320441,0.0626181261613538,3.65757285247211,0.0002546149024235,0.0026021825753485
N5.HOG0065406,,-0.0205907902709817,0.142989077066682,-0.144002539867987,0.885498464017802,0.231684989380933,0.0634185825491915,3.6532665989692,0.0002589251487794,0.0026430568514098
N5.HOG0050395,,-2.2812363780107,1.18721837600923,-1.92149685694637,0.0546690982368057,1.93120665400354,0.529644580633961,3.64623131174489,0.0002661144511132,0.0027099373794081
N5.HOG0012485,,0.0977175155998076,0.36814102470028,0.265435007357205,0.790674371054406,0.620926379846728,0.170482918728246,3.64216183344738,0.0002703580125531,0.002746572446655
N5.HOG0067401,,0.0572084770233655,0.0963700632814574,0.593633282737223,0.552757415118414,0.156879782537695,0.043085412800052,3.64113448943225,0.0002714392872774,0.0027488828064829
N5.HOG0061684,,0.277775627163804,0.153789381622132,1.80620810249638,0.070885839782651,0.248017357131717,0.0681470091853692,3.63944595803281,0.0002732252687024,0.0027592181743217
N5.HOG0017850,,-0.346089990833215,0.460543221235374,-0.75148210824785,0.452362564471618,0.818431419666454,0.225160892455112,3.63487375957002,0.0002781167873261,0.0027986447022067
N5.HOG0067536,,0.0225095978919878,0.105430259143065,0.21350225328995,0.83093523176469,0.17086488781071,0.047042481980287,3.63214015540911,0.0002810803799733,0.0028251235190788
N5.HOG0048643,,-1.21388056815238,0.546706156379566,-2.22035284217581,0.0263948255278074,1.03960723221122,0.286266134821164,3.63161095831569,0.0002816575084922,0.0028275819108406
N5.HOG0065344,,-0.013899077798394,0.133691189905884,-0.103964051843496,0.917197876407502,0.215505074545069,0.059365303430322,3.63015199270413,0.0002832543738588,0.0028369142331156
N5.HOG0049680,,0.288416432117052,0.162113179196495,1.77910539751655,0.075222483971047,0.260610833474078,0.0717995635815602,3.6296994086606,0.0002837514569568,0.0028385493306609
N5.HOG0063746,,0.104371008780778,0.120054765051023,0.869361651213264,0.384649351572893,0.193783136934485,0.0534200594561176,3.62753502911524,0.0002861399641772,0.0028590794901436
N5.HOG0049295,,-1.58550478865954,0.710565665338851,-2.2313276112257,0.0256594359994295,1.22706701996477,0.338405704193643,3.62602345279207,0.0002878192259586,0.0028691155644515
N5.HOG0046985,,0.316926549417209,0.187490973543335,1.69035630584081,0.0909598090134085,0.300757956884249,0.0830001355119373,3.62358392584784,0.0002905488672041,0.0028828074540919
N5.HOG0067830,,0.0169672072220793,0.0904345343488564,0.187618671829805,0.851175588169168,0.146621206263538,0.0404966699066392,3.62057439788402,0.0002939497090967,0.0029097598205633
N5.HOG0066846,,8.19505312706555e-05,0.124510259658005,0.0006581829601492,0.99947484601583,0.200325234226054,0.0553650791970775,3.61825968880089,0.0002965907173924,0.0029324888869003
N5.HOG0064931,,0.041522254068517,0.173535923028294,0.239271808072539,0.810894824466897,0.277831927284474,0.0768272709719863,3.61631909827671,0.000298821978322,0.0029511185562082
N5.HOG0065556,,-0.0452071662729328,0.10594730109294,-0.426694836079644,0.669601612253255,0.170846019512916,0.0472733030957483,3.61400639102542,0.000301501624036,0.0029741280412832
N5.HOG0060132,,0.138213394886836,0.245412634501692,0.563187772167791,0.573307028450837,0.394004196688634,0.109187202479122,3.60851993404607,0.000307948856106,0.0030202074149064
N5.HOG0055903,,0.329253414262551,0.196240495861195,1.67780565788745,0.0933850444707639,0.313305853099052,0.0868901031556727,3.60577144830559,0.0003112269686358,0.0030463152059721
N5.HOG0030664,,-0.0373854000054466,0.102460967985286,-0.364874554091812,0.715205049621961,0.164976754673662,0.0457545882081785,3.60568767274301,0.0003113273987844,0.0030463152059721
N5.HOG0020665,,-0.290548242229603,0.322565968287416,-0.900740533082882,0.367726292165977,0.527460345000646,0.146360811084757,3.60383589767889,0.0003135550695708,0.0030645862308102
N5.HOG0063962,,-0.07277033595936,0.161382643469982,-0.450917982223383,0.652048662680603,0.257496851000771,0.0714837029168763,3.60217560777731,0.0003155650647065,0.0030806902524209
N5.HOG0043567,,-0.682974498004225,0.387675613808463,-1.76171642909079,0.0781172206309726,0.651302501334471,0.180884555362097,3.6006529138471,0.0003174190802158,0.0030946502289693
N5.HOG0068491,,-0.960581796386701,0.656791180903322,-1.46253759842749,0.143593949022258,1.36943997321583,0.380399884219353,3.60000102530568,0.0003182159255443,0.0030959058854422
N5.HOG0042718,,0.597436061735831,0.171438855839401,3.48483462987814,0.0004924412842045,0.273028062446913,0.0759051215715148,3.59696495828251,0.0003219518359171,0.0031237658959813
N5.HOG0052180,,0.324369240807272,0.175519008733704,1.84805761579592,0.0645940083621883,0.279482157165458,0.0777034496412627,3.59677927370994,0.0003221816495806,0.0031237658959813
N5.HOG0030357,,-0.563188827623832,0.409510019125552,-1.3752748438889,0.169046252454544,0.694995391756531,0.193270044187404,3.59598092233388,0.0003231714844791,0.0031297942546838
N5.HOG0057578,,-0.612475946794004,0.460255221060153,-1.33073112214398,0.183277498695916,0.805541192056991,0.224157212729082,3.5936438638295,0.0003260854697645,0.0031472613655444
N5.HOG0061769,,0.0387678398572728,0.196700135113944,0.19709106877235,0.843756272439286,0.312502549472639,0.0870921400803378,3.5881831492988,0.0003329903500331,0.0032102609392821
N5.HOG0047157,,0.25539194462078,0.220153853993842,1.16006120259845,0.246023888791349,0.349945143184462,0.0976189175289904,3.58480868301512,0.0003373253874873,0.0032410298352117
N5.HOG0064375,,0.23980918607113,0.137780066108931,1.74052163599293,0.0817674643362847,0.219030215949719,0.0611635893720354,3.58105562800507,0.0003422087774139,0.0032805359138955
N5.HOG0046963,,-0.728911355774686,0.405122915617945,-1.79923506588823,0.0719815047428309,0.681711217478959,0.190522318515449,3.57811737118704,0.0003460780437364,0.0033064450707483
N5.HOG0022895,,-1.04632394596671,0.520111450679229,-2.01173026396608,0.044248378560373,0.946475844686903,0.264486533777876,3.57854077168927,0.0003455179730017,0.0033064450707483
N5.HOG0034403,,-0.849281312233393,0.530383977000099,-1.6012574833746,0.109319901705671,0.971222871306819,0.271810043960365,3.57316770622517,0.000352688720703,0.0033572967590346
N5.HOG0043293,,-0.690297582428843,0.387442175943219,-1.78167898409183,0.0748015959440345,0.643243418082785,0.180408635587168,3.56548019993194,0.0003631905823973,0.0034505538943838
N5.HOG0067805,,-1.68585788024045,0.779520978057884,-2.16268442760917,0.0305654596302971,1.41189364786176,0.396768459464157,3.55848257134286,0.0003730035368459,0.0035319446164688
N5.HOG0015835,,-0.235907840060366,0.403373588842648,-0.584837100359567,0.558657255484592,0.672705196466427,0.189250335966028,3.55457861161832,0.0003785853170125,0.003580810566072
N5.HOG0070172,,-0.303138803825892,0.30776924471417,-0.984954829087689,0.324646259410632,0.493254901226576,0.138779430803696,3.55423637616936,0.0003790783404011,0.0035814899177006
N5.HOG0054319,,-0.459319764278395,0.394180924783881,-1.16525112048542,0.243917358372464,0.654076185069026,0.184049617194054,3.553803561457,0.0003797027114168,0.0035834073417677
N5.HOG0058392,,0.167830836249959,0.161689251362158,1.03798387855755,0.299277560655041,0.254310406889079,0.0716281738612084,3.55042426995065,0.0003846107721107,0.0036216871407805
N5.HOG0026235,,-0.997356978164438,0.571877072702834,-1.74400588128263,0.0811580643069113,1.07495505825033,0.302792903113377,3.55013293639789,0.0003850366674899,0.0036216871407805
N5.HOG0017982,,-1.23383937467299,0.651251324891772,-1.89456716249758,0.0581497686365985,1.31898858225773,0.371637702326294,3.54912479008838,0.0003865138627446,0.0036315645456417
N5.HOG0012858,,-1.23982378021601,0.623846992145699,-1.98738440006207,0.0468798150819593,1.51182668063185,0.426261515226513,3.54671164678911,0.0003900712809793,0.0036570234065982
N5.HOG0071867,,-0.967513167735089,0.604119010555692,-1.60152743222752,0.109260149132377,1.16784216216288,0.329275405202042,3.54670328762119,0.0003900836569394,0.0036570234065982
N5.HOG0048005,,-0.217038158918622,0.240107973538166,-0.903918998275676,0.366038354441122,0.378106160218798,0.106675769457538,3.54444277403878,0.0003934439035518,0.0036844633720002
N5.HOG0066703,,0.022428265795729,0.185852488012378,0.120677780725944,0.903946258766861,0.291429924969729,0.0822715544895124,3.54229267670977,0.0003966650967326,0.0037105422096531
N5.HOG0009118,,0.0680691137203875,0.16885097043018,0.403131314833242,0.686851624811028,0.264554374980862,0.0747746402569851,3.5380227049123,0.0004031353915361,0.0037504381076971
N5.HOG0054232,,-0.0494487874247855,0.263654780052434,-0.187551264630785,0.851228433344041,0.415579151846003,0.117569484619078,3.5347535390877,0.0004081556600858,0.0037847200375997
N5.HOG0022771,,-1.34245234415351,0.662684119027654,-2.02578016525168,0.0427873173860911,1.34610458394019,0.381201694400393,3.53121353790815,0.0004136576544619,0.0038149373983263
N5.HOG0026326,,-0.398278734896236,0.423492869260368,-0.94046149015881,0.346980894065649,0.708410990497322,0.200598407456079,3.53148860691942,0.000413227662816,0.0038149373983263
N5.HOG0061712,,-0.228159054784839,0.334270177821337,-0.682558809977917,0.494885669241748,0.536583612285405,0.151942275970511,3.53149647692224,0.0004132153664649,0.0038149373983263
N5.HOG0029012,,-0.313969434808399,0.403950764864844,-0.777246788760131,0.437013182287588,0.668126805719139,0.189294881743614,3.52955557786326,0.0004162582634248,0.003834762208637
N5.HOG0054481,,-0.518104768037343,0.380733005825771,-1.36080865096953,0.173574167323658,0.622286730294412,0.17637208854113,3.5282608231364,0.0004182997728726,0.0038452374886095
N5.HOG0030774,,0.116354584367872,0.443489018893797,0.262361815988358,0.793042508245762,0.749520203373393,0.212496617167742,3.52721004862742,0.0004199634550416,0.0038527103763489
N5.HOG0047962,,-1.2489413908151,0.531093246785743,-2.35164238742232,0.0186907345846237,0.953735163677255,0.270685301557898,3.52340950243011,0.0004260325596902,0.0038822868194926
N5.HOG0002054,,-0.359227796779819,0.274927147604368,-1.30662904667663,0.191338726717085,0.432641042299551,0.122848901726847,3.52173309014616,0.0004287355723697,0.0038990174552189
N5.HOG0058223,,0.0198720262488925,0.233209072231153,0.0852112058024727,0.932093482042699,0.364457712695597,0.103503024410629,3.52122766238868,0.0004295536499248,0.0039022836705665
N5.HOG0069897,,-0.653921687403532,0.465241751103762,-1.40555245923681,0.159857061445121,0.795015319068517,0.225881086128829,3.51961880781416,0.0004321674307349,0.0039093220792511
N5.HOG0050006,,-0.631954362696233,0.444666295645501,-1.42118790851655,0.155262138912217,0.748627583080564,0.213006557928335,3.51457528050585,0.0004404578112464,0.0039758563552127
N5.HOG0012397,,-1.2612326433999,0.57818236793111,-2.18137513932312,0.0291556808889076,1.07531102462928,0.306165606687306,3.51218752577757,0.0004444342858919,0.0039972039631724
N5.HOG0005395,,-0.667787832055194,0.344029807856979,-1.94107550219256,0.0522491200238975,0.550785769957723,0.156828463462375,3.51202682088295,0.0004447031175213,0.0039972039631724
N5.HOG0034163,,-1.17507956672884,0.649785065210389,-1.80841270389674,0.0705422921878976,1.29048897604761,0.367663747957762,3.50997068167803,0.0004481561052268,0.0040197426665771
N5.HOG0012183,,-1.62032493912955,1.0580752414242,-1.53138914482919,0.125673245308165,3.37758226729381,0.962717442780845,3.5083837865631,0.0004508381568495,0.0040395382510925
N5.HOG0025057,,-0.0874084755830781,0.302187210940558,-0.289252729495134,0.772387983210526,0.475752283337065,0.135868762170465,3.50155750105513,0.0004625471466508,0.0041192647964664
N5.HOG0069290,,-0.0256978562947231,0.199812738404009,-0.128609699761802,0.8976664907554,0.30976250035995,0.0884655970165162,3.50150240100814,0.000462642802658,0.0041192647964664
N5.HOG0017815,,-1.11819735784379,0.480767145488983,-2.32586059246309,0.0200259889223409,1.23983519333656,0.354643306604899,3.49600618493509,0.0004722777529519,0.0041875128505369
N5.HOG0071057,,-0.863813748417917,0.510030267136582,-1.69365193416373,0.0903314431147886,0.890943577219763,0.254919762298621,3.49499610852486,0.000474068667216,0.0041990136939821
N5.HOG0067686,,0.0320190996469431,0.0934756077282374,0.342539625310943,0.731944828838637,0.146223605822422,0.0418611739573035,3.49306032295137,0.0004775186261072,0.0042251701255637
N5.HOG0012865,,-0.731189212144954,0.528736733681372,-1.38289845506665,0.166696004104896,0.93514326634904,0.267922162098578,3.4903542843349,0.0004823805936214,0.004263752895241
N5.HOG0061178,,0.205330218901708,0.201622264647148,1.01839059917837,0.308492367971901,0.31149661024386,0.0892696739555857,3.48938890937182,0.0004841262380523,0.0042747390175221
N5.HOG0066468,,0.0071157319277564,0.160201287048341,0.0444174454454245,0.964571655917515,0.247567679531722,0.0709897386880887,3.48737274015718,0.0004877910048774,0.0043026302402469
N5.HOG0006972,,-0.828769719929107,0.527893304835258,-1.56995686881792,0.11642514587311,0.931497391372165,0.267190618748782,3.48626533272105,0.0004898149176226,0.0043091199577852
N5.HOG0063950,,0.138017263597547,0.157471051400715,0.876461180451105,0.380779371124858,0.243218230349427,0.0697948740287551,3.48475778105455,0.0004925827279096,0.0043218879762447
N5.HOG0071842,,-0.40133431061412,0.375242177290852,-1.06953411663808,0.284829064339604,0.602930749707901,0.173031309274131,3.4845182194899,0.0004930238948684,0.0043218879762447
N5.HOG0056462,,-0.5525367198378,0.40037228472345,-1.38005736390933,0.16756898337798,0.650262285103975,0.186759399204627,3.481818253182,0.0004980215864433,0.0043477692060914
N5.HOG0050967,,0.175111558674141,0.158676467621539,1.10357610866282,0.26977705969007,0.244875321854224,0.0703232201177828,3.48214034346107,0.000497422919194,0.0043477692060914
N5.HOG0019604,,-0.068463162023758,0.347637157406384,-0.196938562421063,0.843875616127965,0.551962174925533,0.158511432016234,3.48216004299931,0.0004973863255656,0.0043477692060914
N5.HOG0054461,,-0.094808980091714,0.286839828357943,-0.330529343273081,0.741000024576215,0.447065895160433,0.128418159988395,3.4813292387995,0.0004989317989207,0.0043512480350609
N5.HOG0069145,,-0.702158119550448,0.425908220764346,-1.64861368087786,0.099226804157245,0.700478770278071,0.201307252233829,3.47964995053644,0.0005020693148252,0.0043696473334281
N5.HOG0059763,,0.0524077582620661,0.160552284346359,0.326421753981445,0.744105280814996,0.247500859843581,0.0711454990659916,3.47879856200053,0.0005036670336196,0.0043790705592788
N5.HOG0064675,,0.156172568901452,0.147832868324982,1.05641303365728,0.290779553886043,0.22812189865416,0.0655824218521036,3.478400037873,0.0005044165330048,0.0043811073288856
N5.HOG0009847,,-0.260109366597418,0.399444603001964,-0.651177571664773,0.514931866622173,0.646407591393363,0.186145341782358,3.47259611873149,0.0005154504008058,0.0044723736255773
N5.HOG0058107,,0.130053794081666,0.222906301532334,0.583446018293927,0.559593086668688,0.342188694471549,0.098798656067822,3.46349543698902,0.0005332056384211,0.0045982765809984
N5.HOG0069904,,-0.831388166618047,0.541422263595688,-1.5355633163229,0.124645516992552,0.955475082191585,0.276100168347528,3.46061028470264,0.0005389524225425,0.0046431268361242
N5.HOG0066295,,-0.116620095615949,0.125356889149133,-0.93030463987671,0.352213376158907,0.192981862192945,0.0557841306936002,3.45944016324135,0.0005412995326584,0.0046559932911737
N5.HOG0013150,,-0.238297614649736,0.418003408931967,-0.570085337960775,0.568619819145747,0.6794567133835,0.196462612839653,3.45845300315767,0.0005432870485798,0.0046662868127787
N5.HOG0052206,,0.406023489750116,0.210899439862082,1.92519946954642,0.0542044084451348,0.322791669124494,0.0934039256448478,3.4558683363251,0.0005485231836357,0.0046923011298998
N5.HOG0016068,,-0.833426979077119,0.709019146369919,-1.17546470126251,0.239808851307111,1.45214216609147,0.420496114048441,3.45340210664631,0.0005535631780776,0.0047211663975853
N5.HOG0048648,,-0.802329800501278,0.592037225350774,-1.35520160919933,0.175353332146039,1.08249287722483,0.31420987030623,3.44512690250573,0.0005707913474577,0.0048389788040221
N5.HOG0068236,,0.034671388512474,0.087094857918023,0.398087663741389,0.690565567452257,0.13435399525926,0.0390824829290858,3.43770367668405,0.0005866693225468,0.0049510512471966
N5.HOG0046620,,-0.556636233665393,0.273244029339128,-2.03713960378817,0.0416360541393267,0.419020902495646,0.121893908985528,3.4375868817645,0.0005869223963028,0.0049510512471966
N5.HOG0070536,,-0.48617549635909,0.357449942617695,-1.36012190349985,0.173791350780431,0.561262275312327,0.163303691317821,3.43692338356272,0.0005883620082063,0.0049533671492392
N5.HOG0063137,,-0.007691268028549,0.162195441549491,-0.0474197545570491,0.962178684869761,0.246835046312351,0.0718759000213338,3.43418372833017,0.0005943411991906,0.0049888869475321
N5.HOG0064839,,-0.0165763438554667,0.116864522174041,-0.141842396196001,0.887204495282568,0.178869002959513,0.0520904880845373,3.43381314971032,0.0005951543015217,0.0049907853728248
N5.HOG0065060,,0.239613984160565,0.143072540352093,1.67477269622031,0.0939788379064652,0.218073481173657,0.0635178419794452,3.43326338517966,0.000596362470928,0.0049959897073613
N5.HOG0067402,,0.207560068739627,0.105372543329275,1.96977373974005,0.0488643074806153,0.161501635908684,0.0470781359767672,3.43050192106977,0.0006024657067436,0.0050322455556571
N5.HOG0070474,,-0.739690115757374,0.439781671337648,-1.68194848481866,0.0925788297336066,0.71598046739414,0.208747532596464,3.42988709130385,0.0006038324586695,0.0050387120741534
N5.HOG0061358,,0.179694355780629,0.209673991588449,0.857017861010323,0.391435013666917,0.318219263691217,0.0928490352422881,3.42727593087886,0.0006096692202694,0.0050675250923007
N5.HOG0066874,,-0.123311465894566,0.140086984522807,-0.880249270227454,0.378724287716692,0.212906317430102,0.0622189253298619,3.42188998445973,0.0006218747087002,0.0051620989504307
N5.HOG0070142,,-1.48702604148814,0.965989991888193,-1.5393803807237,0.123711460839459,1.53061425706418,0.4473576052525,3.42145576400845,0.0006228685661033,0.0051620989504307
N5.HOG0033829,,0.559817117334342,0.120449688109228,4.64772575273651,3.35614704698987e-06,0.183529560794584,0.053658037809305,3.42035542646619,0.0006253936742945,0.0051779793280117
N5.HOG0058895,,-0.591989316381012,0.453826389141571,-1.30444004699855,0.19208358837865,0.741231974948478,0.216938825405199,3.41677877882856,0.0006336674838657,0.0052210637573883
N5.HOG0033548,,-0.814819232417196,0.618528500741316,-1.31735115106357,0.1877209468768,1.14188203296605,0.334422595853918,3.4144882765782,0.0006390194349179,0.0052600638635613
N5.HOG0023359,,0.165233790469124,0.154812269324991,1.06731715250718,0.285828645186892,0.234363248225618,0.0686508338902612,3.41384415810955,0.0006405320288585,0.005267415578486
N5.HOG0045485,,-0.0356676058801614,0.257098880278972,-0.13873108214808,0.889662655590227,0.390142281981148,0.114344888297867,3.411978338418,0.000644932380015,0.0052933632555913
N5.HOG0069116,,-0.39014456723872,0.286614613382301,-1.36121659197581,0.173445252288285,0.437175796464777,0.12814642478335,3.41153330811909,0.0006459860846766,0.0052968988318167
N5.HOG0066155,,0.12821846616538,0.134662526212131,0.952146597661482,0.341022639685079,0.204058668206544,0.0598575865085863,3.40906942810454,0.0006518488785115,0.0053398227448412
N5.HOG0022078,,0.0435713964262366,0.417257284140686,0.104423333234239,0.916833406660336,0.66590452393261,0.195417634240335,3.40759689636631,0.000655376347465,0.0053635519050788
N5.HOG0064018,,0.0732614602237541,0.165551127538505,0.4425307233665,0.658105202978433,0.24978259036634,0.0733529675414409,3.4052145228511,0.0006611209675001,0.0054020896601598
N5.HOG0040035,,-0.562635602631031,0.379527953003758,-1.48246156357674,0.138217523523712,0.594149049170038,0.174652932643162,3.40188418355368,0.0006692299216983,0.0054454820597207
N5.HOG0060742,,0.136574014326969,0.183929726803717,0.742533665983831,0.457764062076917,0.276889556685738,0.0814299440407441,3.40034074623942,0.0006730192695263,0.0054658547801538
N5.HOG0044598,,-0.573543997818815,0.49126903210658,-1.16747435790821,0.243018857737407,1.1226160634157,0.330297144415284,3.39880644564166,0.0006768059481614,0.0054891720667622
N5.HOG0064417,,0.0262314504534192,0.124645439156901,0.210448538116181,0.833317612820484,0.188578052155998,0.0554945948097532,3.39813368855979,0.0006784725617295,0.0054891720667622
N5.HOG0072189,,-1.22923781415246,0.542141392890766,-2.26737495102156,0.0233673303516112,0.932170979894734,0.274459886469377,3.39638331810919,0.0006828266274387,0.0055093594583871
N5.HOG0004331,,0.830377971708224,0.255322593004168,3.25226985178969,0.0011448727084047,0.385232799247384,0.113504390983444,3.39399027570285,0.0006888213845658,0.0055307997305138
N5.HOG0023037,,-0.58097142614317,0.4147904771239,-1.40063829375145,0.161322263646129,0.657985659560233,0.193866161811755,3.39402014983482,0.000688746246959,0.0055307997305138
N5.HOG0062516,,-0.249937856555737,0.26875735339676,-0.929975881205973,0.352383572403737,0.40601939127214,0.119718855142553,3.39144064473953,0.0006952622074217,0.0055772489373265
N5.HOG0052184,,0.341531637216102,0.222448216921214,1.53533097249804,0.124702549873604,0.334009161645625,0.0985588351159522,3.38893171020813,0.0007016548241814,0.0056021041608215
N5.HOG0068495,,-0.0779732724770207,0.354160169712837,-0.220163866931292,0.825743536206538,0.546511236729973,0.161304958574468,3.38806222424757,0.0007038829377992,0.0056146217669133
N5.HOG0066565,,-0.0912587527429193,0.130242784222808,-0.700681832682584,0.483501596204774,0.19623566255239,0.0579383141645009,3.38697570652866,0.0007066764506775,0.0056316216701705
N5.HOG0054098,,0.163274723673771,0.226342679526847,0.721360743873337,0.470687592667516,0.339574093291411,0.100309101752689,3.38527698242804,0.0007110646405597,0.0056573621990704
N5.HOG0044324,,-0.436763947658038,0.299250038806653,-1.45952845787343,0.144419713921606,0.453731133578266,0.134100173302595,3.38352384194484,0.0007156199384705,0.0056869043836647
N5.HOG0072608,,-0.979047283629209,0.522419599751696,-1.87406307897817,0.0609217314099567,0.880250968673038,0.260253136609221,3.38228764556549,0.0007188483111154,0.0057049010702069
N5.HOG0067901,,0.0097676092523142,0.0730864188346834,0.133644655300569,0.89368357108218,0.111408975707891,0.0329403485087222,3.38214319980226,0.0007192264182002,0.0057049010702069
N5.HOG0052863,,-0.0456214202669006,0.348518785448998,-0.130900893069871,0.895853708195159,0.53533709451119,0.15837990420696,3.38008219661283,0.0007246415492592,0.0057371502296024
N5.HOG0052847,,-0.336958562319598,0.353600246337904,-0.952936446762531,0.340622272181177,0.544008940489028,0.160968061297859,3.37960795516064,0.0007258929317857,0.0057417116065025
N5.HOG0063125,,0.0030670044675407,0.281573662872903,0.0108923698198476,0.991309318139666,0.424406691438286,0.125690182063165,3.37660972775903,0.0007338509452316,0.0057992637163621
N5.HOG0029212,,-0.736158083817632,0.381172292689808,-1.93130009167982,0.0534459520655949,0.591612642710282,0.175308101020204,3.37470224859774,0.0007389559500042,0.005832938063334
N5.HOG0060705,,-0.781617226635796,0.536909588859506,-1.45577066018898,0.145456029027887,0.911284913575233,0.270049904351225,3.37450559652864,0.0007394841231441,0.005832938063334
N5.HOG0002047,,-1.32160781940154,0.621011758251082,-2.12815265064143,0.0333244291652526,1.12610343929067,0.334117913212173,3.37037732716705,0.0007506531988764,0.0059100731452612
N5.HOG0064585,,0.0670931009296302,0.120396891058664,0.557266058447794,0.57734566211664,0.180731851493885,0.0536526424541373,3.36855452456747,0.0007556344956499,0.0059382952495632
N5.HOG0068340,,-0.616182532562168,0.592091841059421,-1.04068742352477,0.298020641971407,1.04670201205292,0.310723870689874,3.36859221574776,0.0007555311843485,0.0059382952495632
N5.HOG0067258,,-0.224646405469512,0.143504605734661,-1.56542993389969,0.117482134221648,0.214307570330021,0.0637292815276273,3.36278026666779,0.0007716175572431,0.0060346401025274
N5.HOG0070675,,-0.601681011933877,0.420435765166761,-1.4310890313892,0.152404700467502,0.661381942466716,0.196676236654269,3.36279539266016,0.0007715752817505,0.0060346401025274
N5.HOG0063260,,0.131203681107035,0.147630964729833,0.888727384171334,0.374149610201658,0.220401817819956,0.0655296257595012,3.36339198134363,0.0007699095956182,0.0060346401025274
N5.HOG0038337,,-0.728503460316588,0.436639034990077,-1.66843411133213,0.095229581464734,0.692367042273517,0.205928127398484,3.36217811049067,0.000773302265653,0.0060380773829182
N5.HOG0054181,,-1.46020237460538,0.603284958457484,-2.42041899791256,0.0155026327352504,1.36549151754792,0.406813612505421,3.3565531623643,0.0007892054676476,0.0061509558040788
N5.HOG0067980,,-0.0144372394819057,0.357215048714343,-0.0404161009841744,0.967761394007823,0.545910355321114,0.16267640795514,3.35580532041042,0.000791342527536,0.0061551676652226
N5.HOG0044028,,-0.323695869735043,0.382396445941439,-0.846492882375309,0.397277842818704,0.589996142245146,0.175806513379324,3.3559401805106,0.0007909567499807,0.0061551676652226
N5.HOG0021726,,-0.645955032142993,0.479039656615179,-1.34843748992978,0.177517712784527,0.776140820834699,0.231297348177179,3.35559757581033,0.0007919371384594,0.0061551676652226
N5.HOG0059769,,0.0121283234828135,0.21131734187117,0.0573938862538197,0.954231433038988,0.31376085579979,0.0935666586301653,3.35334039275648,0.0007984244786776,0.0061887720622205
N5.HOG0038893,,-1.14355336810693,0.57347473658925,-1.99407802148047,0.0461435287162553,0.991800668582394,0.29579924058638,3.35295204482706,0.0007995455845594,0.0061918176933993
N5.HOG0072269,,-0.765297949569335,0.54596377690779,-1.40173759128088,0.160993620823373,0.922625468447442,0.275573900300967,3.34801469747244,0.0008139269473389,0.0062828993541003
N5.HOG0060546,,0.0386874186820345,0.291612784701081,0.132667087012976,0.894456673484789,0.436167289863011,0.130363954231138,3.34576603199439,0.0008205560234075,0.0063142712070647
N5.HOG0055655,,-0.0557965583407741,0.228802463412625,-0.243863451068488,0.807336576528668,0.338965402114015,0.101396328467138,3.34297510805703,0.0008288533442975,0.0063533073122109
N5.HOG0058487,,0.295035405964089,0.156218939334974,1.88860203007432,0.0589451747840859,0.231611603513553,0.0692866251333919,3.34280394040914,0.0008293647443812,0.0063533073122109
N5.HOG0068261,,-0.0131278859614745,0.235992481190857,-0.0556284077154876,0.955637833454233,0.349829045501535,0.104641270038448,3.3431269075098,0.0008284000556218,0.0063533073122109
N5.HOG0069643,,-0.307165205895705,0.433449022740885,-0.708653589650212,0.478539471887298,0.680920918639564,0.203800955041452,3.34110759442255,0.0008344487908219,0.0063807565380975
N5.HOG0037690,,0.127702058977724,0.161629851857011,0.790089562729402,0.42947546486674,0.239290184851897,0.0716533163702636,3.33955491488184,0.0008391275861844,0.0064050139442095
N5.HOG0067188,,0.109268879453618,0.101771960150785,1.07366389810833,0.282973347553069,0.152020339670915,0.045534400170493,3.33858223896021,0.0008420710013324,0.0064159620845321
N5.HOG0056464,,-0.195113359727196,0.213754305026674,-0.912792655581125,0.361351601744878,0.315950557737136,0.094650474773567,3.33807684000515,0.0008436041672514,0.0064218893008217
N5.HOG0061090,,-0.0111062270350689,0.182974629123225,-0.0606981803340035,0.951599580893909,0.270419032366865,0.0810170758238344,3.33780292138501,0.0008444362015714,0.0064224733629714
N5.HOG0017389,,0.0829684276846125,0.213446447779302,0.38870840226116,0.697491866132008,0.315396484394138,0.0945129046742582,3.33707323334483,0.0008466563621207,0.0064278602377875
N5.HOG0043148,,-0.683279892416019,0.450496685779217,-1.51672568075425,0.129335957693676,0.712550368223865,0.213631741168787,3.33541431776699,0.000851723965226,0.0064498167117021
N5.HOG0067333,,-0.92155900531591,0.540384242917612,-1.70537727069961,0.0881240846429724,0.904697969281857,0.271242711697184,3.3353816720866,0.0008518239718658,0.0064498167117021
N5.HOG0058825,,-0.480778864466158,0.360050113433449,-1.33531096513604,0.18177459130712,0.546792973227864,0.1639970043055,3.33416439857204,0.0008555607451704,0.0064665940651028
N5.HOG0058444,,-1.15034224762128,0.56198099792779,-2.04694153692558,0.0406638251174772,0.955266665227104,0.286565457818974,3.33350248315885,0.0008575990610128,0.0064704971837503
N5.HOG0058774,,0.13145518541356,0.146500800046712,0.89730011966928,0.369558792655108,0.2167015618576,0.0650470130689739,3.33146061030991,0.000863915253058,0.0065034025057097
N5.HOG0065633,,0.0585467148205689,0.131973983630345,0.443623153670623,0.65731506297385,0.195591626675177,0.0587124001817638,3.33135123193155,0.0008642548109513,0.0065034025057097
N5.HOG0046137,,0.438035944565201,0.18521011680208,2.36507568878268,0.0180263864243873,0.272991166374701,0.0820024526263546,3.32906099307285,0.0008713931910447,0.0065455328526022
N5.HOG0018489,,-1.04681533283298,0.527935215572385,-1.98284808808979,0.0473844007017229,0.872737076433259,0.262394460550812,3.32604992727831,0.0008808614890093,0.0065991657011569
N5.HOG0058806,,0.394628972728937,0.183524275492959,2.15028214479494,0.0315329038734381,0.270185849859205,0.081260874546324,3.32491929686508,0.0008844413210186,0.0066143295860415
N5.HOG0051879,,0.106132052655452,0.162829977563431,0.6517967652124,0.514532288708338,0.23992612074632,0.0721827964818537,3.32386846229539,0.0008877805893891,0.0066334682524068
N5.HOG0065692,,0.146656655581264,0.115157145242664,1.27353500533747,0.20282825904782,0.170749360835458,0.0513833677344605,3.32304728872304,0.000890398187923,0.0066444229084634
N5.HOG0068042,,-0.185451713528515,0.164131563252013,-1.12989671123625,0.25851974992033,0.241512340760847,0.0727535053349452,3.31959731217024,0.0009014737982629,0.0067121905355763
N5.HOG0073283,,-0.774011952071939,0.426943666323171,-1.81291353666799,0.0698451580644391,0.662455913191788,0.19977587887583,3.31599548914279,0.000913173027608,0.0067755683292037
N5.HOG0018884,,0.542943990252982,0.291568518595623,1.86214887968063,0.0625821077795124,0.431993821854613,0.130274232188228,3.31603429625624,0.0009130462302623,0.0067755683292037
N5.HOG0015441,,-0.461656451291153,0.352488401925879,-1.30970678402131,0.190295047708247,0.530496713629074,0.160031897909227,3.3149435866216,0.0009166162084526,0.0067892674349345
N5.HOG0044277,,-0.887789574134221,0.534189292023495,-1.66193816946667,0.0965251724843499,0.881378278959983,0.266208746557799,3.31085394584741,0.0009301174128514,0.0068653481792523
N5.HOG0070766,,-0.745418281739064,0.492339193126069,-1.51403400774594,0.130017214419007,0.78984702365845,0.238673795387214,3.3093160578313,0.0009352419674051,0.0068912094461285
N5.HOG0072342,,-0.901186305884701,0.61325044631515,-1.46952409296997,0.141690691889643,1.07382048218399,0.324583259941986,3.30830518608975,0.0009386246313652,0.0069101461729584
N5.HOG0049988,,-1.27839442157651,0.678355741903129,-1.8845486853107,0.0594907958934506,1.25663398922554,0.379935992250797,3.3074886687651,0.0009413652015973,0.0069162137425772
N5.HOG0038692,,-0.0655059337825392,0.338194453299515,-0.193693105086278,0.846416190949735,0.505315614732113,0.152821258376203,3.3065793339312,0.0009444260294735,0.0069218014147781
N5.HOG0015970,,-0.744365895014093,0.431107923903899,-1.72663468644577,0.0842332923451884,0.667959612078641,0.202012182182563,3.30653134311966,0.0009445878227405,0.0069218014147781
N5.HOG0056066,,0.242707755618223,0.194492295368476,1.24790421727709,0.212066136056626,0.284674475255075,0.0860984872581126,3.306381846195,0.000945091992054,0.0069218014147781
N5.HOG0072004,,-0.674141080503125,0.386892941168441,-1.7424486434598,0.0814299704959764,0.587577262589185,0.177776444916974,3.30514688188076,0.000949266379451,0.006929162521525
N5.HOG0061541,,0.244093298673055,0.172135801847836,1.41802748790648,0.156182739678412,0.252009610746023,0.0762631629544169,3.30447362767593,0.0009515492790797,0.0069335149052548
N5.HOG0044471,,-1.09632130970108,0.596732707737525,-1.83720666805363,0.0661793916799082,1.02911073590682,0.311430508585227,3.30446345986424,0.0009515837954862,0.0069335149052548
N5.HOG0028625,,-0.101360344197334,0.371764827800098,-0.272646406054948,0.785125035986235,0.560844221689553,0.169828503948191,3.30241513439139,0.0009585608907664,0.0069783722870541
N5.HOG0066050,,-0.156166021003437,0.31981233149029,-0.488305189095494,0.625333686505149,0.47466565946914,0.143768505371499,3.30159695437189,0.0009613610305822,0.0069927704870244
N5.HOG0027212,,-0.740337694196163,0.462920253318011,-1.59927695729393,0.109759077203268,0.72760089170307,0.220440085443179,3.30067415025847,0.0009645283259106,0.0070098124165099
N5.HOG0019836,,-0.768490278515345,0.563908219716116,-1.36279318450478,0.172947699704017,0.945238180169698,0.286647036767602,3.29756829454353,0.0009752595405338,0.0070636534201493
N5.HOG0022619,,-1.28099509358803,0.561539242936907,-2.28122096487557,0.0225353747822173,0.937748095035037,0.284775418870091,3.29293904212575,0.000991459678363,0.0071626852187902
N5.HOG0052000,,-1.20146421482566,0.772488878163497,-1.55531587416766,0.119870858554098,1.42433919018309,0.432606507472138,3.292459002769,0.0009931537644427,0.007168833179429
N5.HOG0057493,,-1.60950301423014,0.971509879387556,-1.65670267320882,0.0975796022934255,2.78859748897196,0.847292918568926,3.29118469877205,0.0009976638638196,0.0071952801612099
N5.HOG0036420,,-0.735002051678311,0.412487112283826,-1.78187882673185,0.0747689940340865,0.62962229063837,0.191423415479655,3.28916025795855,0.00100486790149,0.0072305644031422
N5.HOG0063527,,0.142242597972488,0.124368897794503,1.14371519322715,0.25274177040093,0.182115816462957,0.0554133681796868,3.286496064856,0.0010144219123731,0.0072885870601609
N5.HOG0045096,,-0.231704165150251,0.330474757746657,-0.701125153189086,0.483224914216633,0.489407141017487,0.148920420164666,3.28636690976519,0.001014887202858,0.0072885870601609
N5.HOG0071510,,-1.12496055091769,0.596442172222465,-1.88611839220868,0.0592790023761292,1.01989984751553,0.310377746733122,3.28599539835082,0.0010162267009744,0.0072920480719617
N5.HOG0031105,,-0.459611408926969,0.422561568896281,-1.0876791520049,0.276736774451712,0.646279326957816,0.196911728696836,3.28207634575603,0.0010304570127751,0.0073630913658862
N5.HOG0058753,,0.100260907910745,0.166555283620315,0.60196774146957,0.547195610450227,0.242278770151236,0.0738248427366457,3.28180543527215,0.0010314474875515,0.007363980546757
N5.HOG0013982,,-1.0399115604955,0.494085665463423,-2.10471914727605,0.0353157627556584,0.784812253429107,0.23916687762289,3.28144206768704,0.0010327773778161,0.0073672894469041
N5.HOG0018979,,-0.60120980661909,0.511399261459638,-1.17561727583085,0.239747848871642,0.820381032730456,0.250170509023839,3.27928753845354,0.0010406953999192,0.0074051353574476
N5.HOG0072327,,-0.453573284537097,1.01581287449708,-0.446512636258578,0.655226986899135,2.94452972016247,0.89860645659628,3.27677338455333,0.0010500060690906,0.0074603864792992
N5.HOG0038050,,0.213215215128593,0.176588979353704,1.20740952186788,0.227274470338717,0.256313640806369,0.078222691870487,3.276717211813,0.0010502149711746,0.0074603864792992
N5.HOG0063557,,0.0364893416729094,0.19648611915051,0.185709513886619,0.852672567107969,0.284948344765518,0.0869809441644017,3.27598587831997,0.0010529382557367,0.0074734882937299
N5.HOG0036877,,0.679051556817023,0.205073519865062,3.31125909022208,0.0009287717259811,0.296900925239335,0.0907812749355233,3.27050843304643,0.0010735434130639,0.0075817663481397
N5.HOG0003949,,-0.678977505147301,0.610479479105151,-1.11220365038732,0.26605059875492,1.04718262695993,0.320421966219278,3.2681361996365,0.0010825825515755,0.0076227977657784
N5.HOG0015668,,-1.15223137002867,0.634287349812485,-1.81657630468163,0.0692820143876329,1.1077114366918,0.339304459913616,3.26465333516044,0.0010959812357443,0.0077018493608784
N5.HOG0050449,,-0.292359605666872,0.356076346695624,-0.821058765570809,0.411612795850424,0.527401157752414,0.161563938330691,3.26434947799379,0.0010971574272864,0.0077037481425453
N5.HOG0071001,,-0.629639955584679,0.535613445725419,-1.17554919617806,0.239775067158524,0.865465137834157,0.265618275304072,3.25830418424107,0.0011208019697869,0.0078567938195191
N5.HOG0045308,,0.510367844039462,0.144442303171161,3.53336822270611,0.0004103005757582,0.208926252022877,0.0641757228169681,3.25553406883695,0.0011317931690021,0.0079207820295668
N5.HOG0068169,,-0.485403052359925,0.3245166652308,-1.49577234196802,0.134712991138678,0.474974775319565,0.145890445986935,3.25569486134891,0.0011311524660397,0.0079207820295668
N5.HOG0037414,,-0.447439591075455,0.445865639010445,-1.00353010397595,0.315605159573906,0.6827350500331,0.20973982543705,3.25515218013764,0.0011333162092186,0.0079249183624551
N5.HOG0029569,,-0.727003877300587,0.491805376609549,-1.47823491136366,0.139344912504746,0.771734876364941,0.237157269879264,3.25410592202309,0.0011374985844922,0.0079476284985353
N5.HOG0039680,,-0.0372889815516158,0.336606671511427,-0.110779092357799,0.911791525171683,0.493868160764425,0.151798769194293,3.25343982290333,0.0011401687176947,0.0079532143491175
N5.HOG0050327,,0.0586709332574874,0.28016602967282,0.209414872052846,0.834124383925515,0.405987070308149,0.124800459990278,3.25308953460409,0.0011415752111403,0.007956498234084
N5.HOG0048036,,-0.871712920416012,0.469487794861522,-1.85673180422747,0.0633493202853209,0.726872063932007,0.223522058610792,3.25190304907523,0.0011463511664764,0.0079596785940336
N5.HOG0060258,,0.230920522016446,0.166987470596015,1.38286136793521,0.1667073777662,0.240749541475143,0.0740224743638012,3.25238440817206,0.0011444113315526,0.0079596785940336
N5.HOG0062787,,-0.0498588562680359,0.28275819429394,-0.176330367339259,0.860034406104024,0.409844467737529,0.126007459490891,3.25254131297803,0.0011437796749498,0.0079596785940336
N5.HOG0041647,,-0.219875476950456,0.319232745182278,-0.688762291051657,0.490972869358294,0.466035373263441,0.143315525035502,3.25181359903608,0.0011467119769791,0.0079596785940336
N5.HOG0053354,,-0.894706966565446,0.4647041625332,-1.92532591420789,0.0541885976145291,0.717295574418642,0.220657350850067,3.2507214088056,0.0011511259680145,0.0079707971364655
N5.HOG0067829,,-0.318998861609713,0.418497885716699,-0.762247247828768,0.445912451721874,0.631388622725791,0.194297015561983,3.24960535754792,0.001155652609211,0.0079956300773144
N5.HOG0070318,,-0.578946417258686,0.465231255000468,-1.24442717688455,0.213342385843655,0.717833800883533,0.220940477927047,3.2489917991422,0.0011581481704068,0.0080063816021933
N5.HOG0064887,,0.0976368326837691,0.160048230512462,0.610046311484629,0.541831129912205,0.230506755144399,0.0709901107492371,3.24702627889443,0.0011661762156948,0.008048792727475
N5.HOG0034913,,0.29308237914602,0.137166043693474,2.1366977661102,0.032622581827049,0.198066077644176,0.061006565535704,3.24663543841454,0.0011677786964374,0.0080533160533537
N5.HOG0042988,,-0.917259791351167,0.590379582544286,-1.55367803777726,0.120261234324181,0.986483597314763,0.304010209210075,3.24490285993352,0.0011749069565732,0.0080577102039098
N5.HOG0051535,,-1.53715142067186,0.664915836028664,-2.31179848242567,0.0207887910979439,1.02623012381209,0.316191542195242,3.2455963770796,0.001172048841739,0.0080577102039098
N5.HOG0012862,,-1.48590220075879,0.816366186745258,-1.82014177569368,0.0687374171462393,1.66331771572707,0.512406532206817,3.24608999140495,0.0011700184794388,0.0080577102039098
N5.HOG0050483,,-1.10275783321564,0.541560932460654,-2.03625809602829,0.0417244452539698,0.873710928429575,0.269247160680326,3.24501445520133,0.0011744466170862,0.0080577102039098
N5.HOG0057876,,0.155467099384254,0.224293069848889,0.693142679303446,0.488220016096367,0.322332079760662,0.0993343467470668,3.24492071792056,0.0011748332797313,0.0080577102039098
N5.HOG0067630,,0.0391721252964977,0.0854457462088934,0.458444416890359,0.646633186985393,0.124637596197025,0.0384106785066755,3.2448683814675,0.0011750492167393,0.0080577102039098
N5.HOG0025292,,-0.719887034070683,0.427695023694022,-1.68317841964348,0.0923405571479008,0.647062093339216,0.199343201786919,3.24597020384407,0.0011705108975044,0.0080577102039098
N5.HOG0020516,,-1.12002341737566,0.57914298432557,-1.93393246173908,0.053121432287705,0.959199955668801,0.295680866274225,3.24403796483471,0.0011784803762944,0.0080747269497681
N5.HOG0057743,,0.103260201609239,0.178799044928136,0.577520990957986,0.563587562756312,0.256827049686892,0.0792001592350205,3.24275925916736,0.0011837819073946,0.0081045214108033
N5.HOG0045479,,0.462427229063033,0.13462783110176,3.43485611614362,0.0005928685240359,0.194191420280345,0.0599019320811905,3.24182231746948,0.0011876804596805,0.0081181393657758
N5.HOG0054480,,0.118671565276005,0.205121061747624,0.578544027926373,0.562896881298758,0.294294385869601,0.0908014393487875,3.24107622059991,0.0011907933997194,0.0081209804338044
N5.HOG0031116,,-0.562131161491736,0.453552493330936,-1.23939603410266,0.215198869429139,0.69295909840719,0.213938879777666,3.23905172882714,0.0011992782050943,0.0081645974032647
N5.HOG0005645,,-0.493017234034337,0.617138249958579,-0.798876481999662,0.424362037005992,1.04971694825357,0.324175309910732,3.23811504504348,0.0012032227893556,0.008184898679969
N5.HOG0065681,,0.0261891109711486,0.132142929700922,0.198187757986161,0.842898165229404,0.190428593542943,0.0588204072153648,3.23745792588121,0.0012059972143891,0.0081972138790217
N5.HOG0065110,,-0.0664312927783524,0.143968933012732,-0.461427971911674,0.644491586899921,0.20685939958036,0.0639774577759968,3.23331696461952,0.0012236171801991,0.0083037022257041
N5.HOG0039948,,-0.833824104286168,0.433388525329542,-1.92396442349769,0.0543590429840663,0.654183402227223,0.202361825861532,3.23274115284398,0.001226086027,0.0083138211637327
N5.HOG0065666,,0.238261722794223,0.283871567750985,0.839329294870517,0.401284548510035,0.408880609252777,0.12649034867945,3.23250440465584,0.0012271024409868,0.0083140831942602
N5.HOG0048496,,-0.0346184836553861,0.15082396583792,-0.229529063654169,0.818457733986318,0.215986926848728,0.0669704231322644,3.22510918621734,0.0012592463306929,0.0085250773152874
N5.HOG0025760,,-0.302063272124234,0.181077987616143,-1.66813910459708,0.0952881159889342,0.258617664714529,0.0802044626485115,3.2244797380901,0.0012620178692117,0.0085370435770667
N5.HOG0047662,,0.22710859790728,0.255524956610072,0.888792237440215,0.374114748496165,0.365094676326545,0.11341235961001,3.21917891120501,0.0012855824703523,0.0086778529337395
N5.HOG0027988,,-0.53297695446814,0.513976258243081,-1.03696804262907,0.299750750936326,0.80532241982032,0.25030460754299,3.21736953916043,0.0012937184857958,0.0087099107521952
N5.HOG0066636,,-0.413117521551366,0.41055906311369,-1.00623164525531,0.314304152913987,0.609922664874987,0.189627492533994,3.21642530165107,0.0012979831874285,0.0087317092272423
N5.HOG0027893,,0.0450609417187202,0.27945522275835,0.161245659587064,0.871899920447562,0.400009917501717,0.124406788744577,3.21533833915598,0.0013029085778714,0.0087569487802506
N5.HOG0020846,,-1.27735221065484,0.687897323348417,-1.85689370680669,0.0633262781009987,1.027089806997,0.31980031833622,3.21165973924134,0.0013197057974148,0.0088012470446171
N5.HOG0021371,,-1.12359490379907,0.670253218226692,-1.67637375434287,0.0936650064622169,1.17683218236516,0.366339518307529,3.21240849964007,0.0013162706964774,0.0088012470446171
N5.HOG0059700,,-0.814167846135207,0.440840173047092,-1.84685492818785,0.064768168543704,0.662516477510472,0.206281568531114,3.21170952028389,0.0013194771596161,0.0088012470446171
N5.HOG0051646,,0.180971327292938,0.164503414553767,1.1001068140977,0.271285585259386,0.234304132080081,0.072948595734975,3.21190736736478,0.0013185688351873,0.0088012470446171
N5.HOG0054894,,-0.686810470864042,0.382154999921824,-1.7972039382045,0.0723032495701228,0.56065778157836,0.174568017708327,3.21168670492165,0.0013195819430446,0.0088012470446171
N5.HOG0050849,,-1.29316799898827,0.638736544568057,-2.02457180505113,0.042911351850272,1.09096064383324,0.339896179465327,3.20968786865851,0.0013287917988326,0.0088479633186358
N5.HOG0071144,,-0.71246002233773,0.424457367373916,-1.67851962788551,0.0932457020029916,0.632412537241231,0.197113462348519,3.20836806226383,0.0013349054209458,0.0088700279730134
N5.HOG0009817,,-1.45225595344398,0.770861840925188,-1.88393805004147,0.0595733556202732,1.47699438648495,0.460367088017437,3.20829708493194,0.001335234937151,0.0088700279730134
N5.HOG0021644,,-0.656440222879483,0.650679484396976,-1.00885341957238,0.313044937319304,1.11918492800265,0.34932427365909,3.20385673826628,0.0013559993254613,0.0089895923386002
N5.HOG0065851,,0.0561683363703204,0.149939128395481,0.37460759557152,0.707952323291305,0.213346161465676,0.0665922087524886,3.20377061314553,0.0013564050011428,0.0089895923386002
N5.HOG0067218,,-0.0051491873349147,0.10486259231448,-0.0491041392479832,0.96083630474592,0.150241599963175,0.0469303150420177,3.20137633486289,0.0013677277010404,0.0090434875712506
N5.HOG0036873,,-0.255131153445174,0.259910274042743,-0.98161242138207,0.326290825716039,0.369022056506194,0.115391555784385,3.19799879633939,0.0013838485798989,0.0091358714727932
N5.HOG0070941,,-0.416932979866909,0.29866881616863,-1.39597091258267,0.162723254542845,0.426167082196429,0.133349762739358,3.19585932094536,0.0013941506889641,0.009189614199652
N5.HOG0059271,,0.0481996584950647,0.167325426652225,0.288059379016225,0.773301286113784,0.237020728338846,0.074187908345732,3.19487007551524,0.0013989380230885,0.0092140274957022
N5.HOG0010395,,-0.859719100115276,0.688336309730996,-1.24898118544881,0.211671955445138,1.21627585756691,0.380817091149563,3.19385837934787,0.0014038496793351,0.0092392212072386
N5.HOG0039376,,-1.27883387467412,0.546868611087294,-2.3384664044468,0.0193630664814429,0.865347876659326,0.271190142127364,3.19092674192013,0.0014181723436995,0.0093190578384395
N5.HOG0038295,,-0.836402951906249,0.441577569475579,-1.8941246334128,0.0582084687505752,0.658529094523641,0.206414763589376,3.19031973814462,0.0014211546754745,0.0093314439439293
N5.HOG0027671,,0.956519432444708,0.154255923937289,6.20086028484436,5.61553493834933e-10,0.218441047562091,0.0684807670079059,3.18981601851616,0.0014236339401906,0.0093405102951186
N5.HOG0069303,,-0.0424722175693851,0.254313739075155,-0.167007168876683,0.867364408200226,0.359775173106867,0.112833806541974,3.18854059907152,0.0014299292854083,0.0093745807945739
N5.HOG0068946,,-0.105856251198589,0.117004137772319,-0.904722287724356,0.36561253055927,0.166436871779985,0.0522382560435346,3.18611080050756,0.0014419936011071,0.0094391188374668
N5.HOG0066073,,-1.61095657854833,0.587914949660138,-2.74011841250098,0.0061417052787057,1.16343721712329,0.365228576787396,3.18550434184822,0.0014450193553916,0.0094516489694198
N5.HOG0070391,,-0.373902955620107,0.354047560485029,-1.05608115222677,0.290931140543121,0.509995880237036,0.160120117491189,3.18508310028626,0.0014471244641253,0.0094581426669531
N5.HOG0055866,,0.168323874558817,0.262102266043476,0.642206864899429,0.520738876277392,0.370557737125797,0.116378107499595,3.1840845764491,0.0014521257744392,0.0094835408986023
N5.HOG0050600,,0.0289018823196439,0.208207134602187,0.138813121725466,0.889597824739546,0.29330450359026,0.0921673865738704,3.18230248782395,0.0014610913352856,0.0095274580581322
N5.HOG0059369,,-0.960376070979943,0.505208232265148,-1.90095095377605,0.0573084371100162,0.775723099870569,0.243902813966072,3.18045982027283,0.001470415286332,0.0095662492679673
N5.HOG0062610,,-0.0872917327759314,0.199036875802252,-0.438570653925747,0.66097266471693,0.280221632748925,0.0881141517284617,3.18021143314725,0.0014716763175849,0.0095664312396884
N5.HOG0064495,,0.0018463896562698,0.133244481911848,0.0138571566325077,0.988943942499577,0.188633673175647,0.0593226836062585,3.17978995063106,0.0014738184136326,0.0095664312396884
N5.HOG0073069,,-0.915294680712447,0.465241232935961,-1.9673550320043,0.0491422947059455,0.69893847770801,0.219806457800407,3.17979046067279,0.0014738158197176,0.0095664312396884
N5.HOG0025668,,-1.57971046564974,0.636254699733118,-2.48282718589326,0.0130344305069239,1.09232303716204,0.343553404504172,3.17948540995691,0.001475367965,0.0095691845261429
N5.HOG0061343,,-1.69449024471984,0.683813283778087,-2.47800135639036,0.0132120642994221,1.19475547414197,0.375823295593975,3.17903516931729,0.0014776616115344,0.0095694623145108
N5.HOG0056995,,0.162186336397566,0.242339542822833,0.669252464985192,0.503334443844953,0.341336559707709,0.107407548931891,3.17795688573207,0.0014831680408323,0.009597812584713
N5.HOG0006965,,1.11657588707293,0.492081006025897,2.26908958768909,0.0232628784365334,0.876288011795555,0.275760368574228,3.17771555182585,0.0014844030379427,0.0095984996501008
N5.HOG0070264,,-0.709449055533705,0.492007924997131,-1.44194639860291,0.149317495457509,0.748601855383097,0.23568268639647,3.17631246838295,0.0014916019357791,0.0096230955887556
N5.HOG0064331,,0.208752531625776,0.140496517386555,1.48581997268605,0.137326745767765,0.198365298662669,0.0624859304919067,3.17455941043178,0.0015006416725029,0.0096667467944582
N5.HOG0013937,,-1.4274924452845,0.692576731192477,-2.06113255180641,0.0392903960551172,1.21609955608738,0.383142389659717,3.17401464548845,0.0015034610443098,0.0096736595847012
N5.HOG0059592,,0.244861869605691,0.233399279895506,1.04911150417995,0.294126801947884,0.32812285360209,0.103387185291396,3.17372847202754,0.0015049440582694,0.0096736595847012
N5.HOG0039945,,-0.533495503748155,0.385619213155745,-1.3834774968349,0.166518502653584,0.558831902685503,0.176082531045067,3.17369303683211,0.0015051277850007,0.0096736595847012
N5.HOG0072839,,-1.0400592111713,0.560477161913,-1.85566742384545,0.0635009768265817,0.888107026906632,0.279888694991779,3.17307216332092,0.0015083502854825,0.0096870489980876
N5.HOG0007063,,-1.02355266820113,0.578969458500317,-1.76788715393106,0.0770797707860376,0.92889692134807,0.292805009486401,3.17240788665951,0.0015118050970007,0.0097019090417232
N5.HOG0071620,,-0.415093383744259,0.317487763973076,-1.30743112285568,0.191066333020202,0.451065503619923,0.142218851460613,3.17162949206381,0.0015158626950348,0.0097132868432144
N5.HOG0040207,,-1.12817975678179,0.537969909289984,-2.09710568806863,0.0359842205818787,0.839402932272372,0.264679739059474,3.17139096197974,0.0015171081059773,0.0097139469084103
N5.HOG0061948,,0.067110910854652,0.180261271687633,0.372297999599967,0.709670987841983,0.253203393917403,0.0798591194002161,3.17062591998375,0.0015211088979346,0.0097262444942089
N5.HOG0035477,,-1.02006008102331,0.645813360615917,-1.57949671411331,0.114222169608471,1.08656268467925,0.343188288909414,3.16608322542746,0.001545065805523,0.0098410850945606
N5.HOG0044302,,-0.842625847184088,0.51507387470376,-1.63593202561228,0.1018538144767,0.790889087401247,0.249771518024894,3.16645025684002,0.0015431173566677,0.0098410850945606
N5.HOG0008201,,0.657645081208812,0.39973372403866,1.64520790131084,0.0999269446634995,0.580565787895427,0.183388589680948,3.16576832236657,0.0015467393277611,0.0098443703051603
N5.HOG0057645,,-0.156426818187613,0.388677793609183,-0.402458850903379,0.68734636619347,0.562094343437315,0.177601741329997,3.16491459615198,0.0015512847753173,0.009853805335687
N5.HOG0069977,,-0.277290139647671,0.290492084384687,-0.954553168755077,0.339803709499348,0.409693973947752,0.129451838568856,3.16483704269549,0.0015516982978114,0.009853805335687
N5.HOG0067604,,-0.0209508178292034,0.112865647827502,-0.185626169099951,0.852737930244188,0.159447892691259,0.0504410240016814,3.16107564917683,0.0015718766895642,0.0099596305674553
N5.HOG0053478,,-0.723543488391018,0.465668465148156,-1.55377385960807,0.120238367959854,0.694575628232347,0.219749433073735,3.16076186644491,0.0015735708813377,0.0099629412532404
N5.HOG0018516,,0.024792806786583,0.175557468299663,0.141223310103012,0.887693531819555,0.245789869283604,0.0778011303322694,3.15920691940973,0.0015819912670299,0.0100013602098364
N5.HOG0021731,,-0.825845752611702,0.515991558017401,-1.60050244966188,0.109487163924187,0.790204550083861,0.250166163313127,3.15871874764606,0.0015846433701709,0.0100106839373526
N5.HOG0066043,,0.0106289978022496,0.134524864214983,0.0790113995972035,0.937023555844689,0.189071657734575,0.0598897676685081,3.15699434302523,0.0015940443874168,0.0100625971541825
N5.HOG0057347,,0.119929984184134,0.179935072162986,0.6665181097963,0.505079992185505,0.251612224980166,0.0797198992314486,3.15620350007803,0.0015983730122607,0.0100750331093521
N5.HOG0041026,,-0.688560806571984,0.494751553178445,-1.39173045975995,0.164004034901574,0.747850125060772,0.236946257078437,3.15620147067024,0.001598384133991,0.0100750331093521
N5.HOG0022781,,-0.564365154717522,0.454644373289793,-1.24133319991138,0.214482684939746,0.673205185246167,0.213332916342135,3.15565547403153,0.0016013789395778,0.0100789672798146
N5.HOG0030493,,-0.210880012745213,0.252630829112424,-0.834735861359855,0.40386644551427,0.353582642323873,0.112043425921945,3.15576428884096,0.0016007816757466,0.0100789672798146
N5.HOG0055902,,-1.24361822240307,0.558837821420029,-2.22536516809652,0.0260567338697029,0.876932712538351,0.278111698348682,3.15316729841008,0.0016150921604982,0.0101350044994361
N5.HOG0061951,,0.278575858339304,0.168661934021192,1.65168186856141,0.0985994207684475,0.235796923912466,0.0747859015592743,3.15295956853013,0.00161624190844,0.0101350044994361
N5.HOG0036148,,0.340711713894764,0.260672457053234,1.30704915182191,0.191196018877177,0.36459290604061,0.115692941311778,3.15138418910172,0.0016249859038314,0.0101755624287365
N5.HOG0029313,,-0.568838234601998,0.428131084817488,-1.32865436492306,0.183962027221198,0.625442241931023,0.198480748444341,3.15114814324883,0.0016262997981914,0.0101755624287365
N5.HOG0057663,,-0.387911213333704,0.364935196303004,-1.06295916991142,0.287800467890915,0.52109636578097,0.16538435132947,3.15082026559373,0.0016281264752388,0.0101795012924433
N5.HOG0068135,,-1.46104513685278,0.577381770139727,-2.5304663437836,0.0113911012825301,1.22243895761208,0.388105822882689,3.14975680738906,0.0016340642323442,0.0102091191024528
N5.HOG0035079,,-1.72633279464794,0.891044365998863,-1.93742630616683,0.0526932535713957,1.83664570336255,0.58344320093036,3.14794259395573,0.0016442398042223,0.010257619222827
N5.HOG0069619,,-1.69533636405362,0.954203988120239,-1.77670224098874,0.0756172434021575,1.83044271978946,0.582416280855248,3.14284263671604,0.0016731576344418,0.0104150997031004
N5.HOG0061004,,0.35669076025265,0.167274167473866,2.13237205504775,0.0329762728060112,0.233032734201604,0.0741831489181475,3.14131629082945,0.0016819028755469,0.0104592455224141
N5.HOG0010631,,-1.18841296623537,0.640103726005781,-1.85659435799728,0.0633688872474508,1.05940986064858,0.337265378052897,3.14117585020072,0.0016827096428866,0.0104592455224141
N5.HOG0057204,,0.158088804978839,0.163194513510808,0.968713969470358,0.332687920681879,0.2271350657296,0.0724021647535577,3.13713086483977,0.0017060995823661,0.0105731739592243
N5.HOG0063973,,0.137603221998966,0.130330239416552,1.05580426012391,0.291057651517487,0.182012538625235,0.0580702073080005,3.13435317459524,0.0017223342266343,0.0106432991723794
N5.HOG0054138,,-0.189316645415332,0.30382931526493,-0.623101971744411,0.533217514099659,0.42503062712323,0.135635025885094,3.13363472561508,0.001726556376696,0.0106554019302838
N5.HOG0035674,,-0.561038121512063,0.342645136430629,-1.63737366114826,0.101552418160215,0.48331828824694,0.154248190725368,3.13338059898198,0.0017280520945097,0.0106554019302838
N5.HOG0031007,,-0.933305764221422,0.582800542385432,-1.60141540088716,0.109284943882841,0.921092987966996,0.294026869013494,3.13268304715622,0.0017321638145284,0.0106730156718521
N5.HOG0064868,,-0.0491939793023248,0.256017835823598,-0.192150594289925,0.847624244717053,0.355525073989483,0.113559046840519,3.13075077575086,0.0017436006130205,0.010713321709116
N5.HOG0062473,,0.0426362307764537,0.127687851389656,0.333909845865788,0.738447589874216,0.178187806070586,0.056919658439541,3.13051432414786,0.0017450048893961,0.010713321709116
N5.HOG0070884,,-0.684063687866618,0.454738410356328,-1.50430153311789,0.132503744516594,0.666896747891827,0.213026318763497,3.13058382533577,0.0017445920168178,0.010713321709116
N5.HOG0047689,,-1.03738324553541,0.644571920590407,-1.60941426766652,0.10752578755237,1.06422696935492,0.34013433541942,3.12884310266008,0.0017549598931454,0.0107666659138591
N5.HOG0070177,,-0.418060357310628,0.305154754427249,-1.36999457241062,0.170688595923228,0.426086964098806,0.13624427115316,3.1273752686439,0.0017637464158098,0.0107972006010939
N5.HOG0032635,,-0.88994140704568,0.51769065959518,-1.71906019656911,0.0856034114928517,0.782825479762623,0.25044742275055,3.12570786780398,0.0017737766092174,0.0108507909133555
N5.HOG0025420,,-0.383923847395971,0.475669800166694,-0.807122603245842,0.419595850807085,0.702355532585561,0.224941784544187,3.12238801700977,0.0017939033640507,0.0109660238481154
N5.HOG0053363,,-0.511696638291748,0.428260518984242,-1.19482561573829,0.232155169924626,0.61888630269596,0.198226351956896,3.12211921667477,0.001795542130354,0.0109681564410958
N5.HOG0057469,,-0.1804823964304,0.227165574033131,-0.794497129235252,0.426906079541093,0.313872064021412,0.100584152936522,3.12049219343226,0.0018054908349573,0.0110052104610914
N5.HOG0014976,,-0.968876346046638,0.470453037837741,-2.05945390532434,0.0394507763786608,0.6918330352811,0.221843727917799,3.11856026661006,0.0018173697049704,0.0110696818118721
N5.HOG0025741,,-0.394396393838064,0.405673378728781,-0.972201811895928,0.330950159360527,0.579995246037516,0.186089990922242,3.11674606013533,0.0018285900950588,0.0110997725543166
N5.HOG0048071,,-0.474230988070777,0.437987301465235,-1.08275054204607,0.278919163537816,0.633842457183236,0.203468300119382,3.11519021297832,0.0018382632670882,0.0111331451932588
N5.HOG0067537,,0.0666127265630375,0.153845925819519,0.432983364416051,0.665026855390452,0.212870333538438,0.0683300997074043,3.11532303406504,0.0018374356463303,0.0111331451932588
N5.HOG0057827,,0.284529173199507,0.150462705104531,1.89102789958373,0.0586206200230873,0.208179986600487,0.0668550983294979,3.11389844308453,0.0018463302910341,0.0111684162879441
N5.HOG0037213,,-1.05374949175222,0.463821807659557,-2.27188431925923,0.0230934982456728,0.678666788926662,0.217951922619895,3.11383712870588,0.0018467140029343,0.0111684162879441
N5.HOG0057436,,-0.14232723855345,0.371280308422227,-0.383341737562856,0.701466396383437,0.524029358530982,0.168353600904782,3.11267092426115,0.0018540261980149,0.0112046692428647
N5.HOG0002298,,-1.40555935324032,0.514489668008479,-2.73194864861145,0.0062960953348521,0.771912659060895,0.248108833729114,3.11118571418409,0.0018633770926422,0.0112531826804648
N5.HOG0037563,,0.175296623632736,0.228862096198562,0.765948693752447,0.443706830750769,0.315006045444049,0.101337941811415,3.10847092227569,0.0018805815037373,0.0113409730759362
N5.HOG0046839,,0.468355035718552,0.190201622501058,2.46241346188278,0.0138005472034559,0.261817290143677,0.0842365955718401,3.10811813281781,0.0018828279121946,0.0113464730490214
N5.HOG0064601,,0.109353527359227,0.157935062658897,0.692395504318154,0.48868898831736,0.217790989382578,0.0701177213744956,3.10607625452297,0.0018958781853013,0.0113909200337208
N5.HOG0065043,,-0.0183621402262117,0.198132039783603,-0.0926762791432749,0.926160742392568,0.272465310807205,0.0877246037942093,3.10591668725428,0.0018969015206052,0.0113909200337208
N5.HOG0043766,,-0.55209333450396,0.390605627916949,-1.41342903185549,0.157529614396979,0.553396077409754,0.17815665236838,3.10623302612063,0.0018948732729897,0.0113909200337208
N5.HOG0024170,,-0.0357073184040986,0.173812289773037,-0.205436096899276,0.837231420406511,0.239365810825188,0.0770536760537759,3.10648139172664,0.0018932822407814,0.0113909200337208
N5.HOG0028356,,-0.588273348975022,0.390311535602524,-1.50718924580824,0.131762156014578,0.552963449979976,0.17800652264717,3.10642240383524,0.00189366000658,0.0113909200337208
N5.HOG0068857,,-0.0071668023041804,0.133090816375214,-0.0538489619296912,0.957055500100958,0.184025333620732,0.059285925682675,3.10403070377475,0.0019090351854343,0.0114507933459234
N5.HOG0040319,,-1.03751610551326,0.481404578388447,-2.15518537232541,0.0311473311133769,0.707585481841272,0.227978339505345,3.10373995782473,0.0019109120572559,0.0114507933459234
N5.HOG0060204,,-1.05213154039983,0.549829079641988,-1.91356110354313,0.0556762590263695,0.838769641022739,0.270462615090614,3.10124059379417,0.0019271164040584,0.0115235323027046
N5.HOG0072555,,-1.4663494410451,0.752035346479512,-1.94984111838559,0.0511950589832454,1.3369257961668,0.431432933766289,3.0988032937027,0.001943039791526,0.0116105840377982
N5.HOG0067365,,0.0789160185798294,0.0887638123340373,0.889056210011029,0.373972871464491,0.123474008288247,0.0399110551912054,3.09372948664747,0.0019765762041255,0.0117944031901756
N5.HOG0037875,,-0.109301521227563,0.197668454232657,-0.552953791498336,0.580295052021599,0.270689721982383,0.0875226448247207,3.09279641313955,0.00198280108997,0.0118232506108085
N5.HOG0023041,,-0.787813196762694,0.590144432420413,-1.33494980801829,0.1818927744134,0.813917951920312,0.26325244073392,3.09177741961744,0.0019896197331666,0.0118307237580376
N5.HOG0061605,,0.340305584352602,0.157431746618106,2.16160711967521,0.0306484722139323,0.216131087734513,0.0699036530329814,3.09184253407386,0.0019891833738387,0.0118307237580376
N5.HOG0011639,,-0.883851063503888,0.551757684879411,-1.60188265197803,0.109181561389195,1.28557584514709,0.415749570758063,3.09218802752583,0.0019868695462171,0.0118307237580376
N5.HOG0036592,,-0.834762838797963,0.569440896721278,-1.46593411819269,0.142666235982316,0.875802612458191,0.28329007028696,3.09154010082684,0.0019912108498208,0.011831910829876
N5.HOG0044477,,-0.688968897556799,0.411165812380449,-1.67564733450966,0.093807291327974,0.583334641360222,0.18874980972546,3.09051777169308,0.0019980784714186,0.0118644277016493
N5.HOG0067687,,0.0501854508382834,0.139055060131022,0.360903449259573,0.718171624994521,0.191221807211041,0.0618917491163205,3.08961711280214,0.0020041467631295,0.0118838631507966
N5.HOG0072813,,-1.34660246110374,0.826857130521175,-1.62857936564563,0.103402095372925,1.56059224381852,0.505226667258063,3.08889523248658,0.0020090227198715,0.0118912563103634
N5.HOG0062451,,0.0465658001070682,0.204259029907511,0.227974254690984,0.819666255322306,0.279201556094397,0.0904271823907219,3.08758438240406,0.0020179047293866,0.0118967953462113
N5.HOG0037025,,0.334775034814092,0.270858668238138,1.23597681769504,0.216467180901175,0.371455215803404,0.120274305887286,3.08840041156846,0.0020123712851056,0.0118967953462113
N5.HOG0070129,,-0.350651952818033,0.48436143695665,-0.723946883594319,0.469098345291705,0.708489818653594,0.229435333695691,3.08797170532283,0.0020152765776507,0.0118967953462113
N5.HOG0052852,,0.279814527765942,0.160587969325181,1.74243767414067,0.0814318884457178,0.220124809795791,0.0712824342593869,3.08806527278217,0.0020146421536501,0.0118967953462113
N5.HOG0072489,,-1.09387437046828,0.524247892626543,-2.08655940415486,0.0369279801437926,0.78309624061642,0.25363975607467,3.08743492240972,0.0020189197201264,0.0118967953462113
N5.HOG0072749,,-1.74566786561955,0.903609838725791,-1.93188231336788,0.0533740332672634,1.81880595417256,0.58920425733779,3.08688528896668,0.0020226563405935,0.0119023173294043
N5.HOG0063090,,-0.598704977728108,0.399249518352947,-1.49957595490156,0.133724280078702,0.563306649134563,0.182479449472535,3.08695938508597,0.0020221522367273,0.0119023173294043
N5.HOG0031849,,-1.28230174861034,0.715553668840819,-1.79204133029971,0.0731263457447699,1.22503133252262,0.396936384959621,3.08621577396398,0.0020272165351506,0.01192090202628
N5.HOG0053542,,0.198777480629576,0.231070442583709,0.860246245287584,0.389653317487736,0.315741022862091,0.102317550304024,3.0858931036162,0.0020294176718131,0.0119243822092286
N5.HOG0060921,,-0.245259191324659,0.248195629229143,-0.98816885730984,0.323069957487121,0.339407039659112,0.109992889676299,3.08571800102681,0.0020306130740542,0.0119243822092286
N5.HOG0061223,,0.0173473102853036,0.198265937737041,0.0874951617171439,0.930277931074765,0.270720042664078,0.0877871366355696,3.0838235878215,0.0020435873537023,0.0119922891873447
N5.HOG0061100,,0.210280749326731,0.165628025277776,1.2695964283464,0.204228422313612,0.226573280807179,0.0734846879588376,3.08327199993139,0.0020473792887224,0.0120062553338129
N5.HOG0030891,,-0.0634720769304618,0.215979642310688,-0.293879905769807,0.768849673329288,0.294675189628849,0.0956083278312694,3.08210797441092,0.0020554026697035,0.0120318767806917
N5.HOG0039885,,0.65840735492404,0.118829101419539,5.54079217177163,3.01106402051744e-08,0.16358975910226,0.0530743055429416,3.08227790130766,0.002054229604295,0.0120318767806917
N5.HOG0064490,,-0.0509043863229583,0.216397409141718,-0.235235655199647,0.814025833474672,0.295237491785283,0.0957934272030063,3.0820224352096,0.0020559934095517,0.0120318767806917
N5.HOG0062606,,0.126842344611962,0.192056570425784,0.660442620269416,0.508969829189817,0.261991033536685,0.0850576503563999,3.08015836834097,0.0020689055335314,0.0120824931593395
N5.HOG0035913,,0.0613712649479086,0.195197411314064,0.314406141632508,0.753212592143471,0.266075282889041,0.0864383408960397,3.07820904625012,0.0020824877426585,0.0121402988372962
N5.HOG0049114,,-1.39527705706612,0.748731485093648,-1.86352128212105,0.0623889611457059,1.3106636688918,0.426209415496461,3.07516357273596,0.002103871342573,0.0122362707255016
N5.HOG0049833,,0.0692659768492322,0.279970907637204,0.247404194363614,0.804595428436025,0.382472663093664,0.124431892912762,3.07375106285501,0.0021138573904742,0.0122775547552497
N5.HOG0010275,,-0.488439842093244,0.434939193911373,-1.12300719027123,0.261434440705245,0.618554861485939,0.201301640988735,3.07277605114285,0.0021207757869517,0.0123009331355796
N5.HOG0027166,,-0.592540136667341,0.500091276383511,-1.18486397313784,0.236071233763436,0.731889999137247,0.238426562798969,3.06966635992797,0.0021429801967947,0.0123880083268893
N5.HOG0042108,,0.137764520612083,0.137742951661351,1.00015658841685,0.317234734170667,0.188146681392346,0.0613288682167304,3.06783227643225,0.0021561759996899,0.0124468292704617
N5.HOG0046856,,-0.470173966949804,0.344286036569229,-1.36564924803525,0.172049081059937,0.474716158860137,0.154771659192173,3.06720339717172,0.0021607177625416,0.0124645851952325
N5.HOG0048582,,-0.602553143145805,0.409714356913874,-1.47066641180081,0.141381353984807,0.575884860601381,0.187773137321771,3.06691824408587,0.002162780025321,0.0124680231890246
N5.HOG0045924,,0.246712164925284,0.273025408329089,0.903623462868012,0.36619509564787,0.371764475493118,0.121239311034016,3.06636908707615,0.0021667566820958,0.0124740339288258
N5.HOG0048880,,-0.638004914517591,0.495787580904919,-1.28685134337793,0.198146107244181,0.723033695420543,0.235791273240539,3.06641414452583,0.0021664301515526,0.0124740339288258
N5.HOG0004029,,-0.220982372373474,1.4583203592836,-0.151532117731683,0.879555977065586,3.697847174282,1.20691382896486,3.06388665498478,0.0021848166976756,0.0125432708534342
N5.HOG0067469,,0.0046257502067946,0.107222279182256,0.0431416888549051,0.965588587317381,0.147123866627168,0.0480103233167902,3.0644214923609,0.0021809140649448,0.0125432708534342
N5.HOG0007745,,-0.333594743425042,0.869680904219181,-0.383582923123454,0.701287598940015,1.67594963616137,0.547626676228419,3.06038713764615,0.0022105105581316,0.0126488503926385
N5.HOG0059751,,-0.305274765890053,0.310232177888411,-0.984020316550975,0.32510552368152,0.423571491285451,0.138468949423575,3.05896371026655,0.002221040527249,0.0126920222182785
N5.HOG0025153,,-1.75177855246268,0.889311507691515,-1.96981433087486,0.0488596535411155,1.74112062776412,0.569160468579873,3.05910322990007,0.0022200063862784,0.0126920222182785
N5.HOG0054387,,-0.0613260744519659,0.169380408610154,-0.362061202680849,0.717306295317977,0.229753425648038,0.0751331851594009,3.05794869684545,0.0022285772613537,0.0127265377181805
N5.HOG0016649,,-0.195026401177862,0.346138709429016,-0.563434241433367,0.573139226184037,0.47578801120128,0.155631025851156,3.05715398712542,0.0022344945342217,0.0127465795983335
N5.HOG0010773,,-0.762349917056557,0.554811316675598,-1.3740705968734,0.169419766617806,0.831488928941138,0.272314316510185,3.05341613910351,0.0022625194908275,0.0128427428731177
N5.HOG0028794,,-1.63773022541347,0.787044162140149,-2.08086191880277,0.0374465466558,1.40574305854711,0.46065094548267,3.05164479164191,0.0022759125208958,0.012875789151035
N5.HOG0070525,,-0.976463823973001,0.547464621211035,-1.78361082367841,0.0744869256072448,0.815719064868768,0.267440074118424,3.05010035447255,0.0022876491257259,0.012933582855798
N5.HOG0056733,,0.239584708620645,0.159113773661765,1.50574461975831,0.1321327448642,0.215441747233652,0.0706545199937758,3.04922809259239,0.0022943021576051,0.0129346479628626
N5.HOG0072921,,-1.07281033500142,0.484274585383809,-2.21529348716736,0.0267399265932525,0.697328290227215,0.228699338849829,3.04910496783335,0.0022952426972582,0.0129346479628626
N5.HOG0071853,,-1.06684892891284,0.583457855670315,-1.82849355535229,0.0674755120121257,0.888502173942068,0.29140020965419,3.04907870518168,0.0022954433611351,0.0129346479628626
N5.HOG0069095,,-0.218198637668659,0.307473734467531,-0.709649681285868,0.477921403034971,0.418219177352853,0.137150951883282,3.0493348504702,0.0022934869289517,0.0129346479628626
N5.HOG0040700,,-0.424331865157854,0.548360141026278,-0.773819673260167,0.439037436821489,0.815906922742913,0.267892574713471,3.04564963629761,0.0023217821457632,0.0130657479072566
N5.HOG0057375,,-0.512921019429674,0.417353315788563,-1.22898513088495,0.219077380970287,0.583092154590404,0.191579862025116,3.04359836376728,0.0023376700498823,0.0130944937554382
N5.HOG0060294,,0.283618842547765,0.133733121187099,2.12078234643884,0.0339401229783975,0.181302224612518,0.059591537232108,3.04241563540054,0.0023468759311931,0.013120996312556
N5.HOG0064512,,-0.525337412854065,0.423952899689758,-1.23914098296886,0.215293291937471,0.59354933359825,0.195069849026393,3.04275282192863,0.0023442480298342,0.013120996312556
N5.HOG0035592,,-0.167383731996678,0.241616516307269,-0.692766101237105,0.488456348930137,0.325476945120293,0.107017267189583,3.04134980893977,0.0023552003197536,0.013145877745283
N5.HOG0025506,,-0.982460539811933,0.582291858683316,-1.68723042433305,0.0915590533912406,0.882775426436839,0.290305075751679,3.04085426047441,0.002359079885006,0.013145877745283
N5.HOG0069026,,-0.281553433650124,0.330590579877607,-0.851668047390709,0.394398359877588,0.450046529056023,0.14806697384747,3.03947948257276,0.0023698734428916,0.0131880040461256
N5.HOG0054296,,0.276281925350055,0.200577614211091,1.37743150668495,0.168378877463619,0.269954185418466,0.0888122208268171,3.03960629410308,0.0023688759396307,0.0131880040461256
N5.HOG0067768,,-0.0114249247446512,0.0919087991794698,-0.124307191984326,0.90107205309084,0.125478525621182,0.041309494180241,3.03752268361592,0.0023853145118716,0.0132652499225832
N5.HOG0033491,,0.0498782291332714,0.133944137604577,0.37238082998839,0.709609324764533,0.181267532395136,0.0596858183389216,3.03702851765927,0.0023892285069022,0.01326965919114
N5.HOG0068179,,0.0653624607816363,0.126836781806728,0.515327335261743,0.606324300414882,0.171654363978374,0.0565880091094749,3.03340525103636,0.0024181063218672,0.0134212788261479
N5.HOG0019381,,-0.936879252619445,0.504629422028962,-1.85656882401454,0.0633725228369354,0.729117277039329,0.240403557936437,3.03288887775991,0.002422247780652,0.0134247933733809
N5.HOG0031555,,-0.505446936542386,0.482682394206318,-1.04716257027253,0.295024605090296,0.689822860434368,0.227487967452661,3.03234877940486,0.0024265864666169,0.0134247933733809
N5.HOG0069584,,-0.83285089317956,0.502310118788315,-1.65804124190965,0.0973091423339275,0.72476406338649,0.239008288369038,3.032380459825,0.0024263317771153,0.0134247933733809
N5.HOG0061085,,0.285122224274117,0.163780466336737,1.74088052532405,0.0817045230326812,0.220430441911567,0.0726978180052086,3.03214660302148,0.002428212406653,0.0134247933733809
N5.HOG0064121,,-1.48166175230514,0.517971779240237,-2.8605067142431,0.0042296459666232,1.4827380171102,0.489006038260546,3.03214664257416,0.0024282120884656,0.0134247933733809
N5.HOG0043730,,0.120179057883142,0.170319538447391,0.705609344521935,0.480431111482189,0.229020015796155,0.0755534732776052,3.03123080728095,0.0024355899011377,0.0134568315656041
N5.HOG0063534,,-0.039888020252504,0.164313418027189,-0.24275570876326,0.808194648593119,0.221001886289124,0.0729311854001448,3.03027964068558,0.002443274049621,0.0134905213377899
N5.HOG0027707,,-1.57747664679603,0.744675156660579,-2.11834198131446,0.0341461156470236,1.26784434931923,0.418495952819252,3.02952595067701,0.0024493786003829,0.0134979328995489
N5.HOG0057690,,0.164558928611019,0.272587139960395,0.603692927828248,0.546047816907506,0.366580370036002,0.120998070028619,3.02963815827224,0.0024484688858022,0.0134979328995489
N5.HOG0066838,,0.0465808385953787,0.121637834699663,0.38294695651556,0.701759094028193,0.164444037241029,0.0543222221309922,3.02719643619309,0.0024683349677667,0.0135847885734545
N5.HOG0015968,,-0.745645561791851,0.388711915817477,-1.91824724545356,0.0550796681432198,0.534395504111353,0.176612358872196,3.02581035395185,0.0024796777817643,0.0136383877259955
N5.HOG0038774,,-0.868714924034157,0.469438609805849,-1.85053999796361,0.0642357586871097,1.30634129046861,0.431792068419734,3.02539436458279,0.0024830912661813,0.013648333951352
N5.HOG0023746,,-1.47508079293449,0.698359132449435,-2.11220949851514,0.0346684841770308,1.14076803436637,0.377454059710603,3.02226987634204,0.0025088676160383,0.0137557575188755
N5.HOG0018564,,-0.549989619460856,0.550617829605677,-0.998859081360895,0.317862960654454,0.811635327615643,0.268652905529293,3.02112990744165,0.0025183328947419,0.0137974456857591
N5.HOG0068492,,-0.0065458079570834,0.106384366210335,-0.0615297923018277,0.950937288523099,0.143935597203422,0.0476600188294118,3.02004910486097,0.0025273370641248,0.0138378615932756
N5.HOG0013382,,-1.51370397146593,0.783988261880364,-1.93077376928498,0.0535110355491594,1.37207466528278,0.454418210657707,3.01940950671166,0.0025326794178752,0.013849276926673
N5.HOG0059819,,-0.0205606642784533,0.249918995966864,-0.0822693136986651,0.934432555799986,0.334301487017094,0.110731508193193,3.0190276685642,0.0025358737086317,0.0138578322582124
N5.HOG0043278,,-1.24021515498511,0.628747076930565,-1.97251836309064,0.0485504621438042,0.973326094789397,0.322431754497637,3.01870421015412,0.0025385825024387,0.0138637252007775
N5.HOG0038879,,-0.900428627491483,0.730577544282663,-1.2324887817016,0.217766554674967,1.22203100249597,0.404899092168886,3.01811247822272,0.0025435447958407,0.013881909507826
N5.HOG0051052,,0.121574272304153,0.206159765212444,0.589709016106382,0.55538574953509,0.275438982191903,0.0912738660955008,3.01772012049657,0.0025468400170309,0.0138909779394074
N5.HOG0051341,,-0.028278027719394,0.299464103189837,-0.0944287726581637,0.924768560640526,0.402259011172016,0.133344856613807,3.01668186825562,0.0025555786357161,0.0139297050984195
N5.HOG0007085,,-0.0979705750600368,0.278216922344811,-0.352137369051247,0.724735244491016,0.372211654149875,0.12354889282224,3.01266685315752,0.0025896303274889,0.0140882180959293
N5.HOG0021879,,-0.723817632463565,0.419834908473361,-1.72405299763083,0.0846982761389781,0.580103881255702,0.192590793199778,3.01210598709124,0.0025944199658848,0.0141052504199407
N5.HOG0060547,,0.399972434717465,0.182745104547617,2.18869028370194,0.0286193586683376,0.243661609746265,0.0809950798942913,3.00835075493813,0.0026266978195033,0.014235228466855
N5.HOG0066344,,-0.0660823048759732,0.149307799269428,-0.442591111779276,0.658061514876003,0.199692752891139,0.0663958279785648,3.00760995036628,0.0026331085471712,0.0142608818605496
N5.HOG0068576,,-0.0933384004173851,0.226301614453342,-0.412451323614526,0.68000865157494,0.301231734617227,0.100181604722485,3.00685675231171,0.0026396411851277,0.0142871624398277
N5.HOG0063635,,0.130628165385741,0.14174487811357,0.921572385007644,0.356751668277528,0.189605981999138,0.0631002897194791,3.00483536354678,0.0026572463939648,0.0143600136827737
N5.HOG0065932,,-1.72633975748113,0.726611741188069,-2.37587649582764,0.017507321596714,1.43561569215883,0.477925921307766,3.00384563413196,0.0026659054840483,0.0143835407014445
N5.HOG0020941,,-0.213616429172892,0.559957205285067,-0.381487062148156,0.702841869615297,1.17062816055861,0.389756851515503,3.00348321269228,0.0026690827353095,0.0143915514456252
N5.HOG0031900,,-0.381144689057802,0.313463194089167,-1.21591528525477,0.224017194715294,0.419764947823222,0.139847814566893,3.00158389405819,0.002685790214414,0.0144632944841428
N5.HOG0031917,,-0.542531334707227,0.367913715462093,-1.47461568271739,0.140315896187325,0.497856563439014,0.166031701189655,2.99856328563616,0.0027125581428555,0.0145735710128047
N5.HOG0025550,,-0.152709747026319,0.307265167934967,-0.496996610623435,0.619191441464549,0.410604789690279,0.13694007510177,2.9984267891275,0.0027137734799054,0.0145735710128047
N5.HOG0026751,,-0.703736231654553,0.428592431021428,-1.64197074124104,0.10059606784065,0.59079402598876,0.197080788924998,2.99772509137659,0.0027200291101448,0.0145922263310946
N5.HOG0036151,,-0.853638096539925,0.520246648989607,-1.64083343582859,0.10083199554032,0.746368818614183,0.249051468251964,2.99684568757124,0.0027278875903968,0.0146251577401818
N5.HOG0065343,,-1.42105274569161,0.613765972901382,-2.31530063319418,0.0205964851356098,0.928169360753018,0.310332421298908,2.99088750336858,0.0027816794894262,0.0148480213791015
N5.HOG0049987,,-0.165863766262679,0.335938209481818,-0.493732959160919,0.621494785110773,0.4498212087422,0.150457335259887,2.98969277878821,0.0027925816666751,0.0148920460159919
N5.HOG0070870,,-0.479773617390214,0.377529624360687,-1.27082376171848,0.203791353370246,0.510008435370422,0.17074041096097,2.98703998953714,0.0028169287256936,0.0150079109195204
N5.HOG0015349,,-0.316979958330638,0.29881522060324,-1.06078919839066,0.288785712163874,0.39647317297609,0.132978551786083,2.98148210858756,0.0028685680772408,0.0152353031746817
N5.HOG0017357,,-0.372776357679259,0.264104438170215,-1.41147328027485,0.158105108804531,0.349066127016358,0.11710134438414,2.98088915077935,0.0028741280773635,0.0152553043808303
N5.HOG0062480,,0.221420897349299,0.177580206961857,1.24687824807445,0.21244214361168,0.234594344769717,0.0787460613687943,2.97912480563355,0.0028907300870372,0.0153338528769275
N5.HOG0063880,,0.186598008617091,0.143769741044318,1.29789486481423,0.194323464911025,0.190618924524835,0.0639944641016557,2.97867834664629,0.0028949450000548,0.0153466371492317
N5.HOG0063597,,0.101455371814078,0.137170899604542,0.739627516525512,0.459526040465422,0.182005442777621,0.0611181982501958,2.97792552772182,0.00290206489055,0.0153747957172367
N5.HOG0043744,,0.590279014088477,0.227086002945207,2.59936326516305,0.009339687871669,0.299284559098646,0.100527189927071,2.97715035420534,0.0029094129014143,0.0153945413784732
N5.HOG0058973,,0.0774857527133503,0.127446579516559,0.607986130402838,0.543196672759813,0.16917197003822,0.0568790476261468,2.9742405525168,0.0029371472013618,0.0155123326167811
N5.HOG0026827,,-0.0574940943393491,0.271499040296272,-0.211765368586972,0.832290087616873,0.357799376871202,0.120443124014624,2.97069160069077,0.0029712999493078,0.0156635212238915
N5.HOG0037847,,-1.73905562312626,0.872621308813949,-1.99290987460523,0.0462713168466013,1.60080416272242,0.5389159540911,2.97041523927832,0.0029739746148358,0.0156679074856319
N5.HOG0044542,,-0.519100510136424,0.384662753496351,-1.34949512376261,0.177177985532471,0.516821119488064,0.174184858881851,2.96708406692583,0.0030063874531129,0.0157995131505129
N5.HOG0046897,,-0.0149883010291351,0.214099392135122,-0.0700062754950547,0.94418866477187,0.280830878680377,0.0947816847204742,2.96292347523249,0.0030473231784868,0.0159751497114933
N5.HOG0025229,,-1.10533306557879,0.570271054261624,-1.93825910910024,0.0525916185080936,0.828071640298536,0.279614545165408,2.96147555488819,0.0030616879660464,0.0160126757765422
N5.HOG0026944,,0.0130519749865804,0.369380149428002,0.0353348034722272,0.971812771492067,0.493277081985688,0.166561677050029,2.96152807009457,0.0030611658863728,0.0160126757765422
N5.HOG0019004,,-1.24989338696845,0.629398888908437,-1.98585254755714,0.0470496990264973,0.948264810056902,0.32024044956062,2.96110254453475,0.0030653985840885,0.0160205223160126
N5.HOG0065770,,-0.0039134817381237,0.119913571531826,-0.0326358533744874,0.973964978191515,0.158520983148256,0.0535981720187298,2.9575818946374,0.0031006237352483,0.0161706831184596
N5.HOG0007460,,-0.725006540501501,0.478790493906842,-1.51424589612376,0.129963485124784,0.662634968006827,0.224046445588094,2.95757857826083,0.0031006570898682,0.0161706831184596
N5.HOG0061428,,0.118414755341408,0.144717015657232,0.818250395806106,0.413214224094749,0.190370679208801,0.0644178892432165,2.95524552954594,0.0031242030777314,0.0162281064636118
N5.HOG0050733,,-1.280608962476,0.812040636541479,-1.57702571133653,0.114789609104416,1.40395799666113,0.475037557319586,2.95546736258709,0.0031219572641927,0.0162281064636118
N5.HOG0002210,,-1.6926558370273,1.67995264682773,-1.00756163587322,0.313664954193329,2.1981885795885,0.74378702041442,2.95540056394601,0.0031226333714373,0.0162281064636118
N5.HOG0060706,,-1.19979605588736,0.882895768947107,-1.35893284132301,0.174167870923957,1.61916459826939,0.547889816030481,2.95527412792668,0.0031239134681637,0.0162281064636118
N5.HOG0019851,,-0.58695771017313,0.374760944301856,-1.56621899666353,0.117297356901861,0.499757180261718,0.169177922384569,2.95403308669135,0.0031365037619916,0.0162721197228095
N5.HOG0063067,,0.137505088209354,0.157878784827954,0.87095355059388,0.383779515599288,0.20721544955448,0.0701564687516344,2.95361857917988,0.0031407192116791,0.0162840540333511
N5.HOG0064559,,0.0458913671654335,0.120561237088046,0.380647779285137,0.70346462277343,0.159112509118913,0.0538829417771007,2.95292914364473,0.0031477420590756,0.0163105207716932
N5.HOG0058865,,0.165851108217806,0.164748937648992,1.00669000106794,0.314083768640753,0.215965195483808,0.0731536640577751,2.95221296520764,0.0031550524755566,0.0163296240315396
N5.HOG0005157,,-0.0753681562515024,0.20824038588371,-0.361928623651279,0.717405369353613,0.272144649874157,0.0922007624785447,2.95165292084744,0.0031607799272052,0.0163382534219131
N5.HOG0059405,,0.078039028744076,0.178018923127411,0.438374906291407,0.661114533945298,0.232777004277863,0.0789495326456001,2.94842789409261,0.003193946393293,0.0164996626046079
N5.HOG0043290,,-0.753955978752755,0.413336458285407,-1.82407325470465,0.0681409982800766,0.55598570681759,0.188626086026151,2.94755470216622,0.003202980778928,0.0165362871457488
N5.HOG0071428,,-0.710537591599059,0.487035983594012,-1.45890163259755,0.144592183735054,0.673392200809393,0.22854323634478,2.94645429713576,0.0032143991650637,0.0165751101303061
N5.HOG0046293,,0.200829169369765,0.28183903541605,0.71256690569247,0.476113796546537,0.368580819022166,0.125123115087442,2.94574522672798,0.0032217764946759,0.0165930265137209
N5.HOG0003890,,-0.303694784479475,0.286083854016742,-1.06155863120364,0.28843610251308,0.374316068725484,0.127063238409536,2.94590373589433,0.0032201259915907,0.0165930265137209
N5.HOG0014296,,-0.571695393387726,0.377298154243212,-1.51523506531443,0.129712885955481,0.501353497120251,0.170371148042972,2.94271361600378,0.003253492374318,0.0167158731487052
N5.HOG0070934,,-0.360992494209049,0.319317152978242,-1.13051394465379,0.258259725936335,0.418834822006811,0.142443995615449,2.9403473287672,0.0032784452010511,0.0168339048519554
N5.HOG0065278,,0.251609945807142,0.147913354578696,1.70106307522946,0.0889311436457674,0.193338725415341,0.0658192773655055,2.93741792912278,0.0033095775863767,0.0169732618886844
N5.HOG0059024,,0.0870258921590624,0.197768488811522,0.440039223043264,0.659908699502008,0.257326817714969,0.0876011875048245,2.9374809297054,0.0033089052200461,0.0169732618886844
N5.HOG0042695,,-0.20762125695962,0.414034491784403,-0.501458842389714,0.616048236716226,0.554063983108561,0.188868875573887,2.93359073285638,0.0033506570458196,0.0171735810434427
N5.HOG0023953,,-1.21353599767442,0.801820996466145,-1.513474956409,0.130159057822136,2.05182146455802,0.700055776779617,2.93093998023524,0.0033793806634386,0.017299946258692
N5.HOG0043747,,0.319686344021933,0.260671351744829,1.22639615700798,0.220049631502162,0.338428854956208,0.115516513789347,2.92970107783341,0.0033928821667807,0.0173481752043448
N5.HOG0012414,,-0.794968664879282,0.440445467838752,-1.80491961645141,0.0710872616554114,0.593691396561303,0.202665016872379,2.92942218505899,0.0033959282920594,0.0173533154277624
N5.HOG0022318,,-0.576075252954154,0.520071399527454,-1.10768493225658,0.267997908951594,0.724053917492155,0.247410545926461,2.92652811051704,0.0034276852777052,0.0174945676393748
N5.HOG0022864,,-1.41034824945366,0.753011894790254,-1.87294285682764,0.0610762762663026,1.21987639000737,0.417057711839021,2.92495823810165,0.0034450245238178,0.0175619826293592
N5.HOG0063516,,0.128266934696858,0.142430590805979,0.900557485376053,0.367823647852189,0.185553834504139,0.0634349602089007,2.92510366354897,0.0034434149503965,0.0175619826293592
N5.HOG0066685,,0.0028812387867059,0.139769937162813,0.0206141524078218,0.983553450876431,0.182080666373739,0.0622756654931463,2.92378515639913,0.0034580332928028,0.0176177363005043
N5.HOG0064517,,-0.847243460436519,0.481632290155676,-1.75910851027589,0.0785590797092394,0.657760829638855,0.225093942502052,2.92216139771446,0.0034761135757287,0.017699245708998
N5.HOG0019261,,-0.432366892324767,0.34451386170037,-1.25500579335413,0.209476656883751,0.45001105123986,0.15430224991428,2.91642572606593,0.0035406701296663,0.0179634076068158
N5.HOG0020029,,-0.637036968954405,0.453933095240784,-1.40337194100486,0.160505955625304,0.611466621006868,0.209737544059789,2.91538943944418,0.0035524494975181,0.0180016878953372
N5.HOG0057219,,-0.592451968726127,0.423844284878648,-1.39780572692104,0.162171414145495,0.564790550523221,0.193782045511033,2.91456594460949,0.0035618354923233,0.0180385004991494
N5.HOG0042337,,-0.471751706723004,0.362175275509174,-1.30255083276951,0.192728152843354,0.473652955267823,0.162786276386448,2.90966146398845,0.0036182043879222,0.0182804234568226
N5.HOG0066066,,0.0288198033390816,0.205817167819692,0.140026236122001,0.888639261174921,0.264968198161196,0.0911438261291131,2.90714368064652,0.003647456214632,0.0184063405798304
N5.HOG0070711,,-0.380747290045997,0.247855679996747,-1.53616527993627,0.124497849053594,0.318983439153302,0.109759114128831,2.90621368152527,0.0036583152998783,0.0184501896569464
N5.HOG0042143,,-0.963439023297238,0.453647086891892,-2.12376327576161,0.0336899432966954,0.608487688481084,0.209457895519553,2.90505968739804,0.0036718307184114,0.018485460457671
N5.HOG0062108,,0.265835009217188,0.144761570113792,1.8363645061892,0.0663037653253854,0.187210707586557,0.064460745975521,2.90425909215587,0.0036812338357341,0.0185108801639128
N5.HOG0068353,,-0.799852346869941,0.475726560959739,-1.68132791504495,0.0926992386040367,0.643405361698432,0.221526380335684,2.90441870048825,0.0036793574652178,0.0185108801639128
N5.HOG0052687,,-0.205408429322938,0.347853772089162,-0.59050223342206,0.554853988858209,0.452520927657417,0.155853539611932,2.90350112537817,0.0036901564460315,0.01852288559752
N5.HOG0067217,,-0.10096381527368,0.169185471675404,-0.596764097258816,0.55066489142868,0.218095023923197,0.0751106927464309,2.90364814846633,0.00368842418856,0.01852288559752
N5.HOG0061087,,-0.420565357897237,0.353056621801518,-1.19121220769418,0.233570288320127,0.459108339754274,0.158335809218029,2.89958627818727,0.0037365549415373,0.0187226277170478
N5.HOG0067427,,-0.114710623186835,0.128432156751904,-0.893161230706613,0.371770836511505,0.166136673045304,0.0573428643129097,2.89725103613112,0.0037644839478612,0.0188403663104022
N5.HOG0035801,,-0.979667792580298,0.580847528844016,-1.68661781953347,0.0916768632795007,0.821896223186321,0.284272811760471,2.89122346275891,0.0038374515086046,0.019160442046913
N5.HOG0072756,,-1.52974918425637,0.845112838034373,-1.81011234880111,0.0702783663610355,1.44521124375276,0.500229934939571,2.88909388025197,0.003863537089275,0.0192545758696795
N5.HOG0049660,,-0.640719191151755,0.380265559847895,-1.68492563830403,0.0920029193461355,0.495562621494603,0.171537554102235,2.88894536294515,0.0038653622954675,0.0192545758696795
N5.HOG0066421,,-0.108058635108183,0.312559869365333,-0.345721398359938,0.729552101227981,0.401702374794237,0.139168158608489,2.88645318592104,0.0038961070351113,0.0193833093514731
N5.HOG0062508,,-1.49477939167518,0.820165195590321,-1.82253453293552,0.068373918889348,1.37121022790283,0.475267644333281,2.88513271259272,0.0039124869231001,0.0194323986080899
N5.HOG0019607,,-0.932074777843815,0.571483819766719,-1.63097317125145,0.10289598064307,0.802138201838132,0.278047878727772,2.8848923628131,0.0039154750755033,0.0194358873175012
N5.HOG0049716,,-1.00449550115321,0.556143084234341,-1.80618177161391,0.0708899512544272,0.773486495906989,0.268318451261916,2.88271824866774,0.0039425991078849,0.0195591092921407
N5.HOG0007657,,-0.358660803882462,0.530492521166719,-0.676090217245013,0.4989833673926,0.727994842525061,0.252645410275163,2.88148849303133,0.003958016865649,0.0196012883274812
N5.HOG0024919,,-0.0594219869862673,0.208815554760116,-0.284566861192551,0.775976002885365,0.266453085149734,0.0924678605563903,2.88157510670685,0.0039569291784438,0.0196012883274812
N5.HOG0064019,,-0.0073204369749993,0.166503028923094,-0.0439657886246656,0.964931674207155,0.213089840251751,0.0739503191137961,2.88152698737978,0.0039575334233654,0.0196012883274812
N5.HOG0071246,,-1.06346667170037,0.501371355615064,-2.12111573545271,0.0339120640673937,0.678700447365673,0.235598713659856,2.88074767821331,0.0039673310532716,0.0196359787685378
N5.HOG0044645,,0.0771476374875457,0.280356108677694,0.275177301651868,0.783180024700239,0.358273122380612,0.124376104708847,2.88056233324959,0.0039696644867628,0.0196360982792251
N5.HOG0065045,,-0.0821847527626293,0.155218193881957,-0.529478862672054,0.59647330365716,0.198697021621071,0.0690310748462254,2.87837067673785,0.0039973513864236,0.0196700679458537
N5.HOG0069120,,-0.0824497743345143,0.142499846027747,-0.578595532787172,0.562862119698399,0.182768325011202,0.0634867415431695,2.87884242549957,0.003991377083436,0.0196700679458537
N5.HOG0072653,,-1.59339719137913,0.790341525021888,-2.01608689526342,0.0437908901371392,1.28599088525781,0.446591318331567,2.87956982697778,0.0039821810392287,0.0196700679458537
N5.HOG0019730,,-0.0675542853210916,0.197468761660601,-0.342101124010694,0.73227479159806,0.251842679987605,0.0874873116885069,2.87861948352323,0.0039941994457945,0.0196700679458537
N5.HOG0052727,,0.453656161396701,0.183007357732863,2.47889575051352,0.0131789818889855,0.233607543439642,0.0811576201938383,2.8784425033865,0.0039964412384112,0.0196700679458537
N5.HOG0049110,,-0.699558352418768,0.50548040972435,-1.38394750609673,0.166374528914864,0.684860777142062,0.237917510229687,2.87856398833736,0.0039949022757735,0.0196700679458537
N5.HOG0071256,,-1.41862123639412,0.873173274652235,-1.62467322074089,0.104232206312189,1.5152270454346,0.527006077375606,2.87516047818682,0.0040382219360555,0.0198596898606795
N5.HOG0056016,,0.132329041287021,0.218703248505441,0.605062074712297,0.545137752269066,0.278135627875398,0.0968231795596412,2.8726140696926,0.0040709108431804,0.0199684935770138
N5.HOG0032716,,-1.19194519723031,0.633512086047536,-1.88148769925894,0.0599056070064252,0.91633101434352,0.319138103875859,2.87126796585832,0.00408828799518,0.0200133105710327
N5.HOG0050642,,-1.25924748516633,0.628685174447772,-2.00298581284732,0.0451788112843878,0.906312825125097,0.315722873309824,2.87059602500107,0.004096987393364,0.0200443569114212
N5.HOG0029509,,-1.42525125629436,0.714680432160206,-1.99424972639361,0.0461247703237018,1.09093257814021,0.380305483709976,2.86856914998408,0.0041233305428057,0.0201500521485061
N5.HOG0069494,,-0.674956471370143,0.480325318197818,-1.40520694162569,0.159959750569647,0.641027203184554,0.223534814395407,2.86768396644762,0.0041348833553268,0.0201735641979281
N5.HOG0031796,,-0.105431847343249,0.192149949044938,-0.548695682030039,0.583214309952625,0.243752006072836,0.0851630389215121,2.86218069669263,0.0042073695993502,0.0204783533003116
N5.HOG0067900,,0.0491658810479798,0.136360396818,0.360558360017106,0.718429622085003,0.174035486839514,0.0608178944481761,2.86158355889502,0.0042153037158137,0.0205052332946427
N5.HOG0013658,,-0.363061929076505,0.438710258950596,-0.827566535473678,0.407916026677966,0.574066223958472,0.200981852941026,2.85630874408806,0.0042859813564007,0.0207540585558881
N5.HOG0032777,,-1.05014066351299,0.683638011371236,-1.53610631071644,0.124512308785364,1.01256766438989,0.35493287972877,2.85284267032026,0.0043330067970161,0.0209221969531796
N5.HOG0058026,,-0.952996369627628,0.470048324217833,-2.02744339364134,0.0426170879486881,0.620918801365698,0.217674908252272,2.85250517090418,0.0043376106714295,0.0209325403165343
N5.HOG0019911,,0.157006031509968,0.249404210040507,0.629524383267099,0.529005810680519,0.31492275151439,0.110433579598774,2.85169377519557,0.0043486971808635,0.0209622481478886
N5.HOG0068510,,-0.0094244130576818,0.142603491794656,-0.0660882348607053,0.947307577594735,0.181189653404183,0.0635450494880553,2.85135749934764,0.0043532994121588,0.0209725433226419
N5.HOG0069980,,-0.492871771828042,0.347172361067684,-1.41967456831033,0.155702445307218,0.442746882789917,0.155337169563981,2.8502314290435,0.0043687428430701,0.0210350260460642
N5.HOG0033055,,-0.270227798057958,0.242596041033093,-1.11390028010018,0.265321969251003,0.305682889984132,0.107400584161886,2.84619392314825,0.004424524114843,0.0212674786394156
N5.HOG0039961,,0.455165581808108,0.230063348198622,1.97843587590991,0.0478795558570826,0.289227416136405,0.101842806817642,2.83993956150767,0.0045122081902806,0.0216156372673006
N5.HOG0061689,,-1.14630001985553,0.653136722748696,-1.75506900765185,0.0792475047669656,1.07818206374973,0.37970056953264,2.83955872143366,0.0045175979490601,0.0216292712870312
N5.HOG0052248,,-0.86887680088079,0.544358059884722,-1.59614941875719,0.11045543745448,0.737937482718394,0.259973003911575,2.83851581362421,0.0045323873493183,0.0216756701635537
N5.HOG0050386,,-0.692455968379768,0.373444587317252,-1.85424020563325,0.0637048023905847,0.476368476474872,0.167923852405183,2.83681245786003,0.0045566368539479,0.0217473101613213
N5.HOG0013156,,-0.881715920375641,0.541732679141775,-1.6275848851734,0.103612936199881,0.732336609311157,0.25831210971594,2.83508430989353,0.0045813593470257,0.0218239525659668
N5.HOG0017809,,-1.29563563336062,0.812120706363204,-1.59537322864562,0.11062879896396,1.31026405472422,0.462238255597878,2.83460756191516,0.0045882009426161,0.0218443057669226
N5.HOG0067355,,-0.018370066963482,0.131156492469486,-0.140062200639864,0.888610845660079,0.16590366277823,0.0585611404579546,2.8329991779676,0.0046113504576163,0.021942234322319
N5.HOG0069221,,-0.0023046890480978,0.126989681589305,-0.0181486323869316,0.985520281294198,0.160720123121751,0.0567426437849954,2.83243980895107,0.00461942622799,0.0219683679053125
N5.HOG0071675,,-0.773607732557494,0.436558314233215,-1.77206047241657,0.0763845194994533,0.565067920531915,0.199606763552438,2.83090567912278,0.0046416406714388,0.0220493482917999
N5.HOG0046872,,0.442252395849732,0.156064767788727,2.83377473414392,0.0046001746833804,0.195765766033109,0.069428603437243,2.81967022727258,0.004807302538375,0.022760007135217
N5.HOG0023962,,-1.71016545119252,0.733236810406409,-2.33235078615957,0.0196822448475535,1.10329750790603,0.391694708211954,2.81672814254364,0.0048515572360853,0.022943979378237
N5.HOG0049706,,-1.06490212484168,0.503390631107787,-2.1154587690641,0.0343908654729569,0.663571689704986,0.235614882445963,2.81634030421305,0.0048574184970031,0.0229589292985403
N5.HOG0032434,,0.353950851271525,0.172332243996099,2.05388639446682,0.039986688457427,0.215124079915618,0.0765261984656434,2.81111677084284,0.0049369864739739,0.0232574450137927
N5.HOG0058450,,-1.57312833954733,0.723047892625561,-2.17569037347571,0.0295784205045365,1.07615786628197,0.38297826175419,2.80997114915281,0.004954594117138,0.0232887826397784
N5.HOG0043712,,-0.839527921344879,0.416085005032801,-2.01768367326455,0.043624216275785,0.53089251704786,0.188919707956699,2.81014893993771,0.004951857842367,0.0232887826397784
N5.HOG0033891,,-1.3403452504323,0.648963659952625,-2.06536256672699,0.0388887076688358,0.919087668742546,0.327202380463407,2.80892720719473,0.0049706884270704,0.0233257501751993
N5.HOG0069870,,-0.0422718589472484,0.245386585370183,-0.172266380753774,0.863228113477273,0.305165669183445,0.108635228035491,2.8090857330713,0.0049682414147508,0.0233257501751993
N5.HOG0033645,,-1.41776226600771,0.729195756110647,-1.94428211372171,0.05186144034819,1.087134314452,0.387567586669094,2.80501866473214,0.0050313666159066,0.0235067098941174
N5.HOG0054795,,0.191053949321954,0.171925301339012,1.11126138988248,0.266455853487485,0.214126534233486,0.0763518528723503,2.80447069950582,0.0050399268214047,0.0235290186825433
N5.HOG0055407,,-0.590376513398971,0.407819782681961,-1.44764069441765,0.147717563886823,0.517943797656703,0.184709642987565,2.80409722675698,0.0050457686826625,0.0235290186825433
N5.HOG0069783,,-0.250457609194034,0.188645888846578,-1.32766004457021,0.184290438703014,0.234361454357176,0.0836542159350454,2.80154982911022,0.0050857786346585,0.0236440037332453
N5.HOG0032158,,0.123479142615684,0.278090901449742,0.444024389046758,0.657024950960897,0.345341024721145,0.123277911200412,2.80132118851143,0.0050893836987186,0.0236478344520577
N5.HOG0062697,,-1.55514541928502,0.670279236973437,-2.32014559530008,0.0203330025151848,1.00956454279138,0.360595646087445,2.7997136231272,0.0051147960834692,0.0237270164149713
N5.HOG0044989,,-0.492397674032587,0.442710292021959,-1.11223453103765,0.266037324548579,0.56628003031857,0.202472244172382,2.7968279436684,0.0051607007598657,0.023874838481582
N5.HOG0046804,,-1.86831808822386,1.12052764251363,-1.66735564330456,0.0954437083782244,2.22486354338682,0.795971485263459,2.79515483227445,0.005187486396674,0.0239857064000523
N5.HOG0044970,,-0.905021396442285,0.456717402233256,-1.98157852540086,0.0475264326227192,0.586308821323511,0.209800646474679,2.79459968868243,0.0051964016715952,0.0239976715144103
N5.HOG0024251,,-0.41513330701156,0.470052390037565,-0.883163910683198,0.377147717431392,0.606220672191054,0.216916904259458,2.79471382952222,0.0051945675079964,0.0239976715144103
N5.HOG0031255,,0.808935029147007,0.258988381032391,3.12344139116355,0.0017874946111401,0.320355011334485,0.114693437599169,2.79314159589552,0.0052198837431568,0.0240732534191859
N5.HOG0071409,,-0.541249003531332,0.375363136180155,-1.44193435998883,0.149320891911496,0.469942753111929,0.168615863099472,2.78706133855682,0.0053188410288309,0.0244732876645877
N5.HOG0051045,,-1.10655560406095,0.511812049696352,-2.16203507658221,0.0306154725970699,0.667828424810105,0.23982102146263,2.78469510611341,0.0053578076640493,0.0245993373589319
N5.HOG0051468,,-0.359675775610806,0.314884498599096,-1.14224668794744,0.25335149434593,0.389949285411716,0.140042574963788,2.78450525143905,0.0053609452964009,0.0246004600051149
N5.HOG0073277,,-0.9735046285088,0.507279575288024,-1.91906923900112,0.0549755718316956,0.660197698739031,0.237228709346794,2.78295869229688,0.0053865663727684,0.024678077023966
N5.HOG0022708,,-1.10994944819611,0.555434622646976,-1.99834400474811,0.0456793778310393,0.738399651786632,0.265297486418753,2.78328928688424,0.0053810803040397,0.024678077023966
N5.HOG0066519,,0.0586967683470988,0.126463657592535,0.464139417319555,0.642547862578182,0.157251356606614,0.0565365919332681,2.78140848659967,0.0054123587622887,0.0247562271201206
N5.HOG0037488,,-2.17323574631417,1.01232999706039,-2.14676612628769,0.031811905343834,1.84816375634268,0.664635557146295,2.78071754733982,0.0054238905220502,0.0247956354405244
N5.HOG0019996,,-0.662408291377384,0.449665867208093,-1.47311223662622,0.140720774442811,0.572502573722909,0.205930481564634,2.78007689475159,0.0054346028126345,0.0248312571705133
N5.HOG0056840,,0.0827720700000379,0.20627966092388,0.401261421651172,0.688227663523623,0.25380864087688,0.0913835111285143,2.77740084335285,0.0054795556297023,0.0249829532868901
N5.HOG0029572,,-1.26182410548253,0.701026472549182,-1.79996641338534,0.0718659417232519,1.00948381359598,0.363607620625157,2.77629993524437,0.0054981461281741,0.0250408595298312
N5.HOG0046906,,0.0089768320552222,0.242473693697504,0.0370218802639316,0.970467559769897,0.297962197258198,0.107338098566575,2.77592207461539,0.0055045399868811,0.0250565590793927
N5.HOG0044491,,-0.92319023248771,0.503762946231724,-1.83258860024027,0.0668637747200105,0.652343057843043,0.235111561430492,2.7746107161808,0.0055267818490556,0.0251443430348248
N5.HOG0067773,,-1.7109627627957,0.835046098163058,-2.04894408411642,0.0404675829297519,1.40848662626163,0.507886848499031,2.77322917579803,0.0055503017666978,0.0252378445652116
N5.HOG0069575,,-0.242975213118974,0.265922738924608,-0.913706041467406,0.36087132864313,0.326324670043827,0.117786412902331,2.77047803734728,0.0055974074959568,0.0253841674931718
N5.HOG0030589,,-0.337443247609081,0.473144690558436,-0.713192506103806,0.475726642855548,0.604513501862846,0.218256642802954,2.76973701280932,0.0056101570295397,0.0254187036176714
N5.HOG0044921,,0.357613384119204,0.202767055092607,1.76366611408287,0.0777882094227905,0.248846825085544,0.0898465196752559,2.76968797439215,0.0056110016727428,0.0254187036176714
N5.HOG0051110,,0.121434675513717,0.216493264742985,0.560916644025303,0.574854363062181,0.265505748836431,0.0958701759114758,2.76943007887659,0.0056154455826083,0.0254252895096131
N5.HOG0011971,,-0.407118431989782,0.347313081826232,-1.17219434940107,0.241119036532292,0.429602848928518,0.155134417593237,2.76922977888077,0.0056188992295345,0.0254273871225258
N5.HOG0062809,,-0.733931341810447,0.472653896380266,-1.55278809173293,0.12047376855334,0.603355551340071,0.217971294780142,2.76805049925794,0.0056392716890636,0.025478899818235
N5.HOG0053500,,-0.408746637177076,0.825010551433223,-0.495444132765325,0.620286648606001,1.29332718754008,0.467207336797146,2.76820821437917,0.0056365432519438,0.025478899818235
N5.HOG0034724,,0.0102089035417975,0.340831082775046,0.0299529710103803,0.976104560021079,0.420838791889642,0.152076891517864,2.76727639346973,0.0056526808332875,0.025518390284181
N5.HOG0020771,,-1.43770597259618,0.711330493027042,-2.02115048727642,0.0432641893524388,0.873702665862118,0.315959732550264,2.76523422402608,0.0056881936462985,0.0256249314372334
N5.HOG0058167,,0.152594687232129,0.179135925542405,0.851837434451454,0.394304326135369,0.21987666689099,0.0795171045670356,2.76514931080805,0.0056896746139085,0.0256249314372334
N5.HOG0031219,,-1.03796233261889,0.622599760207916,-1.667142197858,0.0954861330659116,0.849528223314244,0.307259192918723,2.76485860437368,0.0056947474455425,0.0256342008187865
N5.HOG0060907,,0.131384725313785,0.168540511400543,0.779543886641856,0.435659395835821,0.207018331488633,0.0748955704721543,2.76409312571564,0.0057081245783226,0.0256672408463967
N5.HOG0069741,,-0.661970868116234,0.393129187158231,-1.68385072830982,0.0922105205957302,0.489430148274104,0.177154803782157,2.76272580717565,0.0057320897130752,0.0257302215976139
N5.HOG0047881,,-0.860934057085043,0.575261468095721,-1.49659607818855,0.134498391221324,1.0321717883951,0.37361486460417,2.76266253348524,0.0057332009110817,0.0257302215976139
N5.HOG0005138,,-0.945990216364373,0.66813015094874,-1.41587715360708,0.156811475077482,0.935278847082941,0.338570104418729,2.76243777839944,0.0057371495789799,0.0257302215976139
N5.HOG0012893,,-1.27616893453852,1.18709353122974,-1.07503655016677,0.28235836468289,1.67360009041898,0.605929126044709,2.76203935160477,0.0057441554710923,0.0257339972151527
N5.HOG0059999,,0.170480098817369,0.182978288008185,0.93169578026516,0.351493767845993,0.224229657759766,0.0811961239497492,2.76158081016943,0.0057522279604323,0.0257565918357646
N5.HOG0045070,,-2.05596070805183,0.959282877637972,-2.14322673319698,0.0320948966659576,1.66152876916266,0.601835858957819,2.76076731625775,0.005766574462711,0.0257801039092886
N5.HOG0032726,,-0.732993196499226,0.491597935043491,-1.49104205743741,0.135950453274213,0.629900446046737,0.228152022739236,2.7608803923105,0.0057645783630655,0.0257801039092886
N5.HOG0054386,,-1.20579230153969,0.560233870449301,-2.15230168174706,0.0313736014629834,0.738648824819951,0.267608602903128,2.76018340519245,0.0057768920022885,0.0257991012096879
N5.HOG0055182,,0.207303764477182,0.20373441109234,1.01751963924849,0.308906294424447,0.249187404774533,0.090273761285293,2.76035252355359,0.0057739020187879,0.0257991012096879
N5.HOG0045941,,-2.5274685505011,1.26290696092228,-2.00131017462706,0.045358973943331,2.66218775008427,0.964728750436924,2.75951944925303,0.0057886441335688,0.0258244586816972
N5.HOG0018156,,-0.149181524477659,0.343268496852014,-0.434591364619085,0.663859064170829,0.422764031277077,0.153199524467199,2.75956490561819,0.0057878388614383,0.0258244586816972
N5.HOG0042558,,-0.808799783728489,0.42350130996355,-1.90979287359961,0.0561598872230129,0.529421898734862,0.192232042175816,2.75407727422805,0.0058857869537927,0.0261891330893175
N5.HOG0041447,,-0.609608199245501,0.543900156925595,-1.12080901519007,0.262369165912864,0.709361213889514,0.257699449072454,2.75266872491478,0.0059111677631641,0.026288310087063
N5.HOG0059998,,0.128099042496543,0.174903342412944,0.732399053839141,0.463925036123642,0.213782593824287,0.0776766498598823,2.75221181925225,0.0059194219611749,0.0262975105303907
N5.HOG0061350,,0.209200301871749,0.148679284314679,1.40705749853475,0.159410339577332,0.182235226018853,0.0662440635100671,2.7509668997156,0.005941964705341,0.0263701035263705
N5.HOG0021526,,-0.856812109801487,0.581070192390616,-1.47454149433552,0.140335854090222,0.770569091678896,0.280107643527105,2.75097488228425,0.0059418199125417,0.0263701035263705
N5.HOG0054779,,-0.733002897507892,0.441579305691897,-1.65995753890544,0.0969229948490973,0.554042268750176,0.201433000493359,2.75050397597807,0.0059503669450997,0.0263936168174083
N5.HOG0039173,,-1.55901231132205,0.859776428220032,-1.81327640552978,0.0697892005081754,1.36907920940445,0.497912420856364,2.74963859517654,0.0059661026520384,0.0264220654812827
N5.HOG0070152,,-1.49318214988967,0.741157767364613,-2.01466167614903,0.043940110326509,1.0811296485096,0.393183827371573,2.74967985264534,0.0059653515938266,0.0264220654812827
N5.HOG0065877,,0.183086311276918,0.124493119433469,1.47065405791171,0.141384696617757,0.153115614907104,0.0556907269506823,2.7493915646441,0.0059706014220058,0.0264282244735363
N5.HOG0063248,,0.030867989921649,0.148023773097709,0.208534002854212,0.834812035724983,0.181284473353392,0.0659596005087769,2.74841678777708,0.0059883833100277,0.0264931427578182
N5.HOG0067429,,0.136264469677655,0.139081441061158,0.979745885849247,0.327211569842244,0.170429466897285,0.0620611051144212,2.74615585048101,0.0060298111749994,0.0266210205852072
N5.HOG0038530,,-0.904246208526131,0.467604113806684,-1.93378582828286,0.0531394659300236,0.590171180461766,0.214989221184619,2.74511985861359,0.0060488800971704,0.0266775054946429
N5.HOG0051949,,-1.30059817630344,0.642642431146813,-2.02382866936204,0.042987783285682,0.87810009711394,0.319932728558527,2.74463979059055,0.0060577348458835,0.0267027078304182
N5.HOG0064761,,0.0725249410892641,0.135605027725063,0.534824868266002,0.592770965131767,0.166140715272694,0.0605454001437161,2.74406833348739,0.0060682904672361,0.0267353776713613
N5.HOG0022873,,-0.938218227555352,0.528826290912263,-1.77415201112044,0.0760380095744335,1.18393789426509,0.431585213919432,2.74323089874462,0.0060837890032953,0.0267759133039241
N5.HOG0055068,,0.471072651560583,0.186579996029858,2.52477576151946,0.0115772134752506,0.2270153685419,0.0827779550236445,2.74246166720422,0.0060980566992718,0.0268109535391347
N5.HOG0050268,,-0.20928240286164,0.257474256530882,-0.812828457809483,0.416316417074757,0.312551049087552,0.114000972038909,2.74165249205837,0.0061130977879524,0.0268631938095447
N5.HOG0015435,,-0.802189040762794,0.650029987218139,-1.23408005251547,0.217173075748874,0.890412871813209,0.324840225082297,2.74107946941493,0.0061237694332256,0.0268961890936391
N5.HOG0070867,,-1.32674350212627,0.863244336163977,-1.53692697020401,0.124311194111423,1.3671007366297,0.499632603714994,2.73621202152279,0.0062150967404688,0.0272269898428251
N5.HOG0064958,,-0.0470568256056113,0.198436802680469,-0.237137592271048,0.812550049550668,0.240579044431764,0.0879642026517846,2.73496532884088,0.0062386846868901,0.0273065489325261
N5.HOG0016884,,-0.899759164198855,0.487603458796358,-1.84526821532377,0.0649985317015256,0.616969875081986,0.225590328141608,2.73491279597191,0.0062396803979737,0.0273065489325261
N5.HOG0052672,,-1.28964038165742,0.694011541903059,-1.8582405389413,0.0631348635363339,0.972710926414276,0.355831712791738,2.73362629424653,0.006264109523613,0.0273993558986682
N5.HOG0050267,,-0.620433834971734,0.33507111288905,-1.85164823557074,0.0640763517400198,0.407922008487793,0.149288892719216,2.732433746796,0.0062868314299714,0.0274704802170368
N5.HOG0064157,,-0.939931281586061,0.519633229339052,-1.80883597991146,0.0704764887461894,0.664698041972351,0.243288180540191,2.73214276376465,0.0062923868502011,0.0274758243053767
N5.HOG0005741,,-0.7492923287442,0.62146215063964,-1.20569262017484,0.227936031583535,0.833969785608575,0.305256312588844,2.73203125116651,0.0062945170089669,0.0274758243053767
N5.HOG0054520,,-1.13645467801122,0.607425495683116,-1.87093674218128,0.0613538495210448,1.23785157504895,0.453199498143293,2.73136131024039,0.0063073281607123,0.0275176194189588
N5.HOG0032693,,-2.23396710855429,1.41073056666134,-1.58355334558408,0.113295397972432,1.7860776140099,0.653982702907814,2.73107775797193,0.0063127575413905,0.0275271829809313
N5.HOG0069169,,0.0761319500100888,0.242089946314317,0.314477949907276,0.753158061028048,0.292597237706062,0.107166268051792,2.7303109740152,0.0063274607836876,0.0275771552783763
N5.HOG0028827,,-1.03498125966074,0.755151140942212,-1.37056173730914,0.170511617532998,1.10022454198026,0.403013281277931,2.72999574230286,0.0063335143523377,0.027589397564518
N5.HOG0059585,,-1.24627350794559,0.58165892275057,-2.14261908345215,0.0321436975313182,0.921571104430707,0.337664605486208,2.72924994049561,0.0063478571549992,0.0276232189313154
N5.HOG0071884,,-1.24695658567153,0.739164500450771,-1.68698115901277,0.0916069748573601,1.06460658892605,0.390096464682595,2.72908545785534,0.0063510243157485,0.0276232189313154
N5.HOG0027765,,-1.22564490702536,0.667163775172937,-1.83709750534291,0.0661955023901267,0.91762002532641,0.336225214766241,2.72918265801207,0.0063491525268184,0.0276232189313154
N5.HOG0066984,,0.145165838955667,0.116071913117142,1.25065431470198,0.211060625106789,0.141945226979789,0.052017298229914,2.72880814286812,0.0063563673160346,0.0276323236579239
N5.HOG0062387,,0.173870511237667,0.16647044827705,1.04445271240155,0.296275986478977,0.201855122381717,0.0740120125665212,2.72732919132947,0.0063849304997011,0.0277423100018498
N5.HOG0057441,,-0.205651645746059,0.259827387531016,-0.791493336019129,0.42865616336067,0.31363659510415,0.115045523501588,2.72619555770739,0.0064069026513175,0.0278093578711761
N5.HOG0030294,,0.260494571680852,0.154403913888546,1.68709824201015,0.0915844630434178,0.187353089421524,0.0687532525539084,2.72500692639412,0.0064300138138594,0.0278954329536315
N5.HOG0057262,,-0.512948761624907,0.341247232307831,-1.5031587455109,0.132798113014259,0.414495812139699,0.152150965092963,2.72424044031825,0.0064449567431221,0.0279460019411432
N5.HOG0065967,,0.0879346619047988,0.106493173055354,0.825730508180946,0.408956982000597,0.130241429906398,0.0478224834024726,2.72343510081419,0.0064606907852486,0.0279714347940979
N5.HOG0062925,,-0.507071157329481,0.375840503402977,-1.34916581033258,0.177283713797857,0.458897831355145,0.168548501503024,2.72264557241946,0.0064761494593306,0.0280098395639348
N5.HOG0038386,,-0.698292848971886,0.607632858453905,-1.14920192227369,0.250472728425324,0.805414229573137,0.295923104110497,2.72170107161487,0.0064946861422049,0.0280757314923482
N5.HOG0037565,,0.715605270514941,0.0912363883381084,7.84341953413385,4.3844010942591805e-15,0.111846740102662,0.0411169353494371,2.7202110067815,0.0065240270662461,0.0281453336621629
N5.HOG0064631,,-0.0405994842899826,0.138321001935763,-0.29351641270526,0.769127456140883,0.167924235109482,0.0617427955960225,2.719738124723,0.0065333634957348,0.0281713190867094
N5.HOG0072641,,-1.26055995952497,0.656902744064242,-1.91894457880616,0.0549913480949733,0.893606624308511,0.32859867546389,2.71944682384062,0.0065391208252994,0.0281818532115236
N5.HOG0072689,,-0.672747659156411,0.413370583184945,-1.6274686359465,0.103637604607082,0.508078561558825,0.186884284485629,2.71867997331737,0.0065542988375589,0.0282043808390499
N5.HOG0053692,,-2.01930925324878,1.68984722948034,-1.1949655673133,0.232100483397167,2.06249488972995,0.75897505265432,2.71747389129183,0.0065782345196261,0.0282930622302383
N5.HOG0017983,,-1.49017241289465,0.770672396678366,-1.93360034603207,0.0531622846983156,1.12634771269443,0.414670223700236,2.71624931890132,0.0066026175532832,0.0283835770452851
N5.HOG0025817,,-1.22431449184387,0.645415454137298,-1.89694015536143,0.0578358369079798,0.870453870252907,0.320559990022184,2.71541645042061,0.0066192475890897,0.0284406883517941
N5.HOG0042590,,-0.649860190163295,0.562768413777289,-1.15475597822104,0.248190368919134,0.727518144677768,0.267981043277397,2.71481197244496,0.0066313408867795,0.028463883273229
N5.HOG0060923,,0.113090607736119,0.180022970315808,0.628200987561356,0.52987228344879,0.216970019376293,0.0799292682006797,2.71452528292318,0.0066370833922868,0.0284741583557893
N5.HOG0041603,,-0.962936486336494,0.51921421138943,-1.85460348583228,0.0636528699889443,0.658581239583403,0.242709140449408,2.71345874475083,0.0066584858540897,0.0285515729338885
N5.HOG0051069,,-1.18409303851857,0.594631712769298,-1.99130489190369,0.0464473779847242,0.779710237249343,0.287408125432081,2.71290255304073,0.0066696716768302,0.0285851226280192
N5.HOG0010816,,-0.683939488481735,0.383928831911143,-1.78142257531736,0.0748434429398274,0.467116973415733,0.172388507599414,2.70967583582306,0.0067348995847401,0.0288210984895588
N5.HOG0040028,,-0.745032382584032,0.761737830521976,-0.978069294620044,0.328040053066433,1.10167201804784,0.406712854195752,2.70872190707206,0.0067542927094989,0.0288611124442929
N5.HOG0040152,,0.65248387656143,0.179211188032864,3.64086575019957,0.0002717228021383,0.215103866656936,0.079581009501643,2.70295473761859,0.0068726104321873,0.029321872436327
N5.HOG0048270,,-1.10502055603107,0.53735495920113,-2.05640710504258,0.0397432920222356,0.683306571540688,0.252815683702439,2.70278552949639,0.0068761098080408,0.029322089923471
N5.HOG0048589,,-0.327026998341158,0.390898111272486,-0.836604191502975,0.402815088770209,0.474814254745252,0.175728562948225,2.70197540331077,0.0068928861344004,0.029378896282299
N5.HOG0047632,,0.0007859911080353,0.306652535681789,0.0025631325900756,0.997954918318333,0.367738792001543,0.136130713207018,2.70136535200775,0.0069055435136782,0.029418098718056
N5.HOG0025605,,0.771908704138529,0.236616944721254,3.26227145333092,0.0011052325319138,0.282943769049421,0.1047478896769,2.70118825230919,0.0069092218969133,0.0294190298951704
N5.HOG0065185,,0.137624008489671,0.186815672834362,0.736683418482204,0.461314892761698,0.223700484748312,0.0829021573123981,2.69836747318103,0.0069680476002265,0.0296212178490051
N5.HOG0046276,,0.0191188319444923,0.438273829591582,0.0436230289230565,0.965204894742431,0.537649979160305,0.199259243695275,2.69824360059565,0.0069706411714226,0.0296212178490051
N5.HOG0047982,,-0.0638645461769532,0.359590608208782,-0.177603487741462,0.859034385272026,0.433205014684411,0.160691634475508,2.69587782897583,0.0070203409945805,0.0297983216752796
N5.HOG0046478,,-0.563510153284882,0.389080222159041,-1.44831353842124,0.147529383066017,0.471168108523813,0.174811011735298,2.69529993475048,0.0070325295797918,0.0298245886399251
N5.HOG0069956,,-1.92379775146243,1.16041629407759,-1.65785137737285,0.0973474682574192,1.69489745907325,0.628965495556087,2.69473837761918,0.0070443917945764,0.0298451249716653
N5.HOG0021824,,-0.616081254626373,0.413755163831723,-1.48899955452142,0.136487486041988,0.503486477870941,0.186904148329949,2.6938218459556,0.0070637910138397,0.0298975208132421
N5.HOG0038977,,-0.364938962532159,0.319593778880101,-1.14188381204088,0.253502318264169,0.382419052937222,0.142041456219154,2.69230591628963,0.0070959823348634,0.0300039012064799
N5.HOG0063762,,-0.965716857088808,0.664297026407008,-1.4537425559649,0.146017694934123,0.894070514678682,0.332345107274307,2.6901870829732,0.0071411972425255,0.0301800756433461
N5.HOG0065689,,0.0312218820857878,0.147944949910858,0.21103716013693,0.83285827469003,0.177258930074405,0.065957416718009,2.68747532718342,0.0071994420839018,0.0303846864210044
N5.HOG0023338,,0.190461039576785,0.238003314127202,0.800245325470519,0.423568673682306,0.283148904565969,0.105361422292797,2.68740586833674,0.0072009395502945,0.0303846864210044
N5.HOG0022832,,-1.64398578654615,0.792567657515466,-2.07425293091029,0.0380558267333404,0.964608793177999,0.35915528020495,2.68577088057163,0.0072362691592589,0.0304909406253301
N5.HOG0054388,,0.245893595619681,0.226004082310207,1.08800510639527,0.276592853260883,0.268541405849255,0.100073959578541,2.68342940541387,0.0072871358101697,0.0306748724685498
N5.HOG0056290,,-1.700383817058,0.796992358800851,-2.13350077736804,0.0328836679538005,1.16188667010582,0.433600119168271,2.67962719275665,0.0073704195909284,0.0309657456126522
N5.HOG0063656,,0.094938283666414,0.157835685084969,0.601500754504946,0.547506509398193,0.188319630643187,0.0702736036340877,2.67980608513776,0.0073664820656452,0.0309657456126522
N5.HOG0048739,,-0.374868384643336,0.343092817368408,-1.09261507576478,0.274562840701772,0.409651801232992,0.152891572763716,2.67936154902457,0.0073762700473657,0.0309734121939897
N5.HOG0063611,,-1.03082336881503,0.513784671675151,-2.0063334420899,0.0448206842989622,0.639828029241283,0.239034692264375,2.67671618366436,0.0074347584699024,0.0311728267167047
N5.HOG0072711,,-1.4983985742885,0.830999191078224,-1.80312880009464,0.0713679890680406,1.23779505626088,0.462774798865658,2.6747244216732,0.0074790700057083,0.0313133040989488
N5.HOG0005418,,-1.45273657918998,0.704009377342955,-2.06351879100367,0.0390633643495855,0.961313231591534,0.359669444824108,2.67276869199065,0.0075228102212997,0.0314433339165102
N5.HOG0012024,,-0.581780081838502,0.482268989965046,-1.2063393955325,0.227686653443847,0.592798968983774,0.221864306996647,2.67189877005647,0.007542339767973,0.031468727716285
N5.HOG0053242,,-0.342675997108897,0.278680503478966,-1.2296374982499,0.218832881449538,0.329681678229978,0.123452164140466,2.67052165934377,0.0075733485366018,0.0315826080124038
N5.HOG0054006,,0.0635757478094211,0.326122995834995,0.194944081286399,0.845436724276655,0.38715139354464,0.1450037546711,2.66994047445726,0.0075864694931137,0.0316063236348792
N5.HOG0011392,,-1.22848965776497,0.672273315010104,-1.8273663855697,0.0676446999127964,0.8992896714751,0.336878893867605,2.66947466239463,0.0075970004764494,0.0316249209335188
N5.HOG0053953,,0.309564084692124,0.176469104802864,1.75421122602703,0.0793943203543798,0.209085569510876,0.0784041095211082,2.66676798943282,0.007658452101487,0.0317862941497586
N5.HOG0050986,,-0.31259014164906,0.268004098398828,-1.16636328890718,0.243467594656889,0.316522346841437,0.118673959151716,2.66715924120123,0.0076495417607275,0.0317862941497586
N5.HOG0017349,,-1.10902647620982,0.552806246016288,-2.00617573372561,0.0448375019240118,0.69582294681285,0.260957502592251,2.66642246304786,0.0076663288298493,0.0317862941497586
N5.HOG0042503,,-0.95718243397947,0.471982908610466,-2.02800232067184,0.0425600111547025,0.576964766627446,0.216362386273961,2.66665928659561,0.0076609293432078,0.0317862941497586
N5.HOG0067571,,0.0009941465468549,0.0646612475314657,0.0153746886242981,0.987733256592373,0.0782632503734013,0.029360889653115,2.66556127208829,0.0076859924214765,0.031846672899447
N5.HOG0064450,,-0.114266132276362,0.275177789288203,-0.415244749846753,0.677962742631663,0.324386212160466,0.121877910892435,2.66156688923523,0.0077777885624605,0.0321826334120028
N5.HOG0003526,,-0.362333487325348,0.417372368926679,-0.86813003040218,0.385323152884397,0.501605479021586,0.188475276160762,2.66138609391789,0.0077819666167033,0.0321842597633667
N5.HOG0066184,,0.12829695710271,0.117383484339761,1.09297281320565,0.274405736599446,0.140018518242484,0.0526222280103996,2.6608245894646,0.0077949554188464,0.0322223058596034
N5.HOG0072401,,-1.23138004611437,0.645075067719561,-1.90889418570692,0.0562757432393685,0.845891320451708,0.31799961383146,2.66003882916673,0.0078131643490656,0.0322710174282267
N5.HOG0009733,,-1.65735231911721,0.852624925265774,-1.94382344452409,0.0519167455691463,1.27863006654049,0.480721288915447,2.65981577272187,0.0078183403197435,0.0322719064549594
N5.HOG0059200,,-0.651889294488675,0.452460487632557,-1.44076513266298,0.149651047019237,0.54780917230513,0.20613124186617,2.65757469535256,0.0078705147086884,0.0323615915515803
N5.HOG0058517,,-0.164663542425082,0.243388561130628,-0.676545938149927,0.498694089977059,0.286394319635747,0.107742819814256,2.6581290533279,0.0078575797829436,0.0323615915515803
N5.HOG0051429,,0.305023877056925,0.218412971749643,1.39654652657975,0.162549980094076,0.257180490801364,0.0967461397587007,2.65830235131666,0.0078535401013069,0.0323615915515803
N5.HOG0061947,,0.0905128028674297,0.154110095180408,0.587325591885929,0.556985056495803,0.182483225432907,0.0686617096490888,2.65771455976743,0.007867249431496,0.0323615915515803
N5.HOG0004345,,-0.79274298911695,0.767109681636514,-1.03341543992217,0.301409523992258,1.08179860617117,0.407036763957114,2.65774176183542,0.0078666145124922,0.0323615915515803
N5.HOG0017172,,-0.47454250938903,0.492922289874044,-0.962712620503102,0.335691761474359,0.603929443484016,0.22734881166228,2.65640026472245,0.0078979809180891,0.0324336525795715
N5.HOG0069578,,-0.26454827325597,0.229021925583673,-1.15512203725367,0.24804045500776,0.269374333270464,0.101408225572051,2.65633612806953,0.0078994833403705,0.0324336525795715
N5.HOG0038051,,-0.567953673798274,0.458456154334564,-1.238839676223,0.215404877197879,0.555596383646339,0.209199426982807,2.6558217279056,0.007911542597239,0.0324361791494025
N5.HOG0060778,,0.0688085551174439,0.162769765047437,0.422735482215573,0.672488264605543,0.192308729053716,0.0724382500234645,2.65479534626282,0.0079356536927084,0.0325136236914461
N5.HOG0054381,,-0.812115931913575,0.598375975840208,-1.35720009609885,0.174717640232289,0.764187582435426,0.2879182812409,2.65418221844702,0.0079500882741568,0.0325314693407322
N5.HOG0063536,,-0.0433411166515949,0.185635525027061,-0.233474259009836,0.81539315561707,0.218740425456443,0.0824095561519676,2.65430898636408,0.007947101909594,0.0325314693407322
N5.HOG0061163,,-0.174215200871361,0.379351712288672,-0.459244535421499,0.646058572485914,0.450958803218862,0.169928282753772,2.65381839862589,0.007958664625829,0.032543299254696
N5.HOG0072477,,-0.512001045786726,0.372908992175213,-1.37299195388176,0.169754848071948,0.442784976091576,0.166853506527006,2.6537349157832,0.0079606337414329,0.032543299254696
N5.HOG0027934,,0.207568242526829,0.147714204724062,1.40520163862763,0.159961327029025,0.174780979364793,0.0658754163157486,2.65320493045611,0.0079731447222371,0.0325671720045313
N5.HOG0034685,,0.192868215607855,0.136894463980354,1.40888250700578,0.158869912923651,0.162126030792252,0.061155917914328,2.65102767355026,0.0080247266030014,0.0327266428979932
N5.HOG0064704,,0.12210395215805,0.152279953017905,0.801838651366627,0.422646297317597,0.179853843321062,0.067868061187615,2.65005129325666,0.0080479551330296,0.0328056399564899
N5.HOG0031349,,-1.29500069429429,0.871947182512107,-1.48518249759505,0.137495487091127,1.31628686492404,0.497179311532382,2.64750932790636,0.0081087122678534,0.0329427562946367
N5.HOG0057688,,0.205013639453795,0.180070141248445,1.13852101204794,0.254902990061413,0.211484576075942,0.079987053562804,2.64398507828381,0.0081936268164867,0.0331925801802967
N5.HOG0017663,,-1.17517131901117,0.655549848664593,-1.79264982122272,0.0730289347248273,0.857274803609503,0.324284193798447,2.6435910846223,0.0082031691284277,0.033215411918253
N5.HOG0029938,,-0.337471182949622,0.436265074952088,-0.773546181726062,0.439199208617807,0.522643891405918,0.197768182646118,2.64270968369632,0.0082245521980009,0.0332703079928615
N5.HOG0032555,,-0.0226765952414534,0.146746931478102,-0.154528582049685,0.877192976657367,0.172924832401146,0.0654598892758753,2.6416914894611,0.0082493159981543,0.0333387625774105
N5.HOG0015029,,-0.680081565561782,0.453350159089724,-1.50012424596323,0.133582221459812,0.545235660902204,0.206428188345597,2.6412849198162,0.0082592229227166,0.0333531014607892
N5.HOG0069610,,-0.477689649134775,0.397104549256494,-1.20293169652466,0.229002753357216,0.471242869707087,0.178418367564553,2.6412239734039,0.0082607089274232,0.0333531014607892
N5.HOG0025547,,-1.28210965774107,0.616487454140942,-2.07970113443371,0.0375529539846813,0.789093602062253,0.298791629597609,2.64094949087077,0.0082674043676406,0.0333642922032207
N5.HOG0009995,,-0.356302758216529,0.555726198132993,-0.64114803191492,0.521426509967225,0.691931179502702,0.262061476237833,2.64033916558854,0.0082823094100217,0.0334085876345914
N5.HOG0057714,,0.222684308145244,0.155487651582689,1.43216715847573,0.152095988149777,0.182827324055999,0.0692725974119089,2.63924453372046,0.008309102173532,0.0335007701627904
N5.HOG0047210,,-1.3209023093734,0.749173286690924,-1.76314656814285,0.0778757728091808,1.03228201327382,0.39137860577255,2.63755350458204,0.0083506450991835,0.0336363656619332
N5.HOG0068267,,-0.381738162710853,0.29125431572549,-1.31066954925621,0.189969430736937,0.340314609698732,0.129080754147926,2.6364473305504,0.0083779205175869,0.0337296847693024
N5.HOG0040311,,-1.12000029664268,0.730846772347403,-1.53246937527733,0.12540664921344,0.994721692642834,0.377318418810546,2.63629243379791,0.0083817462286831,0.0337296847693024
N5.HOG0065380,,0.0723052405781208,0.136224558380223,0.53077977596599,0.595571396234069,0.160454965191565,0.0608714085585193,2.63596603054307,0.0083898130023138,0.0337461762053205
N5.HOG0051857,,0.316015290386554,0.195337229292378,1.61779345151633,0.105707118128003,0.228311942802913,0.0866554403710732,2.63470985578335,0.0084209231008468,0.0338392952588982
N5.HOG0051767,,-1.22245055365732,0.647033650331687,-1.88931526672632,0.0588495970783085,0.838137450141132,0.31821701648585,2.63385490630543,0.008442155523286,0.0339085924293299
N5.HOG0033302,,-0.779869082665465,0.557768906462363,-1.39819390007193,0.162054848054207,0.961538991669485,0.36531026573538,2.63211598977072,0.0084854887944493,0.03405047536494
N5.HOG0068301,,-0.209599633246318,0.181506295750033,-1.15477885976459,0.248180996273774,0.211981449077844,0.0806215151790158,2.62934092229785,0.0085550547137994,0.0342902320907693
N5.HOG0017851,,-0.901304310872414,0.57601263768287,-1.56473009775983,0.117646208160142,0.843478191679076,0.320825138095485,2.6290900915253,0.0085613676448075,0.0342902320907693
N5.HOG0060038,,-0.278929082030052,0.280420424072758,-0.994681763827878,0.319891066561974,0.32646699648629,0.124208548821857,2.62837783375537,0.0085793165214688,0.0343297806195848
N5.HOG0059930,,-0.882641540979466,0.56132296793776,-1.57243083108143,0.115850668756629,0.696514255249576,0.265027306065256,2.6280848777072,0.0085867087646402,0.0343431988698857
N5.HOG0004006,,-0.73210801730782,0.493047045055162,-1.48486442551524,0.137579741368243,0.596488038122284,0.227014475803053,2.6275330505345,0.0086006486426005,0.0343827799575007
N5.HOG0064326,,0.11022161336292,0.117416379438166,0.938724340593086,0.347872293011216,0.138204732031256,0.0526533446566687,2.62480442472236,0.008669875074486,0.0345296544367311
N5.HOG0060413,,0.0238060113705326,0.237367237876218,0.100291900363044,0.920112587646027,0.275842121116454,0.105089746853732,2.62482429899068,0.0086693690603757,0.0345296544367311
N5.HOG0051349,,-0.750799572369944,0.521725851002954,-1.43906914124846,0.150130934110401,0.636372859400329,0.242520970540572,2.62399106346091,0.008690606535805,0.0345960177458466
N5.HOG0049749,,0.0425835120388768,0.244019245317727,0.174508826069971,0.861465594993177,0.283200148158043,0.108024557980094,2.62162746558267,0.0087511030688665,0.0348042572300259
N5.HOG0061421,,0.172126842494853,0.18924275751647,0.909555772457359,0.363056832116699,0.220177651674596,0.0840014938100949,2.62111590744278,0.0087642458835367,0.034840232174564
N5.HOG0032394,,-0.841366739858285,0.592033053104387,-1.42114825421738,0.155273664258791,0.741866906914744,0.283055425950466,2.6209245218446,0.0087691674428067,0.0348435070703683
N5.HOG0063336,,0.188343843962304,0.159038791977625,1.18426354740422,0.236308753794674,0.185580115877489,0.0708316129266554,2.62001821234331,0.0087925071157927,0.0349036249753328
N5.HOG0072741,,-1.6930837981406,0.945464391527105,-1.79074306056725,0.0733345362363418,1.48056595006418,0.565203385616797,2.61952774477539,0.008805160979917,0.0349145262331015
N5.HOG0028402,,-1.12436351302027,0.570516427114817,-1.97078201359835,0.0487488148861942,0.707835057528391,0.270197387176004,2.61969615963501,0.0088008141118457,0.0349145262331015
N5.HOG0017462,,-0.170963059157633,0.280497670801269,-0.609499033162236,0.542193713404974,0.325405592393574,0.12423828874917,2.61920536470483,0.0088134871143228,0.034921696046858
N5.HOG0051550,,-0.860655314018951,0.431372163629452,-1.9951572831627,0.0460257283404743,0.510949743278583,0.195124565496929,2.61858235008665,0.0088295976944454,0.0349529560454883
N5.HOG0059987,,0.150315286572436,0.212833976331673,0.706256064765666,0.480028910484483,0.246939375477304,0.0943155818418206,2.61822458871593,0.0088388609588703,0.0349733439026261
N5.HOG0070092,,-0.481069040701473,0.660087257324937,-0.728796133182525,0.466126377262957,0.854005635342558,0.326203633684013,2.61801386360342,0.0088443211785143,0.0349786720180508
N5.HOG0023219,,-0.935109881794511,0.584862907796048,-1.59885311468683,0.10985324387738,0.729304779939782,0.278641092837669,2.61736261695134,0.0088612150570827,0.0350129159724662
N5.HOG0027427,,-0.878255962354638,0.437392973235202,-2.00793340564794,0.0446503687628304,0.518329505037959,0.198118225336596,2.61626361813677,0.0088897893759097,0.0350802351782997
N5.HOG0051516,,0.371723495863435,0.265591580017918,1.39960572484398,0.161631418696024,0.307607832606879,0.117584395722556,2.61605998582235,0.0088950929097341,0.0350815686139921
N5.HOG0044310,,0.126876780336639,0.270658581528497,0.468770580338244,0.639233630839726,0.313409353341094,0.119840731770403,2.61521561752092,0.0089171143611276,0.0351203044208319
N5.HOG0068265,,-0.0177583943436798,0.137649787692083,-0.129011418335091,0.897348613811922,0.16069142897668,0.0615061433126999,2.6126077871558,0.0089854353472441,0.0353231866323919
N5.HOG0057771,,-0.211718546279825,0.313323447876025,-0.675718806603959,0.499219193214401,0.363289286276558,0.139048147169958,2.61268699850067,0.0089833532722679,0.0353231866323919
N5.HOG0014148,,-0.136836588858597,0.204280436214041,-0.669846762590728,0.502955480111696,0.236526875164847,0.0905754657701602,2.61137906555231,0.0090177876028986,0.0354012683017095
N5.HOG0013455,,0.0805031587412473,0.0852425569117992,0.944401032274809,0.344964754178384,0.100465061000257,0.0385080859327759,2.60893416451912,0.0090824714325074,0.0355567035885004
N5.HOG0032113,,-0.0526229420384937,0.333668074123279,-0.157710449753881,0.874684965837469,0.387113737863766,0.148358012169307,2.60932141246265,0.0090721986292347,0.0355567035885004
N5.HOG0055414,,0.290685997825421,0.217707992850836,1.33521049925157,0.181807461499752,0.25166986435746,0.0964548849419992,2.60919770428212,0.0090754791964494,0.0355567035885004
N5.HOG0053940,,-0.551309135099054,0.498517657484471,-1.10589690620182,0.26877114404654,0.59903746029861,0.229668311241215,2.60827215152662,0.0091000571790292,0.0356091548782114
N5.HOG0060720,,0.233809810386093,0.130618697466947,1.79001792944121,0.0734510291028255,0.152303872658053,0.058438307406938,2.60623346938298,0.0091544039343808,0.0356904215634871
N5.HOG0071673,,-1.11705660885074,0.557250006152055,-2.004587880697,0.0450071233341991,0.683363703861172,0.262179915252279,2.60646855119934,0.009148122430178,0.0356904215634871
N5.HOG0073180,,-0.927735747230425,0.449582858990474,-2.06354786148571,0.0390606054082013,0.532155336802329,0.20417944716876,2.60631196813109,0.0091523059803818,0.0356904215634871
N5.HOG0059223,,-1.29720862635646,0.428359125806588,-3.0283202766227,0.002459173047447,1.01736952621146,0.390409266910987,2.60590516782847,0.0091631827595072,0.0357082752774259
N5.HOG0045322,,-0.877523742624365,0.529254732821751,-1.65803664701456,0.0973100697138086,0.641546760342043,0.246337654617907,2.60433899696391,0.0092051658817514,0.0358226285262598
N5.HOG0007352,,-1.00952812612065,0.670413947938263,-1.50582804732102,0.132111321306375,0.86552372072994,0.332473707703576,2.6032847129723,0.0092335238472751,0.0359165480046975
N5.HOG0066720,,0.0789896848347492,0.114933358384252,0.687265089484866,0.49191569390028,0.134101283121906,0.0515768938760228,2.60002634986609,0.0093216602531163,0.0361931536918376
N5.HOG0026850,,-0.476589842474162,0.393939257919187,-1.20980540246621,0.226353572705186,0.458893095339134,0.176664900924837,2.59753404856787,0.0093895810757242,0.036390402968128
N5.HOG0044870,,-1.31620683338899,0.75182131651974,-1.75069102786531,0.0799991457435858,1.01342135169853,0.390437340107405,2.5956056134891,0.0094424378670726,0.0365128967527797
N5.HOG0019222,,0.27064910023705,0.176832663908572,1.53053793487489,0.12588363107295,0.204058246201532,0.0786022451972934,2.5960867363183,0.0094292259052161,0.0365128967527797
N5.HOG0064268,,-0.30121794244979,0.364235465822511,-0.826986855246466,0.408244511915106,0.421039922476371,0.162523659116944,2.59063772477219,0.0095798280271017,0.0369592708298354
N5.HOG0038463,,-1.44350860037187,0.826314439057077,-1.74692409105072,0.0806505063126849,1.00815910042134,0.38919658298656,2.59035958816771,0.009587572499866,0.036972374119304
N5.HOG0060746,,-1.08158294988648,0.446642712852175,-2.42158422999829,0.0154530193790178,0.524574070049163,0.202547043903132,2.58988756360247,0.0096007283910937,0.037006324019916
N5.HOG0024465,,-0.128131152212765,0.33137577491161,-0.386664209980171,0.699004815398155,0.381161761947298,0.147262063849657,2.58832283062685,0.0096444545635182,0.0371580239202315
N5.HOG0059081,,-0.846741592005769,0.476702083306335,-1.77624898580869,0.0756918874764946,0.563949723094201,0.21790951711391,2.58799950806831,0.0096535118539964,0.037176075106875
N5.HOG0073082,,-0.627763253603982,0.355631763377548,-1.76520580625846,0.0775291831445937,0.410135451583187,0.158487647651169,2.5878070478142,0.0096589068757367,0.0371800127857714
N5.HOG0063779,,-0.661390950162828,0.430911977334253,-1.53486323182378,0.124817426774803,0.503710804577897,0.194662105558917,2.58761613171518,0.0096642612673126,0.0371837905743075
N5.HOG0022705,,-1.23878196771478,0.637115427016428,-1.94436033909259,0.0518520130441583,0.801043996314521,0.309879623258486,2.58501668451536,0.0097374285273446,0.0374111041815971
N5.HOG0071308,,-0.275801401936357,0.278688126691399,-0.989641737560499,0.322349261842504,0.318989626032477,0.1234128144344,2.58473666202658,0.0097453397700488,0.0374111041815971
N5.HOG0016685,,-0.580879459866446,0.379510270645317,-1.53060273936387,0.125867604298215,0.438479598495863,0.169709498350035,2.58370688004436,0.0097744826377876,0.0374891296673093
N5.HOG0041640,,0.153387244872197,0.201368329211237,0.761724773071402,0.446224286650829,0.230680915449686,0.0893168046793227,2.58272691547697,0.0098022877673193,0.0375449685861498
N5.HOG0020790,,0.132533320820163,0.309954039905612,0.42759023518623,0.668949476471027,0.355000986532399,0.137478497813655,2.58222916440057,0.0098164377358197,0.0375822372148986
N5.HOG0014345,,-1.28499911324464,0.744019170583888,-1.72710484359725,0.0841488358901452,0.989894167251979,0.383536384138252,2.58096547861064,0.0098524433407538,0.0376692032837794
N5.HOG0053781,,0.0156405860773034,0.214701677732294,0.0728479918857704,0.941927080376775,0.245293048048442,0.095150844884407,2.57793872819977,0.0099391620002624,0.0379445455372948
N5.HOG0062039,,-0.454998595264875,0.319545326133701,-1.42389375795313,0.154477229027135,0.365399335794293,0.141830259871316,2.57631436426771,0.0099859810535522,0.0380103832268552
N5.HOG0025118,,-0.976587461548325,0.613494948629049,-1.5918427099207,0.111420050847382,0.759212118912845,0.294770613001505,2.57560314843519,0.0100065421949515,0.038054027899445
N5.HOG0042303,,-0.862081739523576,0.692984231262117,-1.24401350078845,0.213494594119159,1.05052881970331,0.408051045204013,2.57450344031855,0.0100384088214767,0.0381401211475127
N5.HOG0067684,,0.0408514869175539,0.0891306626789186,0.458332583756457,0.646713518059621,0.103562640668419,0.0402376005503359,2.57377774151481,0.0100594871185785,0.0381860812455735
N5.HOG0028952,,-0.161467318148317,0.26205383425296,-0.616160868657441,0.537788352156509,0.298523778953881,0.116006240631955,2.5733424109569,0.010072150425648,0.0382000443143361
N5.HOG0049463,,0.027931441430581,0.336090850720891,0.0831068187981612,0.933766603988491,0.384252525588529,0.149397256810971,2.57201861527293,0.0101107455113013,0.0382781287686227
N5.HOG0043000,,-0.625517484178887,0.331691860659574,-1.88583911264822,0.0593166384882159,0.378558686144707,0.147370385458312,2.5687568432926,0.0102064045771037,0.0386059056000483
N5.HOG0055225,,-0.279376406177265,0.245866600580004,-1.13629262989853,0.255834114265343,0.279524097465717,0.108846744428013,2.56805197927241,0.0102271819189434,0.0386672955083408
N5.HOG0070178,,-0.290918311062397,0.28292345611451,-1.02825801387302,0.303828475452424,0.321637475143203,0.125297805022355,2.56698411505148,0.0102587311851083,0.03876933962409
N5.HOG0036312,,-1.53675337139824,0.762152386159207,-2.01633347780037,0.0437651164609089,1.0150223984149,0.396001979153874,2.56317506438647,0.0103719735832382,0.0391284416010245
N5.HOG0059027,,-0.50461484212572,0.436493882638448,-1.15606395002721,0.24765500027958,0.505584290075385,0.197249702264783,2.56316883762238,0.0103721596109202,0.0391284416010245
N5.HOG0024097,,-1.02412634076369,0.64416585013052,-1.58984885733415,0.111868877961262,0.803540528474532,0.313540660693143,2.56279529008502,0.0103833249630307,0.0391380848285928
N5.HOG0059968,,-0.0673103450074759,0.225866713438471,-0.298009139916104,0.765696187757271,0.256376819725295,0.100050753836713,2.56246764660778,0.0103931270440159,0.0391380848285928
N5.HOG0058404,,-0.703058648347778,0.368842103468348,-1.90612362779812,0.0566341678571012,0.421643488011328,0.164590940891534,2.56176607125171,0.010414143708653,0.0391998682328115
N5.HOG0036874,,-1.56511027965508,1.07283240558621,-1.45885813245907,0.144604158571834,1.77205030071204,0.691797654584702,2.56151533467664,0.0104216640385231,0.039210817899403
N5.HOG0042801,,-0.272358176290888,0.287008345685503,-0.948955597930003,0.342643195481832,0.325586197967925,0.127122772294863,2.56119491488687,0.0104312814063505,0.0392123014545645
N5.HOG0041546,,-1.51119564079645,0.726858035266912,-2.07907950036147,0.0376100439444998,0.946460815087224,0.369619354171963,2.56063651538899,0.0104480605844987,0.0392406806161895
N5.HOG0053766,,0.125559803229702,0.286807792413313,0.43778379301759,0.661543020577575,0.325294961150834,0.12703270470161,2.56071821752459,0.0104456040429104,0.0392406806161895
N5.HOG0054408,,0.0874795865973587,0.157184197843818,0.556541864878049,0.577840483244398,0.179293830523106,0.0700586374228316,2.55919665466796,0.0104914373669887,0.0393340996567983
N5.HOG0048765,,-0.88426459358218,0.507363373299474,-1.74286249287498,0.0813576370499059,0.598088703542858,0.233692332176576,2.55929964826979,0.010488329303165,0.0393340996567983
N5.HOG0020711,,0.0551183185750873,0.226678588208159,0.243156263724707,0.807884346652759,0.256872060792134,0.100408536569673,2.55826914292184,0.0105194640572896,0.0394217945190651
N5.HOG0017976,,-2.26157729177698,1.29503238758992,-1.74634805542262,0.0807504902356443,2.44670495007701,0.956642674627222,2.55759544809187,0.0105398628796519,0.0394423684621037
N5.HOG0068725,,0.0048029941206217,0.134403677740587,0.0357355855238723,0.971493195518948,0.153776081415122,0.0601179827828454,2.55790487798939,0.0105304892791088,0.0394423684621037
N5.HOG0064703,,0.0466554082743315,0.156582809707873,0.297959963557773,0.765733720895806,0.178505235638655,0.0697974461789507,2.55747517152695,0.0105435084361163,0.0394423684621037
N5.HOG0072997,,-1.46967918699619,0.80428489773706,-1.82731167914664,0.0676529202053923,1.09560037097888,0.4286137890723,2.55614821294066,0.0105838027701416,0.039541654377885
N5.HOG0013840,,-0.933535753601657,0.608577994064078,-1.53396238889204,0.125038905884616,0.743199215481863,0.291075448928266,2.55328719140795,0.0106711466773488,0.0397214646932377
N5.HOG0007456,,-1.18839165816853,0.723146340526529,-1.64336261081437,0.100307931140921,0.935751976356446,0.366503289993043,2.55318847580934,0.0106741717645162,0.0397214646932377
N5.HOG0071410,,-0.341564601006314,0.394302680705989,-0.866249756138485,0.386353212939509,0.4502912545348,0.176608834073087,2.54965306179675,0.010783016588713,0.0400497730235056
N5.HOG0072105,,-1.41374589247042,0.897509979883505,-1.57518682149241,0.115213328188397,1.29744635915451,0.508890636127295,2.54955832755775,0.0107859466974598,0.0400497730235056
N5.HOG0063298,,0.217857708423217,0.15997295816679,1.36184084435118,0.173248118392808,0.181708674310831,0.0712805000578692,2.54920594220454,0.0107968521115478,0.040072767371098
N5.HOG0039115,,-0.228381751300686,0.182063484322626,-1.25440723135882,0.209694025486778,0.206187353916619,0.0809110997570053,2.54831975508734,0.0108243206397257,0.0401494350867839
N5.HOG0043875,,0.413780045365373,0.155391169023288,2.66282857620668,0.0077486877632595,0.176519997956675,0.0692836149933429,2.54778850632486,0.0108408171552165,0.0401658166436638
N5.HOG0064845,,0.0083760954582677,0.176972310434997,0.0473299774279908,0.962250236315613,0.200449352127008,0.0786920269851376,2.54726380558053,0.0108571322712478,0.0402087448848369
N5.HOG0032189,,-0.401237761271073,0.396871358479592,-1.0110020607388,0.312015443485729,0.452759884628592,0.177821600954264,2.54614671220422,0.010891940035965,0.0403025466273373
N5.HOG0052479,,0.258223838199749,0.16345078981845,1.57982618797111,0.114146676564742,0.185192020021212,0.0727999037782432,2.54384979113884,0.0109638220900952,0.0404781282744905
N5.HOG0043612,,-1.183485632205,0.615189731854727,-1.92377338392323,0.0543829950235189,0.749661696652794,0.294778452020892,2.54313601117515,0.0109862454985855,0.0405280437750027
N5.HOG0058114,,0.0871915775815879,0.192445526508306,0.45307146995607,0.65049727841581,0.217247692749045,0.0854429034599015,2.54260662912747,0.0110029023531001,0.0405718888968587
N5.HOG0056213,,-1.05203063022308,0.558898000597148,-1.88233028047881,0.0597911856137414,0.665369503036577,0.261717137609018,2.54232301757243,0.0110118353372883,0.0405872275038608
N5.HOG0062443,,-0.824868601382272,0.516997609582492,-1.59549790191178,0.110600938802287,0.605989111476194,0.238567940628404,2.54011125669266,0.0110817210859193,0.0408271140988952
N5.HOG0065729,,0.179987406525765,0.121936529337588,1.4760745406117,0.139923882679928,0.138857904289764,0.0546741803631113,2.5397345395497,0.0110936635342208,0.0408534115066811
N5.HOG0018563,,0.0289567433376703,0.708674989067775,0.0408603997380539,0.96740718749567,0.902393438310304,0.355461351429076,2.538654159397,0.0111279764964901,0.0409517489053839
N5.HOG0054382,,-1.00003885303585,0.634451233118544,-1.57622651014535,0.114973611073329,0.778105815968732,0.306510953497982,2.53859056940311,0.0111299990544418,0.0409517489053839
N5.HOG0061177,,0.19014505051276,0.164301976958442,1.15729009493814,0.247153858973686,0.185626610060718,0.0731752971951896,2.5367387243481,0.0111890426596786,0.0411427439985726
N5.HOG0036636,,0.382769866100512,0.386670934021419,0.989911142582308,0.322217552722964,0.438626306405917,0.172914955223435,2.53665916773444,0.0111915854366179,0.0411427439985726
N5.HOG0062557,,0.0185799319790225,0.135244907557361,0.137379900763674,0.890730517274141,0.153435011037534,0.0604974420896716,2.53622311518736,0.0112055316023876,0.0411762111092462
N5.HOG0023527,,-1.13094090955314,0.744094700918313,-1.51988840688881,0.128539024632176,0.965062233057532,0.380595680129513,2.53566260323588,0.0112234809934639,0.0412217488204288
N5.HOG0056441,,0.128062037028035,0.178047358351215,0.719258281695035,0.471981795309987,0.200631030182841,0.0791686230885112,2.5342240695349,0.0112696643676141,0.0413047757776408
N5.HOG0014656,,-0.133910131392059,0.466159390451654,-0.287262541814968,0.773911301757649,0.536937325930706,0.211907290307051,2.53383130496686,0.0112823031605826,0.0413332825165612
N5.HOG0054007,,-0.0120149636638808,0.267186926799295,-0.0449683815290341,0.964132511333155,0.299521760398564,0.118279413859303,2.53232367853001,0.0113309341109812,0.0413807659987813
N5.HOG0066724,,-0.258842418080572,0.270702788749165,-0.956186743685218,0.338977896081244,0.30349457517226,0.119840460294504,2.53248839687725,0.0113256118111316,0.0413807659987813
N5.HOG0054371,,0.166641315073915,0.172053231624304,0.968545103749015,0.332772204585783,0.193882304792931,0.0765566957269641,2.53253230108577,0.0113241935742104,0.0413807659987813
N5.HOG0040699,,-1.03122056420192,0.591961246092289,-1.7420406673736,0.0815013284632424,0.710510112029825,0.280559047630038,2.53247976863233,0.0113258905477252,0.0413807659987813
N5.HOG0037231,,-0.482854711532388,0.578584780541834,-0.83454443976249,0.403974255993963,0.690663783658937,0.272748114927277,2.53224035606292,0.0113336272320432,0.0413807659987813
N5.HOG0066289,,-0.210844451954107,0.235967588228823,-0.893531410549685,0.371572658877128,0.264525428970029,0.10449691895995,2.53141845331739,0.0113602229654858,0.0414402010258823
N5.HOG0066580,,0.0647233942029865,0.115666311337212,0.559569968599526,0.575772793806471,0.131335535074464,0.0519315231231325,2.52901373146827,0.0114383552021006,0.0416894448305829
N5.HOG0061669,,-1.12832145034065,0.644238183765921,-1.75140418369027,0.0798763128580774,0.789663764805423,0.312293827777605,2.52859228895093,0.0114520973795132,0.0417215339989387
N5.HOG0055979,,-0.738769514733007,0.415177816724709,-1.77940507650692,0.0751733747938357,0.471684914771467,0.18655154074546,2.52844287903823,0.0114569727772427,0.0417215339989387
N5.HOG0039078,,0.0985975295889988,0.2697577826658,0.365503929542416,0.714735274074845,0.301873227237674,0.11941999181919,2.52782823578426,0.0114770485962937,0.0417767502477103
N5.HOG0071484,,-0.585632693538665,0.539616204605872,-1.08527632887971,0.277799286646011,0.633488073078768,0.250658398483899,2.52729641979046,0.0114944442537505,0.0418221675603376
N5.HOG0054738,,-0.0226269759429365,0.264763353276343,-0.0854611322259541,0.931894794375066,0.296148683318903,0.117204163479238,2.52677613599762,0.0115114853346316,0.041843046105498
N5.HOG0073483,,-1.0476698142963,0.54252391990317,-1.93110345159212,0.0534702602621964,0.636325048408886,0.252185834392323,2.52323866620899,0.0116279452644784,0.0421456001679339
N5.HOG0019380,,-1.11314042007908,0.816749871698356,-1.36289022949511,0.172917108436976,1.09947386840573,0.435785146684647,2.52297233343145,0.0116367555914404,0.0421529257059478
N5.HOG0060560,,-0.423057759664212,0.396514514446483,-1.0669414214377,0.285998288799031,0.447912685937694,0.1775403744541,2.52287789363367,0.0116398810957713,0.0421529257059478
N5.HOG0012510,,-1.04740250049569,0.569900651182535,-1.83786857993993,0.066081772999206,0.674432576506716,0.267500700251821,2.52123667665847,0.011694316572002,0.0423047749442977
N5.HOG0058376,,-1.29519607436137,0.518081639535814,-2.49998451117053,0.0124198736477795,1.13212586251744,0.449048905079523,2.5211638414238,0.011696737577881,0.0423047749442977
N5.HOG0050030,,-1.2273113723084,0.614585685630306,-1.99697357261046,0.0458280539083161,0.740258031196955,0.29370438725939,2.52041870434568,0.011721531105833,0.0423588301239852
N5.HOG0020100,,-1.22870688368123,0.558312741800254,-2.20075020985429,0.0277537121539473,0.657586127207889,0.260919365373724,2.52026570073097,0.0117266278798317,0.0423588301239852
N5.HOG0008129,,-0.967098248979076,0.447431491378827,-2.16144430513556,0.0306610348084325,0.510008129182154,0.202354007544862,2.52037572850681,0.0117229624953384,0.0423588301239852
N5.HOG0057223,,-0.476573556843906,0.397507892257986,-1.19890338311725,0.230565516119971,0.448505304358177,0.177999862113638,2.51969467297589,0.0117456670123115,0.0424095871565641
N5.HOG0063982,,0.208870837663676,0.13611049749456,1.53456817444976,0.124889935168709,0.153388074234321,0.0608850771776078,2.51930491583139,0.0117586779831598,0.0424385447097376
N5.HOG0066292,,-0.0169237338038887,0.173588433441042,-0.0974934416332336,0.922334542239522,0.194490956159526,0.0772347758724636,2.51817855315183,0.0117963503865061,0.0425564461340988
N5.HOG0013723,,-0.80859646706749,0.482342853981825,-1.67639358682809,0.0936611242746411,0.553713855987455,0.220012869016227,2.51673394589757,0.011844823481159,0.042713195544998
N5.HOG0065987,,-1.04759080030766,0.489331268671924,-2.14086216715904,0.0322851548590458,0.657432582274989,0.261535898266362,2.51373745108377,0.0119459329540389,0.0430412961968312
N5.HOG0052436,,0.171182529045808,0.222403780497982,0.769692532485352,0.441482300778481,0.247681619093527,0.0985529027320946,2.51318441392663,0.0119646772778537,0.0430723301773478
N5.HOG0065902,,-1.2099299386453,0.519053542607791,-2.33103107738453,0.0197517210327591,0.601329764432966,0.239256322094189,2.5133286308574,0.0119597867604423,0.0430723301773478
N5.HOG0019903,,-1.23674144744745,0.619976814686307,-1.99481886765913,0.0460626387787844,0.745272317607981,0.296701712187613,2.51185715145696,0.0120097691721103,0.0431980815363048
N5.HOG0072474,,-0.706247758382656,0.403922259057161,-1.7484744713777,0.080381902355557,0.454325291350904,0.181021428572738,2.50978734911678,0.0120803884949578,0.0434153625931423
N5.HOG0038515,,-0.665100799425426,0.62402612669631,-1.06582204009081,0.286504095761548,0.749742023658849,0.299019401731093,2.50733570904904,0.0121645116616687,0.0436992207730247
N5.HOG0068433,,0.0362177337546129,0.21009302957424,0.172389030840334,0.863131695207502,0.233380280702165,0.0931705284965017,2.50487235039059,0.0122495593624418,0.0439490399364723
N5.HOG0062673,,-0.0610883363734911,0.156412073385414,-0.390560236504019,0.696122322313413,0.174734342092258,0.0697547851239015,2.50498000648826,0.0122458315449636,0.0439490399364723
N5.HOG0069782,,-0.072994521285648,0.222072505358985,-0.328696797325949,0.742384875312933,0.246374975626467,0.0984122225810233,2.50349976014032,0.0122971763742717,0.0440826799531496
N5.HOG0044522,,0.151282064664352,0.253350825405515,0.597124814660495,0.550424051592342,0.280732496413689,0.112158400474884,2.50300017854263,0.0123145481958,0.0441263511080707
N5.HOG0013820,,-0.710175906462144,0.413086100788511,-1.71919584102815,0.085578717864048,0.463608459262877,0.185381614935095,2.50083299482095,0.0123901590731251,0.0443598981088117
N5.HOG0063646,,0.113412636152868,0.113207351331071,1.00181335239614,0.316433747135761,0.127155753900667,0.0508664465086038,2.49979628278456,0.0124264741035396,0.0443994412106559
N5.HOG0058991,,0.0990556064409125,0.290012864369701,0.341555905308527,0.732685125930445,0.321061971667715,0.128435300477753,2.49979538704258,0.0124265055212398,0.0443994412106559
N5.HOG0053729,,-0.128436332822212,0.247671524938842,-0.518575289807447,0.604056944350875,0.273810485401393,0.109655734648739,2.49700105770566,0.0125248583119586,0.044696660710339
N5.HOG0016680,,-0.231583162629258,0.248604502366572,-0.931532455867531,0.351578203909854,0.274786420361554,0.110066836134616,2.49654146527368,0.0125411005544007,0.0447308005343664
N5.HOG0022460,,-1.19672951974439,0.838220595757035,-1.42770235639888,0.153377547649491,1.12526229933315,0.450862633216053,2.49579853470341,0.0125673955602229,0.0447870148911495
N5.HOG0056992,,-3.00213376974078,4.34495315668536,-0.690947327043457,0.48959864287538,7.2390555801903,2.90191958177354,2.49457484130765,0.0126108129309175,0.0448853075606526
N5.HOG0031418,,-1.3942008031322,0.751764749844292,-1.85457059993963,0.0636575697227422,0.955986588718599,0.383426483311028,2.49327219252908,0.0126571775549236,0.0449926607327231
N5.HOG0040496,,-1.591658671336,0.963072218870629,-1.65268880167938,0.0983942146349805,1.40539670105241,0.563622764433419,2.49350592229038,0.012648847419235,0.0449926607327231
N5.HOG0067039,,0.100253460432165,0.12328107073366,0.813210493999972,0.416097383800656,0.137836546075879,0.0552867801384075,2.49311943525763,0.0126626244523647,0.0449926607327231
N5.HOG0044084,,-0.841820100714716,0.438898773656639,-1.91802791723745,0.0551074713696836,0.49341283762068,0.197913762924798,2.49306986198915,0.0126643925424762,0.0449926607327231
N5.HOG0063423,,0.0988383495967995,0.222323206612882,0.444570547099479,0.656630136109246,0.245626087725182,0.098526914156819,2.49298468167017,0.0126674311111364,0.0449926607327231
N5.HOG0041663,,-0.81310270619904,0.482431431370889,-1.68542647374469,0.091906319506411,0.546950615987464,0.219746787007507,2.48900392781979,0.0128101550491342,0.0454047626801948
N5.HOG0012007,,-1.76559965663412,0.593385152792494,-2.97546989223632,0.0029254006483666,0.77025943288741,0.309491003667271,2.48879425818627,0.0128177117328163,0.045405754987987
N5.HOG0039039,,-1.17882347014283,0.650366161555257,-1.8125535118922,0.0699007134296785,0.783086783319656,0.314656979123089,2.48869987089441,0.0128211148237528,0.045405754987987
N5.HOG0050256,,-0.51297499052803,0.507431078899106,-1.0109254475326,0.31205211331249,0.578823262655415,0.23270771563833,2.48734022878301,0.0128702248862995,0.0455372092913523
N5.HOG0060026,,-0.209463581924036,0.2964479198727,-0.706578012131045,0.479828757059031,0.326176007951137,0.131306406812222,2.48408296190446,0.0129885544460716,0.0458840770793357
N5.HOG0066046,,0.136514779120431,0.12753305404551,1.07042664462278,0.284427311322992,0.141889421787921,0.0571541121230054,2.48257590779384,0.0130436273976944,0.0460403753959632
N5.HOG0047664,,0.398810003917224,0.265253954148438,1.50350257811443,0.132709492618152,0.291425059158158,0.11742030162419,2.48189670037537,0.0130685154228217,0.0460901465811998
N5.HOG0073766,,-1.63046988080766,0.800969527578674,-2.03562036340703,0.0417884913794036,1.04125533476072,0.419621027773717,2.48141838907613,0.0130860672557717,0.0461327258183001
N5.HOG0064492,,0.144632739105851,0.140012739786104,1.03299699246515,0.301605306117799,0.155323476131237,0.0626120482043253,2.4807282397848,0.0131114293141427,0.0461647166811149
N5.HOG0017488,,-0.908753742608366,0.483548524232439,-1.8793434310463,0.0601976150644621,0.546122615551761,0.220218430489485,2.47991330397678,0.013141433070063,0.046251206834903
N5.HOG0063943,,0.153555584403741,0.150102322554916,1.02300605207199,0.306304984327329,0.166168809488441,0.0670179397882339,2.47946758753714,0.0131578688276313,0.0462880824767151
N5.HOG0037763,,-0.319844397930089,0.314450332123713,-1.0171539516907,0.309080197980749,0.345614398487704,0.139398079003216,2.47933401205428,0.0131627979513169,0.0462880824767151
N5.HOG0015353,,-0.805347451361664,0.465398930821691,-1.73044542655002,0.0835507236399353,0.523048263967263,0.21099138770172,2.47900290938273,0.0131750231471682,0.0462927832594968
N5.HOG0047183,,0.110312870133139,0.17387140485655,0.634450904817564,0.525786597357624,0.191808651627236,0.0773830976654583,2.4786892411113,0.0131866138778917,0.0463005421718051
N5.HOG0022111,,-1.30401084521758,0.672460867361052,-1.93916242343578,0.0524815635766685,0.81376503501212,0.328309983976509,2.47864845642448,0.013188121623717,0.0463005421718051
N5.HOG0033896,,-0.178384940883903,0.445246114257519,-0.400643453523168,0.688682648358619,0.497887784489938,0.200931274996,2.47790088675767,0.0132157851164992,0.0463089187205114
N5.HOG0021882,,-0.116816965223873,0.257101107026278,-0.454361969012966,0.649568320488321,0.28203345188837,0.113817031239609,2.47795473855428,0.0132137906406334,0.0463089187205114
N5.HOG0069800,,-0.271709767265523,0.219140681608966,-1.23988738773005,0.215017049471393,0.240639397544051,0.0971416166550948,2.47720190202775,0.0132416971426847,0.0463737525205323
N5.HOG0019999,,-1.21988721616998,0.53353574246611,-2.28642079447464,0.0222296529552583,0.610238462660351,0.246445897952615,2.47615589356526,0.0132805575697967,0.0464715659285259
N5.HOG0064727,,-0.480226187870932,0.308645921462953,-1.55591295551454,0.119728792243002,0.338687295227806,0.136778073351859,2.4761812103943,0.0132796158310177,0.0464715659285259
N5.HOG0060412,,0.037133820618173,0.144165033756537,0.257578551820574,0.79673218444731,0.159444565926827,0.0644291299605542,2.47472790684035,0.0133337716820437,0.0466385808756384
N5.HOG0031959,,-1.39800926680116,0.844206718004129,-1.65600348467533,0.0977211131369094,1.12211514018025,0.453636478618569,2.4735998824375,0.0133759408145279,0.0467284134949998
N5.HOG0061420,,-0.296973162693607,0.58975283051175,-0.503555298642505,0.614573911723292,0.686850946071263,0.277729656867518,2.47309183260506,0.0133949717982856,0.0467756799997045
N5.HOG0031908,,-1.22806290299806,0.6955257822192,-1.76566122262169,0.0774527020941721,0.847836184011186,0.343072526756414,2.4713030566075,0.013462167957476,0.0468947793694938
N5.HOG0063368,,-0.787576953004463,0.513560608471328,-1.5335618425813,0.125137481599773,0.58254162809894,0.235713415817913,2.4713978458865,0.0134585996962166,0.0468947793694938
N5.HOG0024698,,0.244971380056877,0.181284364365727,1.35131003114349,0.17659614005179,0.199236726681001,0.0806192221497975,2.4713303027261,0.0134611422150629,0.0468947793694938
N5.HOG0063712,,0.188574525667131,0.17628777677889,1.06969711180629,0.284755666799322,0.193864429295043,0.0784410465292331,2.47146663479043,0.0134560107201905,0.0468947793694938
N5.HOG0058140,,0.348489611697719,0.159356450343335,2.18685601333925,0.0287530368874757,0.175595854814896,0.0710599929287522,2.4710930521898,0.013470076371918,0.0468989803645951
N5.HOG0059423,,-0.312296064118121,0.361905682446752,-0.862921140134543,0.388180826655129,0.398024421927247,0.161079700868979,2.47097815416852,0.0134744049761319,0.0468989803645951
N5.HOG0063537,,0.19256315014192,0.135797335944005,1.41801861430715,0.156185330291243,0.150129299158085,0.0607759630249614,2.47020847857935,0.0135034330149644,0.046971832476638
N5.HOG0056891,,-0.331488622405105,0.390214693493538,-0.84950317846141,0.39560136232304,0.430563418152917,0.1743182999169,2.46998403700686,0.0135119081476889,0.046971832476638
N5.HOG0067224,,0.0736847262106115,0.154720322479962,0.476244652477082,0.633900091288643,0.170468959555822,0.0690391411019338,2.4691639674968,0.0135429147456398,0.0470603818683564
N5.HOG0047492,,-1.2219024413547,0.908764470581166,-1.34457549883446,0.17876236004049,1.25639012864081,0.508946587557819,2.46860900407958,0.0135639334067942,0.0471084561761923
N5.HOG0015347,,-0.625822346679578,0.396404422415509,-1.57874713623552,0.114394068398492,0.437330493837322,0.177237436330275,2.46748374887557,0.0136066397556641,0.0472046570975348
N5.HOG0062641,,-0.106149778442542,0.173162972837299,-0.613005059356881,0.539872994402876,0.190119706350044,0.077082193515109,2.46645428315138,0.01364581464805,0.047282690530604
N5.HOG0044333,,-0.609962207450771,0.422870470633215,-1.44243273013933,0.14918033604378,0.468257484529349,0.189907020114208,2.46571972035444,0.013673828292678,0.0473568812354176
N5.HOG0017346,,-1.52415524497022,1.06015689326686,-1.43766951349394,0.15052784713071,1.62373366017572,0.658674381793932,2.46515380749044,0.013695444851054,0.0473967167793326
N5.HOG0026907,,-0.261546445938157,0.232255681361674,-1.12611430818293,0.260117138456305,0.253565062055966,0.102892103343215,2.46437825466698,0.0137251181933282,0.0474800848311128
N5.HOG0004374,,-0.0328471222561587,0.704491171684988,-0.0466253142357988,0.962811856124427,0.858981528495079,0.348675719365747,2.46355418741975,0.013756709948015,0.0475313597541478
N5.HOG0041916,,-0.689094649153644,0.387414082217273,-1.77870315196023,0.0752884421699453,0.425992766367414,0.172969093388214,2.46282591891322,0.0137846825616808,0.0475893342582532
N5.HOG0024004,,-0.715372084940353,0.461705253003269,-1.54941292152742,0.121282489528898,0.514605593360292,0.208985649935069,2.46239678906269,0.0138011888414546,0.0476127061642469
N5.HOG0058629,,-0.938849801559464,0.505999684772701,-1.85543554633083,0.0635340552852146,0.570331320252311,0.231619909694321,2.4623587886076,0.0138026513521244,0.0476127061642469
N5.HOG0012546,,-0.371264344454418,0.31920474793739,-1.16309154814714,0.244792360885252,0.348309131928,0.141526330903644,2.46109066563126,0.0138515357256275,0.0477619583929337
N5.HOG0062807,,0.205978449195149,0.162934731232269,1.26417767186494,0.206166263080274,0.178626329618005,0.0726277433308947,2.45947789957038,0.0139139264023944,0.0479187944683807
N5.HOG0054547,,-0.751092030112141,0.496251671531412,-1.51353047898922,0.130144965174767,0.556649037219506,0.226495899931728,2.4576561314677,0.0139847007245515,0.0481016378998646
N5.HOG0046868,,-0.047134917870521,0.234598151238415,-0.200917686783556,0.840762937657598,0.255392201555249,0.103922348609571,2.45752915491489,0.0139896454937813,0.0481016378998646
N5.HOG0020575,,-1.63036037558968,0.981195814408728,-1.66160551405546,0.0965918970363706,1.4368566196977,0.584778800317567,2.45709423617512,0.0140065939628794,0.0481165284652559
N5.HOG0046466,,-0.80667391016208,0.439763273497104,-1.83433669607563,0.0666040301597922,0.486673722710744,0.198077816387738,2.45698247075825,0.0140109523065684,0.0481165284652559
N5.HOG0046401,,0.136606245647011,0.304308620669966,0.448906920041433,0.653498803889782,0.331251213712965,0.134813224875861,2.45711215660027,0.0140058952590129,0.0481165284652559
N5.HOG0047568,,-0.0353474427744367,0.167065636031782,-0.211578177380011,0.832436135826159,0.182811618915447,0.0744309418356471,2.45612395069671,0.0140444706217609,0.0481927094657511
N5.HOG0058766,,-0.307561224867225,0.320464372860933,-0.959736092101236,0.337188053617459,0.348618171350672,0.142087244771495,2.45355008404394,0.0141453839714957,0.0484802943695645
N5.HOG0063971,,0.225684750426011,0.120995745544694,1.86522880957534,0.0621493389586609,0.13312029728119,0.0543069011703718,2.45125931349985,0.0142357355838514,0.0487506561013345
N5.HOG0052053,,-1.43526510058774,1.18887189371915,-1.2072495852331,0.227336039679163,1.96205741549835,0.800766384046241,2.45022450316177,0.0142767168222021,0.0488319978501631
N5.HOG0061700,,-0.0912927719805151,0.15706818772038,-0.581230186108971,0.561085325728529,0.1716891409619,0.0700753741349615,2.45006385026551,0.0142830884279858,0.0488341475893809
N5.HOG0015933,,-1.03463931405801,0.654146092286895,-1.58166398340913,0.113726298968495,0.772734506271263,0.315532362452327,2.44898653268256,0.0143258804450672,0.0489425127202425
N5.HOG0066326,,0.0198376124958795,0.156206206587097,0.126996314226596,0.898943315751208,0.170683774535216,0.0697001607717225,2.44882899329642,0.0143321475187876,0.0489428431307261
N5.HOG0054578,,0.296140957682259,0.157967692419193,1.8746931929372,0.0608349439031048,0.172385228838767,0.0704701832567265,2.44621513485723,0.0144364829155323,0.0492595721016052
N5.HOG0045557,,-0.785206223349154,0.622672856066227,-1.26102529715161,0.207299733036269,0.724699445058362,0.296273739679421,2.44604684114939,0.0144432234617441,0.0492628035353918
N5.HOG0060691,,-0.370552605196458,0.394450072001586,-0.939415737246887,0.347517336221224,0.430386762144402,0.176206430059174,2.4425145098273,0.0145853432933659,0.0496479697008127
N5.HOG0036315,,-0.895105043637494,0.492608127821658,-1.81707323343547,0.0692059006161825,0.548025611139026,0.224431585465888,2.44183816641228,0.0146126954961497,0.0497012827280639
N5.HOG0069731,,-0.884101542716447,0.66539742694796,-1.32868193790835,0.18395292639119,0.78688316739395,0.322287535731168,2.44155631277754,0.014624107364182,0.0497202091451035
N5.HOG0013954,,-0.976258881668053,1.0468411142815,-0.932575983451036,0.35103893828122,1.56172430076983,0.639835587051585,2.44082125529526,0.0146539058065522,0.0498016075933448
N5.HOG0037304,,-0.181277209135633,0.24064124261277,-0.753308980486509,0.451264263510623,0.260069752582264,0.106581380030551,2.44010494617087,0.0146829956907609,0.0498208205843962
N5.HOG0067920,,0.0190179026650202,0.0979245526350468,0.1942097477422,0.846011650590754,0.107784637515289,0.0441680925559106,2.4403281028912,0.0146739276645716,0.0498208205843962
N5.HOG0023414,,-1.10691477913462,0.607654223836914,-1.82161949298274,0.0685127411113693,0.800005864189106,0.327806284633861,2.44048360781936,0.0146676116038746,0.0498208205843962
N5.HOG0004508,,-0.291614996608872,0.46179346575486,-0.631483592198928,0.527724374202304,0.95499235158833,0.391404264519563,2.43991299573742,0.0146907995933878,0.0498274167318118
